Postcode;Dorp/ Plaats;Gemeente;Provincie
1000;Amsterdam;Amsterdam;Noord-Holland
1001;Amsterdam;Amsterdam;Noord-Holland
1002;Amsterdam;Amsterdam;Noord-Holland
1003;Amsterdam;Amsterdam;Noord-Holland
1005;Amsterdam;Amsterdam;Noord-Holland
1006;Amsterdam;Amsterdam;Noord-Holland
1007;Amsterdam;Amsterdam;Noord-Holland
1008;Amsterdam;Amsterdam;Noord-Holland
1009;Amsterdam;Amsterdam;Noord-Holland
1011;Amsterdam;Amsterdam;Noord-Holland
1012;Amsterdam;Amsterdam;Noord-Holland
1013;Amsterdam;Amsterdam;Noord-Holland
1014;Amsterdam;Amsterdam;Noord-Holland
1015;Amsterdam;Amsterdam;Noord-Holland
1016;Amsterdam;Amsterdam;Noord-Holland
1017;Amsterdam;Amsterdam;Noord-Holland
1018;Amsterdam;Amsterdam;Noord-Holland
1019;Amsterdam;Amsterdam;Noord-Holland
1020;Amsterdam;Amsterdam;Noord-Holland
1021;Amsterdam;Amsterdam;Noord-Holland
1022;Amsterdam;Amsterdam;Noord-Holland
1023;Amsterdam;Amsterdam;Noord-Holland
1024;Amsterdam;Amsterdam;Noord-Holland
1025;Amsterdam;Amsterdam;Noord-Holland
1026;Amsterdam;Amsterdam;Noord-Holland
1027;Amsterdam;Amsterdam;Noord-Holland
1028;Amsterdam;Amsterdam;Noord-Holland
1030;Amsterdam;Amsterdam;Noord-Holland
1031;Amsterdam;Amsterdam;Noord-Holland
1032;Amsterdam;Amsterdam;Noord-Holland
1033;Amsterdam;Amsterdam;Noord-Holland
1034;Amsterdam;Amsterdam;Noord-Holland
1035;Amsterdam;Amsterdam;Noord-Holland
1036;Amsterdam;Amsterdam;Noord-Holland
1037;Amsterdam;Amsterdam;Noord-Holland
1040;Amsterdam;Amsterdam;Noord-Holland
1041;Amsterdam;Amsterdam;Noord-Holland
1042;Amsterdam;Amsterdam;Noord-Holland
1043;Amsterdam;Amsterdam;Noord-Holland
1044;Amsterdam;Amsterdam;Noord-Holland
1045;Amsterdam;Amsterdam;Noord-Holland
1046;Amsterdam;Amsterdam;Noord-Holland
1047;Amsterdam;Amsterdam;Noord-Holland
1051;Amsterdam;Amsterdam;Noord-Holland
1052;Amsterdam;Amsterdam;Noord-Holland
1053;Amsterdam;Amsterdam;Noord-Holland
1054;Amsterdam;Amsterdam;Noord-Holland
1055;Amsterdam;Amsterdam;Noord-Holland
1056;Amsterdam;Amsterdam;Noord-Holland
1057;Amsterdam;Amsterdam;Noord-Holland
1058;Amsterdam;Amsterdam;Noord-Holland
1059;Amsterdam;Amsterdam;Noord-Holland
1060;Amsterdam;Amsterdam;Noord-Holland
1061;Amsterdam;Amsterdam;Noord-Holland
1062;Amsterdam;Amsterdam;Noord-Holland
1063;Amsterdam;Amsterdam;Noord-Holland
1064;Amsterdam;Amsterdam;Noord-Holland
1065;Amsterdam;Amsterdam;Noord-Holland
1066;Amsterdam;Amsterdam;Noord-Holland
1067;Amsterdam;Amsterdam;Noord-Holland
1068;Amsterdam;Amsterdam;Noord-Holland
1069;Amsterdam;Amsterdam;Noord-Holland
1070;Amsterdam;Amsterdam;Noord-Holland
1071;Amsterdam;Amsterdam;Noord-Holland
1072;Amsterdam;Amsterdam;Noord-Holland
1073;Amsterdam;Amsterdam;Noord-Holland
1074;Amsterdam;Amsterdam;Noord-Holland
1075;Amsterdam;Amsterdam;Noord-Holland
1076;Amsterdam;Amsterdam;Noord-Holland
1077;Amsterdam;Amsterdam;Noord-Holland
1078;Amsterdam;Amsterdam;Noord-Holland
1079;Amsterdam;Amsterdam;Noord-Holland
1080;Amsterdam;Amsterdam;Noord-Holland
1081;Amsterdam;Amsterdam;Noord-Holland
1082;Amsterdam;Amsterdam;Noord-Holland
1083;Amsterdam;Amsterdam;Noord-Holland
1086;Amsterdam;Amsterdam;Noord-Holland
1087;Amsterdam;Amsterdam;Noord-Holland
1090;Amsterdam;Amsterdam;Noord-Holland
1091;Amsterdam;Amsterdam;Noord-Holland
1092;Amsterdam;Amsterdam;Noord-Holland
1093;Amsterdam;Amsterdam;Noord-Holland
1094;Amsterdam;Amsterdam;Noord-Holland
1095;Amsterdam;Amsterdam;Noord-Holland
1096;Amsterdam;Amsterdam;Noord-Holland
1097;Amsterdam;Amsterdam;Noord-Holland
1098;Amsterdam;Amsterdam;Noord-Holland
1100;Amsterdam;Amsterdam;Noord-Holland
1101;Amsterdam;Amsterdam;Noord-Holland
1102;Amsterdam;Amsterdam;Noord-Holland
1103;Amsterdam;Amsterdam;Noord-Holland
1104;Amsterdam;Amsterdam;Noord-Holland
1105;Amsterdam;Amsterdam;Noord-Holland
1106;Amsterdam;Amsterdam;Noord-Holland
1107;Amsterdam;Amsterdam;Noord-Holland
1108;Amsterdam;Amsterdam;Noord-Holland
1109;Amsterdam;Amsterdam;Noord-Holland
1110;Diemen;Diemen;Noord-Holland
1111;Diemen;Diemen;Noord-Holland
1112;Diemen;Diemen;Noord-Holland
1113;Diemen;Diemen;Noord-Holland
1114;Amsterdam-Duivendrecht;Ouder-Amstel;Noord-Holland
1115;Duivendrecht;Ouder-Amstel;Noord-Holland
1117;Schiphol;Haarlemmermeer;Noord-Holland
1118;Schiphol;Haarlemmermeer;Noord-Holland
1119;Schiphol-Rijk;Haarlemmermeer;Noord-Holland
1120;Landsmeer;Landsmeer;Noord-Holland
1121;Landsmeer;Landsmeer;Noord-Holland
1127;Den Ilp;Landsmeer;Noord-Holland
1130;Volendam;Edam-Volendam;Noord-Holland
1131;Volendam;Edam-Volendam;Noord-Holland
1132;Volendam;Edam-Volendam;Noord-Holland
1135;Edam;Edam-Volendam;Noord-Holland
1140;Monnickendam;Waterland;Noord-Holland
1141;Monnickendam;Waterland;Noord-Holland
1145;Katwoude;Waterland;Noord-Holland
1150;Broek in Waterland;Waterland;Noord-Holland
1151;Broek in Waterland;Waterland;Noord-Holland
1153;Zuiderwoude;Waterland;Noord-Holland
1154;Uitdam;Waterland;Noord-Holland
1156;Marken;Waterland;Noord-Holland
1160;Zwanenburg;Haarlemmermeer;Noord-Holland
1161;Zwanenburg;Haarlemmermeer;Noord-Holland
1165;Halfweg;Haarlemmermeer;Noord-Holland
1170;Badhoevedorp;Haarlemmermeer;Noord-Holland
1171;Badhoevedorp;Haarlemmermeer;Noord-Holland
1175;Lijnden;Haarlemmermeer;Noord-Holland
1180;Amstelveen;Amstelveen;Noord-Holland
1181;Amstelveen;Amstelveen;Noord-Holland
1182;Amstelveen;Amstelveen;Noord-Holland
1183;Amstelveen;Amstelveen;Noord-Holland
1184;Amstelveen;Amstelveen;Noord-Holland
1185;Amstelveen;Amstelveen;Noord-Holland
1186;Amstelveen;Amstelveen;Noord-Holland
1187;Amstelveen;Amstelveen;Noord-Holland
1188;Amstelveen;Amstelveen;Noord-Holland
1189;Amstelveen;Amstelveen;Noord-Holland
1190;Ouderkerk aan de Amstel;Ouder-Amstel;Noord-Holland
1191;Ouderkerk aan de Amstel;Ouder-Amstel;Noord-Holland
1200;Hilversum;Hilversum;Noord-Holland
1201;Hilversum;Hilversum;Noord-Holland
1202;Hilversum;Hilversum;Noord-Holland
1211;Hilversum;Hilversum;Noord-Holland
1212;Hilversum;Hilversum;Noord-Holland
1213;Hilversum;Hilversum;Noord-Holland
1214;Hilversum;Hilversum;Noord-Holland
1215;Hilversum;Hilversum;Noord-Holland
1216;Hilversum;Hilversum;Noord-Holland
1217;Hilversum;Hilversum;Noord-Holland
1218;Hilversum;Hilversum;Noord-Holland
1221;Hilversum;Hilversum;Noord-Holland
1222;Hilversum;Hilversum;Noord-Holland
1223;Hilversum;Hilversum;Noord-Holland
1230;Loosdrecht;Wijdemeren;Noord-Holland
1231;Loosdrecht;Wijdemeren;Noord-Holland
1240;Kortenhoef;Wijdemeren;Noord-Holland
1241;Kortenhoef;Wijdemeren;Noord-Holland
1243;‘s-Graveland;Wijdemeren;Noord-Holland
1244;Ankeveen;Wijdemeren;Noord-Holland
1250;Laren;Laren;Noord-Holland
1251;Laren;Laren;Noord-Holland
1252;Laren;Laren;Noord-Holland
1260;Blaricum;Blaricum;Noord-Holland
1261;Blaricum;Blaricum;Noord-Holland
1262;Blaricum;Blaricum;Noord-Holland
1270;Huizen;Huizen;Noord-Holland
1271;Huizen;Huizen;Noord-Holland
1272;Huizen;Huizen;Noord-Holland
1273;Huizen;Huizen;Noord-Holland
1274;Huizen;Huizen;Noord-Holland
1275;Huizen;Huizen;Noord-Holland
1276;Huizen;Huizen;Noord-Holland
1277;Huizen;Huizen;Noord-Holland
1300;Almere;Almere;Flevoland
1301;Almere;Almere;Flevoland
1302;Almere;Almere;Flevoland
1303;Almere;Almere;Flevoland
1305;Almere;Almere;Flevoland
1309;Almere;Almere;Flevoland
1311;Almere;Almere;Flevoland
1312;Almere;Almere;Flevoland
1313;Almere;Almere;Flevoland
1314;Almere;Almere;Flevoland
1315;Almere;Almere;Flevoland
1316;Almere;Almere;Flevoland
1317;Almere;Almere;Flevoland
1318;Almere;Almere;Flevoland
1319;Almere;Almere;Flevoland
1320;Almere;Almere;Flevoland
1321;Almere;Almere;Flevoland
1322;Almere;Almere;Flevoland
1323;Almere;Almere;Flevoland
1324;Almere;Almere;Flevoland
1325;Almere;Almere;Flevoland
1326;Almere;Almere;Flevoland
1327;Almere;Almere;Flevoland
1328;Almere;Almere;Flevoland
1329;Almere;Almere;Flevoland
1331;Almere;Almere;Flevoland
1332;Almere;Almere;Flevoland
1333;Almere;Almere;Flevoland
1334;Almere;Almere;Flevoland
1335;Almere;Almere;Flevoland
1336;Almere;Almere;Flevoland
1338;Almere;Almere;Flevoland
1339;Almere;Almere;Flevoland
1341;Almere;Almere;Flevoland
1343;Almere;Almere;Flevoland
1349;Almere;Almere;Flevoland
1351;Almere;Almere;Flevoland
1352;Almere;Almere;Flevoland
1353;Almere;Almere;Flevoland
1354;Almere;Almere;Flevoland
1355;Almere;Almere;Flevoland
1356;Almere;Almere;Flevoland
1357;Almere;Almere;Flevoland
1358;Almere;Almere;Flevoland
1359;Almere;Almere;Flevoland
1361;Almere;Almere;Flevoland
1362;Almere;Almere;Flevoland
1363;Almere;Almere;Flevoland
1380;Weesp;Weesp;Noord-Holland
1381;Weesp;Weesp;Noord-Holland
1382;Weesp;Weesp;Noord-Holland
1383;Weesp;Weesp;Noord-Holland
1384;Weesp;Weesp;Noord-Holland
1390;Abcoude;De Ronde Venen;Utrecht
1391;Abcoude;De Ronde Venen;Utrecht
1393;Nigtevecht;Stichtse Vecht;Utrecht
1394;Nederhorst den Berg;Wijdemeren;Noord-Holland
1396;Baambrugge;De Ronde Venen;Utrecht
1398;Muiden;Gooise Meren;Noord-Holland
1399;Muiderberg;Gooise Meren;Noord-Holland
1400;Bussum;Gooise Meren;Noord-Holland
1401;Bussum;Gooise Meren;Noord-Holland
1402;Bussum;Gooise Meren;Noord-Holland
1403;Bussum;Gooise Meren;Noord-Holland
1404;Bussum;Gooise Meren;Noord-Holland
1405;Bussum;Gooise Meren;Noord-Holland
1406;Bussum;Gooise Meren;Noord-Holland
1410;Naarden;Gooise Meren;Noord-Holland
1411;Naarden;Gooise Meren;Noord-Holland
1412;Naarden;Gooise Meren;Noord-Holland
1420;Uithoorn;Uithoorn;Noord-Holland
1421;Uithoorn;Uithoorn;Noord-Holland
1422;Uithoorn;Uithoorn;Noord-Holland
1423;Uithoorn;Uithoorn;Noord-Holland
1424;De Kwakel;Uithoorn;Noord-Holland
1426;de Hoef;De Ronde Venen;Utrecht
1427;Amstelhoek;De Ronde Venen;Utrecht
1428;Vrouwenakker;Nieuwkoop;Zuid-Holland
1430;Aalsmeer;Aalsmeer;Noord-Holland
1431;Aalsmeer;Aalsmeer;Noord-Holland
1432;Aalsmeer;Aalsmeer;Noord-Holland
1433;Kudelstaart;Aalsmeer;Noord-Holland
1435;Rijsenhout;Haarlemmermeer;Noord-Holland
1436;Aalsmeerderbrug;Haarlemmermeer;Noord-Holland
1437;Rozenburg;Haarlemmermeer;Noord-Holland
1438;Oude Meer;Haarlemmermeer;Noord-Holland
1440;Purmerend;Purmerend;Noord-Holland
1441;Purmerend;Purmerend;Noord-Holland
1442;Purmerend;Purmerend;Noord-Holland
1443;Purmerend;Purmerend;Noord-Holland
1444;Purmerend;Purmerend;Noord-Holland
1445;Purmerend;Purmerend;Noord-Holland
1446;Purmerend;Purmerend;Noord-Holland
1447;Purmerend;Purmerend;Noord-Holland
1448;Purmerend;Purmerend;Noord-Holland
1451;Purmerland;Landsmeer;Noord-Holland
1452;Ilpendam;Waterland;Noord-Holland
1454;Watergang;Waterland;Noord-Holland
1456;Wijdewormer;Wormerland;Noord-Holland
1458;Spijkerboor;Wormerland;Noord-Holland
1461;Zuidoostbeemster;Beemster;Noord-Holland
1462;Middenbeemster;Beemster;Noord-Holland
1463;Noordbeemster;Beemster;Noord-Holland
1464;Westbeemster;Beemster;Noord-Holland
1471;Kwadijk;Edam-Volendam;Noord-Holland
1472;Middelie;Edam-Volendam;Noord-Holland
1473;Warder;Edam-Volendam;Noord-Holland
1474;Oosthuizen;Edam-Volendam;Noord-Holland
1475;Beets;Edam-Volendam;Noord-Holland
1476;Schardam;Edam-Volendam;Noord-Holland
1477;Hobrede;Edam-Volendam;Noord-Holland
1481;Purmer;Edam-Volendam;Noord-Holland
1482;Purmer;Waterland;Noord-Holland
1483;De Rijp;Alkmaar;Noord-Holland
1484;Graft;Alkmaar;Noord-Holland
1485;Noordeinde;Alkmaar;Noord-Holland
1486;West-Graftdijk;Alkmaar;Noord-Holland
1487;Oost-Graftdijk;Alkmaar;Noord-Holland
1488;Starnmeer;Alkmaar;Noord-Holland
1489;de Woude;Castricum;Noord-Holland
1500;Zaandam;Zaanstad;Noord-Holland
1501;Zaandam;Zaanstad;Noord-Holland
1502;Zaandam;Zaanstad;Noord-Holland
1503;Zaandam;Zaanstad;Noord-Holland
1504;Zaandam;Zaanstad;Noord-Holland
1505;Zaandam;Zaanstad;Noord-Holland
1506;Zaandam;Zaanstad;Noord-Holland
1507;Zaandam;Zaanstad;Noord-Holland
1508;Zaandam;Zaanstad;Noord-Holland
1509;Zaandam;Zaanstad;Noord-Holland
1510;Oostzaan;Oostzaan;Noord-Holland
1511;Oostzaan;Oostzaan;Noord-Holland
1520;Wormerveer;Zaanstad;Noord-Holland
1521;Wormerveer;Zaanstad;Noord-Holland
1525;Westknollendam;Zaanstad;Noord-Holland
1530;Wormer;Wormerland;Noord-Holland
1531;Wormer;Wormerland;Noord-Holland
1534;Oostknollendam;Wormerland;Noord-Holland
1536;Markenbinnen;Alkmaar;Noord-Holland
1540;Koog aan de Zaan;Zaanstad;Noord-Holland
1541;Koog aan de Zaan;Zaanstad;Noord-Holland
1544;Zaandijk;Zaanstad;Noord-Holland
1546;Jisp;Wormerland;Noord-Holland
1550;Westzaan;Zaanstad;Noord-Holland
1551;Westzaan;Zaanstad;Noord-Holland
1560;Krommenie;Zaanstad;Noord-Holland
1561;Krommenie;Zaanstad;Noord-Holland
1562;Krommenie;Zaanstad;Noord-Holland
1566;Assendelft;Zaanstad;Noord-Holland
1567;Assendelft;Zaanstad;Noord-Holland
1600;Enkhuizen;Enkhuizen;Noord-Holland
1601;Enkhuizen;Enkhuizen;Noord-Holland
1602;Enkhuizen;Enkhuizen;Noord-Holland
1606;Venhuizen;Drechterland;Noord-Holland
1607;Hem;Drechterland;Noord-Holland
1608;Wijdenes;Drechterland;Noord-Holland
1609;Oosterleek;Drechterland;Noord-Holland
1610;Bovenkarspel;Stede Broec;Noord-Holland
1611;Bovenkarspel;Stede Broec;Noord-Holland
1613;Grootebroek;Stede Broec;Noord-Holland
1614;Lutjebroek;Stede Broec;Noord-Holland
1616;Hoogkarspel;Drechterland;Noord-Holland
1617;Westwoud;Drechterland;Noord-Holland
1619;Andijk;Medemblik;Noord-Holland
1620;Hoorn;Hoorn;Noord-Holland
1621;Hoorn;Hoorn;Noord-Holland
1622;Hoorn;Hoorn;Noord-Holland
1623;Hoorn;Hoorn;Noord-Holland
1624;Hoorn;Hoorn;Noord-Holland
1625;Hoorn;Hoorn;Noord-Holland
1627;Hoorn;Hoorn;Noord-Holland
1628;Hoorn;Hoorn;Noord-Holland
1631;Oudendijk;Koggenland;Noord-Holland
1633;Avenhorn;Koggenland;Noord-Holland
1634;Scharwoude;Koggenland;Noord-Holland
1636;Schermerhorn;Alkmaar;Noord-Holland
1641;Spierdijk;Koggenland;Noord-Holland
1642;Spierdijk;Koggenland;Noord-Holland
1643;Spierdijk;Koggenland;Noord-Holland
1645;Ursem;Koggenland;Noord-Holland
1646;Ursem;Alkmaar;Noord-Holland
1647;Berkhout;Koggenland;Noord-Holland
1648;De Goorn;Koggenland;Noord-Holland
1652;Zuidermeer;Koggenland;Noord-Holland
1654;Benningbroek;Medemblik;Noord-Holland
1655;Sijbekarspel;Medemblik;Noord-Holland
1657;Abbekerk;Medemblik;Noord-Holland
1658;Lambertschaag;Medemblik;Noord-Holland
1661;De Weere;Opmeer;Noord-Holland
1662;De Weere;Opmeer;Noord-Holland
1663;De Weere;Opmeer;Noord-Holland
1670;Medemblik;Medemblik;Noord-Holland
1671;Medemblik;Medemblik;Noord-Holland
1674;Opperdoes;Medemblik;Noord-Holland
1676;Twisk;Medemblik;Noord-Holland
1678;Oostwoud;Medemblik;Noord-Holland
1679;Midwoud;Medemblik;Noord-Holland
1681;Zwaagdijk-Oost;Medemblik;Noord-Holland
1682;Zwaagdijk-Oost;Medemblik;Noord-Holland
1683;Zwaagdijk-Oost;Medemblik;Noord-Holland
1684;Zwaagdijk-Oost;Medemblik;Noord-Holland
1685;Zwaagdijk-West;Medemblik;Noord-Holland
1686;Zwaagdijk-West;Medemblik;Noord-Holland
1687;Wognum;Medemblik;Noord-Holland
1688;Nibbixwoud;Medemblik;Noord-Holland
1689;Zwaag;Hoorn;Noord-Holland
1691;Hauwert;Medemblik;Noord-Holland
1692;Hauwert;Medemblik;Noord-Holland
1693;Wervershoof;Medemblik;Noord-Holland
1695;Blokker;Hoorn;Noord-Holland
1696;Oosterblokker;Drechterland;Noord-Holland
1697;Schellinkhout;Drechterland;Noord-Holland
1700;Heerhugowaard;Heerhugowaard;Noord-Holland
1701;Heerhugowaard;Heerhugowaard;Noord-Holland
1702;Heerhugowaard;Heerhugowaard;Noord-Holland
1703;Heerhugowaard;Heerhugowaard;Noord-Holland
1704;Heerhugowaard;Heerhugowaard;Noord-Holland
1705;Heerhugowaard;Heerhugowaard;Noord-Holland
1706;Heerhugowaard;Heerhugowaard;Noord-Holland
1710;Hensbroek;Koggenland;Noord-Holland
1711;Hensbroek;Koggenland;Noord-Holland
1713;Obdam;Koggenland;Noord-Holland
1715;Spanbroek;Opmeer;Noord-Holland
1716;Opmeer;Opmeer;Noord-Holland
1718;Hoogwoud;Opmeer;Noord-Holland
1719;Aartswoud;Opmeer;Noord-Holland
1720;Broek op Langedijk;Langedijk;Noord-Holland
1721;Broek op Langedijk;Langedijk;Noord-Holland
1722;Zuid-Scharwoude;Langedijk;Noord-Holland
1723;Noord-Scharwoude;Langedijk;Noord-Holland
1724;Oudkarspel;Langedijk;Noord-Holland
1730;Winkel;Hollands Kroon;Noord-Holland
1731;Winkel;Hollands Kroon;Noord-Holland
1732;Lutjewinkel;Hollands Kroon;Noord-Holland
1733;Nieuwe Niedorp;Hollands Kroon;Noord-Holland
1734;Oude Niedorp;Hollands Kroon;Noord-Holland
1735;’t Veld;Hollands Kroon;Noord-Holland
1736;Zijdewind;Hollands Kroon;Noord-Holland
1738;Waarland;Schagen;Noord-Holland
1740;Schagen;Schagen;Noord-Holland
1741;Schagen;Schagen;Noord-Holland
1742;Schagen;Schagen;Noord-Holland
1744;Sint Maarten;Schagen;Noord-Holland
1746;Dirkshorn;Schagen;Noord-Holland
1747;Tuitjenhorn;Schagen;Noord-Holland
1749;Warmenhuizen;Schagen;Noord-Holland
1750;Schagerbrug;Schagen;Noord-Holland
1751;Schagerbrug;Schagen;Noord-Holland
1752;Sint Maartensbrug;Schagen;Noord-Holland
1753;Sint Maartensvlotbrug;Schagen;Noord-Holland
1754;Burgerbrug;Schagen;Noord-Holland
1755;Petten;Schagen;Noord-Holland
1756;’t Zand;Schagen;Noord-Holland
1757;Oudesluis;Schagen;Noord-Holland
1759;Callantsoog;Schagen;Noord-Holland
1760;Anna Paulowna;Hollands Kroon;Noord-Holland
1761;Anna Paulowna;Hollands Kroon;Noord-Holland
1764;Breezand;Hollands Kroon;Noord-Holland
1766;Wieringerwaard;Hollands Kroon;Noord-Holland
1767;Kolhorn;Hollands Kroon;Noord-Holland
1768;Barsingerhorn;Hollands Kroon;Noord-Holland
1769;Haringhuizen;Hollands Kroon;Noord-Holland
1770;Wieringerwerf;Hollands Kroon;Noord-Holland
1771;Wieringerwerf;Hollands Kroon;Noord-Holland
1773;Kreileroord;Hollands Kroon;Noord-Holland
1774;Slootdorp;Hollands Kroon;Noord-Holland
1775;Middenmeer;Hollands Kroon;Noord-Holland
1777;Hippolytushoef;Hollands Kroon;Noord-Holland
1778;Westerland;Hollands Kroon;Noord-Holland
1779;Den Oever;Hollands Kroon;Noord-Holland
1780;Den Helder;Den Helder;Noord-Holland
1781;Den Helder;Den Helder;Noord-Holland
1782;Den Helder;Den Helder;Noord-Holland
1783;Den Helder;Den Helder;Noord-Holland
1784;Den Helder;Den Helder;Noord-Holland
1785;Den Helder;Den Helder;Noord-Holland
1786;Den Helder;Den Helder;Noord-Holland
1787;Julianadorp;Den Helder;Noord-Holland
1788;Julianadorp;Den Helder;Noord-Holland
1789;Den Helder;Den Helder;Noord-Holland
1790;Den Burg;Texel;Noord-Holland
1791;Den Burg;Texel;Noord-Holland
1792;Oudeschild;Texel;Noord-Holland
1793;De Waal;Texel;Noord-Holland
1794;Oosterend;Texel;Noord-Holland
1795;De Cocksdorp;Texel;Noord-Holland
1796;De Koog;Texel;Noord-Holland
1797;Den Hoorn;Texel;Noord-Holland
1800;Alkmaar;Alkmaar;Noord-Holland
1801;Alkmaar;Alkmaar;Noord-Holland
1802;Alkmaar;Alkmaar;Noord-Holland
1810;Alkmaar;Alkmaar;Noord-Holland
1811;Alkmaar;Alkmaar;Noord-Holland
1812;Alkmaar;Alkmaar;Noord-Holland
1813;Alkmaar;Alkmaar;Noord-Holland
1814;Alkmaar;Alkmaar;Noord-Holland
1815;Alkmaar;Alkmaar;Noord-Holland
1816;Alkmaar;Alkmaar;Noord-Holland
1817;Alkmaar;Alkmaar;Noord-Holland
1821;Alkmaar;Alkmaar;Noord-Holland
1822;Alkmaar;Alkmaar;Noord-Holland
1823;Alkmaar;Alkmaar;Noord-Holland
1824;Alkmaar;Alkmaar;Noord-Holland
1825;Alkmaar;Alkmaar;Noord-Holland
1826;Alkmaar;Alkmaar;Noord-Holland
1827;Alkmaar;Alkmaar;Noord-Holland
1829;Oudorp;Alkmaar;Noord-Holland
1830;Koedijk;Langedijk;Noord-Holland
1831;Koedijk;Alkmaar;Noord-Holland
1832;Koedijk;Langedijk;Noord-Holland
1834;Sint Pancras;Langedijk;Noord-Holland
1840;Stompetoren;Alkmaar;Noord-Holland
1841;Stompetoren;Alkmaar;Noord-Holland
1842;Oterleek;Alkmaar;Noord-Holland
1843;Grootschermer;Alkmaar;Noord-Holland
1844;Driehuizen;Alkmaar;Noord-Holland
1846;Zuidschermer;Alkmaar;Noord-Holland
1847;Zuidschermer;Alkmaar;Noord-Holland
1850;Heiloo;Heiloo;Noord-Holland
1851;Heiloo;Heiloo;Noord-Holland
1852;Heiloo;Heiloo;Noord-Holland
1860;Bergen (NH);Bergen (NH.);Noord-Holland
1861;Bergen (NH);Bergen (NH.);Noord-Holland
1862;Bergen (NH);Bergen (NH.);Noord-Holland
1865;Bergen aan Zee;Bergen (NH.);Noord-Holland
1870;Schoorl;Bergen (NH.);Noord-Holland
1871;Schoorl;Bergen (NH.);Noord-Holland
1873;Groet;Bergen (NH.);Noord-Holland
1900;Castricum;Castricum;Noord-Holland
1901;Castricum;Castricum;Noord-Holland
1902;Castricum;Castricum;Noord-Holland
1906;Limmen;Castricum;Noord-Holland
1910;Uitgeest;Uitgeest;Noord-Holland
1911;Uitgeest;Uitgeest;Noord-Holland
1920;Akersloot;Castricum;Noord-Holland
1921;Akersloot;Castricum;Noord-Holland
1930;Egmond aan Zee;Bergen (NH.);Noord-Holland
1931;Egmond aan Zee;Bergen (NH.);Noord-Holland
1934;Egmond aan den Hoef;Bergen (NH.);Noord-Holland
1935;Egmond-Binnen;Bergen (NH.);Noord-Holland
1940;Beverwijk;Beverwijk;Noord-Holland
1941;Beverwijk;Beverwijk;Noord-Holland
1942;Beverwijk;Beverwijk;Noord-Holland
1943;Beverwijk;Beverwijk;Noord-Holland
1944;Beverwijk;Beverwijk;Noord-Holland
1945;Beverwijk;Beverwijk;Noord-Holland
1946;Beverwijk;Beverwijk;Noord-Holland
1947;Beverwijk;Beverwijk;Noord-Holland
1948;Beverwijk;Beverwijk;Noord-Holland
1949;Wijk aan Zee;Beverwijk;Noord-Holland
1950;Velsen-Noord;Velsen;Noord-Holland
1951;Velsen-Noord;Velsen;Noord-Holland
1960;Heemskerk;Heemskerk;Noord-Holland
1961;Heemskerk;Heemskerk;Noord-Holland
1962;Heemskerk;Heemskerk;Noord-Holland
1963;Heemskerk;Heemskerk;Noord-Holland
1964;Heemskerk;Heemskerk;Noord-Holland
1965;Heemskerk;Heemskerk;Noord-Holland
1966;Heemskerk;Heemskerk;Noord-Holland
1967;Heemskerk;Heemskerk;Noord-Holland
1968;Heemskerk;Heemskerk;Noord-Holland
1969;Heemskerk;Heemskerk;Noord-Holland
1970;IJmuiden;Velsen;Noord-Holland
1971;IJmuiden;Velsen;Noord-Holland
1972;IJmuiden;Velsen;Noord-Holland
1973;IJmuiden;Velsen;Noord-Holland
1974;IJmuiden;Velsen;Noord-Holland
1975;IJmuiden;Velsen;Noord-Holland
1976;IJmuiden;Velsen;Noord-Holland
1980;Velsen-Zuid;Velsen;Noord-Holland
1981;Velsen-Zuid;Velsen;Noord-Holland
1985;Driehuis NH;Velsen;Noord-Holland
1990;Velserbroek;Velsen;Noord-Holland
1991;Velserbroek;Velsen;Noord-Holland
1992;Velserbroek;Velsen;Noord-Holland
2000;Haarlem;Haarlem;Noord-Holland
2001;Haarlem;Haarlem;Noord-Holland
2002;Haarlem;Haarlem;Noord-Holland
2003;Haarlem;Haarlem;Noord-Holland
2011;Haarlem;Haarlem;Noord-Holland
2012;Haarlem;Haarlem;Noord-Holland
2013;Haarlem;Haarlem;Noord-Holland
2014;Haarlem;Haarlem;Noord-Holland
2015;Haarlem;Haarlem;Noord-Holland
2021;Haarlem;Haarlem;Noord-Holland
2022;Haarlem;Haarlem;Noord-Holland
2023;Haarlem;Haarlem;Noord-Holland
2024;Haarlem;Haarlem;Noord-Holland
2025;Haarlem;Haarlem;Noord-Holland
2026;Haarlem;Haarlem;Noord-Holland
2031;Haarlem;Haarlem;Noord-Holland
2032;Haarlem;Haarlem;Noord-Holland
2033;Haarlem;Haarlem;Noord-Holland
2034;Haarlem;Haarlem;Noord-Holland
2035;Haarlem;Haarlem;Noord-Holland
2036;Haarlem;Haarlem;Noord-Holland
2037;Haarlem;Haarlem;Noord-Holland
2040;Zandvoort;Zandvoort;Noord-Holland
2041;Zandvoort;Zandvoort;Noord-Holland
2042;Zandvoort;Zandvoort;Noord-Holland
2050;Overveen;Bloemendaal;Noord-Holland
2051;Overveen;Bloemendaal;Noord-Holland
2060;Bloemendaal;Bloemendaal;Noord-Holland
2061;Bloemendaal;Bloemendaal;Noord-Holland
2063;Spaarndam gem. Haarlem;Haarlem;Noord-Holland
2064;Spaarndam;Haarlemmermeer;Noord-Holland
2065;Haarlemmerliede;Haarlemmermeer;Noord-Holland
2070;Santpoort-Noord;Velsen;Noord-Holland
2071;Santpoort-Noord;Velsen;Noord-Holland
2080;Santpoort-Zuid;Velsen;Noord-Holland
2082;Santpoort-Zuid;Velsen;Noord-Holland
2100;Heemstede;Heemstede;Noord-Holland
2101;Heemstede;Heemstede;Noord-Holland
2102;Heemstede;Heemstede;Noord-Holland
2103;Heemstede;Heemstede;Noord-Holland
2104;Heemstede;Heemstede;Noord-Holland
2105;Heemstede;Heemstede;Noord-Holland
2106;Heemstede;Heemstede;Noord-Holland
2110;Aerdenhout;Bloemendaal;Noord-Holland
2111;Aerdenhout;Bloemendaal;Noord-Holland
2114;Vogelenzang;Bloemendaal;Noord-Holland
2116;Bentveld;Zandvoort;Noord-Holland
2120;Bennebroek;Bloemendaal;Noord-Holland
2121;Bennebroek;Bloemendaal;Noord-Holland
2130;Hoofddorp;Haarlemmermeer;Noord-Holland
2131;Hoofddorp;Haarlemmermeer;Noord-Holland
2132;Hoofddorp;Haarlemmermeer;Noord-Holland
2133;Hoofddorp;Haarlemmermeer;Noord-Holland
2134;Hoofddorp;Haarlemmermeer;Noord-Holland
2135;Hoofddorp;Haarlemmermeer;Noord-Holland
2136;Zwaanshoek;Haarlemmermeer;Noord-Holland
2140;Vijfhuizen;Haarlemmermeer;Noord-Holland
2141;Vijfhuizen;Haarlemmermeer;Noord-Holland
2142;Cruquius;Haarlemmermeer;Noord-Holland
2143;Boesingheliede;Haarlemmermeer;Noord-Holland
2144;Beinsdorp;Haarlemmermeer;Noord-Holland
2150;Nieuw-Vennep;Haarlemmermeer;Noord-Holland
2151;Nieuw-Vennep;Haarlemmermeer;Noord-Holland
2152;Nieuw-Vennep;Haarlemmermeer;Noord-Holland
2153;Nieuw-Vennep;Haarlemmermeer;Noord-Holland
2154;Burgerveen;Haarlemmermeer;Noord-Holland
2155;Leimuiderbrug;Haarlemmermeer;Noord-Holland
2156;Weteringbrug;Haarlemmermeer;Noord-Holland
2157;Abbenes;Haarlemmermeer;Noord-Holland
2158;Buitenkaag;Haarlemmermeer;Noord-Holland
2159;Kaag;Kaag en Braassem;Zuid-Holland
2160;Lisse;Lisse;Zuid-Holland
2161;Lisse;Lisse;Zuid-Holland
2162;Lisse;Lisse;Zuid-Holland
2163;Lisse;Lisse;Zuid-Holland
2165;Lisserbroek;Haarlemmermeer;Noord-Holland
2166;Sassenheim;Teylingen;Zuid-Holland
2170;Sassenheim;Teylingen;Zuid-Holland
2171;Sassenheim;Teylingen;Zuid-Holland
2172;Sassenheim;Teylingen;Zuid-Holland
2180;Hillegom;Hillegom;Zuid-Holland
2181;Hillegom;Hillegom;Zuid-Holland
2182;Hillegom;Hillegom;Zuid-Holland
2190;De Zilk;Noordwijk;Zuid-Holland
2191;De Zilk;Noordwijk;Zuid-Holland
2200;Noordwijk;Noordwijk;Zuid-Holland
2201;Noordwijk;Noordwijk;Zuid-Holland
2202;Noordwijk;Noordwijk;Zuid-Holland
2203;Noordwijk;Noordwijk;Zuid-Holland
2204;Noordwijk;Noordwijk;Zuid-Holland
2210;Noordwijkerhout;Noordwijk;Zuid-Holland
2211;Noordwijkerhout;Noordwijk;Zuid-Holland
2212;Noordwijkerhout;Noordwijk;Zuid-Holland
2215;Voorhout;Teylingen;Zuid-Holland
2216;Voorhout;Teylingen;Zuid-Holland
2220;Katwijk;Katwijk;Zuid-Holland
2221;Katwijk;Katwijk;Zuid-Holland
2222;Katwijk;Katwijk;Zuid-Holland
2223;Katwijk;Katwijk;Zuid-Holland
2224;Katwijk;Katwijk;Zuid-Holland
2225;Katwijk;Katwijk;Zuid-Holland
2230;Rijnsburg;Katwijk;Zuid-Holland
2231;Rijnsburg;Katwijk;Zuid-Holland
2235;Valkenburg;Katwijk;Zuid-Holland
2240;Wassenaar;Wassenaar;Zuid-Holland
2241;Wassenaar;Wassenaar;Zuid-Holland
2242;Wassenaar;Wassenaar;Zuid-Holland
2243;Wassenaar;Wassenaar;Zuid-Holland
2244;Wassenaar;Wassenaar;Zuid-Holland
2245;Wassenaar;Wassenaar;Zuid-Holland
2250;Voorschoten;Voorschoten;Zuid-Holland
2251;Voorschoten;Voorschoten;Zuid-Holland
2252;Voorschoten;Voorschoten;Zuid-Holland
2253;Voorschoten;Voorschoten;Zuid-Holland
2254;Voorschoten;Voorschoten;Zuid-Holland
2260;Leidschendam;Leidschendam-Voorburg;Zuid-Holland
2261;Leidschendam;Leidschendam-Voorburg;Zuid-Holland
2262;Leidschendam;Leidschendam-Voorburg;Zuid-Holland
2263;Leidschendam;Leidschendam-Voorburg;Zuid-Holland
2264;Leidschendam;Leidschendam-Voorburg;Zuid-Holland
2265;Leidschendam;Leidschendam-Voorburg;Zuid-Holland
2266;Leidschendam;Leidschendam-Voorburg;Zuid-Holland
2267;Leidschendam;Leidschendam-Voorburg;Zuid-Holland
2270;Voorburg;Leidschendam-Voorburg;Zuid-Holland
2271;Voorburg;Leidschendam-Voorburg;Zuid-Holland
2272;Voorburg;Leidschendam-Voorburg;Zuid-Holland
2273;Voorburg;Leidschendam-Voorburg;Zuid-Holland
2274;Voorburg;Leidschendam-Voorburg;Zuid-Holland
2275;Voorburg;Leidschendam-Voorburg;Zuid-Holland
2280;Rijswijk;Rijswijk;Zuid-Holland
2281;Rijswijk;Rijswijk;Zuid-Holland
2282;Rijswijk;Rijswijk;Zuid-Holland
2283;Rijswijk;Rijswijk;Zuid-Holland
2284;Rijswijk;Rijswijk;Zuid-Holland
2285;Rijswijk;Rijswijk;Zuid-Holland
2286;Rijswijk;Rijswijk;Zuid-Holland
2287;Rijswijk;Rijswijk;Zuid-Holland
2288;Rijswijk;Rijswijk;Zuid-Holland
2289;Rijswijk;Rijswijk;Zuid-Holland
2290;Wateringen;Westland;Zuid-Holland
2291;Wateringen;Westland;Zuid-Holland
2292;Wateringen;Westland;Zuid-Holland
2295;Kwintsheul;Westland;Zuid-Holland
2300;Leiden;Leiden;Zuid-Holland
2301;Leiden;Leiden;Zuid-Holland
2302;Leiden;Leiden;Zuid-Holland
2303;Leiden;Leiden;Zuid-Holland
2311;Leiden;Leiden;Zuid-Holland
2312;Leiden;Leiden;Zuid-Holland
2313;Leiden;Leiden;Zuid-Holland
2314;Leiden;Leiden;Zuid-Holland
2315;Leiden;Leiden;Zuid-Holland
2316;Leiden;Leiden;Zuid-Holland
2317;Leiden;Leiden;Zuid-Holland
2318;Leiden;Leiden;Zuid-Holland
2321;Leiden;Leiden;Zuid-Holland
2322;Leiden;Leiden;Zuid-Holland
2323;Leiden;Leiden;Zuid-Holland
2324;Leiden;Leiden;Zuid-Holland
2331;Leiden;Leiden;Zuid-Holland
2332;Leiden;Leiden;Zuid-Holland
2333;Leiden;Leiden;Zuid-Holland
2334;Leiden;Leiden;Zuid-Holland
2340;Oegstgeest;Oegstgeest;Zuid-Holland
2341;Oegstgeest;Oegstgeest;Zuid-Holland
2342;Oegstgeest;Oegstgeest;Zuid-Holland
2343;Oegstgeest;Oegstgeest;Zuid-Holland
2350;Leiderdorp;Leiderdorp;Zuid-Holland
2351;Leiderdorp;Leiderdorp;Zuid-Holland
2352;Leiderdorp;Leiderdorp;Zuid-Holland
2353;Leiderdorp;Leiderdorp;Zuid-Holland
2355;Hoogmade;Kaag en Braassem;Zuid-Holland
2360;Warmond;Teylingen;Zuid-Holland
2361;Warmond;Teylingen;Zuid-Holland
2362;Warmond;Teylingen;Zuid-Holland
2370;Roelofarendsveen;Kaag en Braassem;Zuid-Holland
2371;Roelofarendsveen;Kaag en Braassem;Zuid-Holland
2374;Oud Ade;Kaag en Braassem;Zuid-Holland
2375;Rijpwetering;Kaag en Braassem;Zuid-Holland
2376;Nieuwe Wetering;Kaag en Braassem;Zuid-Holland
2377;Oude Wetering;Kaag en Braassem;Zuid-Holland
2380;Zoeterwoude;Zoeterwoude;Zuid-Holland
2381;Zoeterwoude;Zoeterwoude;Zuid-Holland
2382;Zoeterwoude;Zoeterwoude;Zuid-Holland
2390;Hazerswoude-Dorp;Alphen aan den Rijn;Zuid-Holland
2391;Hazerswoude-Dorp;Alphen aan den Rijn;Zuid-Holland
2394;Hazerswoude-Rijndijk;Alphen aan den Rijn;Zuid-Holland
2396;Koudekerk aan den Rijn;Alphen aan den Rijn;Zuid-Holland
2400;Alphen aan den Rijn;Alphen aan den Rijn;Zuid-Holland
2401;Alphen aan den Rijn;Alphen aan den Rijn;Zuid-Holland
2402;Alphen aan den Rijn;Alphen aan den Rijn;Zuid-Holland
2403;Alphen aan den Rijn;Alphen aan den Rijn;Zuid-Holland
2404;Alphen aan den Rijn;Alphen aan den Rijn;Zuid-Holland
2405;Alphen aan den Rijn;Alphen aan den Rijn;Zuid-Holland
2406;Alphen aan den Rijn;Alphen aan den Rijn;Zuid-Holland
2407;Alphen aan den Rijn;Alphen aan den Rijn;Zuid-Holland
2408;Alphen aan den Rijn;Alphen aan den Rijn;Zuid-Holland
2409;Alphen aan den Rijn;Alphen aan den Rijn;Zuid-Holland
2410;Bodegraven;Bodegraven-Reeuwijk;Zuid-Holland
2411;Bodegraven;Bodegraven-Reeuwijk;Zuid-Holland
2412;Bodegraven;Bodegraven-Reeuwijk;Zuid-Holland
2415;Nieuwerbrug aan den Rijn;Bodegraven-Reeuwijk;Zuid-Holland
2420;Nieuwkoop;Nieuwkoop;Zuid-Holland
2421;Nieuwkoop;Nieuwkoop;Zuid-Holland
2430;Noorden;Nieuwkoop;Zuid-Holland
2431;Noorden;Nieuwkoop;Zuid-Holland
2432;Noorden;Nieuwkoop;Zuid-Holland
2435;Zevenhoven;Nieuwkoop;Zuid-Holland
2440;Nieuwveen;Nieuwkoop;Zuid-Holland
2441;Nieuwveen;Nieuwkoop;Zuid-Holland
2445;Aarlanderveen;Alphen aan den Rijn;Zuid-Holland
2450;Leimuiden;Kaag en Braassem;Zuid-Holland
2451;Leimuiden;Kaag en Braassem;Zuid-Holland
2460;Ter Aar;Nieuwkoop;Zuid-Holland
2461;Ter Aar;Nieuwkoop;Zuid-Holland
2465;Rijnsaterwoude;Kaag en Braassem;Zuid-Holland
2470;Zwammerdam;Alphen aan den Rijn;Zuid-Holland
2471;Zwammerdam;Alphen aan den Rijn;Zuid-Holland
2480;Woubrugge;Kaag en Braassem;Zuid-Holland
2481;Woubrugge;Kaag en Braassem;Zuid-Holland
2490;Den Haag;‘s-Gravenhage;Zuid-Holland
2491;Den Haag;‘s-Gravenhage;Zuid-Holland
2492;Den Haag;‘s-Gravenhage;Zuid-Holland
2493;Den Haag;‘s-Gravenhage;Zuid-Holland
2495;Den Haag;‘s-Gravenhage;Zuid-Holland
2496;Den Haag;‘s-Gravenhage;Zuid-Holland
2497;Den Haag;‘s-Gravenhage;Zuid-Holland
2498;Den Haag;‘s-Gravenhage;Zuid-Holland
2500;Den Haag;‘s-Gravenhage;Zuid-Holland
2501;Den Haag;‘s-Gravenhage;Zuid-Holland
2502;Den Haag;‘s-Gravenhage;Zuid-Holland
2503;Den Haag;‘s-Gravenhage;Zuid-Holland
2504;Den Haag;‘s-Gravenhage;Zuid-Holland
2505;Den Haag;‘s-Gravenhage;Zuid-Holland
2506;Den Haag;‘s-Gravenhage;Zuid-Holland
2507;Den Haag;‘s-Gravenhage;Zuid-Holland
2508;Den Haag;‘s-Gravenhage;Zuid-Holland
2509;Den Haag;‘s-Gravenhage;Zuid-Holland
2511;Den Haag;‘s-Gravenhage;Zuid-Holland
2512;Den Haag;‘s-Gravenhage;Zuid-Holland
2513;Den Haag;‘s-Gravenhage;Zuid-Holland
2514;Den Haag;‘s-Gravenhage;Zuid-Holland
2515;Den Haag;‘s-Gravenhage;Zuid-Holland
2516;Den Haag;‘s-Gravenhage;Zuid-Holland
2517;Den Haag;‘s-Gravenhage;Zuid-Holland
2518;Den Haag;‘s-Gravenhage;Zuid-Holland
2521;Den Haag;‘s-Gravenhage;Zuid-Holland
2522;Den Haag;‘s-Gravenhage;Zuid-Holland
2523;Den Haag;‘s-Gravenhage;Zuid-Holland
2524;Den Haag;‘s-Gravenhage;Zuid-Holland
2525;Den Haag;‘s-Gravenhage;Zuid-Holland
2526;Den Haag;‘s-Gravenhage;Zuid-Holland
2531;Den Haag;‘s-Gravenhage;Zuid-Holland
2532;Den Haag;‘s-Gravenhage;Zuid-Holland
2533;Den Haag;‘s-Gravenhage;Zuid-Holland
2541;Den Haag;‘s-Gravenhage;Zuid-Holland
2542;Den Haag;‘s-Gravenhage;Zuid-Holland
2543;Den Haag;‘s-Gravenhage;Zuid-Holland
2544;Den Haag;‘s-Gravenhage;Zuid-Holland
2545;Den Haag;‘s-Gravenhage;Zuid-Holland
2546;Den Haag;‘s-Gravenhage;Zuid-Holland
2547;Den Haag;‘s-Gravenhage;Zuid-Holland
2548;Den Haag;‘s-Gravenhage;Zuid-Holland
2551;Den Haag;‘s-Gravenhage;Zuid-Holland
2552;Den Haag;‘s-Gravenhage;Zuid-Holland
2553;Den Haag;‘s-Gravenhage;Zuid-Holland
2554;Den Haag;‘s-Gravenhage;Zuid-Holland
2555;Den Haag;‘s-Gravenhage;Zuid-Holland
2561;Den Haag;‘s-Gravenhage;Zuid-Holland
2562;Den Haag;‘s-Gravenhage;Zuid-Holland
2563;Den Haag;‘s-Gravenhage;Zuid-Holland
2564;Den Haag;‘s-Gravenhage;Zuid-Holland
2565;Den Haag;‘s-Gravenhage;Zuid-Holland
2566;Den Haag;‘s-Gravenhage;Zuid-Holland
2571;Den Haag;‘s-Gravenhage;Zuid-Holland
2572;Den Haag;‘s-Gravenhage;Zuid-Holland
2573;Den Haag;‘s-Gravenhage;Zuid-Holland
2574;Den Haag;‘s-Gravenhage;Zuid-Holland
2581;Den Haag;‘s-Gravenhage;Zuid-Holland
2582;Den Haag;‘s-Gravenhage;Zuid-Holland
2583;Den Haag;‘s-Gravenhage;Zuid-Holland
2584;Den Haag;‘s-Gravenhage;Zuid-Holland
2585;Den Haag;‘s-Gravenhage;Zuid-Holland
2586;Den Haag;‘s-Gravenhage;Zuid-Holland
2587;Den Haag;‘s-Gravenhage;Zuid-Holland
2591;Den Haag;‘s-Gravenhage;Zuid-Holland
2592;Den Haag;‘s-Gravenhage;Zuid-Holland
2593;Den Haag;‘s-Gravenhage;Zuid-Holland
2594;Den Haag;‘s-Gravenhage;Zuid-Holland
2595;Den Haag;‘s-Gravenhage;Zuid-Holland
2596;Den Haag;‘s-Gravenhage;Zuid-Holland
2597;Den Haag;‘s-Gravenhage;Zuid-Holland
2600;Delft;Delft;Zuid-Holland
2601;Delft;Delft;Zuid-Holland
2611;Delft;Delft;Zuid-Holland
2612;Delft;Delft;Zuid-Holland
2613;Delft;Delft;Zuid-Holland
2614;Delft;Delft;Zuid-Holland
2616;Delft;Delft;Zuid-Holland
2622;Delft;Delft;Zuid-Holland
2623;Delft;Delft;Zuid-Holland
2624;Delft;Delft;Zuid-Holland
2625;Delft;Delft;Zuid-Holland
2626;Delft;Delft;Zuid-Holland
2627;Delft;Delft;Zuid-Holland
2628;Delft;Delft;Zuid-Holland
2629;Delft;Delft;Zuid-Holland
2630;Nootdorp;Pijnacker-Nootdorp;Zuid-Holland
2631;Nootdorp;Pijnacker-Nootdorp;Zuid-Holland
2632;Nootdorp;Pijnacker-Nootdorp;Zuid-Holland
2635;Den Hoorn;Midden-Delfland;Zuid-Holland
2636;Schipluiden;Midden-Delfland;Zuid-Holland
2640;Pijnacker;Pijnacker-Nootdorp;Zuid-Holland
2641;Pijnacker;Pijnacker-Nootdorp;Zuid-Holland
2642;Pijnacker;Pijnacker-Nootdorp;Zuid-Holland
2643;Pijnacker;Pijnacker-Nootdorp;Zuid-Holland
2645;Delfgauw;Pijnacker-Nootdorp;Zuid-Holland
2650;Berkel en Rodenrijs;Lansingerland;Zuid-Holland
2651;Berkel en Rodenrijs;Lansingerland;Zuid-Holland
2652;Berkel en Rodenrijs;Lansingerland;Zuid-Holland
2660;Bergschenhoek;Lansingerland;Zuid-Holland
2661;Bergschenhoek;Lansingerland;Zuid-Holland
2662;Bergschenhoek;Lansingerland;Zuid-Holland
2665;Bleiswijk;Lansingerland;Zuid-Holland
2670;Naaldwijk;Westland;Zuid-Holland
2671;Naaldwijk;Westland;Zuid-Holland
2672;Naaldwijk;Westland;Zuid-Holland
2673;Naaldwijk;Westland;Zuid-Holland
2675;Honselersdijk;Westland;Zuid-Holland
2676;Maasdijk;Westland;Zuid-Holland
2678;De Lier;Westland;Zuid-Holland
2680;Monster;Westland;Zuid-Holland
2681;Monster;Westland;Zuid-Holland
2684;Ter Heijde;Westland;Zuid-Holland
2685;Poeldijk;Westland;Zuid-Holland
2690;‘s-Gravenzande;Westland;Zuid-Holland
2691;‘s-Gravenzande;Westland;Zuid-Holland
2692;‘s-Gravenzande;Westland;Zuid-Holland
2693;‘s-Gravenzande;Westland;Zuid-Holland
2694;‘s-Gravenzande;Westland;Zuid-Holland
2700;Zoetermeer;Zoetermeer;Zuid-Holland
2701;Zoetermeer;Zoetermeer;Zuid-Holland
2702;Zoetermeer;Zoetermeer;Zuid-Holland
2711;Zoetermeer;Zoetermeer;Zuid-Holland
2712;Zoetermeer;Zoetermeer;Zuid-Holland
2713;Zoetermeer;Zoetermeer;Zuid-Holland
2715;Zoetermeer;Zoetermeer;Zuid-Holland
2716;Zoetermeer;Zoetermeer;Zuid-Holland
2717;Zoetermeer;Zoetermeer;Zuid-Holland
2718;Zoetermeer;Zoetermeer;Zuid-Holland
2719;Zoetermeer;Zoetermeer;Zuid-Holland
2721;Zoetermeer;Zoetermeer;Zuid-Holland
2722;Zoetermeer;Zoetermeer;Zuid-Holland
2723;Zoetermeer;Zoetermeer;Zuid-Holland
2724;Zoetermeer;Zoetermeer;Zuid-Holland
2725;Zoetermeer;Zoetermeer;Zuid-Holland
2726;Zoetermeer;Zoetermeer;Zuid-Holland
2727;Zoetermeer;Zoetermeer;Zuid-Holland
2728;Zoetermeer;Zoetermeer;Zuid-Holland
2729;Zoetermeer;Zoetermeer;Zuid-Holland
2730;Benthuizen;Alphen aan den Rijn;Zuid-Holland
2731;Benthuizen;Alphen aan den Rijn;Zuid-Holland
2735;Gelderswoude;Zoeterwoude;Zuid-Holland
2740;Waddinxveen;Waddinxveen;Zuid-Holland
2741;Waddinxveen;Waddinxveen;Zuid-Holland
2742;Waddinxveen;Waddinxveen;Zuid-Holland
2743;Waddinxveen;Waddinxveen;Zuid-Holland
2750;Moerkapelle;Zuidplas;Zuid-Holland
2751;Moerkapelle;Zuidplas;Zuid-Holland
2752;Moerkapelle;Zuidplas;Zuid-Holland
2760;Zevenhuizen;Zuidplas;Zuid-Holland
2761;Zevenhuizen;Zuidplas;Zuid-Holland
2770;Boskoop;Alphen aan den Rijn;Zuid-Holland
2771;Boskoop;Alphen aan den Rijn;Zuid-Holland
2800;Gouda;Gouda;Zuid-Holland
2801;Gouda;Gouda;Zuid-Holland
2802;Gouda;Gouda;Zuid-Holland
2803;Gouda;Gouda;Zuid-Holland
2804;Gouda;Gouda;Zuid-Holland
2805;Gouda;Gouda;Zuid-Holland
2806;Gouda;Gouda;Zuid-Holland
2807;Gouda;Gouda;Zuid-Holland
2808;Gouda;Gouda;Zuid-Holland
2809;Gouda;Gouda;Zuid-Holland
2810;Reeuwijk;Bodegraven-Reeuwijk;Zuid-Holland
2811;Reeuwijk;Bodegraven-Reeuwijk;Zuid-Holland
2820;Stolwijk;Krimpenerwaard;Zuid-Holland
2821;Stolwijk;Krimpenerwaard;Zuid-Holland
2825;Berkenwoude;Krimpenerwaard;Zuid-Holland
2830;Gouderak;Krimpenerwaard;Zuid-Holland
2831;Gouderak;Krimpenerwaard;Zuid-Holland
2840;Moordrecht;Zuidplas;Zuid-Holland
2841;Moordrecht;Zuidplas;Zuid-Holland
2850;Haastrecht;Krimpenerwaard;Zuid-Holland
2851;Haastrecht;Krimpenerwaard;Zuid-Holland
2855;Vlist;Krimpenerwaard;Zuid-Holland
2860;Bergambacht;Krimpenerwaard;Zuid-Holland
2861;Bergambacht;Krimpenerwaard;Zuid-Holland
2865;Ammerstol;Krimpenerwaard;Zuid-Holland
2870;Schoonhoven;Krimpenerwaard;Zuid-Holland
2871;Schoonhoven;Krimpenerwaard;Zuid-Holland
2872;Schoonhoven;Krimpenerwaard;Zuid-Holland
2900;Capelle aan den IJssel;Capelle aan den IJssel;Zuid-Holland
2901;Capelle aan den IJssel;Capelle aan den IJssel;Zuid-Holland
2902;Capelle aan den IJssel;Capelle aan den IJssel;Zuid-Holland
2903;Capelle aan den IJssel;Capelle aan den IJssel;Zuid-Holland
2904;Capelle aan den IJssel;Capelle aan den IJssel;Zuid-Holland
2905;Capelle aan den IJssel;Capelle aan den IJssel;Zuid-Holland
2906;Capelle aan den IJssel;Capelle aan den IJssel;Zuid-Holland
2907;Capelle aan den IJssel;Capelle aan den IJssel;Zuid-Holland
2908;Capelle aan den IJssel;Capelle aan den IJssel;Zuid-Holland
2909;Capelle aan den IJssel;Capelle aan den IJssel;Zuid-Holland
2910;Nieuwerkerk aan den IJssel;Zuidplas;Zuid-Holland
2911;Nieuwerkerk aan den IJssel;Zuidplas;Zuid-Holland
2912;Nieuwerkerk aan den IJssel;Zuidplas;Zuid-Holland
2913;Nieuwerkerk aan den IJssel;Zuidplas;Zuid-Holland
2914;Nieuwerkerk aan den IJssel;Zuidplas;Zuid-Holland
2920;Krimpen aan den IJssel;Krimpen aan den IJssel;Zuid-Holland
2921;Krimpen aan den IJssel;Krimpen aan den IJssel;Zuid-Holland
2922;Krimpen aan den IJssel;Krimpen aan den IJssel;Zuid-Holland
2923;Krimpen aan den IJssel;Krimpen aan den IJssel;Zuid-Holland
2924;Krimpen aan den IJssel;Krimpen aan den IJssel;Zuid-Holland
2925;Krimpen aan den IJssel;Krimpen aan den IJssel;Zuid-Holland
2926;Krimpen aan den IJssel;Krimpen aan den IJssel;Zuid-Holland
2930;Krimpen aan de Lek;Krimpenerwaard;Zuid-Holland
2931;Krimpen aan de Lek;Krimpenerwaard;Zuid-Holland
2935;Ouderkerk aan den IJssel;Krimpenerwaard;Zuid-Holland
2940;Lekkerkerk;Krimpenerwaard;Zuid-Holland
2941;Lekkerkerk;Krimpenerwaard;Zuid-Holland
2950;Alblasserdam;Alblasserdam;Zuid-Holland
2951;Alblasserdam;Alblasserdam;Zuid-Holland
2952;Alblasserdam;Alblasserdam;Zuid-Holland
2953;Alblasserdam;Alblasserdam;Zuid-Holland
2954;Alblasserdam;Alblasserdam;Zuid-Holland
2957;Nieuw-Lekkerland;Molenlanden;Zuid-Holland
2959;Streefkerk;Molenlanden;Zuid-Holland
2960;Kinderdijk;Molenlanden;Zuid-Holland
2961;Kinderdijk;Molenlanden;Zuid-Holland
2964;Groot-Ammers;Molenlanden;Zuid-Holland
2965;Nieuwpoort;Molenlanden;Zuid-Holland
2967;Langerak;Molenlanden;Zuid-Holland
2968;Waal;Molenlanden;Zuid-Holland
2969;Oud-Alblas;Molenlanden;Zuid-Holland
2970;Bleskensgraaf ca;Molenlanden;Zuid-Holland
2971;Bleskensgraaf ca;Molenlanden;Zuid-Holland
2973;Molenaarsgraaf;Molenlanden;Zuid-Holland
2974;Brandwijk;Molenlanden;Zuid-Holland
2975;Ottoland;Molenlanden;Zuid-Holland
2977;Goudriaan;Molenlanden;Zuid-Holland
2980;Ridderkerk;Ridderkerk;Zuid-Holland
2981;Ridderkerk;Ridderkerk;Zuid-Holland
2982;Ridderkerk;Ridderkerk;Zuid-Holland
2983;Ridderkerk;Ridderkerk;Zuid-Holland
2984;Ridderkerk;Ridderkerk;Zuid-Holland
2985;Ridderkerk;Ridderkerk;Zuid-Holland
2986;Ridderkerk;Ridderkerk;Zuid-Holland
2987;Ridderkerk;Ridderkerk;Zuid-Holland
2988;Ridderkerk;Ridderkerk;Zuid-Holland
2989;Ridderkerk;Ridderkerk;Zuid-Holland
2990;Barendrecht;Barendrecht;Zuid-Holland
2991;Barendrecht;Barendrecht;Zuid-Holland
2992;Barendrecht;Barendrecht;Zuid-Holland
2993;Barendrecht;Barendrecht;Zuid-Holland
2994;Barendrecht;Barendrecht;Zuid-Holland
2995;Heerjansdam;Zwijndrecht;Zuid-Holland
3000;Rotterdam;Rotterdam;Zuid-Holland
3001;Rotterdam;Rotterdam;Zuid-Holland
3002;Rotterdam;Rotterdam;Zuid-Holland
3003;Rotterdam;Rotterdam;Zuid-Holland
3004;Rotterdam;Rotterdam;Zuid-Holland
3005;Rotterdam;Rotterdam;Zuid-Holland
3006;Rotterdam;Rotterdam;Zuid-Holland
3007;Rotterdam;Rotterdam;Zuid-Holland
3008;Rotterdam;Rotterdam;Zuid-Holland
3009;Rotterdam;Rotterdam;Zuid-Holland
3011;Rotterdam;Rotterdam;Zuid-Holland
3012;Rotterdam;Rotterdam;Zuid-Holland
3013;Rotterdam;Rotterdam;Zuid-Holland
3014;Rotterdam;Rotterdam;Zuid-Holland
3015;Rotterdam;Rotterdam;Zuid-Holland
3016;Rotterdam;Rotterdam;Zuid-Holland
3021;Rotterdam;Rotterdam;Zuid-Holland
3022;Rotterdam;Rotterdam;Zuid-Holland
3023;Rotterdam;Rotterdam;Zuid-Holland
3024;Rotterdam;Rotterdam;Zuid-Holland
3025;Rotterdam;Rotterdam;Zuid-Holland
3026;Rotterdam;Rotterdam;Zuid-Holland
3027;Rotterdam;Rotterdam;Zuid-Holland
3028;Rotterdam;Rotterdam;Zuid-Holland
3029;Rotterdam;Rotterdam;Zuid-Holland
3031;Rotterdam;Rotterdam;Zuid-Holland
3032;Rotterdam;Rotterdam;Zuid-Holland
3033;Rotterdam;Rotterdam;Zuid-Holland
3034;Rotterdam;Rotterdam;Zuid-Holland
3035;Rotterdam;Rotterdam;Zuid-Holland
3036;Rotterdam;Rotterdam;Zuid-Holland
3037;Rotterdam;Rotterdam;Zuid-Holland
3038;Rotterdam;Rotterdam;Zuid-Holland
3039;Rotterdam;Rotterdam;Zuid-Holland
3041;Rotterdam;Rotterdam;Zuid-Holland
3042;Rotterdam;Rotterdam;Zuid-Holland
3043;Rotterdam;Rotterdam;Zuid-Holland
3044;Rotterdam;Rotterdam;Zuid-Holland
3045;Rotterdam;Rotterdam;Zuid-Holland
3046;Rotterdam;Rotterdam;Zuid-Holland
3047;Rotterdam;Rotterdam;Zuid-Holland
3050;Rotterdam;Rotterdam;Zuid-Holland
3051;Rotterdam;Rotterdam;Zuid-Holland
3052;Rotterdam;Rotterdam;Zuid-Holland
3053;Rotterdam;Rotterdam;Zuid-Holland
3054;Rotterdam;Rotterdam;Zuid-Holland
3055;Rotterdam;Rotterdam;Zuid-Holland
3056;Rotterdam;Rotterdam;Zuid-Holland
3059;Rotterdam;Rotterdam;Zuid-Holland
3061;Rotterdam;Rotterdam;Zuid-Holland
3062;Rotterdam;Rotterdam;Zuid-Holland
3063;Rotterdam;Rotterdam;Zuid-Holland
3064;Rotterdam;Rotterdam;Zuid-Holland
3065;Rotterdam;Rotterdam;Zuid-Holland
3066;Rotterdam;Rotterdam;Zuid-Holland
3067;Rotterdam;Rotterdam;Zuid-Holland
3068;Rotterdam;Rotterdam;Zuid-Holland
3069;Rotterdam;Rotterdam;Zuid-Holland
3071;Rotterdam;Rotterdam;Zuid-Holland
3072;Rotterdam;Rotterdam;Zuid-Holland
3073;Rotterdam;Rotterdam;Zuid-Holland
3074;Rotterdam;Rotterdam;Zuid-Holland
3075;Rotterdam;Rotterdam;Zuid-Holland
3076;Rotterdam;Rotterdam;Zuid-Holland
3077;Rotterdam;Rotterdam;Zuid-Holland
3078;Rotterdam;Rotterdam;Zuid-Holland
3079;Rotterdam;Rotterdam;Zuid-Holland
3081;Rotterdam;Rotterdam;Zuid-Holland
3082;Rotterdam;Rotterdam;Zuid-Holland
3083;Rotterdam;Rotterdam;Zuid-Holland
3084;Rotterdam;Rotterdam;Zuid-Holland
3085;Rotterdam;Rotterdam;Zuid-Holland
3086;Rotterdam;Rotterdam;Zuid-Holland
3087;Rotterdam;Rotterdam;Zuid-Holland
3088;Rotterdam;Rotterdam;Zuid-Holland
3089;Rotterdam;Rotterdam;Zuid-Holland
3100;Schiedam;Schiedam;Zuid-Holland
3101;Schiedam;Schiedam;Zuid-Holland
3102;Schiedam;Schiedam;Zuid-Holland
3109;Schiedam;Schiedam;Zuid-Holland
3111;Schiedam;Schiedam;Zuid-Holland
3112;Schiedam;Schiedam;Zuid-Holland
3113;Schiedam;Schiedam;Zuid-Holland
3114;Schiedam;Schiedam;Zuid-Holland
3115;Schiedam;Schiedam;Zuid-Holland
3116;Schiedam;Schiedam;Zuid-Holland
3117;Schiedam;Schiedam;Zuid-Holland
3118;Schiedam;Schiedam;Zuid-Holland
3119;Schiedam;Schiedam;Zuid-Holland
3121;Schiedam;Schiedam;Zuid-Holland
3122;Schiedam;Schiedam;Zuid-Holland
3123;Schiedam;Schiedam;Zuid-Holland
3124;Schiedam;Schiedam;Zuid-Holland
3125;Schiedam;Schiedam;Zuid-Holland
3130;Vlaardingen;Vlaardingen;Zuid-Holland
3131;Vlaardingen;Vlaardingen;Zuid-Holland
3132;Vlaardingen;Vlaardingen;Zuid-Holland
3133;Vlaardingen;Vlaardingen;Zuid-Holland
3134;Vlaardingen;Vlaardingen;Zuid-Holland
3135;Vlaardingen;Vlaardingen;Zuid-Holland
3136;Vlaardingen;Vlaardingen;Zuid-Holland
3137;Vlaardingen;Vlaardingen;Zuid-Holland
3138;Vlaardingen;Vlaardingen;Zuid-Holland
3140;Maassluis;Maassluis;Zuid-Holland
3141;Maassluis;Maassluis;Zuid-Holland
3142;Maassluis;Maassluis;Zuid-Holland
3143;Maassluis;Maassluis;Zuid-Holland
3144;Maassluis;Maassluis;Zuid-Holland
3145;Maassluis;Maassluis;Zuid-Holland
3146;Maassluis;Maassluis;Zuid-Holland
3147;Maassluis;Maassluis;Zuid-Holland
3150;Hoek van Holland;Rotterdam;Zuid-Holland
3151;Hoek van Holland;Rotterdam;Zuid-Holland
3155;Maasland;Midden-Delfland;Zuid-Holland
3160;Rhoon;Albrandswaard;Zuid-Holland
3161;Rhoon;Albrandswaard;Zuid-Holland
3162;Rhoon;Albrandswaard;Zuid-Holland
3165;Rotterdam-Albrandswaard;Albrandswaard;Zuid-Holland
3170;Poortugaal;Albrandswaard;Zuid-Holland
3171;Poortugaal;Albrandswaard;Zuid-Holland
3172;Poortugaal;Albrandswaard;Zuid-Holland
3176;Poortugaal;Albrandswaard;Zuid-Holland
3180;Rozenburg;Haarlemmermeer;Noord-Holland
3181;Rozenburg;Rotterdam;Zuid-Holland
3190;Hoogvliet Rotterdam;Rotterdam;Zuid-Holland
3191;Hoogvliet Rotterdam;Rotterdam;Zuid-Holland
3192;Hoogvliet Rotterdam;Rotterdam;Zuid-Holland
3193;Hoogvliet Rotterdam;Rotterdam;Zuid-Holland
3194;Hoogvliet Rotterdam;Rotterdam;Zuid-Holland
3195;Pernis Rotterdam;Rotterdam;Zuid-Holland
3196;Vondelingenplaat Rotterdam;Rotterdam;Zuid-Holland
3197;Botlek Rotterdam;Rotterdam;Zuid-Holland
3198;Europoort Rotterdam;Rotterdam;Zuid-Holland
3199;Maasvlakte Rotterdam;Rotterdam;Zuid-Holland
3200;Spijkenisse;Nissewaard;Zuid-Holland
3201;Spijkenisse;Nissewaard;Zuid-Holland
3202;Spijkenisse;Nissewaard;Zuid-Holland
3203;Spijkenisse;Nissewaard;Zuid-Holland
3204;Spijkenisse;Nissewaard;Zuid-Holland
3205;Spijkenisse;Nissewaard;Zuid-Holland
3206;Spijkenisse;Nissewaard;Zuid-Holland
3207;Spijkenisse;Nissewaard;Zuid-Holland
3208;Spijkenisse;Nissewaard;Zuid-Holland
3209;Hekelingen;Nissewaard;Zuid-Holland
3211;Geervliet;Nissewaard;Zuid-Holland
3212;Simonshaven;Nissewaard;Zuid-Holland
3214;Zuidland;Nissewaard;Zuid-Holland
3216;Abbenbroek;Nissewaard;Zuid-Holland
3218;Heenvliet;Nissewaard;Zuid-Holland
3220;Hellevoetsluis;Hellevoetsluis;Zuid-Holland
3221;Hellevoetsluis;Hellevoetsluis;Zuid-Holland
3222;Hellevoetsluis;Hellevoetsluis;Zuid-Holland
3223;Hellevoetsluis;Hellevoetsluis;Zuid-Holland
3224;Hellevoetsluis;Hellevoetsluis;Zuid-Holland
3225;Hellevoetsluis;Hellevoetsluis;Zuid-Holland
3227;Oudenhoorn;Hellevoetsluis;Zuid-Holland
3230;Brielle;Brielle;Zuid-Holland
3231;Brielle;Brielle;Zuid-Holland
3232;Brielle;Brielle;Zuid-Holland
3233;Oostvoorne;Westvoorne;Zuid-Holland
3234;Tinte;Westvoorne;Zuid-Holland
3235;Rockanje;Westvoorne;Zuid-Holland
3237;Vierpolders;Brielle;Zuid-Holland
3238;Zwartewaal;Brielle;Zuid-Holland
3240;Middelharnis;Goeree-Overflakkee;Zuid-Holland
3241;Middelharnis;Goeree-Overflakkee;Zuid-Holland
3243;Stad aan ’t Haringvliet;Goeree-Overflakkee;Zuid-Holland
3244;Nieuwe-Tonge;Goeree-Overflakkee;Zuid-Holland
3245;Sommelsdijk;Goeree-Overflakkee;Zuid-Holland
3247;Dirksland;Goeree-Overflakkee;Zuid-Holland
3248;Melissant;Goeree-Overflakkee;Zuid-Holland
3249;Herkingen;Goeree-Overflakkee;Zuid-Holland
3250;Stellendam;Goeree-Overflakkee;Zuid-Holland
3251;Stellendam;Goeree-Overflakkee;Zuid-Holland
3252;Goedereede;Goeree-Overflakkee;Zuid-Holland
3253;Ouddorp;Goeree-Overflakkee;Zuid-Holland
3255;Oude-Tonge;Goeree-Overflakkee;Zuid-Holland
3256;Achthuizen;Goeree-Overflakkee;Zuid-Holland
3257;Ooltgensplaat;Goeree-Overflakkee;Zuid-Holland
3258;Den Bommel;Goeree-Overflakkee;Zuid-Holland
3260;Oud-Beijerland;Hoeksche Waard;Zuid-Holland
3261;Oud-Beijerland;Hoeksche Waard;Zuid-Holland
3262;Oud-Beijerland;Hoeksche Waard;Zuid-Holland
3263;Oud-Beijerland;Hoeksche Waard;Zuid-Holland
3264;Nieuw-Beijerland;Hoeksche Waard;Zuid-Holland
3265;Piershil;Hoeksche Waard;Zuid-Holland
3267;Goudswaard;Hoeksche Waard;Zuid-Holland
3270;Mijnsheerenland;Hoeksche Waard;Zuid-Holland
3271;Mijnsheerenland;Hoeksche Waard;Zuid-Holland
3273;Westmaas;Hoeksche Waard;Zuid-Holland
3274;Heinenoord;Hoeksche Waard;Zuid-Holland
3280;Numansdorp;Hoeksche Waard;Zuid-Holland
3281;Numansdorp;Hoeksche Waard;Zuid-Holland
3284;Zuid-Beijerland;Hoeksche Waard;Zuid-Holland
3286;Klaaswaal;Hoeksche Waard;Zuid-Holland
3290;Strijen;Hoeksche Waard;Zuid-Holland
3291;Strijen;Hoeksche Waard;Zuid-Holland
3292;Strijensas;Hoeksche Waard;Zuid-Holland
3293;Mookhoek;Hoeksche Waard;Zuid-Holland
3295;‘s-Gravendeel;Hoeksche Waard;Zuid-Holland
3297;Puttershoek;Hoeksche Waard;Zuid-Holland
3299;Maasdam;Hoeksche Waard;Zuid-Holland
3300;Dordrecht;Dordrecht;Zuid-Holland
3301;Dordrecht;Dordrecht;Zuid-Holland
3311;Dordrecht;Dordrecht;Zuid-Holland
3312;Dordrecht;Dordrecht;Zuid-Holland
3313;Dordrecht;Dordrecht;Zuid-Holland
3314;Dordrecht;Dordrecht;Zuid-Holland
3315;Dordrecht;Dordrecht;Zuid-Holland
3316;Dordrecht;Dordrecht;Zuid-Holland
3317;Dordrecht;Dordrecht;Zuid-Holland
3318;Dordrecht;Dordrecht;Zuid-Holland
3319;Dordrecht;Dordrecht;Zuid-Holland
3328;Dordrecht;Dordrecht;Zuid-Holland
3329;Dordrecht;Dordrecht;Zuid-Holland
3330;Zwijndrecht;Zwijndrecht;Zuid-Holland
3331;Zwijndrecht;Zwijndrecht;Zuid-Holland
3332;Zwijndrecht;Zwijndrecht;Zuid-Holland
3333;Zwijndrecht;Zwijndrecht;Zuid-Holland
3334;Zwijndrecht;Zwijndrecht;Zuid-Holland
3335;Zwijndrecht;Zwijndrecht;Zuid-Holland
3336;Zwijndrecht;Zwijndrecht;Zuid-Holland
3340;Hendrik-Ido-Ambacht;Hendrik-Ido-Ambacht;Zuid-Holland
3341;Hendrik-Ido-Ambacht;Hendrik-Ido-Ambacht;Zuid-Holland
3342;Hendrik-Ido-Ambacht;Hendrik-Ido-Ambacht;Zuid-Holland
3343;Hendrik-Ido-Ambacht;Hendrik-Ido-Ambacht;Zuid-Holland
3344;Hendrik-Ido-Ambacht;Hendrik-Ido-Ambacht;Zuid-Holland
3350;Papendrecht;Papendrecht;Zuid-Holland
3351;Papendrecht;Papendrecht;Zuid-Holland
3352;Papendrecht;Papendrecht;Zuid-Holland
3353;Papendrecht;Papendrecht;Zuid-Holland
3354;Papendrecht;Papendrecht;Zuid-Holland
3355;Papendrecht;Papendrecht;Zuid-Holland
3356;Papendrecht;Papendrecht;Zuid-Holland
3360;Sliedrecht;Sliedrecht;Zuid-Holland
3361;Sliedrecht;Sliedrecht;Zuid-Holland
3362;Sliedrecht;Sliedrecht;Zuid-Holland
3363;Sliedrecht;Sliedrecht;Zuid-Holland
3364;Sliedrecht;Sliedrecht;Zuid-Holland
3366;Wijngaarden;Molenlanden;Zuid-Holland
3370;Hardinxveld-Giessendam;Hardinxveld-Giessendam;Zuid-Holland
3371;Hardinxveld-Giessendam;Hardinxveld-Giessendam;Zuid-Holland
3372;Hardinxveld-Giessendam;Hardinxveld-Giessendam;Zuid-Holland
3373;Hardinxveld-Giessendam;Hardinxveld-Giessendam;Zuid-Holland
3380;Giessenburg;Molenlanden;Zuid-Holland
3381;Giessenburg;Molenlanden;Zuid-Holland
3400;IJsselstein;IJsselstein;Utrecht
3401;IJsselstein;IJsselstein;Utrecht
3402;IJsselstein;IJsselstein;Utrecht
3403;IJsselstein;IJsselstein;Utrecht
3404;IJsselstein;IJsselstein;Utrecht
3405;Benschop;Lopik;Utrecht
3410;Lopik;Lopik;Utrecht
3411;Lopik;Lopik;Utrecht
3412;Lopikerkapel;Lopik;Utrecht
3413;Jaarsveld;Lopik;Utrecht
3415;Polsbroek;Lopik;Utrecht
3417;Montfoort;Montfoort;Utrecht
3420;Oudewater;Oudewater;Utrecht
3421;Oudewater;Oudewater;Utrecht
3425;Snelrewaard;Oudewater;Utrecht
3430;Nieuwegein;Nieuwegein;Utrecht
3431;Nieuwegein;Nieuwegein;Utrecht
3432;Nieuwegein;Nieuwegein;Utrecht
3433;Nieuwegein;Nieuwegein;Utrecht
3434;Nieuwegein;Nieuwegein;Utrecht
3435;Nieuwegein;Nieuwegein;Utrecht
3436;Nieuwegein;Nieuwegein;Utrecht
3437;Nieuwegein;Nieuwegein;Utrecht
3438;Nieuwegein;Nieuwegein;Utrecht
3439;Nieuwegein;Nieuwegein;Utrecht
3440;Woerden;Woerden;Utrecht
3441;Woerden;Woerden;Utrecht
3442;Woerden;Woerden;Utrecht
3443;Woerden;Woerden;Utrecht
3444;Woerden;Woerden;Utrecht
3445;Woerden;Woerden;Utrecht
3446;Woerden;Woerden;Utrecht
3447;Woerden;Woerden;Utrecht
3448;Woerden;Woerden;Utrecht
3449;Woerden;Woerden;Utrecht
3450;Vleuten;Utrecht;Utrecht
3451;Vleuten;Utrecht;Utrecht
3452;Vleuten;Utrecht;Utrecht
3453;De Meern;Utrecht;Utrecht
3454;De Meern;Utrecht;Utrecht
3455;Vleuten;Utrecht;Utrecht
3460;Linschoten;Montfoort;Utrecht
3461;Linschoten;Montfoort;Utrecht
3464;Papekop;Oudewater;Utrecht
3465;Driebruggen;Bodegraven-Reeuwijk;Zuid-Holland
3466;Waarder;Bodegraven-Reeuwijk;Zuid-Holland
3467;Hekendorp;Oudewater;Utrecht
3470;Kamerik;Woerden;Utrecht
3471;Kamerik;Woerden;Utrecht
3474;Zegveld;Woerden;Utrecht
3480;Harmelen;Woerden;Utrecht
3481;Harmelen;Woerden;Utrecht
3500;Utrecht;Utrecht;Utrecht
3501;Utrecht;Utrecht;Utrecht
3502;Utrecht;Utrecht;Utrecht
3503;Utrecht;Utrecht;Utrecht
3504;Utrecht;Utrecht;Utrecht
3505;Utrecht;Utrecht;Utrecht
3506;Utrecht;Utrecht;Utrecht
3507;Utrecht;Utrecht;Utrecht
3508;Utrecht;Utrecht;Utrecht
3509;Utrecht;Utrecht;Utrecht
3511;Utrecht;Utrecht;Utrecht
3512;Utrecht;Utrecht;Utrecht
3513;Utrecht;Utrecht;Utrecht
3514;Utrecht;Utrecht;Utrecht
3515;Utrecht;Utrecht;Utrecht
3521;Utrecht;Utrecht;Utrecht
3522;Utrecht;Utrecht;Utrecht
3523;Utrecht;Utrecht;Utrecht
3524;Utrecht;Utrecht;Utrecht
3525;Utrecht;Utrecht;Utrecht
3526;Utrecht;Utrecht;Utrecht
3527;Utrecht;Utrecht;Utrecht
3528;Utrecht;Utrecht;Utrecht
3531;Utrecht;Utrecht;Utrecht
3532;Utrecht;Utrecht;Utrecht
3533;Utrecht;Utrecht;Utrecht
3534;Utrecht;Utrecht;Utrecht
3540;Utrecht;Utrecht;Utrecht
3541;Utrecht;Utrecht;Utrecht
3542;Utrecht;Utrecht;Utrecht
3543;Utrecht;Utrecht;Utrecht
3544;Utrecht;Utrecht;Utrecht
3545;Utrecht;Utrecht;Utrecht
3546;Utrecht;Utrecht;Utrecht
3551;Utrecht;Utrecht;Utrecht
3552;Utrecht;Utrecht;Utrecht
3553;Utrecht;Utrecht;Utrecht
3554;Utrecht;Utrecht;Utrecht
3555;Utrecht;Utrecht;Utrecht
3561;Utrecht;Utrecht;Utrecht
3562;Utrecht;Utrecht;Utrecht
3563;Utrecht;Utrecht;Utrecht
3564;Utrecht;Utrecht;Utrecht
3565;Utrecht;Utrecht;Utrecht
3566;Utrecht;Utrecht;Utrecht
3571;Utrecht;Utrecht;Utrecht
3572;Utrecht;Utrecht;Utrecht
3573;Utrecht;Utrecht;Utrecht
3581;Utrecht;Utrecht;Utrecht
3582;Utrecht;Utrecht;Utrecht
3583;Utrecht;Utrecht;Utrecht
3584;Utrecht;Utrecht;Utrecht
3585;Utrecht;Utrecht;Utrecht
3600;Maarssen;Stichtse Vecht;Utrecht
3601;Maarssen;Stichtse Vecht;Utrecht
3602;Maarssen;Stichtse Vecht;Utrecht
3603;Maarssen;Stichtse Vecht;Utrecht
3604;Maarssen;Stichtse Vecht;Utrecht
3605;Maarssen;Stichtse Vecht;Utrecht
3606;Maarssen;Stichtse Vecht;Utrecht
3607;Maarssen;Stichtse Vecht;Utrecht
3608;Maarssen;Stichtse Vecht;Utrecht
3611;Oud Zuilen;Stichtse Vecht;Utrecht
3612;Tienhoven;Stichtse Vecht;Utrecht
3615;Westbroek;De Bilt;Utrecht
3620;Breukelen;Stichtse Vecht;Utrecht
3621;Breukelen;Stichtse Vecht;Utrecht
3625;Breukeleveen;Wijdemeren;Noord-Holland
3626;Nieuwer Ter Aa;Stichtse Vecht;Utrecht
3628;Kockengen;Stichtse Vecht;Utrecht
3630;Nieuwersluis;Stichtse Vecht;Utrecht
3631;Nieuwersluis;Stichtse Vecht;Utrecht
3632;Loenen aan de Vecht;Stichtse Vecht;Utrecht
3633;Vreeland;Stichtse Vecht;Utrecht
3634;Loenersloot;Stichtse Vecht;Utrecht
3640;Mijdrecht;De Ronde Venen;Utrecht
3641;Mijdrecht;De Ronde Venen;Utrecht
3642;Mijdrecht;De Ronde Venen;Utrecht
3643;Mijdrecht;De Ronde Venen;Utrecht
3645;Vinkeveen;De Ronde Venen;Utrecht
3646;Waverveen;De Ronde Venen;Utrecht
3648;Wilnis;De Ronde Venen;Utrecht
3651;Woerdense Verlaat;Nieuwkoop;Zuid-Holland
3652;Woerdense Verlaat;Nieuwkoop;Zuid-Holland
3653;Woerdense Verlaat;Nieuwkoop;Zuid-Holland
3700;Zeist;Zeist;Utrecht
3701;Zeist;Zeist;Utrecht
3702;Zeist;Zeist;Utrecht
3703;Zeist;Zeist;Utrecht
3704;Zeist;Zeist;Utrecht
3705;Zeist;Zeist;Utrecht
3706;Zeist;Zeist;Utrecht
3707;Zeist;Zeist;Utrecht
3708;Zeist;Zeist;Utrecht
3709;Zeist;Zeist;Utrecht
3710;Austerlitz;Zeist;Utrecht
3711;Austerlitz;Zeist;Utrecht
3712;Huis ter Heide;Zeist;Utrecht
3720;Bilthoven;De Bilt;Utrecht
3721;Bilthoven;De Bilt;Utrecht
3722;Bilthoven;De Bilt;Utrecht
3723;Bilthoven;De Bilt;Utrecht
3730;De Bilt;De Bilt;Utrecht
3731;De Bilt;De Bilt;Utrecht
3732;De Bilt;De Bilt;Utrecht
3734;Den Dolder;Zeist;Utrecht
3735;Bosch en Duin;Zeist;Utrecht
3737;Groenekan;De Bilt;Utrecht
3738;Maartensdijk;De Bilt;Utrecht
3739;Hollandsche Rading;De Bilt;Utrecht
3740;Baarn;Baarn;Utrecht
3741;Baarn;Baarn;Utrecht
3742;Baarn;Baarn;Utrecht
3743;Baarn;Baarn;Utrecht
3744;Baarn;Baarn;Utrecht
3749;Lage Vuursche;Baarn;Utrecht
3750;Bunschoten-Spakenburg;Bunschoten;Utrecht
3751;Bunschoten-Spakenburg;Bunschoten;Utrecht
3752;Bunschoten-Spakenburg;Bunschoten;Utrecht
3754;Eemdijk;Bunschoten;Utrecht
3755;Eemnes;Eemnes;Utrecht
3760;Soest;Soest;Utrecht
3761;Soest;Soest;Utrecht
3762;Soest;Soest;Utrecht
3763;Soest;Soest;Utrecht
3764;Soest;Soest;Utrecht
3765;Soest;Soest;Utrecht
3766;Soest;Soest;Utrecht
3768;Soest;Soest;Utrecht
3769;Soesterberg;Soest;Utrecht
3770;Barneveld;Barneveld;Gelderland
3771;Barneveld;Barneveld;Gelderland
3772;Barneveld;Barneveld;Gelderland
3773;Barneveld;Barneveld;Gelderland
3774;Kootwijkerbroek;Barneveld;Gelderland
3775;Kootwijk;Barneveld;Gelderland
3776;Stroe;Barneveld;Gelderland
3780;Voorthuizen;Barneveld;Gelderland
3781;Voorthuizen;Barneveld;Gelderland
3784;Terschuur;Barneveld;Gelderland
3785;Zwartebroek;Barneveld;Gelderland
3790;Achterveld;Barneveld;Gelderland
3791;Achterveld;Leusden;Utrecht
3792;Achterveld;Barneveld;Gelderland
3794;De Glind;Barneveld;Gelderland
3800;Amersfoort;Amersfoort;Utrecht
3802;Amersfoort;Amersfoort;Utrecht
3811;Amersfoort;Amersfoort;Utrecht
3812;Amersfoort;Amersfoort;Utrecht
3813;Amersfoort;Amersfoort;Utrecht
3814;Amersfoort;Amersfoort;Utrecht
3815;Amersfoort;Amersfoort;Utrecht
3816;Amersfoort;Amersfoort;Utrecht
3817;Amersfoort;Amersfoort;Utrecht
3818;Amersfoort;Amersfoort;Utrecht
3819;Amersfoort;Amersfoort;Utrecht
3821;Amersfoort;Amersfoort;Utrecht
3822;Amersfoort;Amersfoort;Utrecht
3823;Amersfoort;Amersfoort;Utrecht
3824;Amersfoort;Amersfoort;Utrecht
3825;Amersfoort;Amersfoort;Utrecht
3826;Amersfoort;Amersfoort;Utrecht
3828;Hoogland;Amersfoort;Utrecht
3829;Hooglanderveen;Amersfoort;Utrecht
3830;Leusden;Leusden;Utrecht
3831;Leusden;Leusden;Utrecht
3832;Leusden;Leusden;Utrecht
3833;Leusden;Leusden;Utrecht
3834;Leusden;Leusden;Utrecht
3835;Stoutenburg;Leusden;Utrecht
3836;Stoutenburg Noord;Amersfoort;Utrecht
3840;Harderwijk;Harderwijk;Gelderland
3841;Harderwijk;Harderwijk;Gelderland
3842;Harderwijk;Harderwijk;Gelderland
3843;Harderwijk;Harderwijk;Gelderland
3844;Harderwijk;Harderwijk;Gelderland
3845;Harderwijk;Harderwijk;Gelderland
3846;Harderwijk;Harderwijk;Gelderland
3847;Harderwijk;Harderwijk;Gelderland
3848;Harderwijk;Harderwijk;Gelderland
3849;Hierden;Harderwijk;Gelderland
3850;Ermelo;Ermelo;Gelderland
3851;Ermelo;Ermelo;Gelderland
3852;Ermelo;Ermelo;Gelderland
3853;Ermelo;Ermelo;Gelderland
3860;Nijkerk;Nijkerk;Gelderland
3861;Nijkerk;Nijkerk;Gelderland
3862;Nijkerk;Nijkerk;Gelderland
3863;Nijkerk;Nijkerk;Gelderland
3864;Nijkerkerveen;Nijkerk;Gelderland
3870;Hoevelaken;Nijkerk;Gelderland
3871;Hoevelaken;Nijkerk;Gelderland
3880;Putten;Putten;Gelderland
3881;Putten;Putten;Gelderland
3882;Putten;Putten;Gelderland
3886;Garderen;Barneveld;Gelderland
3888;Uddel;Apeldoorn;Gelderland
3890;Zeewolde;Zeewolde;Flevoland
3891;Zeewolde;Zeewolde;Flevoland
3892;Zeewolde;Zeewolde;Flevoland
3893;Zeewolde;Zeewolde;Flevoland
3894;Zeewolde;Zeewolde;Flevoland
3895;Zeewolde;Zeewolde;Flevoland
3896;Zeewolde;Zeewolde;Flevoland
3897;Zeewolde;Zeewolde;Flevoland
3898;Zeewolde;Zeewolde;Flevoland
3899;Zeewolde;Zeewolde;Flevoland
3900;Veenendaal;Veenendaal;Utrecht
3901;Veenendaal;Veenendaal;Utrecht
3902;Veenendaal;Veenendaal;Utrecht
3903;Veenendaal;Veenendaal;Utrecht
3904;Veenendaal;Veenendaal;Utrecht
3905;Veenendaal;Veenendaal;Utrecht
3906;Veenendaal;Veenendaal;Utrecht
3907;Veenendaal;Veenendaal;Utrecht
3910;Rhenen;Rhenen;Utrecht
3911;Rhenen;Rhenen;Utrecht
3912;Rhenen;Rhenen;Utrecht
3920;Elst;Overbetuwe;Gelderland
3921;Elst Ut;Rhenen;Utrecht
3922;Elst Ut;Rhenen;Utrecht
3925;Scherpenzeel;Scherpenzeel;Gelderland
3927;Renswoude;Renswoude;Utrecht
3930;Woudenberg;Woudenberg;Utrecht
3931;Woudenberg;Woudenberg;Utrecht
3940;Doorn;Utrechtse Heuvelrug;Utrecht
3941;Doorn;Utrechtse Heuvelrug;Utrecht
3945;Cothen;Wijk bij Duurstede;Utrecht
3947;Langbroek;Wijk bij Duurstede;Utrecht
3950;Maarn;Utrechtse Heuvelrug;Utrecht
3951;Maarn;Utrechtse Heuvelrug;Utrecht
3953;Maarsbergen;Utrechtse Heuvelrug;Utrecht
3956;Leersum;Utrechtse Heuvelrug;Utrecht
3958;Amerongen;Utrechtse Heuvelrug;Utrecht
3959;Overberg;Utrechtse Heuvelrug;Utrecht
3960;Wijk bij Duurstede;Wijk bij Duurstede;Utrecht
3961;Wijk bij Duurstede;Wijk bij Duurstede;Utrecht
3962;Wijk bij Duurstede;Wijk bij Duurstede;Utrecht
3970;Driebergen-Rijsenburg;Utrechtse Heuvelrug;Utrecht
3971;Driebergen-Rijsenburg;Utrechtse Heuvelrug;Utrecht
3972;Driebergen-Rijsenburg;Utrechtse Heuvelrug;Utrecht
3980;Bunnik;Bunnik;Utrecht
3981;Bunnik;Bunnik;Utrecht
3984;Odijk;Bunnik;Utrecht
3985;Werkhoven;Bunnik;Utrecht
3989;Ossenwaard;Vijfheerenlanden;Utrecht
3990;Houten;Houten;Utrecht
3991;Houten;Houten;Utrecht
3992;Houten;Houten;Utrecht
3993;Houten;Houten;Utrecht
3994;Houten;Houten;Utrecht
3995;Houten;Houten;Utrecht
3997;’t Goy;Houten;Utrecht
3998;Schalkwijk;Houten;Utrecht
3999;Tull en ’t Waal;Houten;Utrecht
4000;Tiel;Tiel;Gelderland
4001;Tiel;Tiel;Gelderland
4002;Tiel;Tiel;Gelderland
4003;Tiel;Tiel;Gelderland
4004;Tiel;Tiel;Gelderland
4005;Tiel;Tiel;Gelderland
4006;Tiel;Tiel;Gelderland
4007;Tiel;Tiel;Gelderland
4010;Zoelen;Buren;Gelderland
4011;Zoelen;Buren;Gelderland
4012;Kerk-Avezaath;Buren;Gelderland
4013;Kapel Avezaath;Tiel;Gelderland
4014;Wadenoijen;Tiel;Gelderland
4016;Kapel-Avezaath;Buren;Gelderland
4017;Kerk Avezaath;Tiel;Gelderland
4020;Maurik;Buren;Gelderland
4021;Maurik;Buren;Gelderland
4023;Rijswijk (GLD);Buren;Gelderland
4024;Eck en Wiel;Buren;Gelderland
4030;Ingen;Buren;Gelderland
4031;Ingen;Buren;Gelderland
4032;Ommeren;Buren;Gelderland
4033;Lienden;Buren;Gelderland
4040;Kesteren;Neder-Betuwe;Gelderland
4041;Kesteren;Neder-Betuwe;Gelderland
4043;Opheusden;Neder-Betuwe;Gelderland
4050;Ochten;Neder-Betuwe;Gelderland
4051;Ochten;Neder-Betuwe;Gelderland
4053;IJzendoorn;Neder-Betuwe;Gelderland
4054;Echteld;Neder-Betuwe;Gelderland
4060;Ophemert;West Betuwe;Gelderland
4061;Ophemert;West Betuwe;Gelderland
4062;Zennewijnen;Tiel;Gelderland
4063;Heesselt;West Betuwe;Gelderland
4064;Varik;West Betuwe;Gelderland
4100;Culemborg;Culemborg;Gelderland
4101;Culemborg;Culemborg;Gelderland
4102;Culemborg;Culemborg;Gelderland
4103;Culemborg;Culemborg;Gelderland
4104;Culemborg;Culemborg;Gelderland
4105;Culemborg;Culemborg;Gelderland
4106;Culemborg;Culemborg;Gelderland
4107;Culemborg;Culemborg;Gelderland
4110;Zoelmond;Buren;Gelderland
4111;Zoelmond;Buren;Gelderland
4112;Beusichem;Buren;Gelderland
4115;Asch;Buren;Gelderland
4116;Buren;Buren;Gelderland
4117;Erichem;Buren;Gelderland
4119;Ravenswaaij;Buren;Gelderland
4121;Everdingen;Vijfheerenlanden;Utrecht
4122;Zijderveld;Vijfheerenlanden;Utrecht
4124;Hagestein;Vijfheerenlanden;Utrecht
4125;Hoef en Haag;Vijfheerenlanden;Utrecht
4126;Hei- en Boeicop;Vijfheerenlanden;Utrecht
4128;Lexmond;Vijfheerenlanden;Utrecht
4130;Vianen;Vijfheerenlanden;Utrecht
4131;Vianen;Vijfheerenlanden;Utrecht
4132;Vianen;Vijfheerenlanden;Utrecht
4133;Vianen;Vijfheerenlanden;Utrecht
4140;Leerdam;Vijfheerenlanden;Utrecht
4141;Leerdam;Vijfheerenlanden;Utrecht
4142;Leerdam;Vijfheerenlanden;Utrecht
4143;Leerdam;Vijfheerenlanden;Utrecht
4145;Schoonrewoerd;Vijfheerenlanden;Utrecht
4147;Asperen;West Betuwe;Gelderland
4151;Acquoy;West Betuwe;Gelderland
4152;Rhenoy;West Betuwe;Gelderland
4153;Beesd;West Betuwe;Gelderland
4155;Gellicum;West Betuwe;Gelderland
4156;Rumpt;West Betuwe;Gelderland
4157;Enspijk;West Betuwe;Gelderland
4158;Deil;West Betuwe;Gelderland
4161;Heukelum;West Betuwe;Gelderland
4163;Oosterwijk;Vijfheerenlanden;Utrecht
4170;Herwijnen;West Betuwe;Gelderland
4171;Herwijnen;West Betuwe;Gelderland
4174;Hellouw;West Betuwe;Gelderland
4175;Haaften;West Betuwe;Gelderland
4176;Tuil;West Betuwe;Gelderland
4180;Waardenburg;West Betuwe;Gelderland
4181;Waardenburg;West Betuwe;Gelderland
4182;Neerijnen;West Betuwe;Gelderland
4184;Opijnen;West Betuwe;Gelderland
4185;Est;West Betuwe;Gelderland
4190;Geldermalsen;West Betuwe;Gelderland
4191;Geldermalsen;West Betuwe;Gelderland
4194;Meteren;West Betuwe;Gelderland
4196;Tricht;West Betuwe;Gelderland
4197;Buurmalsen;West Betuwe;Gelderland
4200;Gorinchem;Gorinchem;Zuid-Holland
4201;Gorinchem;Gorinchem;Zuid-Holland
4202;Gorinchem;Gorinchem;Zuid-Holland
4203;Gorinchem;Gorinchem;Zuid-Holland
4204;Gorinchem;Gorinchem;Zuid-Holland
4205;Gorinchem;Gorinchem;Zuid-Holland
4206;Gorinchem;Gorinchem;Zuid-Holland
4207;Gorinchem;Gorinchem;Zuid-Holland
4208;Gorinchem;Gorinchem;Zuid-Holland
4209;Schelluinen;Molenlanden;Zuid-Holland
4211;Spijk;West Betuwe;Gelderland
4212;Spijk;West Betuwe;Gelderland
4213;Dalem;Gorinchem;Zuid-Holland
4214;Vuren;West Betuwe;Gelderland
4221;Hoogblokland;Molenlanden;Zuid-Holland
4223;Hoornaar;Molenlanden;Zuid-Holland
4225;Noordeloos;Molenlanden;Zuid-Holland
4230;Meerkerk;Vijfheerenlanden;Utrecht
4231;Meerkerk;Vijfheerenlanden;Utrecht
4233;Ameide;Vijfheerenlanden;Utrecht
4235;Tienhoven aan de Lek;Vijfheerenlanden;Utrecht
4240;Arkel;Molenlanden;Zuid-Holland
4241;Arkel;Molenlanden;Zuid-Holland
4243;Nieuwland;Vijfheerenlanden;Utrecht
4245;Leerbroek;Vijfheerenlanden;Utrecht
4247;Kedichem;Vijfheerenlanden;Utrecht
4250;Werkendam;Altena;Noord-Brabant
4251;Werkendam;Altena;Noord-Brabant
4254;Sleeuwijk;Altena;Noord-Brabant
4255;Nieuwendijk;Altena;Noord-Brabant
4260;Wijk en Aalburg;Altena;Noord-Brabant
4261;Wijk en Aalburg;Altena;Noord-Brabant
4264;Veen;Altena;Noord-Brabant
4265;Genderen;Altena;Noord-Brabant
4266;Eethen;Altena;Noord-Brabant
4267;Drongelen;Altena;Noord-Brabant
4268;Meeuwen;Altena;Noord-Brabant
4269;Babyloniënbroek;Altena;Noord-Brabant
4270;Dussen;Altena;Noord-Brabant
4271;Dussen;Altena;Noord-Brabant
4273;Hank;Altena;Noord-Brabant
4280;Andel;Altena;Noord-Brabant
4281;Andel;Altena;Noord-Brabant
4283;Giessen;Altena;Noord-Brabant
4284;Rijswijk (NB);Altena;Noord-Brabant
4285;Woudrichem;Altena;Noord-Brabant
4286;Almkerk;Altena;Noord-Brabant
4287;Waardhuizen;Altena;Noord-Brabant
4288;Uitwijk;Altena;Noord-Brabant
4300;Zierikzee;Schouwen-Duiveland;Zeeland
4301;Zierikzee;Schouwen-Duiveland;Zeeland
4302;Zierikzee;Schouwen-Duiveland;Zeeland
4303;Zierikzee;Schouwen-Duiveland;Zeeland
4305;Ouwerkerk;Schouwen-Duiveland;Zeeland
4306;Nieuwerkerk;Schouwen-Duiveland;Zeeland
4307;Oosterland;Schouwen-Duiveland;Zeeland
4308;Sirjansland;Schouwen-Duiveland;Zeeland
4310;Bruinisse;Schouwen-Duiveland;Zeeland
4311;Bruinisse;Schouwen-Duiveland;Zeeland
4315;Dreischor;Schouwen-Duiveland;Zeeland
4316;Zonnemaire;Schouwen-Duiveland;Zeeland
4317;Noordgouwe;Schouwen-Duiveland;Zeeland
4318;Brouwershaven;Schouwen-Duiveland;Zeeland
4321;Kerkwerve;Schouwen-Duiveland;Zeeland
4322;Scharendijke;Schouwen-Duiveland;Zeeland
4323;Ellemeet;Schouwen-Duiveland;Zeeland
4325;Renesse;Schouwen-Duiveland;Zeeland
4326;Noordwelle;Schouwen-Duiveland;Zeeland
4327;Serooskerke;Schouwen-Duiveland;Zeeland
4328;Burgh-Haamstede;Schouwen-Duiveland;Zeeland
4330;Middelburg;Middelburg;Zeeland
4331;Middelburg;Middelburg;Zeeland
4332;Middelburg;Middelburg;Zeeland
4333;Middelburg;Middelburg;Zeeland
4334;Middelburg;Middelburg;Zeeland
4335;Middelburg;Middelburg;Zeeland
4336;Middelburg;Middelburg;Zeeland
4337;Middelburg;Middelburg;Zeeland
4338;Middelburg;Middelburg;Zeeland
4339;Nieuw- en Sint Joosland;Middelburg;Zeeland
4340;Arnemuiden;Middelburg;Zeeland
4341;Arnemuiden;Middelburg;Zeeland
4350;Veere;Veere;Zeeland
4351;Veere;Veere;Zeeland
4352;Gapinge;Veere;Zeeland
4353;Serooskerke;Veere;Zeeland
4354;Vrouwenpolder;Veere;Zeeland
4356;Oostkapelle;Veere;Zeeland
4357;Domburg;Veere;Zeeland
4360;Westkapelle;Veere;Zeeland
4361;Westkapelle;Veere;Zeeland
4363;Aagtekerke;Veere;Zeeland
4364;Grijpskerke;Veere;Zeeland
4365;Meliskerke;Veere;Zeeland
4370;Koudekerke;Veere;Zeeland
4371;Koudekerke;Veere;Zeeland
4373;Biggekerke;Veere;Zeeland
4374;Zoutelande;Veere;Zeeland
4380;Vlissingen;Vlissingen;Zeeland
4381;Vlissingen;Vlissingen;Zeeland
4382;Vlissingen;Vlissingen;Zeeland
4383;Vlissingen;Vlissingen;Zeeland
4384;Vlissingen;Vlissingen;Zeeland
4385;Vlissingen;Vlissingen;Zeeland
4386;Vlissingen;Vlissingen;Zeeland
4387;Vlissingen;Vlissingen;Zeeland
4388;Oost-Souburg;Vlissingen;Zeeland
4389;Ritthem;Vlissingen;Zeeland
4400;Yerseke;Reimerswaal;Zeeland
4401;Yerseke;Reimerswaal;Zeeland
4410;Rilland;Reimerswaal;Zeeland
4411;Rilland;Reimerswaal;Zeeland
4413;Krabbendijke;Reimerswaal;Zeeland
4414;Waarde;Reimerswaal;Zeeland
4415;Oostdijk;Reimerswaal;Zeeland
4416;Kruiningen;Reimerswaal;Zeeland
4417;Hansweert;Reimerswaal;Zeeland
4420;Kapelle;Kapelle;Zeeland
4421;Kapelle;Kapelle;Zeeland
4423;Schore;Kapelle;Zeeland
4424;Wemeldinge;Kapelle;Zeeland
4430;‘s-Gravenpolder;Borsele;Zeeland
4431;‘s-Gravenpolder;Borsele;Zeeland
4433;Hoedekenskerke;Borsele;Zeeland
4434;Kwadendamme;Borsele;Zeeland
4435;Baarland;Borsele;Zeeland
4436;Oudelande;Borsele;Zeeland
4437;Ellewoutsdijk;Borsele;Zeeland
4438;Driewegen;Borsele;Zeeland
4440;Ovezande;Borsele;Zeeland
4441;Ovezande;Borsele;Zeeland
4443;Nisse;Borsele;Zeeland
4444;‘s-Heer Abtskerke;Borsele;Zeeland
4450;Heinkenszand;Borsele;Zeeland
4451;Heinkenszand;Borsele;Zeeland
4453;‘s-Heerenhoek;Borsele;Zeeland
4454;Borssele;Borsele;Zeeland
4455;Nieuwdorp;Borsele;Zeeland
4456;Lewedorp;Borsele;Zeeland
4458;‘s-Heer Arendskerke;Goes;Zeeland
4460;Goes;Goes;Zeeland
4461;Goes;Goes;Zeeland
4462;Goes;Goes;Zeeland
4463;Goes;Goes;Zeeland
4464;Goes;Goes;Zeeland
4465;Goes;Goes;Zeeland
4470;Wolphaartsdijk;Goes;Zeeland
4471;Wolphaartsdijk;Goes;Zeeland
4472;‘s-Heer Hendrikskinderen;Goes;Zeeland
4474;Kattendijke;Goes;Zeeland
4475;Wilhelminadorp;Goes;Zeeland
4481;Kloetinge;Goes;Zeeland
4482;Kloetinge;Kapelle;Zeeland
4484;Kortgene;Noord-Beveland;Zeeland
4485;Kats;Noord-Beveland;Zeeland
4486;Colijnsplaat;Noord-Beveland;Zeeland
4490;Wissenkerke;Noord-Beveland;Zeeland
4491;Wissenkerke;Noord-Beveland;Zeeland
4493;Kamperland;Noord-Beveland;Zeeland
4494;Geersdijk;Noord-Beveland;Zeeland
4500;Oostburg;Sluis;Zeeland
4501;Oostburg;Sluis;Zeeland
4503;Groede;Sluis;Zeeland
4504;Nieuwvliet;Sluis;Zeeland
4505;Zuidzande;Sluis;Zeeland
4506;Cadzand;Sluis;Zeeland
4507;Schoondijke;Sluis;Zeeland
4508;Waterlandkerkje;Sluis;Zeeland
4510;Breskens;Sluis;Zeeland
4511;Breskens;Sluis;Zeeland
4513;Hoofdplaat;Sluis;Zeeland
4515;IJzendijke;Sluis;Zeeland
4520;Biervliet;Terneuzen;Zeeland
4521;Biervliet;Terneuzen;Zeeland
4522;Biervliet;Sluis;Zeeland
4524;Sluis;Sluis;Zeeland
4525;Retranchement;Sluis;Zeeland
4527;Aardenburg;Sluis;Zeeland
4528;Sint Kruis;Sluis;Zeeland
4529;Eede;Sluis;Zeeland
4530;Terneuzen;Terneuzen;Zeeland
4531;Terneuzen;Terneuzen;Zeeland
4532;Terneuzen;Terneuzen;Zeeland
4533;Terneuzen;Terneuzen;Zeeland
4535;Terneuzen;Terneuzen;Zeeland
4536;Terneuzen;Terneuzen;Zeeland
4537;Terneuzen;Terneuzen;Zeeland
4538;Terneuzen;Terneuzen;Zeeland
4539;Spui;Terneuzen;Zeeland
4540;Sluiskil;Terneuzen;Zeeland
4541;Sluiskil;Terneuzen;Zeeland
4542;Hoek;Terneuzen;Zeeland
4543;Zaamslag;Terneuzen;Zeeland
4550;Sas van Gent;Terneuzen;Zeeland
4551;Sas van Gent;Terneuzen;Zeeland
4553;Philippine;Terneuzen;Zeeland
4554;Westdorpe;Terneuzen;Zeeland
4560;Hulst;Hulst;Zeeland
4561;Hulst;Hulst;Zeeland
4562;Hulst;Hulst;Zeeland
4564;Sint Jansteen;Hulst;Zeeland
4565;Kapellebrug;Hulst;Zeeland
4566;Heikant;Hulst;Zeeland
4567;Clinge;Hulst;Zeeland
4568;Nieuw Namen;Hulst;Zeeland
4569;Graauw;Hulst;Zeeland
4570;Axel;Terneuzen;Zeeland
4571;Axel;Terneuzen;Zeeland
4574;Zuiddorpe;Terneuzen;Zeeland
4575;Overslag;Terneuzen;Zeeland
4576;Koewacht;Terneuzen;Zeeland
4581;Vogelwaarde;Hulst;Zeeland
4583;Terhole;Hulst;Zeeland
4584;Kuitaart;Hulst;Zeeland
4585;Hengstdijk;Hulst;Zeeland
4586;Lamswaarde;Hulst;Zeeland
4587;Kloosterzande;Hulst;Zeeland
4588;Walsoorden;Hulst;Zeeland
4589;Ossenisse;Hulst;Zeeland
4600;Bergen op Zoom;Bergen op Zoom;Noord-Brabant
4601;Bergen op Zoom;Bergen op Zoom;Noord-Brabant
4602;Bergen op Zoom;Bergen op Zoom;Noord-Brabant
4611;Bergen op Zoom;Bergen op Zoom;Noord-Brabant
4612;Bergen op Zoom;Bergen op Zoom;Noord-Brabant
4613;Bergen op Zoom;Bergen op Zoom;Noord-Brabant
4614;Bergen op Zoom;Bergen op Zoom;Noord-Brabant
4615;Bergen op Zoom;Bergen op Zoom;Noord-Brabant
4616;Bergen op Zoom;Bergen op Zoom;Noord-Brabant
4617;Bergen op Zoom;Bergen op Zoom;Noord-Brabant
4621;Bergen op Zoom;Bergen op Zoom;Noord-Brabant
4622;Bergen op Zoom;Bergen op Zoom;Noord-Brabant
4623;Bergen op Zoom;Bergen op Zoom;Noord-Brabant
4624;Bergen op Zoom;Bergen op Zoom;Noord-Brabant
4625;Bergen op Zoom;Bergen op Zoom;Noord-Brabant
4630;Hoogerheide;Woensdrecht;Noord-Brabant
4631;Hoogerheide;Woensdrecht;Noord-Brabant
4634;Woensdrecht;Woensdrecht;Noord-Brabant
4635;Huijbergen;Woensdrecht;Noord-Brabant
4640;Ossendrecht;Woensdrecht;Noord-Brabant
4641;Ossendrecht;Woensdrecht;Noord-Brabant
4645;Putte;Woensdrecht;Noord-Brabant
4650;Steenbergen;Steenbergen;Noord-Brabant
4651;Steenbergen;Steenbergen;Noord-Brabant
4652;Steenbergen;Steenbergen;Noord-Brabant
4655;De Heen;Steenbergen;Noord-Brabant
4660;Halsteren;Bergen op Zoom;Noord-Brabant
4661;Halsteren;Bergen op Zoom;Noord-Brabant
4664;Lepelstraat;Bergen op Zoom;Noord-Brabant
4670;Dinteloord;Steenbergen;Noord-Brabant
4671;Dinteloord;Steenbergen;Noord-Brabant
4675;Sint Philipsland;Tholen;Zeeland
4681;Nieuw-Vossemeer;Steenbergen;Noord-Brabant
4690;Tholen;Tholen;Zeeland
4691;Tholen;Tholen;Zeeland
4693;Poortvliet;Tholen;Zeeland
4694;Scherpenisse;Tholen;Zeeland
4695;Sint-Maartensdijk;Tholen;Zeeland
4696;Stavenisse;Tholen;Zeeland
4697;Sint-Annaland;Tholen;Zeeland
4698;Oud-Vossemeer;Tholen;Zeeland
4700;Roosendaal;Roosendaal;Noord-Brabant
4701;Roosendaal;Roosendaal;Noord-Brabant
4702;Roosendaal;Roosendaal;Noord-Brabant
4703;Roosendaal;Roosendaal;Noord-Brabant
4704;Roosendaal;Roosendaal;Noord-Brabant
4705;Roosendaal;Roosendaal;Noord-Brabant
4706;Roosendaal;Roosendaal;Noord-Brabant
4707;Roosendaal;Roosendaal;Noord-Brabant
4708;Roosendaal;Roosendaal;Noord-Brabant
4709;Nispen;Roosendaal;Noord-Brabant
4710;St. Willebrord;Rucphen;Noord-Brabant
4711;St. Willebrord;Rucphen;Noord-Brabant
4714;Sprundel;Rucphen;Noord-Brabant
4715;Rucphen;Rucphen;Noord-Brabant
4721;Schijf;Rucphen;Noord-Brabant
4722;Schijf;Rucphen;Noord-Brabant
4724;Wouw;Roosendaal;Noord-Brabant
4725;Wouwse Plantage;Roosendaal;Noord-Brabant
4726;Heerle;Roosendaal;Noord-Brabant
4727;Moerstraten;Roosendaal;Noord-Brabant
4730;Oudenbosch;Halderberge;Noord-Brabant
4731;Oudenbosch;Halderberge;Noord-Brabant
4735;Zegge;Rucphen;Noord-Brabant
4740;Hoeven;Halderberge;Noord-Brabant
4741;Hoeven;Halderberge;Noord-Brabant
4744;Bosschenhoofd;Halderberge;Noord-Brabant
4750;Oud Gastel;Halderberge;Noord-Brabant
4751;Oud Gastel;Halderberge;Noord-Brabant
4754;Stampersgat;Halderberge;Noord-Brabant
4756;Kruisland;Steenbergen;Noord-Brabant
4758;Standdaarbuiten;Moerdijk;Noord-Brabant
4759;Noordhoek;Moerdijk;Noord-Brabant
4760;Zevenbergen;Moerdijk;Noord-Brabant
4761;Zevenbergen;Moerdijk;Noord-Brabant
4762;Zevenbergen;Moerdijk;Noord-Brabant
4765;Zevenbergschen Hoek;Moerdijk;Noord-Brabant
4766;Zevenbergschen Hoek;Drimmelen;Noord-Brabant
4771;Langeweg;Moerdijk;Noord-Brabant
4772;Langeweg;Moerdijk;Noord-Brabant
4780;Moerdijk;Moerdijk;Noord-Brabant
4781;Moerdijk;Moerdijk;Noord-Brabant
4782;Moerdijk;Moerdijk;Noord-Brabant
4790;Klundert;Moerdijk;Noord-Brabant
4791;Klundert;Moerdijk;Noord-Brabant
4793;Fijnaart;Moerdijk;Noord-Brabant
4794;Heijningen;Moerdijk;Noord-Brabant
4796;Oudemolen;Moerdijk;Noord-Brabant
4797;Willemstad;Moerdijk;Noord-Brabant
4800;Breda;Breda;Noord-Brabant
4801;Breda;Breda;Noord-Brabant
4802;Breda;Breda;Noord-Brabant
4803;Breda;Breda;Noord-Brabant
4811;Breda;Breda;Noord-Brabant
4812;Breda;Breda;Noord-Brabant
4813;Breda;Breda;Noord-Brabant
4814;Breda;Breda;Noord-Brabant
4815;Breda;Breda;Noord-Brabant
4816;Breda;Breda;Noord-Brabant
4817;Breda;Breda;Noord-Brabant
4818;Breda;Breda;Noord-Brabant
4819;Breda;Breda;Noord-Brabant
4820;Breda;Breda;Noord-Brabant
4822;Breda;Breda;Noord-Brabant
4823;Breda;Breda;Noord-Brabant
4824;Breda;Breda;Noord-Brabant
4825;Breda;Breda;Noord-Brabant
4826;Breda;Breda;Noord-Brabant
4827;Breda;Breda;Noord-Brabant
4834;Breda;Breda;Noord-Brabant
4835;Breda;Breda;Noord-Brabant
4836;Breda;Breda;Noord-Brabant
4837;Breda;Breda;Noord-Brabant
4838;Breda;Breda;Noord-Brabant
4839;Breda;Breda;Noord-Brabant
4840;Prinsenbeek;Breda;Noord-Brabant
4841;Prinsenbeek;Breda;Noord-Brabant
4844;Terheijden;Drimmelen;Noord-Brabant
4845;Wagenberg;Drimmelen;Noord-Brabant
4847;Teteringen;Breda;Noord-Brabant
4849;Dorst;Oosterhout;Noord-Brabant
4850;Ulvenhout;Breda;Noord-Brabant
4851;Ulvenhout;Breda;Noord-Brabant
4854;Bavel;Breda;Noord-Brabant
4855;Galder;Alphen-Chaam;Noord-Brabant
4856;Strijbeek;Alphen-Chaam;Noord-Brabant
4858;Ulvenhout AC;Alphen-Chaam;Noord-Brabant
4859;Bavel AC;Alphen-Chaam;Noord-Brabant
4860;Chaam;Alphen-Chaam;Noord-Brabant
4861;Chaam;Alphen-Chaam;Noord-Brabant
4870;Etten-Leur;Etten-Leur;Noord-Brabant
4871;Etten-Leur;Etten-Leur;Noord-Brabant
4872;Etten-Leur;Etten-Leur;Noord-Brabant
4873;Etten-Leur;Etten-Leur;Noord-Brabant
4874;Etten-Leur;Etten-Leur;Noord-Brabant
4875;Etten-Leur;Etten-Leur;Noord-Brabant
4876;Etten-Leur;Etten-Leur;Noord-Brabant
4877;Etten-Leur;Etten-Leur;Noord-Brabant
4878;Etten-Leur;Etten-Leur;Noord-Brabant
4879;Etten-Leur;Etten-Leur;Noord-Brabant
4880;Zundert;Zundert;Noord-Brabant
4881;Zundert;Zundert;Noord-Brabant
4882;Klein Zundert;Zundert;Noord-Brabant
4884;Wernhout;Zundert;Noord-Brabant
4885;Achtmaal;Zundert;Noord-Brabant
4890;Rijsbergen;Zundert;Noord-Brabant
4891;Rijsbergen;Zundert;Noord-Brabant
4900;Oosterhout;Oosterhout;Noord-Brabant
4901;Oosterhout;Oosterhout;Noord-Brabant
4902;Oosterhout;Oosterhout;Noord-Brabant
4903;Oosterhout;Oosterhout;Noord-Brabant
4904;Oosterhout;Oosterhout;Noord-Brabant
4905;Oosterhout;Oosterhout;Noord-Brabant
4906;Oosterhout;Oosterhout;Noord-Brabant
4907;Oosterhout;Oosterhout;Noord-Brabant
4908;Oosterhout;Oosterhout;Noord-Brabant
4909;Oosteind;Oosterhout;Noord-Brabant
4911;Den Hout;Oosterhout;Noord-Brabant
4920;Made;Drimmelen;Noord-Brabant
4921;Made;Drimmelen;Noord-Brabant
4924;Drimmelen;Drimmelen;Noord-Brabant
4926;Lage Zwaluwe;Drimmelen;Noord-Brabant
4927;Hooge Zwaluwe;Drimmelen;Noord-Brabant
4930;Geertruidenberg;Geertruidenberg;Noord-Brabant
4931;Geertruidenberg;Geertruidenberg;Noord-Brabant
4940;Raamsdonksveer;Geertruidenberg;Noord-Brabant
4941;Raamsdonksveer;Geertruidenberg;Noord-Brabant
4942;Raamsdonksveer;Geertruidenberg;Noord-Brabant
4944;Raamsdonk;Geertruidenberg;Noord-Brabant
5000;Tilburg;Tilburg;Noord-Brabant
5001;Tilburg;Tilburg;Noord-Brabant
5002;Tilburg;Tilburg;Noord-Brabant
5003;Tilburg;Tilburg;Noord-Brabant
5004;Tilburg;Tilburg;Noord-Brabant
5011;Tilburg;Tilburg;Noord-Brabant
5012;Tilburg;Tilburg;Noord-Brabant
5013;Tilburg;Tilburg;Noord-Brabant
5014;Tilburg;Tilburg;Noord-Brabant
5015;Tilburg;Tilburg;Noord-Brabant
5017;Tilburg;Tilburg;Noord-Brabant
5018;Tilburg;Tilburg;Noord-Brabant
5021;Tilburg;Tilburg;Noord-Brabant
5022;Tilburg;Tilburg;Noord-Brabant
5025;Tilburg;Tilburg;Noord-Brabant
5026;Tilburg;Tilburg;Noord-Brabant
5032;Tilburg;Tilburg;Noord-Brabant
5035;Tilburg;Tilburg;Noord-Brabant
5036;Tilburg;Tilburg;Noord-Brabant
5037;Tilburg;Tilburg;Noord-Brabant
5038;Tilburg;Tilburg;Noord-Brabant
5041;Tilburg;Tilburg;Noord-Brabant
5042;Tilburg;Tilburg;Noord-Brabant
5043;Tilburg;Tilburg;Noord-Brabant
5044;Tilburg;Tilburg;Noord-Brabant
5045;Tilburg;Tilburg;Noord-Brabant
5046;Tilburg;Tilburg;Noord-Brabant
5047;Tilburg;Tilburg;Noord-Brabant
5048;Tilburg;Tilburg;Noord-Brabant
5049;Tilburg;Tilburg;Noord-Brabant
5050;Goirle;Goirle;Noord-Brabant
5051;Goirle;Goirle;Noord-Brabant
5052;Goirle;Goirle;Noord-Brabant
5053;Goirle;Goirle;Noord-Brabant
5056;Berkel-Enschot;Tilburg;Noord-Brabant
5057;Berkel-Enschot;Tilburg;Noord-Brabant
5059;Heukelom;Oisterwijk;Noord-Brabant
5060;Oisterwijk;Oisterwijk;Noord-Brabant
5061;Oisterwijk;Oisterwijk;Noord-Brabant
5062;Oisterwijk;Oisterwijk;Noord-Brabant
5063;Oisterwijk;Oisterwijk;Noord-Brabant
5066;Moergestel;Oisterwijk;Noord-Brabant
5070;Udenhout;Tilburg;Noord-Brabant
5071;Udenhout;Tilburg;Noord-Brabant
5074;Biezenmortel;Haaren;Noord-Brabant
5076;Haaren;Haaren;Noord-Brabant
5080;Hilvarenbeek;Hilvarenbeek;Noord-Brabant
5081;Hilvarenbeek;Hilvarenbeek;Noord-Brabant
5084;Biest-Houtakker;Hilvarenbeek;Noord-Brabant
5085;Esbeek;Hilvarenbeek;Noord-Brabant
5087;Diessen;Hilvarenbeek;Noord-Brabant
5089;Haghorst;Hilvarenbeek;Noord-Brabant
5090;Oost West en Middelbeers;Oirschot;Noord-Brabant
5091;Oost West en Middelbeers;Oirschot;Noord-Brabant
5094;Lage Mierde;Reusel-De Mierden;Noord-Brabant
5095;Hooge Mierde;Reusel-De Mierden;Noord-Brabant
5096;Hulsel;Reusel-De Mierden;Noord-Brabant
5100;Dongen;Dongen;Noord-Brabant
5101;Dongen;Dongen;Noord-Brabant
5102;Dongen;Dongen;Noord-Brabant
5103;Dongen;Dongen;Noord-Brabant
5104;Dongen;Dongen;Noord-Brabant
5105;Dongen;Dongen;Noord-Brabant
5106;Dongen;Dongen;Noord-Brabant
5107;Dongen;Dongen;Noord-Brabant
5109;’s Gravenmoer;Dongen;Noord-Brabant
5110;Baarle-Nassau;Baarle-Nassau;Noord-Brabant
5111;Baarle-Nassau;Baarle-Nassau;Noord-Brabant
5113;Ulicoten;Baarle-Nassau;Noord-Brabant
5114;Castelre;Baarle-Nassau;Noord-Brabant
5120;Rijen;Gilze en Rijen;Noord-Brabant
5121;Rijen;Gilze en Rijen;Noord-Brabant
5122;Rijen;Gilze en Rijen;Noord-Brabant
5124;Molenschot;Gilze en Rijen;Noord-Brabant
5125;Hulten;Gilze en Rijen;Noord-Brabant
5126;Gilze;Gilze en Rijen;Noord-Brabant
5130;Alphen;Alphen-Chaam;Noord-Brabant
5131;Alphen;Alphen-Chaam;Noord-Brabant
5133;Riel;Goirle;Noord-Brabant
5140;Waalwijk;Waalwijk;Noord-Brabant
5141;Waalwijk;Waalwijk;Noord-Brabant
5142;Waalwijk;Waalwijk;Noord-Brabant
5143;Waalwijk;Waalwijk;Noord-Brabant
5144;Waalwijk;Waalwijk;Noord-Brabant
5145;Waalwijk;Waalwijk;Noord-Brabant
5146;Waalwijk;Waalwijk;Noord-Brabant
5150;Drunen;Heusden;Noord-Brabant
5151;Drunen;Heusden;Noord-Brabant
5152;Drunen;Heusden;Noord-Brabant
5154;Elshout;Heusden;Noord-Brabant
5160;Sprang-Capelle;Waalwijk;Noord-Brabant
5161;Sprang-Capelle;Waalwijk;Noord-Brabant
5162;Waspik;Waalwijk;Noord-Brabant
5165;Waspik;Waalwijk;Noord-Brabant
5170;Kaatsheuvel;Loon op Zand;Noord-Brabant
5171;Kaatsheuvel;Loon op Zand;Noord-Brabant
5172;Kaatsheuvel;Loon op Zand;Noord-Brabant
5175;Loon op Zand;Loon op Zand;Noord-Brabant
5176;De Moer;Loon op Zand;Noord-Brabant
5200;‘s-Hertogenbosch;‘s-Hertogenbosch;Noord-Brabant
5201;‘s-Hertogenbosch;‘s-Hertogenbosch;Noord-Brabant
5202;‘s-Hertogenbosch;‘s-Hertogenbosch;Noord-Brabant
5203;‘s-Hertogenbosch;‘s-Hertogenbosch;Noord-Brabant
5211;‘s-Hertogenbosch;‘s-Hertogenbosch;Noord-Brabant
5212;‘s-Hertogenbosch;‘s-Hertogenbosch;Noord-Brabant
5213;‘s-Hertogenbosch;‘s-Hertogenbosch;Noord-Brabant
5215;‘s-Hertogenbosch;‘s-Hertogenbosch;Noord-Brabant
5216;‘s-Hertogenbosch;‘s-Hertogenbosch;Noord-Brabant
5221;‘s-Hertogenbosch;‘s-Hertogenbosch;Noord-Brabant
5222;‘s-Hertogenbosch;‘s-Hertogenbosch;Noord-Brabant
5223;‘s-Hertogenbosch;‘s-Hertogenbosch;Noord-Brabant
5224;‘s-Hertogenbosch;‘s-Hertogenbosch;Noord-Brabant
5231;‘s-Hertogenbosch;‘s-Hertogenbosch;Noord-Brabant
5232;‘s-Hertogenbosch;‘s-Hertogenbosch;Noord-Brabant
5233;‘s-Hertogenbosch;‘s-Hertogenbosch;Noord-Brabant
5234;‘s-Hertogenbosch;‘s-Hertogenbosch;Noord-Brabant
5235;‘s-Hertogenbosch;‘s-Hertogenbosch;Noord-Brabant
5236;‘s-Hertogenbosch;‘s-Hertogenbosch;Noord-Brabant
5237;‘s-Hertogenbosch;‘s-Hertogenbosch;Noord-Brabant
5240;Rosmalen;‘s-Hertogenbosch;Noord-Brabant
5241;Rosmalen;‘s-Hertogenbosch;Noord-Brabant
5242;Rosmalen;‘s-Hertogenbosch;Noord-Brabant
5243;Rosmalen;‘s-Hertogenbosch;Noord-Brabant
5244;Rosmalen;‘s-Hertogenbosch;Noord-Brabant
5245;Rosmalen;‘s-Hertogenbosch;Noord-Brabant
5246;Rosmalen;‘s-Hertogenbosch;Noord-Brabant
5247;Rosmalen;‘s-Hertogenbosch;Noord-Brabant
5248;Rosmalen;‘s-Hertogenbosch;Noord-Brabant
5249;Rosmalen;‘s-Hertogenbosch;Noord-Brabant
5250;Vlijmen;Heusden;Noord-Brabant
5251;Vlijmen;Heusden;Noord-Brabant
5252;Vlijmen;Heusden;Noord-Brabant
5253;Nieuwkuijk;Heusden;Noord-Brabant
5254;Haarsteeg;Heusden;Noord-Brabant
5256;Heusden;Heusden;Noord-Brabant
5258;Berlicum;Sint-Michielsgestel;Noord-Brabant
5260;Vught;Vught;Noord-Brabant
5261;Vught;Vught;Noord-Brabant
5262;Vught;Vught;Noord-Brabant
5263;Vught;Vught;Noord-Brabant
5264;Vught;Vught;Noord-Brabant
5266;Cromvoirt;Vught;Noord-Brabant
5268;Helvoirt;Haaren;Noord-Brabant
5270;Sint-Michielsgestel;Sint-Michielsgestel;Noord-Brabant
5271;Sint-Michielsgestel;Sint-Michielsgestel;Noord-Brabant
5272;Sint-Michielsgestel;Sint-Michielsgestel;Noord-Brabant
5275;Den Dungen;Sint-Michielsgestel;Noord-Brabant
5280;Boxtel;Boxtel;Noord-Brabant
5281;Boxtel;Boxtel;Noord-Brabant
5282;Boxtel;Boxtel;Noord-Brabant
5283;Boxtel;Boxtel;Noord-Brabant
5290;Gemonde;Sint-Michielsgestel;Noord-Brabant
5291;Gemonde;Sint-Michielsgestel;Noord-Brabant
5292;Gemonde;Sint-Michielsgestel;Noord-Brabant
5293;Gemonde;Sint-Michielsgestel;Noord-Brabant
5294;Gemonde;Sint-Michielsgestel;Noord-Brabant
5296;Esch;Haaren;Noord-Brabant
5298;Liempde;Boxtel;Noord-Brabant
5300;Zaltbommel;Zaltbommel;Gelderland
5301;Zaltbommel;Zaltbommel;Gelderland
5302;Zaltbommel;Zaltbommel;Gelderland
5305;Zuilichem;Zaltbommel;Gelderland
5306;Brakel;Zaltbommel;Gelderland
5307;Poederoijen;Zaltbommel;Gelderland
5308;Aalst;Zaltbommel;Gelderland
5310;Gameren;Zaltbommel;Gelderland
5311;Gameren;Zaltbommel;Gelderland
5313;Nieuwaal;Zaltbommel;Gelderland
5314;Bruchem;Zaltbommel;Gelderland
5315;Kerkwijk;Zaltbommel;Gelderland
5316;Delwijnen;Zaltbommel;Gelderland
5317;Nederhemert;Zaltbommel;Gelderland
5318;Bern;Zaltbommel;Gelderland
5320;Hedel;Maasdriel;Gelderland
5321;Hedel;Maasdriel;Gelderland
5324;Ammerzoden;Maasdriel;Gelderland
5325;Well;Maasdriel;Gelderland
5327;Hurwenen;Maasdriel;Gelderland
5328;Rossum;Maasdriel;Gelderland
5330;Kerkdriel;Maasdriel;Gelderland
5331;Kerkdriel;Maasdriel;Gelderland
5333;Hoenzadriel;Maasdriel;Gelderland
5334;Velddriel;Maasdriel;Gelderland
5335;Alem;Maasdriel;Gelderland
5340;Oss;Oss;Noord-Brabant
5341;Oss;Oss;Noord-Brabant
5342;Oss;Oss;Noord-Brabant
5343;Oss;Oss;Noord-Brabant
5344;Oss;Oss;Noord-Brabant
5345;Oss;Oss;Noord-Brabant
5346;Oss;Oss;Noord-Brabant
5347;Oss;Oss;Noord-Brabant
5348;Oss;Oss;Noord-Brabant
5349;Oss;Oss;Noord-Brabant
5350;Berghem;Oss;Noord-Brabant
5351;Berghem;Oss;Noord-Brabant
5352;Deursen-Dennenburg;Oss;Noord-Brabant
5353;Dieden;Oss;Noord-Brabant
5354;Demen;Oss;Noord-Brabant
5355;Neerlangel;Oss;Noord-Brabant
5356;Neerloon;Oss;Noord-Brabant
5357;Overlangel;Oss;Noord-Brabant
5358;Huisseling;Oss;Noord-Brabant
5359;Keent;Oss;Noord-Brabant
5360;Grave;Grave;Noord-Brabant
5361;Grave;Grave;Noord-Brabant
5363;Velp;Grave;Noord-Brabant
5364;Escharen;Grave;Noord-Brabant
5366;Megen;Oss;Noord-Brabant
5367;Macharen;Oss;Noord-Brabant
5368;Haren;Oss;Noord-Brabant
5370;Ravenstein;Oss;Noord-Brabant
5371;Ravenstein;Oss;Noord-Brabant
5373;Herpen;Oss;Noord-Brabant
5374;Schaijk;Landerd;Noord-Brabant
5375;Reek;Landerd;Noord-Brabant
5381;Vinkel;‘s-Hertogenbosch;Noord-Brabant
5382;Vinkel;‘s-Hertogenbosch;Noord-Brabant
5383;Vinkel;‘s-Hertogenbosch;Noord-Brabant
5384;Heesch;Bernheze;Noord-Brabant
5386;Geffen;Oss;Noord-Brabant
5388;Nistelrode;Bernheze;Noord-Brabant
5390;Nuland;‘s-Hertogenbosch;Noord-Brabant
5391;Nuland;‘s-Hertogenbosch;Noord-Brabant
5392;Nuland;‘s-Hertogenbosch;Noord-Brabant
5394;Oijen;Oss;Noord-Brabant
5395;Teeffelen;Oss;Noord-Brabant
5396;Lithoijen;Oss;Noord-Brabant
5397;Lith;Oss;Noord-Brabant
5398;Maren-Kessel;Oss;Noord-Brabant
5400;Uden;Uden;Noord-Brabant
5401;Uden;Uden;Noord-Brabant
5402;Uden;Uden;Noord-Brabant
5403;Uden;Uden;Noord-Brabant
5404;Uden;Uden;Noord-Brabant
5405;Uden;Uden;Noord-Brabant
5406;Uden;Uden;Noord-Brabant
5408;Volkel;Uden;Noord-Brabant
5409;Odiliapeel;Uden;Noord-Brabant
5410;Zeeland;Landerd;Noord-Brabant
5411;Zeeland;Landerd;Noord-Brabant
5420;Gemert;Gemert-Bakel;Noord-Brabant
5421;Gemert;Gemert-Bakel;Noord-Brabant
5422;Gemert;Gemert-Bakel;Noord-Brabant
5423;Handel;Gemert-Bakel;Noord-Brabant
5424;Elsendorp;Gemert-Bakel;Noord-Brabant
5425;De Mortel;Gemert-Bakel;Noord-Brabant
5427;Boekel;Boekel;Noord-Brabant
5428;Venhorst;Boekel;Noord-Brabant
5430;Cuijk;Cuijk;Noord-Brabant
5431;Cuijk;Cuijk;Noord-Brabant
5432;Cuijk;Cuijk;Noord-Brabant
5433;Katwijk NB;Cuijk;Noord-Brabant
5434;Vianen NB;Cuijk;Noord-Brabant
5435;Sint Agatha;Cuijk;Noord-Brabant
5437;Beers NB;Cuijk;Noord-Brabant
5438;Gassel;Grave;Noord-Brabant
5439;Linden;Cuijk;Noord-Brabant
5441;Oeffelt;Boxmeer;Noord-Brabant
5443;Haps;Cuijk;Noord-Brabant
5445;Landhorst;Sint Anthonis;Noord-Brabant
5446;Wanroij;Sint Anthonis;Noord-Brabant
5447;Rijkevoort;Boxmeer;Noord-Brabant
5449;Rijkevoort-De Walsert;Sint Anthonis;Noord-Brabant
5450;Mill;Mill en Sint Hubert;Noord-Brabant
5451;Mill;Mill en Sint Hubert;Noord-Brabant
5453;Langenboom;Mill en Sint Hubert;Noord-Brabant
5454;Sint Hubert;Mill en Sint Hubert;Noord-Brabant
5455;Wilbertoord;Mill en Sint Hubert;Noord-Brabant
5460;Veghel;Meierijstad;Noord-Brabant
5461;Veghel;Meierijstad;Noord-Brabant
5462;Veghel;Meierijstad;Noord-Brabant
5463;Veghel;Meierijstad;Noord-Brabant
5464;Veghel;Meierijstad;Noord-Brabant
5465;Veghel;Meierijstad;Noord-Brabant
5466;Veghel;Meierijstad;Noord-Brabant
5467;Veghel;Meierijstad;Noord-Brabant
5469;Erp;Meierijstad;Noord-Brabant
5471;Loosbroek;Bernheze;Noord-Brabant
5472;Loosbroek;Bernheze;Noord-Brabant
5473;Heeswijk-Dinther;Bernheze;Noord-Brabant
5476;Vorstenbosch;Bernheze;Noord-Brabant
5480;Schijndel;Meierijstad;Noord-Brabant
5481;Schijndel;Meierijstad;Noord-Brabant
5482;Schijndel;Meierijstad;Noord-Brabant
5490;Sint-Oedenrode;Meierijstad;Noord-Brabant
5491;Sint-Oedenrode;Meierijstad;Noord-Brabant
5492;Sint-Oedenrode;Meierijstad;Noord-Brabant
5500;Veldhoven;Veldhoven;Noord-Brabant
5501;Veldhoven;Veldhoven;Noord-Brabant
5502;Veldhoven;Veldhoven;Noord-Brabant
5503;Veldhoven;Veldhoven;Noord-Brabant
5504;Veldhoven;Veldhoven;Noord-Brabant
5505;Veldhoven;Veldhoven;Noord-Brabant
5506;Veldhoven;Veldhoven;Noord-Brabant
5507;Veldhoven;Veldhoven;Noord-Brabant
5508;Veldhoven;Veldhoven;Noord-Brabant
5509;Veldhoven;Veldhoven;Noord-Brabant
5511;Knegsel;Eersel;Noord-Brabant
5512;Vessem;Eersel;Noord-Brabant
5513;Wintelre;Eersel;Noord-Brabant
5520;Eersel;Eersel;Noord-Brabant
5521;Eersel;Eersel;Noord-Brabant
5524;Steensel;Eersel;Noord-Brabant
5525;Duizel;Eersel;Noord-Brabant
5527;Hapert;Bladel;Noord-Brabant
5528;Hoogeloon;Bladel;Noord-Brabant
5529;Casteren;Bladel;Noord-Brabant
5530;Bladel;Bladel;Noord-Brabant
5531;Bladel;Bladel;Noord-Brabant
5534;Netersel;Bladel;Noord-Brabant
5540;Reusel;Reusel-De Mierden;Noord-Brabant
5541;Reusel;Reusel-De Mierden;Noord-Brabant
5550;Valkenswaard;Valkenswaard;Noord-Brabant
5551;Valkenswaard;Valkenswaard;Noord-Brabant
5552;Valkenswaard;Valkenswaard;Noord-Brabant
5553;Valkenswaard;Valkenswaard;Noord-Brabant
5554;Valkenswaard;Valkenswaard;Noord-Brabant
5555;Valkenswaard;Valkenswaard;Noord-Brabant
5556;Valkenswaard;Valkenswaard;Noord-Brabant
5560;Riethoven;Bergeijk;Noord-Brabant
5561;Riethoven;Bergeijk;Noord-Brabant
5563;Westerhoven;Bergeijk;Noord-Brabant
5570;Bergeijk;Bergeijk;Noord-Brabant
5571;Bergeijk;Bergeijk;Noord-Brabant
5575;Luyksgestel;Bergeijk;Noord-Brabant
5580;Waalre;Waalre;Noord-Brabant
5581;Waalre;Waalre;Noord-Brabant
5582;Waalre;Waalre;Noord-Brabant
5583;Waalre;Waalre;Noord-Brabant
5590;Heeze;Heeze-Leende;Noord-Brabant
5591;Heeze;Heeze-Leende;Noord-Brabant
5595;Leende;Heeze-Leende;Noord-Brabant
5600;Eindhoven;Eindhoven;Noord-Brabant
5601;Eindhoven;Eindhoven;Noord-Brabant
5602;Eindhoven;Eindhoven;Noord-Brabant
5603;Eindhoven;Eindhoven;Noord-Brabant
5604;Eindhoven;Eindhoven;Noord-Brabant
5605;Eindhoven;Eindhoven;Noord-Brabant
5606;Eindhoven;Eindhoven;Noord-Brabant
5611;Eindhoven;Eindhoven;Noord-Brabant
5612;Eindhoven;Eindhoven;Noord-Brabant
5613;Eindhoven;Eindhoven;Noord-Brabant
5614;Eindhoven;Eindhoven;Noord-Brabant
5615;Eindhoven;Eindhoven;Noord-Brabant
5616;Eindhoven;Eindhoven;Noord-Brabant
5617;Eindhoven;Eindhoven;Noord-Brabant
5621;Eindhoven;Eindhoven;Noord-Brabant
5622;Eindhoven;Eindhoven;Noord-Brabant
5623;Eindhoven;Eindhoven;Noord-Brabant
5624;Eindhoven;Eindhoven;Noord-Brabant
5625;Eindhoven;Eindhoven;Noord-Brabant
5626;Eindhoven;Eindhoven;Noord-Brabant
5627;Eindhoven;Eindhoven;Noord-Brabant
5628;Eindhoven;Eindhoven;Noord-Brabant
5629;Eindhoven;Eindhoven;Noord-Brabant
5631;Eindhoven;Eindhoven;Noord-Brabant
5632;Eindhoven;Eindhoven;Noord-Brabant
5633;Eindhoven;Eindhoven;Noord-Brabant
5641;Eindhoven;Eindhoven;Noord-Brabant
5642;Eindhoven;Eindhoven;Noord-Brabant
5643;Eindhoven;Eindhoven;Noord-Brabant
5644;Eindhoven;Eindhoven;Noord-Brabant
5645;Eindhoven;Eindhoven;Noord-Brabant
5646;Eindhoven;Eindhoven;Noord-Brabant
5647;Eindhoven;Eindhoven;Noord-Brabant
5651;Eindhoven;Eindhoven;Noord-Brabant
5652;Eindhoven;Eindhoven;Noord-Brabant
5653;Eindhoven;Eindhoven;Noord-Brabant
5654;Eindhoven;Eindhoven;Noord-Brabant
5655;Eindhoven;Eindhoven;Noord-Brabant
5656;Eindhoven;Eindhoven;Noord-Brabant
5657;Eindhoven;Eindhoven;Noord-Brabant
5658;Eindhoven;Eindhoven;Noord-Brabant
5660;Geldrop;Geldrop-Mierlo;Noord-Brabant
5661;Geldrop;Geldrop-Mierlo;Noord-Brabant
5662;Geldrop;Geldrop-Mierlo;Noord-Brabant
5663;Geldrop;Geldrop-Mierlo;Noord-Brabant
5664;Geldrop;Geldrop-Mierlo;Noord-Brabant
5665;Geldrop;Geldrop-Mierlo;Noord-Brabant
5666;Geldrop;Geldrop-Mierlo;Noord-Brabant
5667;Geldrop;Geldrop-Mierlo;Noord-Brabant
5670;Nuenen;Nuenen, Gerwen en Nederwetten;Noord-Brabant
5671;Nuenen;Nuenen, Gerwen en Nederwetten;Noord-Brabant
5672;Nuenen;Nuenen, Gerwen en Nederwetten;Noord-Brabant
5673;Nuenen;Nuenen, Gerwen en Nederwetten;Noord-Brabant
5674;Nuenen;Nuenen, Gerwen en Nederwetten;Noord-Brabant
5680;Best;Best;Noord-Brabant
5681;Best;Best;Noord-Brabant
5682;Best;Best;Noord-Brabant
5683;Best;Best;Noord-Brabant
5684;Best;Best;Noord-Brabant
5685;Best;Best;Noord-Brabant
5688;Oirschot;Oirschot;Noord-Brabant
5689;Oirschot;Oirschot;Noord-Brabant
5690;Son en Breugel;Son en Breugel;Noord-Brabant
5691;Son en Breugel;Son en Breugel;Noord-Brabant
5692;Son en Breugel;Son en Breugel;Noord-Brabant
5694;Son en Breugel;Son en Breugel;Noord-Brabant
5700;Helmond;Helmond;Noord-Brabant
5701;Helmond;Helmond;Noord-Brabant
5702;Helmond;Helmond;Noord-Brabant
5703;Helmond;Helmond;Noord-Brabant
5704;Helmond;Helmond;Noord-Brabant
5705;Helmond;Helmond;Noord-Brabant
5706;Helmond;Helmond;Noord-Brabant
5707;Helmond;Helmond;Noord-Brabant
5708;Helmond;Helmond;Noord-Brabant
5709;Helmond;Helmond;Noord-Brabant
5710;Someren;Someren;Noord-Brabant
5711;Someren;Someren;Noord-Brabant
5712;Someren;Someren;Noord-Brabant
5715;Lierop;Someren;Noord-Brabant
5720;Asten;Asten;Noord-Brabant
5721;Asten;Asten;Noord-Brabant
5724;Ommel;Asten;Noord-Brabant
5725;Heusden;Asten;Noord-Brabant
5730;Mierlo;Geldrop-Mierlo;Noord-Brabant
5731;Mierlo;Geldrop-Mierlo;Noord-Brabant
5735;Aarle-Rixtel;Laarbeek;Noord-Brabant
5737;Lieshout;Laarbeek;Noord-Brabant
5738;Mariahout;Laarbeek;Noord-Brabant
5740;Beek en Donk;Laarbeek;Noord-Brabant
5741;Beek en Donk;Laarbeek;Noord-Brabant
5750;Deurne;Deurne;Noord-Brabant
5751;Deurne;Deurne;Noord-Brabant
5752;Deurne;Deurne;Noord-Brabant
5753;Deurne;Deurne;Noord-Brabant
5754;Deurne;Deurne;Noord-Brabant
5756;Vlierden;Deurne;Noord-Brabant
5757;Liessel;Deurne;Noord-Brabant
5758;Neerkant;Deurne;Noord-Brabant
5759;Helenaveen;Deurne;Noord-Brabant
5760;Bakel;Gemert-Bakel;Noord-Brabant
5761;Bakel;Gemert-Bakel;Noord-Brabant
5763;Milheeze;Gemert-Bakel;Noord-Brabant
5764;De Rips;Gemert-Bakel;Noord-Brabant
5766;Griendtsveen;Horst aan de Maas;Limburg
5768;Meijel;Peel en Maas;Limburg
5800;Venray;Venray;Limburg
5801;Venray;Venray;Limburg
5802;Venray;Venray;Limburg
5803;Venray;Venray;Limburg
5804;Venray;Venray;Limburg
5807;Oostrum;Venray;Limburg
5808;Oirlo;Venray;Limburg
5809;Leunen;Venray;Limburg
5811;Castenray;Venray;Limburg
5812;Heide;Venray;Limburg
5813;Ysselsteyn;Venray;Limburg
5814;Veulen;Venray;Limburg
5815;Merselo;Venray;Limburg
5816;Vredepeel;Venray;Limburg
5817;Smakt;Venray;Limburg
5820;Vierlingsbeek;Boxmeer;Noord-Brabant
5821;Vierlingsbeek;Boxmeer;Noord-Brabant
5823;Maashees;Boxmeer;Noord-Brabant
5824;Holthees;Boxmeer;Noord-Brabant
5825;Overloon;Boxmeer;Noord-Brabant
5826;Groeningen;Boxmeer;Noord-Brabant
5827;Vortum-Mullem;Boxmeer;Noord-Brabant
5830;Boxmeer;Boxmeer;Noord-Brabant
5831;Boxmeer;Boxmeer;Noord-Brabant
5835;Beugen;Boxmeer;Noord-Brabant
5836;Sambeek;Boxmeer;Noord-Brabant
5840;Oploo;Sint Anthonis;Noord-Brabant
5841;Oploo;Sint Anthonis;Noord-Brabant
5843;Westerbeek;Sint Anthonis;Noord-Brabant
5844;Stevensbeek;Sint Anthonis;Noord-Brabant
5845;Sint Anthonis;Sint Anthonis;Noord-Brabant
5846;Ledeacker;Sint Anthonis;Noord-Brabant
5851;Afferden L;Bergen (L.);Limburg
5853;Siebengewald;Bergen (L.);Limburg
5854;Bergen L;Bergen (L.);Limburg
5855;Well L;Bergen (L.);Limburg
5856;Wellerlooi;Bergen (L.);Limburg
5860;Wanssum;Venray;Limburg
5861;Wanssum;Venray;Limburg
5862;Geijsteren;Venray;Limburg
5863;Blitterswijck;Venray;Limburg
5864;Meerlo;Horst aan de Maas;Limburg
5865;Tienray;Horst aan de Maas;Limburg
5866;Swolgen;Horst aan de Maas;Limburg
5871;Broekhuizenvorst;Horst aan de Maas;Limburg
5872;Broekhuizen;Horst aan de Maas;Limburg
5900;Venlo;Venlo;Limburg
5901;Venlo;Venlo;Limburg
5902;Venlo;Venlo;Limburg
5911;Venlo;Venlo;Limburg
5912;Venlo;Venlo;Limburg
5913;Venlo;Venlo;Limburg
5914;Venlo;Venlo;Limburg
5915;Venlo;Venlo;Limburg
5916;Venlo;Venlo;Limburg
5921;Venlo;Venlo;Limburg
5922;Venlo;Venlo;Limburg
5923;Venlo;Venlo;Limburg
5924;Venlo;Venlo;Limburg
5925;Venlo;Venlo;Limburg
5926;Venlo;Venlo;Limburg
5927;Venlo;Venlo;Limburg
5928;Venlo;Venlo;Limburg
5930;Tegelen;Venlo;Limburg
5931;Tegelen;Venlo;Limburg
5932;Tegelen;Venlo;Limburg
5935;Steyl;Venlo;Limburg
5940;Velden;Venlo;Limburg
5941;Velden;Venlo;Limburg
5943;Lomm;Venlo;Limburg
5944;Arcen;Venlo;Limburg
5950;Belfeld;Venlo;Limburg
5951;Belfeld;Venlo;Limburg
5953;Reuver;Beesel;Limburg
5954;Beesel;Beesel;Limburg
5960;Horst;Horst aan de Maas;Limburg
5961;Horst;Horst aan de Maas;Limburg
5962;Melderslo;Horst aan de Maas;Limburg
5963;Hegelsom;Horst aan de Maas;Limburg
5964;Meterik;Horst aan de Maas;Limburg
5966;America;Horst aan de Maas;Limburg
5970;Grubbenvorst;Horst aan de Maas;Limburg
5971;Grubbenvorst;Horst aan de Maas;Limburg
5973;Lottum;Horst aan de Maas;Limburg
5975;Sevenum;Horst aan de Maas;Limburg
5976;Kronenberg;Horst aan de Maas;Limburg
5977;Evertsoord;Horst aan de Maas;Limburg
5980;Panningen;Peel en Maas;Limburg
5981;Panningen;Peel en Maas;Limburg
5984;Koningslust;Peel en Maas;Limburg
5985;Grashoek;Peel en Maas;Limburg
5986;Beringe;Peel en Maas;Limburg
5987;Egchel;Peel en Maas;Limburg
5988;Helden;Peel en Maas;Limburg
5990;Baarlo;Peel en Maas;Limburg
5991;Baarlo;Peel en Maas;Limburg
5993;Maasbree;Peel en Maas;Limburg
5995;Kessel;Peel en Maas;Limburg
6000;Weert;Weert;Limburg
6001;Weert;Weert;Limburg
6002;Weert;Weert;Limburg
6003;Weert;Weert;Limburg
6004;Weert;Weert;Limburg
6005;Weert;Weert;Limburg
6006;Weert;Weert;Limburg
6011;Ell;Leudal;Limburg
6012;Haler;Leudal;Limburg
6013;Hunsel;Leudal;Limburg
6014;Ittervoort;Leudal;Limburg
6015;Neeritter;Leudal;Limburg
6017;Thorn;Maasgouw;Limburg
6019;Wessem;Maasgouw;Limburg
6020;Budel;Cranendonck;Noord-Brabant
6021;Budel;Cranendonck;Noord-Brabant
6023;Budel-Schoot;Cranendonck;Noord-Brabant
6024;Budel-Dorplein;Cranendonck;Noord-Brabant
6026;Maarheeze;Cranendonck;Noord-Brabant
6027;Soerendonk;Cranendonck;Noord-Brabant
6028;Gastel;Cranendonck;Noord-Brabant
6029;Sterksel;Heeze-Leende;Noord-Brabant
6030;Nederweert;Nederweert;Limburg
6031;Nederweert;Nederweert;Limburg
6034;Nederweert-Eind;Nederweert;Limburg
6035;Ospel;Nederweert;Limburg
6037;Kelpen-Oler;Leudal;Limburg
6039;Stramproy;Weert;Limburg
6040;Roermond;Roermond;Limburg
6041;Roermond;Roermond;Limburg
6042;Roermond;Roermond;Limburg
6043;Roermond;Roermond;Limburg
6044;Roermond;Roermond;Limburg
6045;Roermond;Roermond;Limburg
6049;Roermond;Roermond;Limburg
6050;Maasbracht;Maasgouw;Limburg
6051;Maasbracht;Maasgouw;Limburg
6060;Posterholt;Roerdalen;Limburg
6061;Posterholt;Roerdalen;Limburg
6063;Vlodrop;Roerdalen;Limburg
6065;Montfort;Roerdalen;Limburg
6067;Linne;Maasgouw;Limburg
6070;Swalmen;Roermond;Limburg
6071;Swalmen;Roermond;Limburg
6074;Melick;Roerdalen;Limburg
6075;Herkenbosch;Roerdalen;Limburg
6077;Sint Odiliënberg;Roerdalen;Limburg
6080;Haelen;Leudal;Limburg
6081;Haelen;Leudal;Limburg
6082;Buggenum;Leudal;Limburg
6083;Nunhem;Leudal;Limburg
6085;Horn;Leudal;Limburg
6086;Neer;Leudal;Limburg
6088;Roggel;Leudal;Limburg
6089;Heibloem;Leudal;Limburg
6091;Leveroy;Nederweert;Limburg
6092;Leveroy;Nederweert;Limburg
6093;Heythuysen;Leudal;Limburg
6095;Baexem;Leudal;Limburg
6096;Grathem;Leudal;Limburg
6097;Heel;Maasgouw;Limburg
6099;Beegden;Maasgouw;Limburg
6100;Echt;Echt-Susteren;Limburg
6101;Echt;Echt-Susteren;Limburg
6102;Echt;Echt-Susteren;Limburg
6104;Koningsbosch;Echt-Susteren;Limburg
6105;Maria Hoop;Echt-Susteren;Limburg
6107;Stevensweert;Maasgouw;Limburg
6109;Ohé en Laak;Maasgouw;Limburg
6111;Sint Joost;Echt-Susteren;Limburg
6112;Sint Joost;Echt-Susteren;Limburg
6114;Susteren;Echt-Susteren;Limburg
6116;Roosteren;Echt-Susteren;Limburg
6118;Nieuwstadt;Echt-Susteren;Limburg
6120;Born;Sittard-Geleen;Limburg
6121;Born;Sittard-Geleen;Limburg
6122;Buchten;Sittard-Geleen;Limburg
6123;Holtum;Sittard-Geleen;Limburg
6124;Papenhoven;Sittard-Geleen;Limburg
6125;Obbicht;Sittard-Geleen;Limburg
6127;Grevenbicht;Sittard-Geleen;Limburg
6129;Urmond;Stein;Limburg
6130;Sittard;Sittard-Geleen;Limburg
6131;Sittard;Sittard-Geleen;Limburg
6132;Sittard;Sittard-Geleen;Limburg
6133;Sittard;Sittard-Geleen;Limburg
6134;Sittard;Sittard-Geleen;Limburg
6135;Sittard;Sittard-Geleen;Limburg
6136;Sittard;Sittard-Geleen;Limburg
6137;Sittard;Sittard-Geleen;Limburg
6141;Limbricht;Sittard-Geleen;Limburg
6142;Einighausen;Sittard-Geleen;Limburg
6143;Guttecoven;Sittard-Geleen;Limburg
6151;Munstergeleen;Sittard-Geleen;Limburg
6153;Windraak;Sittard-Geleen;Limburg
6155;Puth;Beekdaelen;Limburg
6160;Geleen;Sittard-Geleen;Limburg
6161;Geleen;Sittard-Geleen;Limburg
6162;Geleen;Sittard-Geleen;Limburg
6163;Geleen;Sittard-Geleen;Limburg
6164;Geleen;Sittard-Geleen;Limburg
6165;Geleen;Sittard-Geleen;Limburg
6166;Geleen;Sittard-Geleen;Limburg
6167;Geleen;Sittard-Geleen;Limburg
6170;Stein;Stein;Limburg
6171;Stein;Stein;Limburg
6174;Sweikhuizen;Beekdaelen;Limburg
6176;Spaubeek;Beek;Limburg
6180;Elsloo;Stein;Limburg
6181;Elsloo;Stein;Limburg
6190;Beek;Beek;Limburg
6191;Beek;Beek;Limburg
6199;Maastricht-Airport;Beek;Limburg
6200;Maastricht;Maastricht;Limburg
6201;Maastricht;Maastricht;Limburg
6202;Maastricht;Maastricht;Limburg
6203;Maastricht;Maastricht;Limburg
6211;Maastricht;Maastricht;Limburg
6212;Maastricht;Maastricht;Limburg
6213;Maastricht;Maastricht;Limburg
6214;Maastricht;Maastricht;Limburg
6215;Maastricht;Maastricht;Limburg
6216;Maastricht;Maastricht;Limburg
6217;Maastricht;Maastricht;Limburg
6218;Maastricht;Maastricht;Limburg
6219;Maastricht;Maastricht;Limburg
6221;Maastricht;Maastricht;Limburg
6222;Maastricht;Maastricht;Limburg
6223;Maastricht;Maastricht;Limburg
6224;Maastricht;Maastricht;Limburg
6225;Maastricht;Maastricht;Limburg
6226;Maastricht;Maastricht;Limburg
6227;Maastricht;Maastricht;Limburg
6228;Maastricht;Maastricht;Limburg
6229;Maastricht;Maastricht;Limburg
6230;Meerssen;Meerssen;Limburg
6231;Meerssen;Meerssen;Limburg
6235;Ulestraten;Meerssen;Limburg
6237;Moorveld;Meerssen;Limburg
6240;Bunde;Meerssen;Limburg
6241;Bunde;Meerssen;Limburg
6243;Geulle;Meerssen;Limburg
6245;Eijsden;Eijsden-Margraten;Limburg
6247;Gronsveld;Eijsden-Margraten;Limburg
6251;Eckelrade;Eijsden-Margraten;Limburg
6252;Eckelrade;Eijsden-Margraten;Limburg
6255;Noorbeek;Eijsden-Margraten;Limburg
6261;Mheer;Eijsden-Margraten;Limburg
6262;Banholt;Eijsden-Margraten;Limburg
6265;Sint Geertruid;Eijsden-Margraten;Limburg
6267;Cadier en Keer;Eijsden-Margraten;Limburg
6268;Bemelen;Eijsden-Margraten;Limburg
6269;Margraten;Eijsden-Margraten;Limburg
6270;Gulpen;Gulpen-Wittem;Limburg
6271;Gulpen;Gulpen-Wittem;Limburg
6273;Ingber;Gulpen-Wittem;Limburg
6274;Reijmerstok;Gulpen-Wittem;Limburg
6276;Heijenrath;Gulpen-Wittem;Limburg
6277;Slenaken;Gulpen-Wittem;Limburg
6278;Beutenaken;Gulpen-Wittem;Limburg
6281;Mechelen;Gulpen-Wittem;Limburg
6285;Epen;Gulpen-Wittem;Limburg
6286;Wittem;Gulpen-Wittem;Limburg
6287;Eys;Gulpen-Wittem;Limburg
6289;Elkenrade;Gulpen-Wittem;Limburg
6290;Vaals;Vaals;Limburg
6291;Vaals;Vaals;Limburg
6294;Vijlen;Vaals;Limburg
6295;Lemiers;Vaals;Limburg
6300;Valkenburg;Katwijk;Zuid-Holland
6301;Valkenburg;Valkenburg aan de Geul;Limburg
6305;Schin op Geul;Valkenburg aan de Geul;Limburg
6307;Scheulder;Eijsden-Margraten;Limburg
6311;Ransdaal;Voerendaal;Limburg
6312;Ransdaal;Voerendaal;Limburg
6320;Wijlre;Gulpen-Wittem;Limburg
6321;Wijlre;Gulpen-Wittem;Limburg
6325;Berg en Terblijt;Valkenburg aan de Geul;Limburg
6333;Schimmert;Beekdaelen;Limburg
6336;Hulsberg;Beekdaelen;Limburg
6341;Walem;Valkenburg aan de Geul;Limburg
6342;Walem;Valkenburg aan de Geul;Limburg
6343;Klimmen;Voerendaal;Limburg
6350;Bocholtz;Simpelveld;Limburg
6351;Bocholtz;Simpelveld;Limburg
6353;Baneheide;Simpelveld;Limburg
6360;Nuth;Beekdaelen;Limburg
6361;Nuth;Beekdaelen;Limburg
6363;Wijnandsrade;Beekdaelen;Limburg
6365;Schinnen;Beekdaelen;Limburg
6367;Voerendaal;Voerendaal;Limburg
6369;Simpelveld;Simpelveld;Limburg
6370;Landgraaf;Landgraaf;Limburg
6371;Landgraaf;Landgraaf;Limburg
6372;Landgraaf;Landgraaf;Limburg
6373;Landgraaf;Landgraaf;Limburg
6374;Landgraaf;Landgraaf;Limburg
6400;Heerlen;Heerlen;Limburg
6401;Heerlen;Heerlen;Limburg
6411;Heerlen;Heerlen;Limburg
6412;Heerlen;Heerlen;Limburg
6413;Heerlen;Heerlen;Limburg
6414;Heerlen;Heerlen;Limburg
6415;Heerlen;Heerlen;Limburg
6416;Heerlen;Heerlen;Limburg
6417;Heerlen;Heerlen;Limburg
6418;Heerlen;Heerlen;Limburg
6419;Heerlen;Heerlen;Limburg
6422;Heerlen;Heerlen;Limburg
6430;Hoensbroek;Heerlen;Limburg
6431;Hoensbroek;Heerlen;Limburg
6432;Hoensbroek;Heerlen;Limburg
6433;Hoensbroek;Heerlen;Limburg
6436;Amstenrade;Beekdaelen;Limburg
6438;Oirsbeek;Beekdaelen;Limburg
6439;Doenrade;Beekdaelen;Limburg
6440;Brunssum;Brunssum;Limburg
6441;Brunssum;Brunssum;Limburg
6442;Brunssum;Brunssum;Limburg
6443;Brunssum;Brunssum;Limburg
6444;Brunssum;Brunssum;Limburg
6445;Brunssum;Brunssum;Limburg
6446;Brunssum;Brunssum;Limburg
6447;Merkelbeek;Beekdaelen;Limburg
6450;Schinveld;Beekdaelen;Limburg
6451;Schinveld;Beekdaelen;Limburg
6454;Jabeek;Beekdaelen;Limburg
6456;Bingelrade;Beekdaelen;Limburg
6460;Kerkrade;Kerkrade;Limburg
6461;Kerkrade;Kerkrade;Limburg
6462;Kerkrade;Kerkrade;Limburg
6463;Kerkrade;Kerkrade;Limburg
6464;Kerkrade;Kerkrade;Limburg
6465;Kerkrade;Kerkrade;Limburg
6466;Kerkrade;Kerkrade;Limburg
6467;Kerkrade;Kerkrade;Limburg
6468;Kerkrade;Kerkrade;Limburg
6469;Eygelshoven;Kerkrade;Limburg
6470;Eygelshoven;Kerkrade;Limburg
6471;Eygelshoven;Kerkrade;Limburg
6500;Nijmegen;Nijmegen;Gelderland
6501;Nijmegen;Nijmegen;Gelderland
6503;Nijmegen;Nijmegen;Gelderland
6504;Nijmegen;Nijmegen;Gelderland
6511;Nijmegen;Nijmegen;Gelderland
6512;Nijmegen;Nijmegen;Gelderland
6515;Nijmegen;Nijmegen;Gelderland
6521;Nijmegen;Nijmegen;Gelderland
6522;Nijmegen;Nijmegen;Gelderland
6523;Nijmegen;Nijmegen;Gelderland
6524;Nijmegen;Nijmegen;Gelderland
6525;Nijmegen;Nijmegen;Gelderland
6531;Nijmegen;Nijmegen;Gelderland
6532;Nijmegen;Nijmegen;Gelderland
6533;Nijmegen;Nijmegen;Gelderland
6534;Nijmegen;Nijmegen;Gelderland
6535;Nijmegen;Nijmegen;Gelderland
6536;Nijmegen;Nijmegen;Gelderland
6537;Nijmegen;Nijmegen;Gelderland
6538;Nijmegen;Nijmegen;Gelderland
6541;Nijmegen;Nijmegen;Gelderland
6542;Nijmegen;Nijmegen;Gelderland
6543;Nijmegen;Nijmegen;Gelderland
6544;Nijmegen;Nijmegen;Gelderland
6545;Nijmegen;Nijmegen;Gelderland
6546;Nijmegen;Nijmegen;Gelderland
6550;Weurt;Beuningen;Gelderland
6551;Weurt;Beuningen;Gelderland
6560;Groesbeek;Berg en Dal;Gelderland
6561;Groesbeek;Berg en Dal;Gelderland
6562;Groesbeek;Berg en Dal;Gelderland
6564;Nijmegen;Nijmegen;Gelderland
6566;Millingen aan de Rijn;Berg en Dal;Gelderland
6570;Berg en Dal;Berg en Dal;Gelderland
6571;Berg en Dal;Berg en Dal;Gelderland
6572;Berg en Dal;Berg en Dal;Gelderland
6573;Beek;Berg en Dal;Gelderland
6574;Ubbergen;Berg en Dal;Gelderland
6575;Persingen;Berg en Dal;Gelderland
6576;Ooij;Berg en Dal;Gelderland
6577;Erlecom;Berg en Dal;Gelderland
6578;Leuth;Berg en Dal;Gelderland
6579;Kekerdom;Berg en Dal;Gelderland
6580;Malden;Heumen;Gelderland
6581;Malden;Heumen;Gelderland
6582;Heumen;Heumen;Gelderland
6584;Molenhoek;Mook en Middelaar;Limburg
6585;Mook;Mook en Middelaar;Limburg
6586;Plasmolen;Mook en Middelaar;Limburg
6587;Middelaar;Mook en Middelaar;Limburg
6590;Gennep;Gennep;Limburg
6591;Gennep;Gennep;Limburg
6595;Ottersum;Gennep;Limburg
6596;Milsbeek;Gennep;Limburg
6598;Heijen;Gennep;Limburg
6599;Ven-Zelderheide;Gennep;Limburg
6600;Wijchen;Wijchen;Gelderland
6601;Wijchen;Wijchen;Gelderland
6602;Wijchen;Wijchen;Gelderland
6603;Wijchen;Wijchen;Gelderland
6604;Wijchen;Wijchen;Gelderland
6605;Wijchen;Wijchen;Gelderland
6606;Niftrik;Wijchen;Gelderland
6610;Overasselt;Heumen;Gelderland
6611;Overasselt;Heumen;Gelderland
6612;Nederasselt;Heumen;Gelderland
6613;Balgoij;Wijchen;Gelderland
6615;Leur;Wijchen;Gelderland
6616;Hernen;Wijchen;Gelderland
6617;Bergharen;Wijchen;Gelderland
6620;Dreumel;West Maas en Waal;Gelderland
6621;Dreumel;West Maas en Waal;Gelderland
6624;Heerewaarden;Maasdriel;Gelderland
6626;Alphen;West Maas en Waal;Gelderland
6627;Maasbommel;West Maas en Waal;Gelderland
6628;Altforst;West Maas en Waal;Gelderland
6629;Appeltern;West Maas en Waal;Gelderland
6631;Horssen;Druten;Gelderland
6634;Batenburg;Wijchen;Gelderland
6640;Beuningen;Losser;Overijssel
6641;Beuningen Gld;Beuningen;Gelderland
6642;Beuningen Gld;Beuningen;Gelderland
6644;Ewijk;Beuningen;Gelderland
6645;Winssen;Beuningen;Gelderland
6650;Druten;Druten;Gelderland
6651;Druten;Druten;Gelderland
6652;Druten;Druten;Gelderland
6653;Deest;Druten;Gelderland
6654;Afferden;Druten;Gelderland
6655;Puiflijk;Druten;Gelderland
6657;Boven-Leeuwen;West Maas en Waal;Gelderland
6658;Beneden-Leeuwen;West Maas en Waal;Gelderland
6659;Wamel;West Maas en Waal;Gelderland
6660;Elst;Overbetuwe;Gelderland
6661;Elst;Overbetuwe;Gelderland
6662;Elst;Overbetuwe;Gelderland
6663;Lent;Nijmegen;Gelderland
6665;Driel;Overbetuwe;Gelderland
6666;Heteren;Overbetuwe;Gelderland
6668;Randwijk;Overbetuwe;Gelderland
6669;Dodewaard;Neder-Betuwe;Gelderland
6670;Zetten;Overbetuwe;Gelderland
6671;Zetten;Overbetuwe;Gelderland
6672;Hemmen;Overbetuwe;Gelderland
6673;Andelst;Overbetuwe;Gelderland
6674;Herveld;Overbetuwe;Gelderland
6675;Valburg;Overbetuwe;Gelderland
6676;Homoet;Overbetuwe;Gelderland
6677;Slijk-Ewijk;Overbetuwe;Gelderland
6678;Oosterhout;Overbetuwe;Gelderland
6680;Bemmel;Lingewaard;Gelderland
6681;Bemmel;Lingewaard;Gelderland
6684;Ressen;Lingewaard;Gelderland
6685;Haalderen;Lingewaard;Gelderland
6686;Doornenburg;Lingewaard;Gelderland
6687;Angeren;Lingewaard;Gelderland
6690;Gendt;Lingewaard;Gelderland
6691;Gendt;Lingewaard;Gelderland
6700;Wageningen;Wageningen;Gelderland
6701;Wageningen;Wageningen;Gelderland
6702;Wageningen;Wageningen;Gelderland
6703;Wageningen;Wageningen;Gelderland
6704;Wageningen;Wageningen;Gelderland
6705;Wageningen;Wageningen;Gelderland
6706;Wageningen;Wageningen;Gelderland
6707;Wageningen;Wageningen;Gelderland
6708;Wageningen;Wageningen;Gelderland
6709;Wageningen;Wageningen;Gelderland
6710;Ede;Ede;Gelderland
6711;Ede;Ede;Gelderland
6712;Ede;Ede;Gelderland
6713;Ede;Ede;Gelderland
6714;Ede;Ede;Gelderland
6715;Ede;Ede;Gelderland
6716;Ede;Ede;Gelderland
6717;Ede;Ede;Gelderland
6718;Ede;Ede;Gelderland
6720;Bennekom;Ede;Gelderland
6721;Bennekom;Ede;Gelderland
6730;Otterlo;Ede;Gelderland
6731;Otterlo;Ede;Gelderland
6732;Harskamp;Ede;Gelderland
6733;Wekerom;Ede;Gelderland
6740;Lunteren;Ede;Gelderland
6741;Lunteren;Ede;Gelderland
6744;Ederveen;Ede;Gelderland
6745;De Klomp;Ede;Gelderland
6800;Arnhem;Arnhem;Gelderland
6801;Arnhem;Arnhem;Gelderland
6802;Arnhem;Arnhem;Gelderland
6803;Arnhem;Arnhem;Gelderland
6811;Arnhem;Arnhem;Gelderland
6812;Arnhem;Arnhem;Gelderland
6813;Arnhem;Arnhem;Gelderland
6814;Arnhem;Arnhem;Gelderland
6815;Arnhem;Arnhem;Gelderland
6816;Arnhem;Arnhem;Gelderland
6821;Arnhem;Arnhem;Gelderland
6822;Arnhem;Arnhem;Gelderland
6823;Arnhem;Arnhem;Gelderland
6824;Arnhem;Arnhem;Gelderland
6825;Arnhem;Arnhem;Gelderland
6826;Arnhem;Arnhem;Gelderland
6827;Arnhem;Arnhem;Gelderland
6828;Arnhem;Arnhem;Gelderland
6831;Arnhem;Arnhem;Gelderland
6832;Arnhem;Arnhem;Gelderland
6833;Arnhem;Arnhem;Gelderland
6834;Arnhem;Arnhem;Gelderland
6835;Arnhem;Arnhem;Gelderland
6836;Arnhem;Arnhem;Gelderland
6841;Arnhem;Arnhem;Gelderland
6842;Arnhem;Arnhem;Gelderland
6843;Arnhem;Arnhem;Gelderland
6844;Arnhem;Arnhem;Gelderland
6845;Arnhem;Arnhem;Gelderland
6846;Arnhem;Arnhem;Gelderland
6850;Huissen;Lingewaard;Gelderland
6851;Huissen;Lingewaard;Gelderland
6852;Huissen;Lingewaard;Gelderland
6860;Oosterbeek;Renkum;Gelderland
6861;Oosterbeek;Renkum;Gelderland
6862;Oosterbeek;Renkum;Gelderland
6865;Doorwerth;Renkum;Gelderland
6866;Heelsum;Renkum;Gelderland
6869;Heveadorp;Renkum;Gelderland
6870;Renkum;Renkum;Gelderland
6871;Renkum;Renkum;Gelderland
6874;Wolfheze;Renkum;Gelderland
6877;Deelen;Ede;Gelderland
6880;Velp;Rheden;Gelderland
6881;Velp;Rheden;Gelderland
6882;Velp;Rheden;Gelderland
6883;Velp;Rheden;Gelderland
6891;Rozendaal;Rozendaal;Gelderland
6900;Zevenaar;Zevenaar;Gelderland
6901;Zevenaar;Zevenaar;Gelderland
6902;Zevenaar;Zevenaar;Gelderland
6903;Zevenaar;Zevenaar;Gelderland
6904;Zevenaar;Zevenaar;Gelderland
6905;Zevenaar;Zevenaar;Gelderland
6909;Babberich;Zevenaar;Gelderland
6911;Pannerden;Zevenaar;Gelderland
6913;Aerdt;Zevenaar;Gelderland
6914;Herwen;Zevenaar;Gelderland
6915;Lobith;Zevenaar;Gelderland
6916;Tolkamer;Zevenaar;Gelderland
6917;Spijk;Zevenaar;Gelderland
6920;Duiven;Duiven;Gelderland
6921;Duiven;Duiven;Gelderland
6922;Duiven;Duiven;Gelderland
6923;Groessen;Duiven;Gelderland
6924;Loo Gld;Duiven;Gelderland
6930;Westervoort;Westervoort;Gelderland
6931;Westervoort;Westervoort;Gelderland
6932;Westervoort;Westervoort;Gelderland
6940;Didam;Montferland;Gelderland
6941;Didam;Montferland;Gelderland
6942;Didam;Montferland;Gelderland
6950;Dieren;Rheden;Gelderland
6951;Dieren;Rheden;Gelderland
6952;Dieren;Rheden;Gelderland
6953;Dieren;Rheden;Gelderland
6955;Ellecom;Rheden;Gelderland
6956;Spankeren;Rheden;Gelderland
6957;Laag-Soeren;Rheden;Gelderland
6960;Eerbeek;Brummen;Gelderland
6961;Eerbeek;Brummen;Gelderland
6964;Hall;Brummen;Gelderland
6970;Brummen;Brummen;Gelderland
6971;Brummen;Brummen;Gelderland
6974;Leuvenheim;Brummen;Gelderland
6975;Tonden;Brummen;Gelderland
6980;Doesburg;Doesburg;Gelderland
6981;Doesburg;Doesburg;Gelderland
6982;Doesburg;Doesburg;Gelderland
6983;Doesburg;Doesburg;Gelderland
6984;Doesburg;Doesburg;Gelderland
6986;Angerlo;Zevenaar;Gelderland
6987;Giesbeek;Zevenaar;Gelderland
6988;Lathum;Zevenaar;Gelderland
6990;Rheden;Rheden;Gelderland
6991;Rheden;Rheden;Gelderland
6994;De Steeg;Rheden;Gelderland
6996;Drempt;Bronckhorst;Gelderland
6997;Hoog-Keppel;Bronckhorst;Gelderland
6998;Laag-Keppel;Bronckhorst;Gelderland
6999;Hummelo;Bronckhorst;Gelderland
7000;Doetinchem;Doetinchem;Gelderland
7001;Doetinchem;Doetinchem;Gelderland
7002;Doetinchem;Doetinchem;Gelderland
7003;Doetinchem;Doetinchem;Gelderland
7004;Doetinchem;Doetinchem;Gelderland
7005;Doetinchem;Doetinchem;Gelderland
7006;Doetinchem;Doetinchem;Gelderland
7007;Doetinchem;Doetinchem;Gelderland
7008;Doetinchem;Doetinchem;Gelderland
7009;Doetinchem;Doetinchem;Gelderland
7010;Gaanderen;Doetinchem;Gelderland
7011;Gaanderen;Doetinchem;Gelderland
7020;Zelhem;Bronckhorst;Gelderland
7021;Zelhem;Bronckhorst;Gelderland
7025;Halle;Bronckhorst;Gelderland
7030;Wehl;Doetinchem;Gelderland
7031;Wehl;Doetinchem;Gelderland
7035;Kilder;Montferland;Gelderland
7036;Loerbeek;Montferland;Gelderland
7037;Beek;Montferland;Gelderland
7038;Zeddam;Montferland;Gelderland
7039;Stokkum;Montferland;Gelderland
7040;‘s-Heerenberg;Montferland;Gelderland
7041;‘s-Heerenberg;Montferland;Gelderland
7044;Lengel;Montferland;Gelderland
7045;Azewijn;Montferland;Gelderland
7046;Vethuizen;Montferland;Gelderland
7047;Braamt;Montferland;Gelderland
7048;Wijnbergen;Montferland;Gelderland
7050;Varsseveld;Oude IJsselstreek;Gelderland
7051;Varsseveld;Oude IJsselstreek;Gelderland
7054;Westendorp;Oude IJsselstreek;Gelderland
7055;Heelweg;Oude IJsselstreek;Gelderland
7060;Terborg;Oude IJsselstreek;Gelderland
7061;Terborg;Oude IJsselstreek;Gelderland
7064;Silvolde;Oude IJsselstreek;Gelderland
7065;Sinderen;Oude IJsselstreek;Gelderland
7070;Ulft;Oude IJsselstreek;Gelderland
7071;Ulft;Oude IJsselstreek;Gelderland
7075;Etten;Oude IJsselstreek;Gelderland
7076;Varsselder;Oude IJsselstreek;Gelderland
7077;Netterden;Oude IJsselstreek;Gelderland
7078;Megchelen;Oude IJsselstreek;Gelderland
7080;Gendringen;Oude IJsselstreek;Gelderland
7081;Gendringen;Oude IJsselstreek;Gelderland
7083;Voorst;Oude IJsselstreek;Gelderland
7084;Breedenbroek;Oude IJsselstreek;Gelderland
7090;Dinxperlo;Aalten;Gelderland
7091;Dinxperlo;Aalten;Gelderland
7095;De Heurne;Aalten;Gelderland
7100;Winterswijk;Winterswijk;Gelderland
7101;Winterswijk;Winterswijk;Gelderland
7102;Winterswijk;Winterswijk;Gelderland
7103;Winterswijk;Winterswijk;Gelderland
7104;Winterswijk Meddo;Winterswijk;Gelderland
7105;Winterswijk Huppel;Winterswijk;Gelderland
7106;Winterswijk Ratum;Winterswijk;Gelderland
7107;Winterswijk Kotten;Winterswijk;Gelderland
7108;Winterswijk Woold;Winterswijk;Gelderland
7109;Winterswijk Miste;Winterswijk;Gelderland
7113;Winterswijk Henxel;Winterswijk;Gelderland
7115;Winterswijk Brinkheurne;Winterswijk;Gelderland
7119;Winterswijk Corle;Winterswijk;Gelderland
7120;Aalten;Aalten;Gelderland
7121;Aalten;Aalten;Gelderland
7122;Aalten;Aalten;Gelderland
7123;Aalten;Aalten;Gelderland
7126;Bredevoort;Aalten;Gelderland
7130;Lichtenvoorde;Oost Gelre;Gelderland
7131;Lichtenvoorde;Oost Gelre;Gelderland
7132;Lichtenvoorde;Oost Gelre;Gelderland
7134;Vragender;Oost Gelre;Gelderland
7135;Harreveld;Oost Gelre;Gelderland
7136;Zieuwent;Oost Gelre;Gelderland
7137;Lievelde;Oost Gelre;Gelderland
7140;Groenlo;Oost Gelre;Gelderland
7141;Groenlo;Oost Gelre;Gelderland
7142;Groenlo;Oost Gelre;Gelderland
7150;Eibergen;Berkelland;Gelderland
7151;Eibergen;Berkelland;Gelderland
7152;Eibergen;Berkelland;Gelderland
7156;Beltrum;Berkelland;Gelderland
7157;Rekken;Berkelland;Gelderland
7160;Neede;Berkelland;Gelderland
7161;Neede;Berkelland;Gelderland
7165;Rietmolen;Berkelland;Gelderland
7200;Zutphen;Zutphen;Gelderland
7201;Zutphen;Zutphen;Gelderland
7202;Zutphen;Zutphen;Gelderland
7203;Zutphen;Zutphen;Gelderland
7204;Zutphen;Zutphen;Gelderland
7205;Zutphen;Zutphen;Gelderland
7206;Zutphen;Zutphen;Gelderland
7207;Zutphen;Zutphen;Gelderland
7210;Eefde;Lochem;Gelderland
7211;Eefde;Lochem;Gelderland
7213;Gorssel;Lochem;Gelderland
7214;Epse;Lochem;Gelderland
7215;Joppe;Lochem;Gelderland
7216;Kring van Dorth;Lochem;Gelderland
7217;Harfsen;Lochem;Gelderland
7218;Almen;Lochem;Gelderland
7220;Steenderen;Bronckhorst;Gelderland
7221;Steenderen;Bronckhorst;Gelderland
7223;Baak;Bronckhorst;Gelderland
7224;Rha;Bronckhorst;Gelderland
7225;Olburgen;Bronckhorst;Gelderland
7226;Bronkhorst;Bronckhorst;Gelderland
7227;Toldijk;Bronckhorst;Gelderland
7230;Warnsveld;Zutphen;Gelderland
7231;Warnsveld;Zutphen;Gelderland
7232;Warnsveld;Zutphen;Gelderland
7233;Vierakker;Bronckhorst;Gelderland
7234;Wichmond;Bronckhorst;Gelderland
7240;Lochem;Lochem;Gelderland
7241;Lochem;Lochem;Gelderland
7242;Lochem;Lochem;Gelderland
7244;Barchem;Lochem;Gelderland
7245;Laren;Lochem;Gelderland
7250;Vorden;Bronckhorst;Gelderland
7251;Vorden;Bronckhorst;Gelderland
7255;Hengelo (Gld);Bronckhorst;Gelderland
7256;Keijenborg;Bronckhorst;Gelderland
7260;Ruurlo;Berkelland;Gelderland
7261;Ruurlo;Berkelland;Gelderland
7263;Mariënvelde;Oost Gelre;Gelderland
7270;Borculo;Berkelland;Gelderland
7271;Borculo;Berkelland;Gelderland
7273;Haarlo;Berkelland;Gelderland
7274;Geesteren;Berkelland;Gelderland
7275;Gelselaar;Berkelland;Gelderland
7300;Apeldoorn;Apeldoorn;Gelderland
7301;Apeldoorn;Apeldoorn;Gelderland
7302;Apeldoorn;Apeldoorn;Gelderland
7303;Apeldoorn;Apeldoorn;Gelderland
7311;Apeldoorn;Apeldoorn;Gelderland
7312;Apeldoorn;Apeldoorn;Gelderland
7313;Apeldoorn;Apeldoorn;Gelderland
7314;Apeldoorn;Apeldoorn;Gelderland
7315;Apeldoorn;Apeldoorn;Gelderland
7316;Apeldoorn;Apeldoorn;Gelderland
7317;Beemte Broekland;Apeldoorn;Gelderland
7320;Apeldoorn;Apeldoorn;Gelderland
7321;Apeldoorn;Apeldoorn;Gelderland
7322;Apeldoorn;Apeldoorn;Gelderland
7323;Apeldoorn;Apeldoorn;Gelderland
7324;Apeldoorn;Apeldoorn;Gelderland
7325;Apeldoorn;Apeldoorn;Gelderland
7326;Apeldoorn;Apeldoorn;Gelderland
7327;Apeldoorn;Apeldoorn;Gelderland
7328;Apeldoorn;Apeldoorn;Gelderland
7329;Apeldoorn;Apeldoorn;Gelderland
7331;Apeldoorn;Apeldoorn;Gelderland
7332;Apeldoorn;Apeldoorn;Gelderland
7333;Apeldoorn;Apeldoorn;Gelderland
7334;Apeldoorn;Apeldoorn;Gelderland
7335;Apeldoorn;Apeldoorn;Gelderland
7336;Apeldoorn;Apeldoorn;Gelderland
7339;Ugchelen;Apeldoorn;Gelderland
7341;Beemte Broekland;Apeldoorn;Gelderland
7345;Wenum Wiesel;Apeldoorn;Gelderland
7346;Hoog Soeren;Apeldoorn;Gelderland
7348;Radio Kootwijk;Apeldoorn;Gelderland
7350;Hoenderloo;Apeldoorn;Gelderland
7351;Hoenderloo;Apeldoorn;Gelderland
7352;Hoenderloo;Ede;Gelderland
7360;Beekbergen;Apeldoorn;Gelderland
7361;Beekbergen;Apeldoorn;Gelderland
7364;Lieren;Apeldoorn;Gelderland
7370;Loenen;Apeldoorn;Gelderland
7371;Loenen;Apeldoorn;Gelderland
7380;Klarenbeek;Apeldoorn;Gelderland
7381;Klarenbeek;Apeldoorn;Gelderland
7382;Klarenbeek;Voorst;Gelderland
7383;Voorst;Voorst;Gelderland
7384;Wilp;Voorst;Gelderland
7390;Twello;Voorst;Gelderland
7391;Twello;Voorst;Gelderland
7392;Twello;Voorst;Gelderland
7395;Teuge;Voorst;Gelderland
7396;Terwolde;Voorst;Gelderland
7397;Nijbroek;Voorst;Gelderland
7399;Empe;Brummen;Gelderland
7400;Deventer;Deventer;Overijssel
7401;Deventer;Deventer;Overijssel
7411;Deventer;Deventer;Overijssel
7412;Deventer;Deventer;Overijssel
7413;Deventer;Deventer;Overijssel
7414;Deventer;Deventer;Overijssel
7415;Deventer;Deventer;Overijssel
7416;Deventer;Deventer;Overijssel
7417;Deventer;Deventer;Overijssel
7418;Deventer;Deventer;Overijssel
7419;Deventer;Deventer;Overijssel
7420;Deventer;Deventer;Overijssel
7421;Deventer;Deventer;Overijssel
7422;Deventer;Deventer;Overijssel
7423;Deventer;Deventer;Overijssel
7424;Deventer;Deventer;Overijssel
7425;Deventer;Deventer;Overijssel
7426;Deventer;Deventer;Overijssel
7427;Deventer;Deventer;Overijssel
7428;Deventer;Deventer;Overijssel
7429;Colmschate;Deventer;Overijssel
7430;Diepenveen;Deventer;Overijssel
7431;Diepenveen;Deventer;Overijssel
7433;Schalkhaar;Deventer;Overijssel
7434;Lettele;Deventer;Overijssel
7435;Okkenbroek;Deventer;Overijssel
7437;Bathmen;Deventer;Overijssel
7439;Steenenkamer;Voorst;Gelderland
7440;Nijverdal;Hellendoorn;Overijssel
7441;Nijverdal;Hellendoorn;Overijssel
7442;Nijverdal;Hellendoorn;Overijssel
7443;Nijverdal;Hellendoorn;Overijssel
7447;Hellendoorn;Hellendoorn;Overijssel
7448;Haarle;Hellendoorn;Overijssel
7450;Holten;Rijssen-Holten;Overijssel
7451;Holten;Rijssen-Holten;Overijssel
7460;Rijssen;Rijssen-Holten;Overijssel
7461;Rijssen;Rijssen-Holten;Overijssel
7462;Rijssen;Rijssen-Holten;Overijssel
7463;Rijssen;Rijssen-Holten;Overijssel
7466;Zuna;Wierden;Overijssel
7467;Notter;Wierden;Overijssel
7468;Enter;Wierden;Overijssel
7470;Goor;Hof van Twente;Overijssel
7471;Goor;Hof van Twente;Overijssel
7472;Goor;Hof van Twente;Overijssel
7475;Markelo;Hof van Twente;Overijssel
7478;Diepenheim;Hof van Twente;Overijssel
7480;Haaksbergen;Haaksbergen;Overijssel
7481;Haaksbergen;Haaksbergen;Overijssel
7482;Haaksbergen;Haaksbergen;Overijssel
7483;Haaksbergen;Haaksbergen;Overijssel
7490;Delden;Hof van Twente;Overijssel
7491;Delden;Hof van Twente;Overijssel
7495;Ambt Delden;Hof van Twente;Overijssel
7496;Hengevelde;Hof van Twente;Overijssel
7497;Bentelo;Hof van Twente;Overijssel
7500;Enschede;Enschede;Overijssel
7502;Enschede;Enschede;Overijssel
7503;Enschede;Enschede;Overijssel
7504;Enschede;Enschede;Overijssel
7511;Enschede;Enschede;Overijssel
7512;Enschede;Enschede;Overijssel
7513;Enschede;Enschede;Overijssel
7514;Enschede;Enschede;Overijssel
7521;Enschede;Enschede;Overijssel
7522;Enschede;Enschede;Overijssel
7523;Enschede;Enschede;Overijssel
7524;Enschede;Enschede;Overijssel
7525;Enschede;Enschede;Overijssel
7531;Enschede;Enschede;Overijssel
7532;Enschede;Enschede;Overijssel
7533;Enschede;Enschede;Overijssel
7534;Enschede;Enschede;Overijssel
7535;Enschede;Enschede;Overijssel
7536;Enschede;Enschede;Overijssel
7541;Enschede;Enschede;Overijssel
7542;Enschede;Enschede;Overijssel
7543;Enschede;Enschede;Overijssel
7544;Enschede;Enschede;Overijssel
7545;Enschede;Enschede;Overijssel
7546;Enschede;Enschede;Overijssel
7547;Enschede;Enschede;Overijssel
7548;Enschede;Enschede;Overijssel
7550;Hengelo;Hengelo;Overijssel
7551;Hengelo;Hengelo;Overijssel
7552;Hengelo;Hengelo;Overijssel
7553;Hengelo;Hengelo;Overijssel
7554;Hengelo;Hengelo;Overijssel
7555;Hengelo;Hengelo;Overijssel
7556;Hengelo;Hengelo;Overijssel
7557;Hengelo;Hengelo;Overijssel
7558;Hengelo;Hengelo;Overijssel
7559;Hengelo;Hengelo;Overijssel
7561;Deurningen;Dinkelland;Overijssel
7562;Deurningen;Oldenzaal;Overijssel
7570;Oldenzaal;Oldenzaal;Overijssel
7571;Oldenzaal;Oldenzaal;Overijssel
7572;Oldenzaal;Oldenzaal;Overijssel
7573;Oldenzaal;Oldenzaal;Overijssel
7574;Oldenzaal;Oldenzaal;Overijssel
7575;Oldenzaal;Oldenzaal;Overijssel
7576;Oldenzaal;Oldenzaal;Overijssel
7577;Oldenzaal;Oldenzaal;Overijssel
7580;Losser;Losser;Overijssel
7581;Losser;Losser;Overijssel
7582;Losser;Losser;Overijssel
7585;Glane;Losser;Overijssel
7586;Overdinkel;Losser;Overijssel
7587;de Lutte;Losser;Overijssel
7588;Beuningen;Losser;Overijssel
7590;Denekamp;Dinkelland;Overijssel
7591;Denekamp;Dinkelland;Overijssel
7595;Weerselo;Dinkelland;Overijssel
7596;Rossum;Dinkelland;Overijssel
7597;Saasveld;Dinkelland;Overijssel
7600;Almelo;Almelo;Overijssel
7601;Almelo;Almelo;Overijssel
7602;Almelo;Almelo;Overijssel
7603;Almelo;Almelo;Overijssel
7604;Almelo;Almelo;Overijssel
7605;Almelo;Almelo;Overijssel
7606;Almelo;Almelo;Overijssel
7607;Almelo;Almelo;Overijssel
7608;Almelo;Almelo;Overijssel
7609;Almelo;Almelo;Overijssel
7610;Almelo;Almelo;Overijssel
7611;Aadorp;Almelo;Overijssel
7614;Mariaparochie;Tubbergen;Overijssel
7615;Harbrinkhoek;Tubbergen;Overijssel
7620;Borne;Borne;Overijssel
7621;Borne;Borne;Overijssel
7622;Borne;Borne;Overijssel
7623;Borne;Borne;Overijssel
7625;Zenderen;Borne;Overijssel
7626;Hertme;Borne;Overijssel
7627;Bornerbroek;Almelo;Overijssel
7630;Ootmarsum;Dinkelland;Overijssel
7631;Ootmarsum;Dinkelland;Overijssel
7634;Tilligte;Dinkelland;Overijssel
7635;Lattrop-Breklenkamp;Dinkelland;Overijssel
7636;Agelo;Dinkelland;Overijssel
7637;Oud Ootmarsum;Dinkelland;Overijssel
7638;Nutter;Dinkelland;Overijssel
7640;Wierden;Wierden;Overijssel
7641;Wierden;Wierden;Overijssel
7642;Wierden;Wierden;Overijssel
7645;Hoge Hexel;Wierden;Overijssel
7650;Tubbergen;Tubbergen;Overijssel
7651;Tubbergen;Tubbergen;Overijssel
7661;Vasse;Tubbergen;Overijssel
7662;Hezingen;Tubbergen;Overijssel
7663;Mander;Tubbergen;Overijssel
7664;Manderveen;Tubbergen;Overijssel
7665;Albergen;Tubbergen;Overijssel
7666;Fleringen;Tubbergen;Overijssel
7667;Reutum;Tubbergen;Overijssel
7668;Haarle;Tubbergen;Overijssel
7670;Vriezenveen;Twenterand;Overijssel
7671;Vriezenveen;Twenterand;Overijssel
7672;Vriezenveen;Twenterand;Overijssel
7675;Bruinehaar;Twenterand;Overijssel
7676;Westerhaar-Vriezenveensewijk;Twenterand;Overijssel
7678;Geesteren;Tubbergen;Overijssel
7679;Langeveen;Tubbergen;Overijssel
7680;Vroomshoop;Twenterand;Overijssel
7681;Vroomshoop;Twenterand;Overijssel
7683;Den Ham;Twenterand;Overijssel
7685;Beerzerveld;Ommen;Overijssel
7686;Geerdijk;Twenterand;Overijssel
7687;Daarlerveen;Hellendoorn;Overijssel
7688;Daarle;Hellendoorn;Overijssel
7690;Bergentheim;Hardenberg;Overijssel
7691;Bergentheim;Hardenberg;Overijssel
7692;Mariënberg;Hardenberg;Overijssel
7693;Sibculo;Hardenberg;Overijssel
7694;Kloosterhaar;Hardenberg;Overijssel
7695;Bruchterveld;Hardenberg;Overijssel
7696;Brucht;Hardenberg;Overijssel
7700;Dedemsvaart;Hardenberg;Overijssel
7701;Dedemsvaart;Hardenberg;Overijssel
7702;Dedemsvaart;Hardenberg;Overijssel
7705;Drogteropslagen;De Wolden;Drenthe
7707;Balkbrug;Hardenberg;Overijssel
7710;Nieuwleusen;Dalfsen;Overijssel
7711;Nieuwleusen;Dalfsen;Overijssel
7715;Punthorst;Staphorst;Overijssel
7720;Dalfsen;Dalfsen;Overijssel
7721;Dalfsen;Dalfsen;Overijssel
7722;Dalfsen;Dalfsen;Overijssel
7730;Ommen;Ommen;Overijssel
7731;Ommen;Ommen;Overijssel
7732;Ommen;Ommen;Overijssel
7734;Vilsteren;Ommen;Overijssel
7735;Arriën;Ommen;Overijssel
7736;Beerze;Ommen;Overijssel
7737;Stegeren;Ommen;Overijssel
7738;Witharen;Ommen;Overijssel
7739;Vinkenbuurt;Ommen;Overijssel
7740;Coevorden;Coevorden;Drenthe
7741;Coevorden;Coevorden;Drenthe
7742;Coevorden;Coevorden;Drenthe
7750;Dalen;Coevorden;Drenthe
7751;Dalen;Coevorden;Drenthe
7753;Dalerpeel;Coevorden;Drenthe
7754;Wachtum;Coevorden;Drenthe
7755;Dalerveen;Coevorden;Drenthe
7756;Stieltjeskanaal;Coevorden;Drenthe
7760;Schoonebeek;Emmen;Drenthe
7761;Schoonebeek;Emmen;Drenthe
7764;Zandpol;Emmen;Drenthe
7765;Weiteveen;Emmen;Drenthe
7766;Nieuw-Schoonebeek;Emmen;Drenthe
7770;Hardenberg;Hardenberg;Overijssel
7771;Hardenberg;Hardenberg;Overijssel
7772;Hardenberg;Hardenberg;Overijssel
7773;Hardenberg;Hardenberg;Overijssel
7775;Lutten;Hardenberg;Overijssel
7776;Slagharen;Hardenberg;Overijssel
7777;Schuinesloot;Hardenberg;Overijssel
7778;Loozen;Hardenberg;Overijssel
7779;Holthone;Hardenberg;Overijssel
7780;De Krim;Hardenberg;Overijssel
7781;De Krim;Hardenberg;Overijssel
7782;De Krim;Hardenberg;Overijssel
7783;Gramsbergen;Hardenberg;Overijssel
7784;Ane;Hardenberg;Overijssel
7785;Anevelde;Hardenberg;Overijssel
7786;Den Velde;Hardenberg;Overijssel
7787;Holtheme;Hardenberg;Overijssel
7788;Anerveen;Hardenberg;Overijssel
7791;Radewijk;Hardenberg;Overijssel
7792;Venebrugge;Hardenberg;Overijssel
7793;Hoogenweg;Hardenberg;Overijssel
7794;Rheeze;Hardenberg;Overijssel
7795;Diffelen;Hardenberg;Overijssel
7796;Heemserveen;Hardenberg;Overijssel
7797;Rheezerveen;Hardenberg;Overijssel
7798;Collendoorn;Hardenberg;Overijssel
7800;Emmen;Emmen;Drenthe
7801;Emmen;Emmen;Drenthe
7811;Emmen;Emmen;Drenthe
7812;Emmen;Emmen;Drenthe
7813;Emmen;Emmen;Drenthe
7814;Emmen;Emmen;Drenthe
7815;Emmen;Emmen;Drenthe
7821;Emmen;Emmen;Drenthe
7822;Emmen;Emmen;Drenthe
7823;Emmen;Emmen;Drenthe
7824;Emmen;Emmen;Drenthe
7825;Emmen;Emmen;Drenthe
7826;Emmen;Emmen;Drenthe
7827;Emmen;Emmen;Drenthe
7828;Emmen;Emmen;Drenthe
7830;Nieuw-Weerdinge;Emmen;Drenthe
7831;Nieuw-Weerdinge;Emmen;Drenthe
7833;Nieuw-Amsterdam;Emmen;Drenthe
7840;Sleen;Coevorden;Drenthe
7841;Sleen;Coevorden;Drenthe
7842;Diphoorn;Coevorden;Drenthe
7843;Erm;Coevorden;Drenthe
7844;Veenoord;Emmen;Drenthe
7845;Holsloot;Coevorden;Drenthe
7846;Noord-Sleen;Coevorden;Drenthe
7847;’t Haantje;Coevorden;Drenthe
7848;Schoonoord;Coevorden;Drenthe
7849;De Kiel;Coevorden;Drenthe
7851;Zweeloo;Coevorden;Drenthe
7852;Wezup;Coevorden;Drenthe
7853;Wezuperbrug;Coevorden;Drenthe
7854;Aalden;Coevorden;Drenthe
7855;Meppen;Coevorden;Drenthe
7856;Benneveld;Coevorden;Drenthe
7858;Eeserveen;Borger-Odoorn;Drenthe
7859;Eeserveen;Borger-Odoorn;Drenthe
7860;Oosterhesselen;Coevorden;Drenthe
7861;Oosterhesselen;Coevorden;Drenthe
7863;Gees;Coevorden;Drenthe
7864;Zwinderen;Coevorden;Drenthe
7871;Klijndijk;Borger-Odoorn;Drenthe
7872;Valthe;Borger-Odoorn;Drenthe
7873;Odoorn;Borger-Odoorn;Drenthe
7874;Odoornerveen;Borger-Odoorn;Drenthe
7875;Exloo;Borger-Odoorn;Drenthe
7876;Valthermond;Borger-Odoorn;Drenthe
7877;2e Valthermond;Borger-Odoorn;Drenthe
7880;Emmer-Compascuum;Emmen;Drenthe
7881;Emmer-Compascuum;Emmen;Drenthe
7884;Barger-Compascuum;Emmen;Drenthe
7885;Nieuw-Dordrecht;Emmen;Drenthe
7887;Erica;Emmen;Drenthe
7889;Klazienaveen-Noord;Emmen;Drenthe
7890;Klazienaveen;Emmen;Drenthe
7891;Klazienaveen;Emmen;Drenthe
7892;Klazienaveen;Emmen;Drenthe
7894;Zwartemeer;Emmen;Drenthe
7895;Roswinkel;Emmen;Drenthe
7900;Hoogeveen;Hoogeveen;Drenthe
7901;Hoogeveen;Hoogeveen;Drenthe
7902;Hoogeveen;Hoogeveen;Drenthe
7903;Hoogeveen;Hoogeveen;Drenthe
7904;Hoogeveen;Hoogeveen;Drenthe
7905;Hoogeveen;Hoogeveen;Drenthe
7906;Hoogeveen;Hoogeveen;Drenthe
7907;Hoogeveen;Hoogeveen;Drenthe
7908;Hoogeveen;Hoogeveen;Drenthe
7909;Hoogeveen;Hoogeveen;Drenthe
7910;Nieuweroord;Midden-Drenthe;Drenthe
7911;Nieuweroord;Hoogeveen;Drenthe
7912;Nieuweroord;Hoogeveen;Drenthe
7913;Hollandscheveld;Hoogeveen;Drenthe
7914;Noordscheschut;Hoogeveen;Drenthe
7915;Alteveer gem Hoogeveen;Hoogeveen;Drenthe
7916;Elim;Hoogeveen;Drenthe
7917;Geesbrug;Coevorden;Drenthe
7918;Nieuwlande;Hoogeveen;Drenthe
7920;Zuidwolde;Het Hogeland;Groningen
7921;Zuidwolde;De Wolden;Drenthe
7924;Veeningen;De Wolden;Drenthe
7925;Linde;De Wolden;Drenthe
7926;Kerkenveld;De Wolden;Drenthe
7927;Alteveer;De Wolden;Drenthe
7928;Stuifzand;Midden-Drenthe;Drenthe
7929;Nieuwlande Coevorden;Coevorden;Drenthe
7931;Fluitenberg;Hoogeveen;Drenthe
7932;Echten;De Wolden;Drenthe
7933;Pesse;Hoogeveen;Drenthe
7934;Stuifzand;Hoogeveen;Drenthe
7935;Eursinge;De Wolden;Drenthe
7936;Tiendeveen;Hoogeveen;Drenthe
7937;Tiendeveen;Midden-Drenthe;Drenthe
7938;Nieuw-Balinge;Midden-Drenthe;Drenthe
7940;Meppel;Meppel;Drenthe
7941;Meppel;Meppel;Drenthe
7942;Meppel;Meppel;Drenthe
7943;Meppel;Meppel;Drenthe
7944;Meppel;Meppel;Drenthe
7946;Wanneperveen;Steenwijkerland;Overijssel
7948;Nijeveen;Meppel;Drenthe
7949;Rogat;Meppel;Drenthe
7950;Staphorst;Staphorst;Overijssel
7951;Staphorst;Staphorst;Overijssel
7954;Rouveen;Staphorst;Overijssel
7955;IJhorst;Staphorst;Overijssel
7957;de Wijk;De Wolden;Drenthe
7958;Koekange;De Wolden;Drenthe
7960;Ruinerwold;De Wolden;Drenthe
7961;Ruinerwold;De Wolden;Drenthe
7963;Ruinen;De Wolden;Drenthe
7964;Ansen;De Wolden;Drenthe
7965;Broekhuizen;Meppel;Drenthe
7966;De Schiphorst;Meppel;Drenthe
7970;Havelte;Westerveld;Drenthe
7971;Havelte;Westerveld;Drenthe
7973;Darp;Westerveld;Drenthe
7974;Havelterberg;Westerveld;Drenthe
7975;Uffelte;Westerveld;Drenthe
7980;Diever;Westerveld;Drenthe
7981;Diever;Westerveld;Drenthe
7983;Wapse;Westerveld;Drenthe
7984;Dieverbrug;Westerveld;Drenthe
7985;Geeuwenbrug;Westerveld;Drenthe
7986;Wittelte;Westerveld;Drenthe
7990;Dwingeloo;Westerveld;Drenthe
7991;Dwingeloo;Westerveld;Drenthe
8000;Zwolle;Zwolle;Overijssel
8001;Zwolle;Zwolle;Overijssel
8002;Zwolle;Zwolle;Overijssel
8003;Zwolle;Zwolle;Overijssel
8004;Zwolle;Zwolle;Overijssel
8007;Zwolle;Zwolle;Overijssel
8011;Zwolle;Zwolle;Overijssel
8012;Zwolle;Zwolle;Overijssel
8013;Zwolle;Zwolle;Overijssel
8014;Zwolle;Zwolle;Overijssel
8015;Zwolle;Zwolle;Overijssel
8016;Zwolle;Zwolle;Overijssel
8017;Zwolle;Zwolle;Overijssel
8019;Zwolle;Zwolle;Overijssel
8021;Zwolle;Zwolle;Overijssel
8022;Zwolle;Zwolle;Overijssel
8023;Zwolle;Zwolle;Overijssel
8024;Zwolle;Zwolle;Overijssel
8025;Zwolle;Zwolle;Overijssel
8026;Zwolle;Zwolle;Overijssel
8028;Zwolle;Zwolle;Overijssel
8031;Zwolle;Zwolle;Overijssel
8032;Zwolle;Zwolle;Overijssel
8033;Zwolle;Zwolle;Overijssel
8034;Zwolle;Zwolle;Overijssel
8035;Zwolle;Zwolle;Overijssel
8041;Zwolle;Zwolle;Overijssel
8042;Zwolle;Zwolle;Overijssel
8043;Zwolle;Zwolle;Overijssel
8044;Zwolle;Zwolle;Overijssel
8045;Zwolle;Zwolle;Overijssel
8050;Hattem;Hattem;Gelderland
8051;Hattem;Hattem;Gelderland
8052;Hattem;Hattem;Gelderland
8055;Laag Zuthem;Raalte;Overijssel
8060;Hasselt;Zwartewaterland;Overijssel
8061;Hasselt;Zwartewaterland;Overijssel
8064;Zwartsluis;Zwartewaterland;Overijssel
8066;Belt-Schutsloot;Steenwijkerland;Overijssel
8070;Nunspeet;Nunspeet;Gelderland
8071;Nunspeet;Nunspeet;Gelderland
8072;Nunspeet;Nunspeet;Gelderland
8075;Elspeet;Nunspeet;Gelderland
8076;Vierhouten;Nunspeet;Gelderland
8077;Hulshorst;Nunspeet;Gelderland
8079;Noordeinde Gld;Oldebroek;Gelderland
8080;Elburg;Elburg;Gelderland
8081;Elburg;Elburg;Gelderland
8082;Elburg;Elburg;Gelderland
8084;’t Harde;Elburg;Gelderland
8085;Doornspijk;Elburg;Gelderland
8090;Wezep;Oldebroek;Gelderland
8091;Wezep;Oldebroek;Gelderland
8094;Hattemerbroek;Oldebroek;Gelderland
8095;’t Loo Oldebroek;Oldebroek;Gelderland
8096;Oldebroek;Oldebroek;Gelderland
8097;Oosterwolde Gld;Oldebroek;Gelderland
8100;Raalte;Raalte;Overijssel
8101;Raalte;Raalte;Overijssel
8102;Raalte;Raalte;Overijssel
8103;Raalte;Raalte;Overijssel
8105;Luttenberg;Raalte;Overijssel
8106;Mariënheem;Raalte;Overijssel
8107;Broekland;Raalte;Overijssel
8110;Heeten;Raalte;Overijssel
8111;Heeten;Raalte;Overijssel
8112;Nieuw Heeten;Raalte;Overijssel
8120;Olst;Olst-Wijhe;Overijssel
8121;Olst;Olst-Wijhe;Overijssel
8124;Wesepe;Olst-Wijhe;Overijssel
8130;Wijhe;Olst-Wijhe;Overijssel
8131;Wijhe;Olst-Wijhe;Overijssel
8140;Heino;Raalte;Overijssel
8141;Heino;Raalte;Overijssel
8144;Lierderholthuis;Raalte;Overijssel
8146;Dalmsholte;Ommen;Overijssel
8147;Giethmen;Ommen;Overijssel
8148;Lemele;Ommen;Overijssel
8150;Lemelerveld;Dalfsen;Overijssel
8151;Lemelerveld;Dalfsen;Overijssel
8152;Lemelerveld;Dalfsen;Overijssel
8153;Lemelerveld;Dalfsen;Overijssel
8154;Lemelerveld;Dalfsen;Overijssel
8160;Epe;Epe;Gelderland
8161;Epe;Epe;Gelderland
8162;Epe;Epe;Gelderland
8166;Emst;Epe;Gelderland
8167;Oene;Epe;Gelderland
8170;Vaassen;Epe;Gelderland
8171;Vaassen;Epe;Gelderland
8172;Vaassen;Epe;Gelderland
8180;Heerde;Heerde;Gelderland
8181;Heerde;Heerde;Gelderland
8190;Wapenveld;Heerde;Gelderland
8191;Wapenveld;Heerde;Gelderland
8193;Vorchten;Heerde;Gelderland
8194;Veessen;Heerde;Gelderland
8196;Welsum;Olst-Wijhe;Overijssel
8198;Marle;Olst-Wijhe;Overijssel
8200;Lelystad;Lelystad;Flevoland
8202;Lelystad;Lelystad;Flevoland
8203;Lelystad;Lelystad;Flevoland
8211;Lelystad;Lelystad;Flevoland
8212;Lelystad;Lelystad;Flevoland
8218;Lelystad;Lelystad;Flevoland
8219;Lelystad;Lelystad;Flevoland
8221;Lelystad;Lelystad;Flevoland
8222;Lelystad;Lelystad;Flevoland
8223;Lelystad;Lelystad;Flevoland
8224;Lelystad;Lelystad;Flevoland
8225;Lelystad;Lelystad;Flevoland
8226;Lelystad;Lelystad;Flevoland
8231;Lelystad;Lelystad;Flevoland
8232;Lelystad;Lelystad;Flevoland
8233;Lelystad;Lelystad;Flevoland
8239;Lelystad;Lelystad;Flevoland
8241;Lelystad;Lelystad;Flevoland
8242;Lelystad;Lelystad;Flevoland
8243;Lelystad;Lelystad;Flevoland
8244;Lelystad;Lelystad;Flevoland
8245;Lelystad;Lelystad;Flevoland
8250;Dronten;Dronten;Flevoland
8251;Dronten;Dronten;Flevoland
8252;Dronten;Dronten;Flevoland
8253;Dronten;Dronten;Flevoland
8254;Dronten;Dronten;Flevoland
8255;Swifterbant;Dronten;Flevoland
8256;Biddinghuizen;Dronten;Flevoland
8260;Kampen;Kampen;Overijssel
8261;Kampen;Kampen;Overijssel
8262;Kampen;Kampen;Overijssel
8263;Kampen;Kampen;Overijssel
8264;Kampen;Kampen;Overijssel
8265;Kampen;Kampen;Overijssel
8266;Kampen;Kampen;Overijssel
8267;Kampen;Kampen;Overijssel
8271;IJsselmuiden;Kampen;Overijssel
8274;Wilsum;Kampen;Overijssel
8275;‘s-Heerenbroek;Kampen;Overijssel
8276;Zalk;Kampen;Overijssel
8277;Grafhorst;Kampen;Overijssel
8278;Kamperveen;Kampen;Overijssel
8280;Genemuiden;Zwartewaterland;Overijssel
8281;Genemuiden;Zwartewaterland;Overijssel
8291;Mastenbroek;Zwartewaterland;Overijssel
8293;Mastenbroek;Kampen;Overijssel
8294;Mastenbroek;Zwartewaterland;Overijssel
8300;Emmeloord;Noordoostpolder;Flevoland
8301;Emmeloord;Noordoostpolder;Flevoland
8302;Emmeloord;Noordoostpolder;Flevoland
8303;Emmeloord;Noordoostpolder;Flevoland
8304;Emmeloord;Noordoostpolder;Flevoland
8305;Emmeloord;Noordoostpolder;Flevoland
8307;Ens;Noordoostpolder;Flevoland
8308;Nagele;Noordoostpolder;Flevoland
8309;Tollebeek;Noordoostpolder;Flevoland
8311;Espel;Noordoostpolder;Flevoland
8312;Creil;Noordoostpolder;Flevoland
8313;Rutten;Noordoostpolder;Flevoland
8314;Bant;Noordoostpolder;Flevoland
8315;Luttelgeest;Noordoostpolder;Flevoland
8316;Marknesse;Noordoostpolder;Flevoland
8317;Kraggenburg;Noordoostpolder;Flevoland
8319;Schokland;Noordoostpolder;Flevoland
8320;Urk;Urk;Flevoland
8321;Urk;Urk;Flevoland
8322;Urk;Urk;Flevoland
8325;Vollenhove;Steenwijkerland;Overijssel
8326;Sint Jansklooster;Steenwijkerland;Overijssel
8330;Steenwijk;Steenwijkerland;Overijssel
8331;Steenwijk;Steenwijkerland;Overijssel
8332;Steenwijk;Steenwijkerland;Overijssel
8333;Steenwijk;Steenwijkerland;Overijssel
8334;Tuk;Steenwijkerland;Overijssel
8335;Witte Paarden;Steenwijkerland;Overijssel
8336;Baars;Steenwijkerland;Overijssel
8337;De Pol;Steenwijkerland;Overijssel
8338;Willemsoord;Steenwijkerland;Overijssel
8339;Marijenkampen;Steenwijkerland;Overijssel
8341;Steenwijkerwold;Steenwijkerland;Overijssel
8342;Basse;Steenwijkerland;Overijssel
8343;Zuidveen;Steenwijkerland;Overijssel
8344;Onna;Steenwijkerland;Overijssel
8345;Kallenkote;Steenwijkerland;Overijssel
8346;De Bult;Steenwijkerland;Overijssel
8347;Eesveen;Steenwijkerland;Overijssel
8351;Wapserveen;Westerveld;Drenthe
8355;Giethoorn;Steenwijkerland;Overijssel
8356;Blokzijl;Steenwijkerland;Overijssel
8361;IJsselham;Steenwijkerland;Overijssel
8362;Nederland;Steenwijkerland;Overijssel
8363;Wetering;Steenwijkerland;Overijssel
8371;Scheerwolde;Steenwijkerland;Overijssel
8372;Baarlo;Steenwijkerland;Overijssel
8373;Blankenham;Steenwijkerland;Overijssel
8374;Kuinre;Steenwijkerland;Overijssel
8375;Oldemarkt;Steenwijkerland;Overijssel
8376;Ossenzijl;Steenwijkerland;Overijssel
8377;Kalenberg;Steenwijkerland;Overijssel
8378;Paasloo;Steenwijkerland;Overijssel
8380;Vledder;Westerveld;Drenthe
8381;Vledder;Westerveld;Drenthe
8382;Frederiksoord;Westerveld;Drenthe
8383;Nijensleek;Westerveld;Drenthe
8384;Wilhelminaoord;Westerveld;Drenthe
8385;Vledderveen;Westerveld;Drenthe
8386;Doldersum;Westerveld;Drenthe
8387;Boschoord;Westerveld;Drenthe
8388;Oosterstreek;Weststellingwerf;Friesland
8389;Zandhuizen;Weststellingwerf;Friesland
8390;Noordwolde;Weststellingwerf;Friesland
8391;Noordwolde;Weststellingwerf;Friesland
8392;Boijl;Weststellingwerf;Friesland
8393;Vinkega;Weststellingwerf;Friesland
8394;De Hoeve;Weststellingwerf;Friesland
8395;Steggerda;Weststellingwerf;Friesland
8396;Peperga;Weststellingwerf;Friesland
8397;De Blesse;Weststellingwerf;Friesland
8398;Blesdijke;Weststellingwerf;Friesland
8400;Gorredijk;Opsterland;Friesland
8401;Gorredijk;Opsterland;Friesland
8403;Jonkerslân;Opsterland;Friesland
8404;Langezwaag;Opsterland;Friesland
8405;Luxwoude;Opsterland;Friesland
8406;Tijnje;Opsterland;Friesland
8407;Terwispel;Opsterland;Friesland
8408;Lippenhuizen;Opsterland;Friesland
8409;Hemrik;Opsterland;Friesland
8410;Jubbega;Heerenveen;Friesland
8411;Jubbega;Heerenveen;Friesland
8412;Hoornsterzwaag;Heerenveen;Friesland
8413;Oudehorne;Heerenveen;Friesland
8414;Nieuwehorne;Heerenveen;Friesland
8415;Bontebok;Heerenveen;Friesland
8420;Oldeberkoop;Ooststellingwerf;Friesland
8421;Oldeberkoop;Ooststellingwerf;Friesland
8422;Nijeberkoop;Ooststellingwerf;Friesland
8423;Makkinga;Ooststellingwerf;Friesland
8424;Elsloo;Ooststellingwerf;Friesland
8425;Langedijke;Ooststellingwerf;Friesland
8426;Appelscha;Ooststellingwerf;Friesland
8427;Ravenswoud;Ooststellingwerf;Friesland
8428;Fochteloo;Ooststellingwerf;Friesland
8430;Oosterwolde;Ooststellingwerf;Friesland
8431;Oosterwolde;Ooststellingwerf;Friesland
8432;Haule;Ooststellingwerf;Friesland
8433;Haulerwijk;Ooststellingwerf;Friesland
8434;Waskemeer;Ooststellingwerf;Friesland
8435;Donkerbroek;Ooststellingwerf;Friesland
8437;Zorgvlied;Westerveld;Drenthe
8438;Wateren;Westerveld;Drenthe
8439;Oude Willem;Westerveld;Drenthe
8440;Heerenveen;Heerenveen;Friesland
8441;Heerenveen;Heerenveen;Friesland
8442;Heerenveen;Heerenveen;Friesland
8443;Heerenveen;Heerenveen;Friesland
8444;Heerenveen;Heerenveen;Friesland
8445;Heerenveen;Heerenveen;Friesland
8446;Heerenveen;Heerenveen;Friesland
8447;Heerenveen;Heerenveen;Friesland
8448;Heerenveen;Heerenveen;Friesland
8449;Terband;Heerenveen;Friesland
8451;Oudeschoot;Heerenveen;Friesland
8452;Nieuweschoot;Heerenveen;Friesland
8453;Oranjewoud;Heerenveen;Friesland
8454;Mildam;Heerenveen;Friesland
8455;Katlijk;Heerenveen;Friesland
8456;De Knipe;Heerenveen;Friesland
8457;Gersloot;Heerenveen;Friesland
8458;Tjalleberd;Heerenveen;Friesland
8459;Luinjeberd;Heerenveen;Friesland
8461;Rottum;De Fryske Marren;Friesland
8462;Rotstergaast;De Fryske Marren;Friesland
8463;Rotsterhaule;De Fryske Marren;Friesland
8464;Sintjohannesga;De Fryske Marren;Friesland
8465;Oudehaske;De Fryske Marren;Friesland
8466;Nijehaske;De Fryske Marren;Friesland
8467;Vegelinsoord;De Fryske Marren;Friesland
8468;Haskerdijken;Heerenveen;Friesland
8469;Nieuwebrug;Heerenveen;Friesland
8470;Wolvega;Weststellingwerf;Friesland
8471;Wolvega;Weststellingwerf;Friesland
8472;Wolvega;Weststellingwerf;Friesland
8474;Oldeholtpade;Weststellingwerf;Friesland
8475;Nijeholtpade;Weststellingwerf;Friesland
8476;Ter Idzard;Weststellingwerf;Friesland
8477;Oldeholtwolde;Weststellingwerf;Friesland
8478;Sonnega;Weststellingwerf;Friesland
8479;Oldetrijne;Weststellingwerf;Friesland
8481;Nijetrijne;Weststellingwerf;Friesland
8482;Spanga;Weststellingwerf;Friesland
8483;Scherpenzeel;Weststellingwerf;Friesland
8484;Langelille;Weststellingwerf;Friesland
8485;Munnekeburen;Weststellingwerf;Friesland
8486;Oldelamer;Weststellingwerf;Friesland
8487;Nijelamer;Weststellingwerf;Friesland
8488;Nijeholtwolde;Weststellingwerf;Friesland
8489;Slijkenburg;Weststellingwerf;Friesland
8490;Akkrum;Heerenveen;Friesland
8491;Akkrum;Heerenveen;Friesland
8493;Terherne;De Fryske Marren;Friesland
8494;Nes;Heerenveen;Friesland
8495;Aldeboarn;Heerenveen;Friesland
8497;Goëngahuizen;Smallingerland;Friesland
8500;Joure;De Fryske Marren;Friesland
8501;Joure;De Fryske Marren;Friesland
8502;Joure;De Fryske Marren;Friesland
8503;Joure;De Fryske Marren;Friesland
8505;Snikzwaag;De Fryske Marren;Friesland
8506;Haskerhorne;De Fryske Marren;Friesland
8507;Rohel;De Fryske Marren;Friesland
8508;Delfstrahuizen;De Fryske Marren;Friesland
8511;Goingarijp;De Fryske Marren;Friesland
8512;Broek;De Fryske Marren;Friesland
8513;Ouwsterhaule;De Fryske Marren;Friesland
8514;Ouwster-Nijega;De Fryske Marren;Friesland
8515;Oldeouwer;De Fryske Marren;Friesland
8516;Doniaga;De Fryske Marren;Friesland
8517;Scharsterbrug;De Fryske Marren;Friesland
8520;Sint Nicolaasga;De Fryske Marren;Friesland
8521;Sint Nicolaasga;De Fryske Marren;Friesland
8522;Tjerkgaast;De Fryske Marren;Friesland
8523;Idskenhuizen;De Fryske Marren;Friesland
8524;Teroele;De Fryske Marren;Friesland
8525;Langweer;De Fryske Marren;Friesland
8526;Boornzwaag;De Fryske Marren;Friesland
8527;Legemeer;De Fryske Marren;Friesland
8528;Dijken;De Fryske Marren;Friesland
8529;Koufurderrige;Súdwest-Fryslân;Friesland
8530;Lemmer;De Fryske Marren;Friesland
8531;Lemmer;De Fryske Marren;Friesland
8532;Lemmer;De Fryske Marren;Friesland
8534;Eesterga;De Fryske Marren;Friesland
8535;Follega;De Fryske Marren;Friesland
8536;Oosterzee;De Fryske Marren;Friesland
8537;Echten;De Fryske Marren;Friesland
8538;Bantega;De Fryske Marren;Friesland
8539;Echtenerbrug;De Fryske Marren;Friesland
8541;Akmarijp;De Fryske Marren;Friesland
8542;Terkaple;De Fryske Marren;Friesland
8550;Woudsend;Súdwest-Fryslân;Friesland
8551;Woudsend;Súdwest-Fryslân;Friesland
8552;Smallebrugge;Súdwest-Fryslân;Friesland
8553;Indijk;Súdwest-Fryslân;Friesland
8554;Ypecolsga;Súdwest-Fryslân;Friesland
8556;Sloten;De Fryske Marren;Friesland
8560;Balk;De Fryske Marren;Friesland
8561;Balk;De Fryske Marren;Friesland
8563;Wijckel;De Fryske Marren;Friesland
8564;Ruigahuizen;De Fryske Marren;Friesland
8565;Sondel;De Fryske Marren;Friesland
8566;Nijemirdum;De Fryske Marren;Friesland
8567;Oudemirdum;De Fryske Marren;Friesland
8571;Harich;De Fryske Marren;Friesland
8572;Rijs;De Fryske Marren;Friesland
8573;Mirns;De Fryske Marren;Friesland
8574;Bakhuizen;De Fryske Marren;Friesland
8581;Elahuizen;De Fryske Marren;Friesland
8582;Oudega;De Fryske Marren;Friesland
8583;Kolderwolde;De Fryske Marren;Friesland
8584;Hemelum;Súdwest-Fryslân;Friesland
8600;Sneek;Súdwest-Fryslân;Friesland
8601;Sneek;Súdwest-Fryslân;Friesland
8602;Sneek;Súdwest-Fryslân;Friesland
8603;Sneek;Súdwest-Fryslân;Friesland
8604;Sneek;Súdwest-Fryslân;Friesland
8605;Sneek;Súdwest-Fryslân;Friesland
8606;Sneek;Súdwest-Fryslân;Friesland
8607;Sneek;Súdwest-Fryslân;Friesland
8608;Sneek;Súdwest-Fryslân;Friesland
8611;Gaastmeer;Súdwest-Fryslân;Friesland
8612;Idzega;Súdwest-Fryslân;Friesland
8613;Sandfirden;Súdwest-Fryslân;Friesland
8614;Oudega;Súdwest-Fryslân;Friesland
8615;Blauwhuis;Súdwest-Fryslân;Friesland
8616;Westhem;Súdwest-Fryslân;Friesland
8617;Abbega;Súdwest-Fryslân;Friesland
8618;Oosthem;Súdwest-Fryslân;Friesland
8620;Heeg;Súdwest-Fryslân;Friesland
8621;Heeg;Súdwest-Fryslân;Friesland
8622;Hommerts;Súdwest-Fryslân;Friesland
8623;Jutrijp;Súdwest-Fryslân;Friesland
8624;Uitwellingerga;Súdwest-Fryslân;Friesland
8625;Oppenhuizen;Súdwest-Fryslân;Friesland
8626;Offingawier;Súdwest-Fryslân;Friesland
8627;Gauw;Súdwest-Fryslân;Friesland
8628;Goënga;Súdwest-Fryslân;Friesland
8629;Scharnegoutum;Súdwest-Fryslân;Friesland
8631;Loënga;Súdwest-Fryslân;Friesland
8632;Tirns;Súdwest-Fryslân;Friesland
8633;Ysbrechtum;Súdwest-Fryslân;Friesland
8635;Boazum;Súdwest-Fryslân;Friesland
8636;Britswert;Súdwest-Fryslân;Friesland
8637;Wiuwert;Súdwest-Fryslân;Friesland
8641;Rien;Súdwest-Fryslân;Friesland
8642;Lytsewierrum;Súdwest-Fryslân;Friesland
8644;Dearsum;Súdwest-Fryslân;Friesland
8647;Sibrandabuorren;Súdwest-Fryslân;Friesland
8650;IJlst;Súdwest-Fryslân;Friesland
8651;IJlst;Súdwest-Fryslân;Friesland
8658;Greonterp;Súdwest-Fryslân;Friesland
8700;Bolsward;Súdwest-Fryslân;Friesland
8701;Bolsward;Súdwest-Fryslân;Friesland
8702;Bolsward;Súdwest-Fryslân;Friesland
8710;Workum;Súdwest-Fryslân;Friesland
8711;Workum;Súdwest-Fryslân;Friesland
8713;Hindeloopen;Súdwest-Fryslân;Friesland
8715;Stavoren;Súdwest-Fryslân;Friesland
8721;Warns;Súdwest-Fryslân;Friesland
8722;Molkwerum;Súdwest-Fryslân;Friesland
8723;Koudum;Súdwest-Fryslân;Friesland
8724;It Heidenskip;Súdwest-Fryslân;Friesland
8730;Wommels;Súdwest-Fryslân;Friesland
8731;Wommels;Súdwest-Fryslân;Friesland
8732;Kûbaard;Súdwest-Fryslân;Friesland
8733;Iens;Súdwest-Fryslân;Friesland
8734;Easterein;Súdwest-Fryslân;Friesland
8735;Itens;Súdwest-Fryslân;Friesland
8736;Reahûs;Súdwest-Fryslân;Friesland
8737;Hidaard;Súdwest-Fryslân;Friesland
8741;Hartwerd;Súdwest-Fryslân;Friesland
8742;Burgwerd;Súdwest-Fryslân;Friesland
8743;Hichtum;Súdwest-Fryslân;Friesland
8744;Schettens;Súdwest-Fryslân;Friesland
8745;Longerhouw;Súdwest-Fryslân;Friesland
8746;Schraard;Súdwest-Fryslân;Friesland
8747;Wons;Súdwest-Fryslân;Friesland
8748;Witmarsum;Súdwest-Fryslân;Friesland
8749;Pingjum;Súdwest-Fryslân;Friesland
8751;Zurich;Súdwest-Fryslân;Friesland
8752;Kornwerderzand;Súdwest-Fryslân;Friesland
8753;Cornwerd;Súdwest-Fryslân;Friesland
8754;Makkum;Súdwest-Fryslân;Friesland
8755;Idsegahuizum;Súdwest-Fryslân;Friesland
8756;Piaam;Súdwest-Fryslân;Friesland
8757;Gaast;Súdwest-Fryslân;Friesland
8758;Allingawier;Súdwest-Fryslân;Friesland
8759;Exmorra;Súdwest-Fryslân;Friesland
8761;Ferwoude;Súdwest-Fryslân;Friesland
8762;Hieslum;Súdwest-Fryslân;Friesland
8763;Parrega;Súdwest-Fryslân;Friesland
8764;Dedgum;Súdwest-Fryslân;Friesland
8765;Tjerkwerd;Súdwest-Fryslân;Friesland
8766;Breezanddijk;Súdwest-Fryslân;Friesland
8771;Nijland;Súdwest-Fryslân;Friesland
8772;Tjalhuizum;Súdwest-Fryslân;Friesland
8773;Folsgare;Súdwest-Fryslân;Friesland
8774;Wolsum;Súdwest-Fryslân;Friesland
8775;Nijhuizum;Súdwest-Fryslân;Friesland
8800;Franeker;Waadhoeke;Friesland
8801;Franeker;Waadhoeke;Friesland
8802;Franeker;Waadhoeke;Friesland
8804;Tzum;Waadhoeke;Friesland
8805;Hitzum;Waadhoeke;Friesland
8806;Achlum;Waadhoeke;Friesland
8807;Herbaijum;Waadhoeke;Friesland
8808;Dongjum;Waadhoeke;Friesland
8809;Boer;Waadhoeke;Friesland
8811;Ried;Waadhoeke;Friesland
8812;Peins;Waadhoeke;Friesland
8813;Schalsum;Waadhoeke;Friesland
8814;Zweins;Waadhoeke;Friesland
8816;Skingen;Waadhoeke;Friesland
8821;Kimswerd;Súdwest-Fryslân;Friesland
8822;Arum;Súdwest-Fryslân;Friesland
8823;Lollum;Súdwest-Fryslân;Friesland
8830;Winsum;Waadhoeke;Friesland
8831;Winsum;Waadhoeke;Friesland
8832;Húns;Leeuwarden;Friesland
8833;Leons;Leeuwarden;Friesland
8834;Baard;Leeuwarden;Friesland
8835;Easterlittens;Leeuwarden;Friesland
8841;Baaium;Waadhoeke;Friesland
8842;Wjelsryp;Waadhoeke;Friesland
8843;Spannum;Waadhoeke;Friesland
8844;Hinnaard;Súdwest-Fryslân;Friesland
8845;Waaksens;Súdwest-Fryslân;Friesland
8850;Tzummarum;Waadhoeke;Friesland
8851;Tzummarum;Waadhoeke;Friesland
8852;Firdgum;Waadhoeke;Friesland
8853;Klooster Lidlum;Waadhoeke;Friesland
8854;Oosterbierum;Waadhoeke;Friesland
8855;Sexbierum;Waadhoeke;Friesland
8856;Pietersbierum;Waadhoeke;Friesland
8857;Wijnaldum;Harlingen;Friesland
8860;Harlingen;Harlingen;Friesland
8861;Harlingen;Harlingen;Friesland
8862;Harlingen;Harlingen;Friesland
8871;Midlum;Harlingen;Friesland
8872;Midlum;Harlingen;Friesland
8880;West-Terschelling;Terschelling;Friesland
8881;West-Terschelling;Terschelling;Friesland
8882;Hee;Terschelling;Friesland
8883;Kaard;Terschelling;Friesland
8884;Baaiduinen;Terschelling;Friesland
8885;Kinnum;Terschelling;Friesland
8890;Midsland;Terschelling;Friesland
8891;Midsland;Terschelling;Friesland
8892;Striep;Terschelling;Friesland
8893;Landerum;Terschelling;Friesland
8894;Formerum;Terschelling;Friesland
8895;Lies;Terschelling;Friesland
8896;Hoorn;Terschelling;Friesland
8897;Oosterend;Terschelling;Friesland
8899;Vlieland;Vlieland;Friesland
8900;Leeuwarden;Leeuwarden;Friesland
8901;Leeuwarden;Leeuwarden;Friesland
8902;Leeuwarden;Leeuwarden;Friesland
8903;Leeuwarden;Leeuwarden;Friesland
8911;Leeuwarden;Leeuwarden;Friesland
8912;Leeuwarden;Leeuwarden;Friesland
8913;Leeuwarden;Leeuwarden;Friesland
8914;Leeuwarden;Leeuwarden;Friesland
8915;Leeuwarden;Leeuwarden;Friesland
8916;Leeuwarden;Leeuwarden;Friesland
8917;Leeuwarden;Leeuwarden;Friesland
8918;Leeuwarden;Leeuwarden;Friesland
8919;Leeuwarden;Leeuwarden;Friesland
8921;Leeuwarden;Leeuwarden;Friesland
8922;Leeuwarden;Leeuwarden;Friesland
8923;Leeuwarden;Leeuwarden;Friesland
8924;Leeuwarden;Leeuwarden;Friesland
8925;Leeuwarden;Leeuwarden;Friesland
8926;Leeuwarden;Leeuwarden;Friesland
8927;Leeuwarden;Leeuwarden;Friesland
8931;Leeuwarden;Leeuwarden;Friesland
8932;Leeuwarden;Leeuwarden;Friesland
8933;Leeuwarden;Leeuwarden;Friesland
8934;Leeuwarden;Leeuwarden;Friesland
8935;Leeuwarden;Leeuwarden;Friesland
8936;Leeuwarden;Leeuwarden;Friesland
8937;Leeuwarden;Leeuwarden;Friesland
8938;Leeuwarden;Leeuwarden;Friesland
8939;Leeuwarden;Leeuwarden;Friesland
8941;Leeuwarden;Leeuwarden;Friesland
9001;Grou;Leeuwarden;Friesland
9003;Warten;Leeuwarden;Friesland
9004;Warstiens;Leeuwarden;Friesland
9005;Wergea;Leeuwarden;Friesland
9006;Eagum;Leeuwarden;Friesland
9007;Idaerd;Leeuwarden;Friesland
9008;Reduzum;Leeuwarden;Friesland
9009;Friens;Leeuwarden;Friesland
9011;Jirnsum;Leeuwarden;Friesland
9012;Raerd;Súdwest-Fryslân;Friesland
9013;Poppenwier;Súdwest-Fryslân;Friesland
9014;Tersoal;Súdwest-Fryslân;Friesland
9021;Easterwierrum;Súdwest-Fryslân;Friesland
9022;Mantgum;Leeuwarden;Friesland
9023;Jorwert;Leeuwarden;Friesland
9024;Weidum;Leeuwarden;Friesland
9025;Bears;Leeuwarden;Friesland
9026;Jellum;Leeuwarden;Friesland
9027;Hilaard;Leeuwarden;Friesland
9031;Boksum;Waadhoeke;Friesland
9032;Blessum;Waadhoeke;Friesland
9033;Deinum;Waadhoeke;Friesland
9034;Marsum;Waadhoeke;Friesland
9035;Dronryp;Waadhoeke;Friesland
9036;Menaam;Waadhoeke;Friesland
9037;Slappeterp;Waadhoeke;Friesland
9038;Ingelum;Waadhoeke;Friesland
9040;Berltsum;Waadhoeke;Friesland
9041;Berltsum;Waadhoeke;Friesland
9043;Wier;Waadhoeke;Friesland
9044;Bitgum;Waadhoeke;Friesland
9045;Bitgummole;Waadhoeke;Friesland
9047;Minnertsga;Waadhoeke;Friesland
9050;Stiens;Leeuwarden;Friesland
9051;Stiens;Leeuwarden;Friesland
9053;Feinsum;Leeuwarden;Friesland
9054;Hijum;Leeuwarden;Friesland
9055;Britsum;Leeuwarden;Friesland
9056;Koarnjum;Leeuwarden;Friesland
9057;Jelsum;Leeuwarden;Friesland
9060;Gytsjerk;Tytsjerksteradiel;Friesland
9061;Gytsjerk;Tytsjerksteradiel;Friesland
9062;Oentsjerk;Tytsjerksteradiel;Friesland
9063;Mûnein;Tytsjerksteradiel;Friesland
9064;Aldtsjerk;Tytsjerksteradiel;Friesland
9067;Readtsjerk;Dantumadiel;Friesland
9071;Alde Leie;Leeuwarden;Friesland
9072;Nij Altoenae;Waadhoeke;Friesland
9073;Marrum;Noardeast-Fryslân;Friesland
9074;Hallum;Noardeast-Fryslân;Friesland
9075;Westhoek;Waadhoeke;Friesland
9076;St.-Annaparochie;Waadhoeke;Friesland
9077;Vrouwenparochie;Waadhoeke;Friesland
9078;Oudebildtzijl;Waadhoeke;Friesland
9079;St.-Jacobiparochie;Waadhoeke;Friesland
9081;Lekkum;Leeuwarden;Friesland
9082;Miedum;Leeuwarden;Friesland
9083;Snakkerburen;Leeuwarden;Friesland
9084;Goutum;Leeuwarden;Friesland
9086;Hempens;Leeuwarden;Friesland
9087;Swichum;Leeuwarden;Friesland
9088;Wirdum;Leeuwarden;Friesland
9089;Wytgaard;Leeuwarden;Friesland
9091;Wyns;Tytsjerksteradiel;Friesland
9100;Dokkum;Noardeast-Fryslân;Friesland
9101;Dokkum;Noardeast-Fryslân;Friesland
9102;Dokkum;Noardeast-Fryslân;Friesland
9103;Dokkum;Noardeast-Fryslân;Friesland
9104;Damwâld;Dantumadiel;Friesland
9105;Rinsumageast;Dantumadiel;Friesland
9106;Sibrandahûs;Dantumadiel;Friesland
9107;Jannum;Noardeast-Fryslân;Friesland
9108;Broeksterwâld;Dantumadiel;Friesland
9109;De Falom;Dantumadiel;Friesland
9111;Burdaard;Noardeast-Fryslân;Friesland
9112;Burdaard;Noardeast-Fryslân;Friesland
9113;Wâlterswâld;Dantumadiel;Friesland
9114;Driezum;Dantumadiel;Friesland
9121;Aalsum;Noardeast-Fryslân;Friesland
9122;Wetsens;Noardeast-Fryslân;Friesland
9123;Metslawier;Noardeast-Fryslân;Friesland
9124;Jouswier;Noardeast-Fryslân;Friesland
9125;Oostrum;Noardeast-Fryslân;Friesland
9131;Ee;Noardeast-Fryslân;Friesland
9132;Engwierum;Noardeast-Fryslân;Friesland
9133;Anjum;Noardeast-Fryslân;Friesland
9134;Lioessens;Noardeast-Fryslân;Friesland
9135;Morra;Noardeast-Fryslân;Friesland
9136;Paesens;Noardeast-Fryslân;Friesland
9137;Oosternijkerk;Noardeast-Fryslân;Friesland
9138;Niawier;Noardeast-Fryslân;Friesland
9141;Wierum;Noardeast-Fryslân;Friesland
9142;Moddergat;Noardeast-Fryslân;Friesland
9143;Nes;Noardeast-Fryslân;Friesland
9144;Hantumhuizen;Noardeast-Fryslân;Friesland
9145;Ternaard;Noardeast-Fryslân;Friesland
9146;Hantumeruitburen;Noardeast-Fryslân;Friesland
9147;Hantum;Noardeast-Fryslân;Friesland
9148;Hiaure;Noardeast-Fryslân;Friesland
9150;Holwerd;Noardeast-Fryslân;Friesland
9151;Holwerd;Noardeast-Fryslân;Friesland
9152;Waaxens;Noardeast-Fryslân;Friesland
9153;Brantgum;Noardeast-Fryslân;Friesland
9154;Foudgum;Noardeast-Fryslân;Friesland
9155;Raard;Noardeast-Fryslân;Friesland
9156;Bornwird;Noardeast-Fryslân;Friesland
9160;Hollum;Ameland;Friesland
9161;Hollum;Ameland;Friesland
9162;Ballum;Ameland;Friesland
9163;Nes;Ameland;Friesland
9164;Buren;Ameland;Friesland
9166;Schiermonnikoog;Schiermonnikoog;Friesland
9171;Blije;Noardeast-Fryslân;Friesland
9172;Ferwert;Noardeast-Fryslân;Friesland
9173;Hegebeintum;Noardeast-Fryslân;Friesland
9174;Ginnum;Noardeast-Fryslân;Friesland
9175;Reitsum;Noardeast-Fryslân;Friesland
9176;Lichtaard;Noardeast-Fryslân;Friesland
9177;Jislum;Noardeast-Fryslân;Friesland
9178;Wânswert;Noardeast-Fryslân;Friesland
9200;Drachten;Smallingerland;Friesland
9201;Drachten;Smallingerland;Friesland
9202;Drachten;Smallingerland;Friesland
9203;Drachten;Smallingerland;Friesland
9204;Drachten;Smallingerland;Friesland
9205;Drachten;Smallingerland;Friesland
9206;Drachten;Smallingerland;Friesland
9207;Drachten;Smallingerland;Friesland
9211;Kortehemmen;Smallingerland;Friesland
9212;Boornbergum;Smallingerland;Friesland
9213;De Wilgen;Smallingerland;Friesland
9214;Smalle Ee;Smallingerland;Friesland
9215;De Veenhoop;Smallingerland;Friesland
9216;Oudega;Smallingerland;Friesland
9217;Nijega;Smallingerland;Friesland
9218;Opeinde;Smallingerland;Friesland
9219;De Tike;Smallingerland;Friesland
9221;Rottevalle;Smallingerland;Friesland
9222;Drachtstercompagnie;Smallingerland;Friesland
9223;Houtigehage;Smallingerland;Friesland
9230;Surhuisterveen;Achtkarspelen;Friesland
9231;Surhuisterveen;Achtkarspelen;Friesland
9233;Boelenslaan;Achtkarspelen;Friesland
9240;Wijnjewoude;Opsterland;Friesland
9241;Wijnjewoude;Opsterland;Friesland
9243;Bakkeveen;Opsterland;Friesland
9244;Beetsterzwaag;Opsterland;Friesland
9245;Nij Beets;Opsterland;Friesland
9246;Olterterp;Opsterland;Friesland
9247;Ureterp;Opsterland;Friesland
9248;Siegerswoude;Opsterland;Friesland
9249;Frieschepalen;Opsterland;Friesland
9250;Burgum;Tytsjerksteradiel;Friesland
9251;Burgum;Tytsjerksteradiel;Friesland
9254;Hurdegaryp;Tytsjerksteradiel;Friesland
9255;Tytsjerk;Tytsjerksteradiel;Friesland
9256;Ryptsjerk;Tytsjerksteradiel;Friesland
9257;Noardburgum;Tytsjerksteradiel;Friesland
9258;Jistrum;Tytsjerksteradiel;Friesland
9260;Eastermar;Tytsjerksteradiel;Friesland
9261;Eastermar;Tytsjerksteradiel;Friesland
9262;Sumar;Tytsjerksteradiel;Friesland
9263;Garyp;Tytsjerksteradiel;Friesland
9264;Earnewâld;Tytsjerksteradiel;Friesland
9265;Suwâld;Tytsjerksteradiel;Friesland
9269;Feanwâlden;Dantumadiel;Friesland
9270;De Westereen;Dantumadiel;Friesland
9271;De Westereen;Dantumadiel;Friesland
9280;Harkema;Achtkarspelen;Friesland
9281;Harkema;Achtkarspelen;Friesland
9283;Surhuizum;Achtkarspelen;Friesland
9284;Augustinusga;Achtkarspelen;Friesland
9285;Buitenpost;Achtkarspelen;Friesland
9286;Twijzel;Achtkarspelen;Friesland
9287;Twijzelerheide;Achtkarspelen;Friesland
9288;Kootstertille;Achtkarspelen;Friesland
9289;Drogeham;Achtkarspelen;Friesland
9290;Kollum;Noardeast-Fryslân;Friesland
9291;Kollum;Noardeast-Fryslân;Friesland
9292;Augsbuurt;Noardeast-Fryslân;Friesland
9293;Kollumerpomp;Noardeast-Fryslân;Friesland
9294;Oudwoude;Noardeast-Fryslân;Friesland
9295;Westergeest;Noardeast-Fryslân;Friesland
9296;Triemen;Noardeast-Fryslân;Friesland
9297;Veenklooster;Noardeast-Fryslân;Friesland
9298;Kollumerzwaag;Noardeast-Fryslân;Friesland
9299;Twijzelerheide;Achtkarspelen;Friesland
9300;Roden;Noordenveld;Drenthe
9301;Roden;Noordenveld;Drenthe
9302;Roden;Noordenveld;Drenthe
9304;Lieveren;Noordenveld;Drenthe
9305;Roderesch;Noordenveld;Drenthe
9306;Alteveer;Noordenveld;Drenthe
9307;Steenbergen;Noordenveld;Drenthe
9311;Nieuw-Roden;Noordenveld;Drenthe
9312;Nietap;Noordenveld;Drenthe
9313;Leutingewolde;Noordenveld;Drenthe
9314;Foxwolde;Noordenveld;Drenthe
9315;Roderwolde;Noordenveld;Drenthe
9320;Peize;Noordenveld;Drenthe
9321;Peize;Noordenveld;Drenthe
9330;Norg;Noordenveld;Drenthe
9331;Norg;Noordenveld;Drenthe
9333;Langelo;Noordenveld;Drenthe
9334;Peest;Noordenveld;Drenthe
9335;Zuidvelde;Noordenveld;Drenthe
9336;Huis ter Heide;Noordenveld;Drenthe
9337;Westervelde;Noordenveld;Drenthe
9341;Veenhuizen;Noordenveld;Drenthe
9342;Een;Noordenveld;Drenthe
9343;Een-West;Noordenveld;Drenthe
9350;Leek;Westerkwartier;Groningen
9351;Leek;Westerkwartier;Groningen
9354;Zevenhuizen;Westerkwartier;Groningen
9355;Midwolde;Westerkwartier;Groningen
9356;Tolbert;Westerkwartier;Groningen
9359;Boerakker;Westerkwartier;Groningen
9361;Boerakker;Westerkwartier;Groningen
9362;Boerakker;Westerkwartier;Groningen
9363;Marum;Westerkwartier;Groningen
9364;Nuis;Westerkwartier;Groningen
9365;Niebert;Westerkwartier;Groningen
9366;Jonkersvaart;Westerkwartier;Groningen
9367;De Wilp;Westerkwartier;Groningen
9400;Assen;Assen;Drenthe
9401;Assen;Assen;Drenthe
9402;Assen;Assen;Drenthe
9403;Assen;Assen;Drenthe
9404;Assen;Assen;Drenthe
9405;Assen;Assen;Drenthe
9406;Assen;Assen;Drenthe
9407;Assen;Assen;Drenthe
9408;Assen;Assen;Drenthe
9409;Loon;Assen;Drenthe
9410;Beilen;Midden-Drenthe;Drenthe
9411;Beilen;Midden-Drenthe;Drenthe
9412;Beilen;Midden-Drenthe;Drenthe
9413;Beilen;Midden-Drenthe;Drenthe
9414;Hooghalen;Midden-Drenthe;Drenthe
9415;Hijken;Midden-Drenthe;Drenthe
9416;Oranje;Midden-Drenthe;Drenthe
9417;Spier;Midden-Drenthe;Drenthe
9418;Wijster;Midden-Drenthe;Drenthe
9419;Drijber;Midden-Drenthe;Drenthe
9420;Bovensmilde;Midden-Drenthe;Drenthe
9421;Bovensmilde;Midden-Drenthe;Drenthe
9422;Smilde;Midden-Drenthe;Drenthe
9423;Hoogersmilde;Midden-Drenthe;Drenthe
9430;Westerbork;Midden-Drenthe;Drenthe
9431;Westerbork;Midden-Drenthe;Drenthe
9432;Zuidveld;Midden-Drenthe;Drenthe
9433;Zwiggelte;Midden-Drenthe;Drenthe
9434;Eursinge;Midden-Drenthe;Drenthe
9435;Bruntinge;Midden-Drenthe;Drenthe
9436;Mantinge;Midden-Drenthe;Drenthe
9437;Balinge;Midden-Drenthe;Drenthe
9438;Garminge;Midden-Drenthe;Drenthe
9439;Witteveen;Midden-Drenthe;Drenthe
9441;Orvelte;Midden-Drenthe;Drenthe
9442;Elp;Midden-Drenthe;Drenthe
9443;Schoonloo;Aa en Hunze;Drenthe
9444;Grolloo;Aa en Hunze;Drenthe
9445;Vredenheim;Aa en Hunze;Drenthe
9446;Amen;Aa en Hunze;Drenthe
9447;Papenvoort;Aa en Hunze;Drenthe
9448;Marwijksoord;Aa en Hunze;Drenthe
9449;Nooitgedacht;Aa en Hunze;Drenthe
9450;Rolde;Aa en Hunze;Drenthe
9451;Rolde;Aa en Hunze;Drenthe
9452;Nijlande;Aa en Hunze;Drenthe
9453;Eldersloo;Aa en Hunze;Drenthe
9454;Ekehaar;Aa en Hunze;Drenthe
9455;Geelbroek;Aa en Hunze;Drenthe
9456;Eleveld;Aa en Hunze;Drenthe
9457;Deurze;Aa en Hunze;Drenthe
9458;Balloo;Aa en Hunze;Drenthe
9459;Balloërveld;Aa en Hunze;Drenthe
9460;Gieten;Aa en Hunze;Drenthe
9461;Gieten;Aa en Hunze;Drenthe
9462;Gasselte;Aa en Hunze;Drenthe
9463;Eext;Aa en Hunze;Drenthe
9464;Eexterzandvoort;Aa en Hunze;Drenthe
9465;Anderen;Aa en Hunze;Drenthe
9466;Gasteren;Aa en Hunze;Drenthe
9467;Anloo;Aa en Hunze;Drenthe
9468;Annen;Aa en Hunze;Drenthe
9469;Schipborg;Aa en Hunze;Drenthe
9470;Zuidlaren;Tynaarlo;Drenthe
9471;Zuidlaren;Tynaarlo;Drenthe
9472;Zuidlaren;Tynaarlo;Drenthe
9473;De Groeve;Tynaarlo;Drenthe
9474;Zuidlaarderveen;Tynaarlo;Drenthe
9475;Midlaren;Tynaarlo;Drenthe
9479;Noordlaren;Groningen;Groningen
9480;Vries;Tynaarlo;Drenthe
9481;Vries;Tynaarlo;Drenthe
9482;Tynaarlo;Tynaarlo;Drenthe
9483;Zeegse;Tynaarlo;Drenthe
9484;Oudemolen;Tynaarlo;Drenthe
9485;Taarlo;Tynaarlo;Drenthe
9486;Rhee;Assen;Drenthe
9487;Ter Aard;Assen;Drenthe
9488;Zeijerveld;Assen;Drenthe
9489;Zeijerveen;Assen;Drenthe
9491;Zeijen;Tynaarlo;Drenthe
9492;Ubbena;Assen;Drenthe
9493;De Punt;Tynaarlo;Drenthe
9494;Yde;Tynaarlo;Drenthe
9495;Winde;Tynaarlo;Drenthe
9496;Bunne;Tynaarlo;Drenthe
9497;Donderen;Tynaarlo;Drenthe
9500;Stadskanaal;Stadskanaal;Groningen
9501;Stadskanaal;Stadskanaal;Groningen
9502;Stadskanaal;Stadskanaal;Groningen
9503;Stadskanaal;Stadskanaal;Groningen
9511;Gieterveen;Aa en Hunze;Drenthe
9512;Nieuwediep;Aa en Hunze;Drenthe
9514;Gasselternijveen;Aa en Hunze;Drenthe
9515;Gasselternijveenschemond;Aa en Hunze;Drenthe
9520;Nieuw-Buinen;Borger-Odoorn;Drenthe
9521;Nieuw-Buinen;Borger-Odoorn;Drenthe
9523;Drouwenermond;Borger-Odoorn;Drenthe
9524;Buinerveen;Borger-Odoorn;Drenthe
9525;Drouwenerveen;Borger-Odoorn;Drenthe
9526;Bronnegerveen;Borger-Odoorn;Drenthe
9527;Bronneger;Borger-Odoorn;Drenthe
9528;Buinen;Borger-Odoorn;Drenthe
9530;Borger;Borger-Odoorn;Drenthe
9531;Borger;Borger-Odoorn;Drenthe
9533;Drouwen;Borger-Odoorn;Drenthe
9534;Westdorp;Borger-Odoorn;Drenthe
9535;Ellertshaar;Borger-Odoorn;Drenthe
9536;Ees;Borger-Odoorn;Drenthe
9537;Eesergroen;Borger-Odoorn;Drenthe
9540;Vlagtwedde;Westerwolde;Groningen
9541;Vlagtwedde;Westerwolde;Groningen
9545;Bourtange;Westerwolde;Groningen
9550;Sellingen;Westerwolde;Groningen
9551;Sellingen;Westerwolde;Groningen
9560;Ter Apel;Westerwolde;Groningen
9561;Ter Apel;Westerwolde;Groningen
9563;Ter Apelkanaal;Westerwolde;Groningen
9564;Zandberg;Borger-Odoorn;Drenthe
9566;Veelerveen;Westerwolde;Groningen
9571;2e Exloërmond;Borger-Odoorn;Drenthe
9573;1e Exloërmond;Borger-Odoorn;Drenthe
9574;Exloërveen;Borger-Odoorn;Drenthe
9580;Musselkanaal;Stadskanaal;Groningen
9581;Musselkanaal;Stadskanaal;Groningen
9584;Mussel;Stadskanaal;Groningen
9585;Vledderveen;Stadskanaal;Groningen
9591;Onstwedde;Stadskanaal;Groningen
9600;Hoogezand;Midden-Groningen;Groningen
9601;Hoogezand;Midden-Groningen;Groningen
9602;Hoogezand;Midden-Groningen;Groningen
9603;Hoogezand;Midden-Groningen;Groningen
9605;Kiel-Windeweer;Midden-Groningen;Groningen
9606;Kropswolde;Midden-Groningen;Groningen
9607;Foxhol;Midden-Groningen;Groningen
9608;Westerbroek;Midden-Groningen;Groningen
9609;Waterhuizen;Midden-Groningen;Groningen
9610;Sappemeer;Midden-Groningen;Groningen
9611;Sappemeer;Midden-Groningen;Groningen
9613;Meerstad;Groningen;Groningen
9614;Harkstede GN;Groningen;Groningen
9615;Kolham;Midden-Groningen;Groningen
9616;Scharmer;Midden-Groningen;Groningen
9617;Harkstede;Midden-Groningen;Groningen
9618;Woudbloem;Midden-Groningen;Groningen
9619;Froombosch;Midden-Groningen;Groningen
9620;Slochteren;Midden-Groningen;Groningen
9621;Slochteren;Midden-Groningen;Groningen
9622;Lageland GN;Groningen;Groningen
9623;Lageland;Midden-Groningen;Groningen
9624;Luddeweer;Midden-Groningen;Groningen
9625;Overschild;Midden-Groningen;Groningen
9626;Schildwolde;Midden-Groningen;Groningen
9627;Hellum;Midden-Groningen;Groningen
9628;Siddeburen;Midden-Groningen;Groningen
9629;Steendam;Midden-Groningen;Groningen
9631;Borgercompagnie;Veendam;Groningen
9632;Borgercompagnie;Midden-Groningen;Groningen
9633;Tripscompagnie;Midden-Groningen;Groningen
9635;Noordbroek;Midden-Groningen;Groningen
9636;Zuidbroek;Midden-Groningen;Groningen
9640;Veendam;Veendam;Groningen
9641;Veendam;Veendam;Groningen
9642;Veendam;Veendam;Groningen
9644;Veendam;Veendam;Groningen
9645;Veendam;Veendam;Groningen
9646;Veendam;Veendam;Groningen
9648;Wildervank;Veendam;Groningen
9649;Muntendam;Midden-Groningen;Groningen
9651;Meeden;Midden-Groningen;Groningen
9654;Annerveenschekanaal;Aa en Hunze;Drenthe
9655;Oud Annerveen;Aa en Hunze;Drenthe
9656;Spijkerboor;Aa en Hunze;Drenthe
9657;Nieuw Annerveen;Aa en Hunze;Drenthe
9658;Eexterveen;Aa en Hunze;Drenthe
9659;Eexterveenschekanaal;Aa en Hunze;Drenthe
9661;Alteveer;Stadskanaal;Groningen
9663;Nieuwe Pekela;Pekela;Groningen
9665;Oude Pekela;Pekela;Groningen
9670;Winschoten;Oldambt;Groningen
9671;Winschoten;Oldambt;Groningen
9672;Winschoten;Oldambt;Groningen
9673;Winschoten;Oldambt;Groningen
9674;Winschoten;Oldambt;Groningen
9675;Winschoten;Oldambt;Groningen
9677;Heiligerlee;Oldambt;Groningen
9678;Westerlee;Oldambt;Groningen
9679;Scheemda;Oldambt;Groningen
9681;Midwolda;Oldambt;Groningen
9682;Oostwold;Oldambt;Groningen
9684;Finsterwolde;Oldambt;Groningen
9685;Blauwestad;Oldambt;Groningen
9686;Beerta;Oldambt;Groningen
9687;Nieuw Beerta;Oldambt;Groningen
9688;Drieborg;Oldambt;Groningen
9691;Oudezijl;Oldambt;Groningen
9693;Bad Nieuweschans;Oldambt;Groningen
9695;Bellingwolde;Westerwolde;Groningen
9696;Oudeschans;Westerwolde;Groningen
9697;Blijham;Westerwolde;Groningen
9698;Wedde;Westerwolde;Groningen
9699;Vriescheloo;Westerwolde;Groningen
9700;Groningen;Groningen;Groningen
9701;Groningen;Groningen;Groningen
9702;Groningen;Groningen;Groningen
9703;Groningen;Groningen;Groningen
9704;Groningen;Groningen;Groningen
9711;Groningen;Groningen;Groningen
9712;Groningen;Groningen;Groningen
9713;Groningen;Groningen;Groningen
9714;Groningen;Groningen;Groningen
9715;Groningen;Groningen;Groningen
9716;Groningen;Groningen;Groningen
9717;Groningen;Groningen;Groningen
9718;Groningen;Groningen;Groningen
9721;Groningen;Groningen;Groningen
9722;Groningen;Groningen;Groningen
9723;Groningen;Groningen;Groningen
9724;Groningen;Groningen;Groningen
9725;Groningen;Groningen;Groningen
9726;Groningen;Groningen;Groningen
9727;Groningen;Groningen;Groningen
9728;Groningen;Groningen;Groningen
9731;Groningen;Groningen;Groningen
9732;Groningen;Groningen;Groningen
9733;Groningen;Groningen;Groningen
9734;Groningen;Groningen;Groningen
9735;Groningen;Groningen;Groningen
9736;Groningen;Groningen;Groningen
9737;Groningen;Groningen;Groningen
9738;Groningen;Groningen;Groningen
9741;Groningen;Groningen;Groningen
9742;Groningen;Groningen;Groningen
9743;Groningen;Groningen;Groningen
9744;Groningen;Groningen;Groningen
9745;Groningen;Groningen;Groningen
9746;Groningen;Groningen;Groningen
9747;Groningen;Groningen;Groningen
9749;Matsloot;Noordenveld;Drenthe
9750;Haren;Oss;Noord-Brabant
9751;Haren Gn;Groningen;Groningen
9752;Haren Gn;Groningen;Groningen
9753;Haren Gn;Groningen;Groningen
9755;Onnen;Groningen;Groningen
9756;Glimmen;Groningen;Groningen
9760;Eelde;Tynaarlo;Drenthe
9761;Eelde;Tynaarlo;Drenthe
9765;Paterswolde;Tynaarlo;Drenthe
9766;Eelderwolde;Tynaarlo;Drenthe
9771;Sauwerd;Het Hogeland;Groningen
9773;Wetsinge;Het Hogeland;Groningen
9774;Adorp;Het Hogeland;Groningen
9780;Bedum;Het Hogeland;Groningen
9781;Bedum;Het Hogeland;Groningen
9784;Noordwolde;Het Hogeland;Groningen
9785;Zuidwolde;Het Hogeland;Groningen
9790;Ten Boer;Groningen;Groningen
9791;Ten Boer;Groningen;Groningen
9792;Ten Post;Groningen;Groningen
9793;Winneweer;Groningen;Groningen
9794;Lellens;Groningen;Groningen
9795;Woltersum;Groningen;Groningen
9796;Sint Annen;Groningen;Groningen
9797;Thesinge;Groningen;Groningen
9798;Garmerwolde;Groningen;Groningen
9800;Zuidhorn;Westerkwartier;Groningen
9801;Zuidhorn;Westerkwartier;Groningen
9804;Noordhorn;Westerkwartier;Groningen
9805;Briltil;Westerkwartier;Groningen
9811;Enumatil;Westerkwartier;Groningen
9812;Enumatil;Westerkwartier;Groningen
9821;Oldekerk;Westerkwartier;Groningen
9822;Niekerk;Westerkwartier;Groningen
9824;Noordwijk;Westerkwartier;Groningen
9825;Lucaswolde;Westerkwartier;Groningen
9827;Lettelbert;Westerkwartier;Groningen
9828;Oostwold;Westerkwartier;Groningen
9831;Aduard;Westerkwartier;Groningen
9832;Den Horn;Westerkwartier;Groningen
9833;Den Ham;Westerkwartier;Groningen
9841;Niezijl;Westerkwartier;Groningen
9842;Niezijl;Westerkwartier;Groningen
9843;Grijpskerk;Westerkwartier;Groningen
9844;Pieterzijl;Westerkwartier;Groningen
9845;Visvliet;Westerkwartier;Groningen
9851;Burum;Noardeast-Fryslân;Friesland
9852;Warfstermolen;Noardeast-Fryslân;Friesland
9853;Munnekezijl;Noardeast-Fryslân;Friesland
9860;Grootegast;Westerkwartier;Groningen
9861;Grootegast;Westerkwartier;Groningen
9862;Sebaldeburen;Westerkwartier;Groningen
9863;Doezum;Westerkwartier;Groningen
9864;Kornhorn;Westerkwartier;Groningen
9865;Opende;Westerkwartier;Groningen
9866;Lutjegast;Westerkwartier;Groningen
9871;Stroobos;Achtkarspelen;Friesland
9872;Stroobos;Achtkarspelen;Friesland
9873;Gerkesklooster;Achtkarspelen;Friesland
9881;Kommerzijl;Westerkwartier;Groningen
9882;Kommerzijl;Westerkwartier;Groningen
9883;Oldehove;Westerkwartier;Groningen
9884;Niehove;Westerkwartier;Groningen
9885;Lauwerzijl;Westerkwartier;Groningen
9886;Saaksum;Westerkwartier;Groningen
9891;Ezinge;Westerkwartier;Groningen
9892;Feerwerd;Westerkwartier;Groningen
9893;Garnwerd;Westerkwartier;Groningen
9900;Appingedam;Appingedam;Groningen
9901;Appingedam;Appingedam;Groningen
9902;Appingedam;Appingedam;Groningen
9903;Appingedam;Appingedam;Groningen
9904;Krewerd;Delfzijl;Groningen
9905;Holwierde;Delfzijl;Groningen
9906;Bierum;Delfzijl;Groningen
9907;Losdorp;Delfzijl;Groningen
9908;Godlinze;Delfzijl;Groningen
9909;Spijk;Delfzijl;Groningen
9911;Oosterwijtwerd;Loppersum;Groningen
9912;Leermens;Loppersum;Groningen
9913;Eenum;Loppersum;Groningen
9914;Zeerijp;Loppersum;Groningen
9915;’t Zandt;Loppersum;Groningen
9917;Wirdum;Loppersum;Groningen
9918;Garrelsweer;Loppersum;Groningen
9919;Loppersum;Loppersum;Groningen
9921;Stedum;Loppersum;Groningen
9922;Westeremden;Loppersum;Groningen
9923;Garsthuizen;Loppersum;Groningen
9924;Startenhuizen;Loppersum;Groningen
9925;Startenhuizen;Het Hogeland;Groningen
9930;Delfzijl;Delfzijl;Groningen
9931;Delfzijl;Delfzijl;Groningen
9932;Delfzijl;Delfzijl;Groningen
9933;Delfzijl;Delfzijl;Groningen
9934;Delfzijl;Delfzijl;Groningen
9936;Farmsum;Delfzijl;Groningen
9937;Meedhuizen;Delfzijl;Groningen
9939;Tjuchem;Midden-Groningen;Groningen
9942;’t Waar;Oldambt;Groningen
9943;Nieuw Scheemda;Oldambt;Groningen
9944;Nieuwolda;Oldambt;Groningen
9945;Wagenborgen;Delfzijl;Groningen
9946;Woldendorp;Delfzijl;Groningen
9947;Termunten;Delfzijl;Groningen
9948;Termunterzijl;Delfzijl;Groningen
9949;Borgsweer;Delfzijl;Groningen
9950;Winsum;Waadhoeke;Friesland
9951;Winsum;Het Hogeland;Groningen
9953;Baflo;Het Hogeland;Groningen
9954;Tinallinge;Het Hogeland;Groningen
9955;Rasquert;Het Hogeland;Groningen
9956;Den Andel;Het Hogeland;Groningen
9957;Saaxumhuizen;Het Hogeland;Groningen
9959;Onderdendam;Het Hogeland;Groningen
9961;Mensingeweer;Het Hogeland;Groningen
9962;Schouwerzijl;Het Hogeland;Groningen
9963;Warfhuizen;Het Hogeland;Groningen
9964;Wehe-den Hoorn;Het Hogeland;Groningen
9965;Leens;Het Hogeland;Groningen
9966;Zuurdijk;Het Hogeland;Groningen
9967;Eenrum;Het Hogeland;Groningen
9968;Pieterburen;Het Hogeland;Groningen
9969;Westernieland;Het Hogeland;Groningen
9970;Ulrum;Het Hogeland;Groningen
9971;Ulrum;Het Hogeland;Groningen
9972;Niekerk;Het Hogeland;Groningen
9973;Houwerzijl;Het Hogeland;Groningen
9974;Zoutkamp;Het Hogeland;Groningen
9975;Vierhuizen;Het Hogeland;Groningen
9976;Lauwersoog;Het Hogeland;Groningen
9977;Kloosterburen;Het Hogeland;Groningen
9978;Hornhuizen;Het Hogeland;Groningen
9979;Eemshaven;Het Hogeland;Groningen
9980;Uithuizen;Het Hogeland;Groningen
9981;Uithuizen;Het Hogeland;Groningen
9982;Uithuizermeeden;Het Hogeland;Groningen
9983;Roodeschool;Het Hogeland;Groningen
9984;Oudeschip;Het Hogeland;Groningen
9985;Oosternieland;Het Hogeland;Groningen
9986;Oldenzijl;Het Hogeland;Groningen
9987;Zijldijk;Loppersum;Groningen
9988;Usquert;Het Hogeland;Groningen
9989;Warffum;Het Hogeland;Groningen
9990;Middelstum;Loppersum;Groningen
9991;Middelstum;Loppersum;Groningen
9992;Huizinge;Loppersum;Groningen
9993;Westerwijtwerd;Loppersum;Groningen
9994;Toornwerd;Loppersum;Groningen
9995;Kantens;Het Hogeland;Groningen
9996;Eppenhuizen;Het Hogeland;Groningen
9997;Zandeweer;Het Hogeland;Groningen
9998;Rottum;Het Hogeland;Groningen
9999;Stitswerd;Het Hogeland;Groningen