{
  "type": "FeatureCollection",
  "metadata": {
    "gemeente": "Altena",
    "slug": "altena",
    "generated_at": "2026-06-30T16:08:43.325374Z",
    "total_points": 93,
    "providers": [
      "Amazon",
      "DHL",
      "DPD",
      "PostNL",
      "VintedGo",
      "ViaTim",
      "InPost"
    ],
    "bounds": [
      4.883019978,
      51.7202381,
      5.1319677,
      51.8146872931462
    ]
  },
  "features": [
    {
      "type": "Feature",
      "geometry": {
        "type": "Point",
        "coordinates": [
          5.026947115,
          51.79424542
        ]
      },
      "properties": {
        "type": "pakketpunt",
        "locatieNaam": "Spar Kraaij",
        "straatNaam": "Parelplein 10",
        "straatNr": "",
        "vervoerder": "Amazon",
        "puntType": "3p",
        "bezettingsgraad": 50,
        "latitude": 51.79424542,
        "longitude": 5.026947115,
        "canPickup": true,
        "canDropoff": false,
        "openingstijden": null
      }
    },
    {
      "type": "Feature",
      "geometry": {
        "type": "Point",
        "coordinates": [
          4.94602270850895,
          51.8130246831923
        ]
      },
      "properties": {
        "type": "pakketpunt",
        "locatieNaam": "Nena's Dogs & Cats",
        "straatNaam": "Nieuwe Es 157",
        "straatNr": "",
        "vervoerder": "Amazon",
        "puntType": "3p",
        "bezettingsgraad": 50,
        "latitude": 51.8130246831923,
        "longitude": 4.94602270850895,
        "canPickup": true,
        "canDropoff": false,
        "openingstijden": null
      }
    },
    {
      "type": "Feature",
      "geometry": {
        "type": "Point",
        "coordinates": [
          4.883019978,
          51.80328805
        ]
      },
      "properties": {
        "type": "pakketpunt",
        "locatieNaam": "Hubo Werkendam",
        "straatNaam": "Vierlinghstraat 9 -11",
        "straatNr": "",
        "vervoerder": "Amazon",
        "puntType": "3p",
        "bezettingsgraad": 50,
        "latitude": 51.80328805,
        "longitude": 4.883019978,
        "canPickup": true,
        "canDropoff": false,
        "openingstijden": null
      }
    },
    {
      "type": "Feature",
      "geometry": {
        "type": "Point",
        "coordinates": [
          4.900083971,
          51.73623359
        ]
      },
      "properties": {
        "type": "pakketpunt",
        "locatieNaam": "Drogisterij 't Vijzeltje",
        "straatNaam": "Jachtsloot 2 A",
        "straatNr": "",
        "vervoerder": "Amazon",
        "puntType": "3p",
        "bezettingsgraad": 50,
        "latitude": 51.73623359,
        "longitude": 4.900083971,
        "canPickup": true,
        "canDropoff": false,
        "openingstijden": null
      }
    },
    {
      "type": "Feature",
      "geometry": {
        "type": "Point",
        "coordinates": [
          5.10332204291391,
          51.7738804664436
        ]
      },
      "properties": {
        "type": "pakketpunt",
        "locatieNaam": "Cadeau Shop Duijzer",
        "straatNaam": "Groeneweg 1 E",
        "straatNr": "",
        "vervoerder": "Amazon",
        "puntType": "3p",
        "bezettingsgraad": 50,
        "latitude": 51.7738804664436,
        "longitude": 5.10332204291391,
        "canPickup": true,
        "canDropoff": false,
        "openingstijden": null
      }
    },
    {
      "type": "Feature",
      "geometry": {
        "type": "Point",
        "coordinates": [
          4.9008327,
          51.7270546
        ]
      },
      "properties": {
        "type": "pakketpunt",
        "locatieNaam": "Bloemeninterieur Hank",
        "straatNaam": "Keizer Napoleonweg",
        "straatNr": "3",
        "vervoerder": "DHL",
        "puntType": "parcelShop",
        "bezettingsgraad": 50,
        "latitude": 51.7270546,
        "longitude": 4.9008327,
        "canPickup": true,
        "canDropoff": true,
        "openingstijden": {
          "ma": "13:00 - 18:00",
          "di": "10:00 - 18:00",
          "wo": "10:00 - 18:00",
          "do": "10:00 - 18:00",
          "vr": "10:00 - 18:00",
          "za": "gesloten",
          "zo": "gesloten"
        }
      }
    },
    {
      "type": "Feature",
      "geometry": {
        "type": "Point",
        "coordinates": [
          4.9576701,
          51.7288762
        ]
      },
      "properties": {
        "type": "pakketpunt",
        "locatieNaam": "Shell Hanex Dussen",
        "straatNaam": "De Sluis",
        "straatNr": "4",
        "vervoerder": "DHL",
        "puntType": "parcelShop",
        "bezettingsgraad": 50,
        "latitude": 51.7288762,
        "longitude": 4.9576701,
        "canPickup": true,
        "canDropoff": true,
        "openingstijden": {
          "ma": "07:00 - 20:00",
          "di": "07:00 - 20:00",
          "wo": "07:00 - 20:00",
          "do": "07:00 - 20:00",
          "vr": "07:00 - 20:00",
          "za": "08:00 - 20:00",
          "zo": "09:00 - 19:00"
        }
      }
    },
    {
      "type": "Feature",
      "geometry": {
        "type": "Point",
        "coordinates": [
          4.960777,
          51.728135
        ]
      },
      "properties": {
        "type": "pakketpunt",
        "locatieNaam": "Hubo Dussen",
        "straatNaam": "De Sluis",
        "straatNr": "1-A",
        "vervoerder": "DHL",
        "puntType": "parcelShop",
        "bezettingsgraad": 50,
        "latitude": 51.728135,
        "longitude": 4.960777,
        "canPickup": true,
        "canDropoff": true,
        "openingstijden": {
          "ma": "09:00 - 20:00",
          "di": "09:00 - 20:00",
          "wo": "09:00 - 20:00",
          "do": "09:00 - 20:00",
          "vr": "09:00 - 20:00",
          "za": "09:00 - 17:00",
          "zo": "gesloten"
        }
      }
    },
    {
      "type": "Feature",
      "geometry": {
        "type": "Point",
        "coordinates": [
          4.92353630065918,
          51.76927947998047
        ]
      },
      "properties": {
        "type": "pakketpunt",
        "locatieNaam": "DA & Readshop Thuis bij Haaijkes",
        "straatNaam": "Rijksweg",
        "straatNr": "116-Q",
        "vervoerder": "DHL",
        "puntType": "parcelShop",
        "bezettingsgraad": 50,
        "latitude": 51.76927947998047,
        "longitude": 4.92353630065918,
        "canPickup": true,
        "canDropoff": true,
        "openingstijden": {
          "ma": "08:00 - 20:00",
          "di": "08:00 - 20:00",
          "wo": "08:00 - 20:00",
          "do": "08:00 - 20:00",
          "vr": "08:00 - 20:00",
          "za": "08:00 - 20:00",
          "zo": "gesloten"
        }
      }
    },
    {
      "type": "Feature",
      "geometry": {
        "type": "Point",
        "coordinates": [
          4.9246471,
          51.7766347
        ]
      },
      "properties": {
        "type": "pakketpunt",
        "locatieNaam": "DHL Buurtpunt ViaTim & Pleuny",
        "straatNaam": "Snijderstraat",
        "straatNr": "9",
        "vervoerder": "DHL",
        "puntType": "parcelShop",
        "bezettingsgraad": 50,
        "latitude": 51.7766347,
        "longitude": 4.9246471,
        "canPickup": true,
        "canDropoff": true,
        "openingstijden": {
          "ma": "16:00 - 20:00",
          "di": "16:00 - 20:00",
          "wo": "16:00 - 20:00",
          "do": "16:00 - 20:00",
          "vr": "16:00 - 20:00",
          "za": "gesloten",
          "zo": "gesloten"
        }
      }
    },
    {
      "type": "Feature",
      "geometry": {
        "type": "Point",
        "coordinates": [
          4.9511172,
          51.768995
        ]
      },
      "properties": {
        "type": "pakketpunt",
        "locatieNaam": "DHL Buurtpunt ViaTim & Patricia",
        "straatNaam": "Middenveld",
        "straatNr": "3",
        "vervoerder": "DHL",
        "puntType": "parcelShop",
        "bezettingsgraad": 50,
        "latitude": 51.768995,
        "longitude": 4.9511172,
        "canPickup": true,
        "canDropoff": true,
        "openingstijden": {
          "ma": "16:00 - 21:00",
          "di": "16:00 - 21:00",
          "wo": "16:00 - 21:00",
          "do": "16:00 - 21:00",
          "vr": "16:00 - 21:00",
          "za": "gesloten",
          "zo": "gesloten"
        }
      }
    },
    {
      "type": "Feature",
      "geometry": {
        "type": "Point",
        "coordinates": [
          4.883039579423098,
          51.80344933826534
        ]
      },
      "properties": {
        "type": "pakketpunt",
        "locatieNaam": "Pakketautomaat Hubo Werkendam",
        "straatNaam": "Vierlinghstraat",
        "straatNr": "9",
        "vervoerder": "DHL",
        "puntType": "packStation",
        "bezettingsgraad": 50,
        "latitude": 51.80344933826534,
        "longitude": 4.883039579423098,
        "canPickup": true,
        "canDropoff": true,
        "openingstijden": {
          "ma": "08:00 - 20:00",
          "di": "08:00 - 20:00",
          "wo": "08:00 - 20:00",
          "do": "08:00 - 20:00",
          "vr": "08:00 - 20:00",
          "za": "08:00 - 20:00",
          "zo": "gesloten"
        }
      }
    },
    {
      "type": "Feature",
      "geometry": {
        "type": "Point",
        "coordinates": [
          4.888897,
          51.803427
        ]
      },
      "properties": {
        "type": "pakketpunt",
        "locatieNaam": "Auto en Bandenservice Verbaan",
        "straatNaam": "Bolstrastraat",
        "straatNr": "15",
        "vervoerder": "DHL",
        "puntType": "parcelShop",
        "bezettingsgraad": 50,
        "latitude": 51.803427,
        "longitude": 4.888897,
        "canPickup": true,
        "canDropoff": true,
        "openingstijden": {
          "ma": "08:30 - 17:30",
          "di": "08:30 - 17:30",
          "wo": "08:30 - 17:30",
          "do": "08:30 - 17:30",
          "vr": "08:30 - 17:30",
          "za": "gesloten",
          "zo": "gesloten"
        }
      }
    },
    {
      "type": "Feature",
      "geometry": {
        "type": "Point",
        "coordinates": [
          4.8908224,
          51.8094199
        ]
      },
      "properties": {
        "type": "pakketpunt",
        "locatieNaam": "Pakketautomaat AH Werkendam",
        "straatNaam": "Sigmondstraat",
        "straatNr": "52",
        "vervoerder": "DHL",
        "puntType": "packStation",
        "bezettingsgraad": 50,
        "latitude": 51.8094199,
        "longitude": 4.8908224,
        "canPickup": true,
        "canDropoff": true,
        "openingstijden": {
          "ma": "00:00 - 23:59",
          "di": "00:00 - 23:59",
          "wo": "00:00 - 23:59",
          "do": "00:00 - 23:59",
          "vr": "00:00 - 23:59",
          "za": "00:00 - 23:59",
          "zo": "00:00 - 23:59"
        }
      }
    },
    {
      "type": "Feature",
      "geometry": {
        "type": "Point",
        "coordinates": [
          5.088648,
          51.735753
        ]
      },
      "properties": {
        "type": "pakketpunt",
        "locatieNaam": "Treffers Geschenkenhuis",
        "straatNaam": "Hoefstraat",
        "straatNr": "1",
        "vervoerder": "DHL",
        "puntType": "parcelShop",
        "bezettingsgraad": 50,
        "latitude": 51.735753,
        "longitude": 5.088648,
        "canPickup": true,
        "canDropoff": true,
        "openingstijden": {
          "ma": "09:00 - 17:30",
          "di": "09:00 - 17:30",
          "wo": "09:00 - 17:30",
          "do": "09:00 - 17:30",
          "vr": "09:00 - 17:30",
          "za": "09:00 - 17:00",
          "zo": "gesloten"
        }
      }
    },
    {
      "type": "Feature",
      "geometry": {
        "type": "Point",
        "coordinates": [
          5.089724359900924,
          51.73778536983706
        ]
      },
      "properties": {
        "type": "pakketpunt",
        "locatieNaam": "Pakketautomaat Buurtsuper Genderen",
        "straatNaam": "Hoofdstraat",
        "straatNr": "37",
        "vervoerder": "DHL",
        "puntType": "packStation",
        "bezettingsgraad": 50,
        "latitude": 51.73778536983706,
        "longitude": 5.089724359900924,
        "canPickup": true,
        "canDropoff": true,
        "openingstijden": {
          "ma": "08:00 - 19:00",
          "di": "08:00 - 19:00",
          "wo": "08:00 - 19:00",
          "do": "08:00 - 19:00",
          "vr": "08:00 - 19:00",
          "za": "08:00 - 18:00",
          "zo": "gesloten"
        }
      }
    },
    {
      "type": "Feature",
      "geometry": {
        "type": "Point",
        "coordinates": [
          5.10337,
          51.76609
        ]
      },
      "properties": {
        "type": "pakketpunt",
        "locatieNaam": "Pakketautomaat TinQ Groenweg",
        "straatNaam": "Ambachtweg",
        "straatNr": "8",
        "vervoerder": "DHL",
        "puntType": "packStation",
        "bezettingsgraad": 50,
        "latitude": 51.76609,
        "longitude": 5.10337,
        "canPickup": true,
        "canDropoff": true,
        "openingstijden": {
          "ma": "00:00 - 23:59",
          "di": "00:00 - 23:59",
          "wo": "00:00 - 23:59",
          "do": "00:00 - 23:59",
          "vr": "00:00 - 23:59",
          "za": "00:00 - 23:59",
          "zo": "00:00 - 23:59"
        }
      }
    },
    {
      "type": "Feature",
      "geometry": {
        "type": "Point",
        "coordinates": [
          5.129352,
          51.755469
        ]
      },
      "properties": {
        "type": "pakketpunt",
        "locatieNaam": "Tomboy Kinderboetiek",
        "straatNaam": "De galerij",
        "straatNr": "5",
        "vervoerder": "DHL",
        "puntType": "parcelShop",
        "bezettingsgraad": 50,
        "latitude": 51.755469,
        "longitude": 5.129352,
        "canPickup": true,
        "canDropoff": true,
        "openingstijden": {
          "ma": "gesloten",
          "di": "10:00 - 17:30",
          "wo": "10:00 - 17:30",
          "do": "10:00 - 17:30",
          "vr": "10:00 - 20:00",
          "za": "10:00 - 17:00",
          "zo": "gesloten"
        }
      }
    },
    {
      "type": "Feature",
      "geometry": {
        "type": "Point",
        "coordinates": [
          5.1295761,
          51.7553041
        ]
      },
      "properties": {
        "type": "pakketpunt",
        "locatieNaam": "Pakketautomaat terStal De Galerij",
        "straatNaam": "De Galerij",
        "straatNr": "9-Kast",
        "vervoerder": "DHL",
        "puntType": "packStation",
        "bezettingsgraad": 50,
        "latitude": 51.7553041,
        "longitude": 5.1295761,
        "canPickup": true,
        "canDropoff": true,
        "openingstijden": {
          "ma": "13:00 - 17:30",
          "di": "09:30 - 17:30",
          "wo": "09:30 - 17:30",
          "do": "09:30 - 17:30",
          "vr": "09:30 - 17:30",
          "za": "10:00 - 17:00",
          "zo": "gesloten"
        }
      }
    },
    {
      "type": "Feature",
      "geometry": {
        "type": "Point",
        "coordinates": [
          5.0579132,
          51.7809084
        ]
      },
      "properties": {
        "type": "pakketpunt",
        "locatieNaam": "DHL Buurtpunt ViaTim & Kennedylaan",
        "straatNaam": "Kennedylaan",
        "straatNr": "42",
        "vervoerder": "DHL",
        "puntType": "parcelShop",
        "bezettingsgraad": 50,
        "latitude": 51.7809084,
        "longitude": 5.0579132,
        "canPickup": true,
        "canDropoff": true,
        "openingstijden": {
          "ma": "14:00 - 21:00",
          "di": "14:00 - 21:00",
          "wo": "14:00 - 21:00",
          "do": "14:00 - 21:00",
          "vr": "14:00 - 21:00",
          "za": "12:00 - 21:00",
          "zo": "gesloten"
        }
      }
    },
    {
      "type": "Feature",
      "geometry": {
        "type": "Point",
        "coordinates": [
          5.10144,
          51.775274
        ]
      },
      "properties": {
        "type": "pakketpunt",
        "locatieNaam": "Electro World Veen",
        "straatNaam": "Bagijnhof",
        "straatNr": "19",
        "vervoerder": "DHL",
        "puntType": "parcelShop",
        "bezettingsgraad": 50,
        "latitude": 51.775274,
        "longitude": 5.10144,
        "canPickup": true,
        "canDropoff": true,
        "openingstijden": {
          "ma": "12:30 - 17:30",
          "di": "09:30 - 17:30",
          "wo": "09:30 - 17:30",
          "do": "09:30 - 17:30",
          "vr": "09:30 - 17:30",
          "za": "09:30 - 16:30",
          "zo": "gesloten"
        }
      }
    },
    {
      "type": "Feature",
      "geometry": {
        "type": "Point",
        "coordinates": [
          5.1085848,
          51.7782813
        ]
      },
      "properties": {
        "type": "pakketpunt",
        "locatieNaam": "DHL Winkelpunt ViaTim & Schrijver",
        "straatNaam": "Witboomstraat",
        "straatNr": "27",
        "vervoerder": "DHL",
        "puntType": "parcelShop",
        "bezettingsgraad": 50,
        "latitude": 51.7782813,
        "longitude": 5.1085848,
        "canPickup": true,
        "canDropoff": true,
        "openingstijden": {
          "ma": "13:00 - 17:30",
          "di": "09:00 - 12:00",
          "wo": "09:00 - 17:30",
          "do": "09:00 - 17:30",
          "vr": "09:00 - 17:30",
          "za": "09:00 - 16:00",
          "zo": "gesloten"
        }
      }
    },
    {
      "type": "Feature",
      "geometry": {
        "type": "Point",
        "coordinates": [
          4.892246,
          51.813754
        ]
      },
      "properties": {
        "type": "pakketpunt",
        "locatieNaam": "CheapFixIT",
        "straatNaam": "Hoogstraat",
        "straatNr": "84",
        "vervoerder": "DHL",
        "puntType": "parcelShop",
        "bezettingsgraad": 50,
        "latitude": 51.813754,
        "longitude": 4.892246,
        "canPickup": true,
        "canDropoff": true,
        "openingstijden": {
          "ma": "gesloten",
          "di": "10:00 - 17:30",
          "wo": "10:00 - 17:30",
          "do": "10:00 - 17:30",
          "vr": "10:00 - 19:00",
          "za": "10:00 - 17:00",
          "zo": "gesloten"
        }
      }
    },
    {
      "type": "Feature",
      "geometry": {
        "type": "Point",
        "coordinates": [
          4.8939882,
          51.8140546
        ]
      },
      "properties": {
        "type": "pakketpunt",
        "locatieNaam": "Shoeby Werkendam",
        "straatNaam": "Hoogstraat",
        "straatNr": "48",
        "vervoerder": "DHL",
        "puntType": "parcelShop",
        "bezettingsgraad": 50,
        "latitude": 51.8140546,
        "longitude": 4.8939882,
        "canPickup": true,
        "canDropoff": true,
        "openingstijden": {
          "ma": "12:00 - 17:30",
          "di": "09:00 - 17:30",
          "wo": "09:00 - 17:30",
          "do": "09:00 - 17:30",
          "vr": "09:00 - 20:00",
          "za": "09:00 - 17:00",
          "zo": "gesloten"
        }
      }
    },
    {
      "type": "Feature",
      "geometry": {
        "type": "Point",
        "coordinates": [
          4.8926262,
          51.8137285
        ]
      },
      "properties": {
        "type": "pakketpunt",
        "locatieNaam": "Intertoys Werkendam",
        "straatNaam": "Hoogstraat",
        "straatNr": "77",
        "vervoerder": "DHL",
        "puntType": "parcelShop",
        "bezettingsgraad": 50,
        "latitude": 51.8137285,
        "longitude": 4.8926262,
        "canPickup": true,
        "canDropoff": true,
        "openingstijden": {
          "ma": "11:00 - 17:30",
          "di": "08:30 - 17:30",
          "wo": "08:30 - 17:30",
          "do": "08:30 - 17:30",
          "vr": "08:30 - 18:00",
          "za": "08:30 - 17:00",
          "zo": "gesloten"
        }
      }
    },
    {
      "type": "Feature",
      "geometry": {
        "type": "Point",
        "coordinates": [
          4.8937272,
          51.8139107
        ]
      },
      "properties": {
        "type": "pakketpunt",
        "locatieNaam": "Pakketautomaat terStal Werkendam",
        "straatNaam": "Hoogstraat",
        "straatNr": "57-Kast",
        "vervoerder": "DHL",
        "puntType": "packStation",
        "bezettingsgraad": 50,
        "latitude": 51.8139107,
        "longitude": 4.8937272,
        "canPickup": true,
        "canDropoff": true,
        "openingstijden": {
          "ma": "13:00 - 17:30",
          "di": "09:30 - 17:30",
          "wo": "09:30 - 17:30",
          "do": "09:30 - 21:00",
          "vr": "09:30 - 17:30",
          "za": "09:30 - 17:00",
          "zo": "gesloten"
        }
      }
    },
    {
      "type": "Feature",
      "geometry": {
        "type": "Point",
        "coordinates": [
          4.9457773,
          51.8122542
        ]
      },
      "properties": {
        "type": "pakketpunt",
        "locatieNaam": "Kadofabriek N tikkie verderop",
        "straatNaam": "Nieuwe Es",
        "straatNr": "1",
        "vervoerder": "DHL",
        "puntType": "parcelShop",
        "bezettingsgraad": 50,
        "latitude": 51.8122542,
        "longitude": 4.9457773,
        "canPickup": true,
        "canDropoff": true,
        "openingstijden": {
          "ma": "09:00 - 17:00",
          "di": "09:00 - 17:00",
          "wo": "09:00 - 17:00",
          "do": "09:00 - 17:00",
          "vr": "09:00 - 17:00",
          "za": "09:30 - 17:00",
          "zo": "gesloten"
        }
      }
    },
    {
      "type": "Feature",
      "geometry": {
        "type": "Point",
        "coordinates": [
          4.9969109,
          51.8082964
        ]
      },
      "properties": {
        "type": "pakketpunt",
        "locatieNaam": "Lukoil Velthuis Woudrichem",
        "straatNaam": "Almkerkseweg",
        "straatNr": "3-C",
        "vervoerder": "DHL",
        "puntType": "parcelShop",
        "bezettingsgraad": 50,
        "latitude": 51.8082964,
        "longitude": 4.9969109,
        "canPickup": true,
        "canDropoff": true,
        "openingstijden": {
          "ma": "06:00 - 20:00",
          "di": "06:00 - 20:00",
          "wo": "06:00 - 20:00",
          "do": "06:00 - 20:00",
          "vr": "06:00 - 20:00",
          "za": "07:30 - 19:30",
          "zo": "09:30 - 17:00"
        }
      }
    },
    {
      "type": "Feature",
      "geometry": {
        "type": "Point",
        "coordinates": [
          4.892501,
          51.81382
        ]
      },
      "properties": {
        "type": "pakketpunt",
        "locatieNaam": "Boutique Le Defi",
        "straatNaam": "HOOGSTRAAT",
        "straatNr": "81A",
        "vervoerder": "DPD",
        "puntType": "pickup_point",
        "bezettingsgraad": 50,
        "latitude": 51.81382,
        "longitude": 4.892501,
        "canPickup": true,
        "canDropoff": true,
        "openingstijden": {
          "ma": "gesloten",
          "di": "09:30 - 17:30",
          "wo": "09:30 - 17:30",
          "do": "09:30 - 17:30",
          "vr": "09:30 - 17:30",
          "za": "09:30 - 17:00",
          "zo": "gesloten"
        }
      }
    },
    {
      "type": "Feature",
      "geometry": {
        "type": "Point",
        "coordinates": [
          4.9599338,
          51.7282145
        ]
      },
      "properties": {
        "type": "pakketpunt",
        "locatieNaam": "Hubo Dussen",
        "straatNaam": "DE SLUIS",
        "straatNr": "1A",
        "vervoerder": "DPD",
        "puntType": "pickup_point",
        "bezettingsgraad": 50,
        "latitude": 51.7282145,
        "longitude": 4.9599338,
        "canPickup": true,
        "canDropoff": true,
        "openingstijden": {
          "ma": "09:00 - 20:00",
          "di": "09:00 - 20:00",
          "wo": "09:00 - 20:00",
          "do": "09:00 - 20:00",
          "vr": "09:00 - 20:00",
          "za": "09:00 - 17:00",
          "zo": "gesloten"
        }
      }
    },
    {
      "type": "Feature",
      "geometry": {
        "type": "Point",
        "coordinates": [
          5.088661,
          51.735745
        ]
      },
      "properties": {
        "type": "pakketpunt",
        "locatieNaam": "Treffers Geschenkenhuis",
        "straatNaam": "HOEFSTRAAT",
        "straatNr": "1",
        "vervoerder": "DPD",
        "puntType": "pickup_point",
        "bezettingsgraad": 50,
        "latitude": 51.735745,
        "longitude": 5.088661,
        "canPickup": true,
        "canDropoff": true,
        "openingstijden": {
          "ma": "09:00 - 17:30",
          "di": "09:00 - 17:30",
          "wo": "09:00 - 17:30",
          "do": "09:00 - 17:30",
          "vr": "09:00 - 17:30",
          "za": "09:00 - 17:00",
          "zo": "gesloten"
        }
      }
    },
    {
      "type": "Feature",
      "geometry": {
        "type": "Point",
        "coordinates": [
          5.1085848,
          51.7782813
        ]
      },
      "properties": {
        "type": "pakketpunt",
        "locatieNaam": "'t Schrijvertje",
        "straatNaam": "WITBOOMSTRAAT",
        "straatNr": "27",
        "vervoerder": "DPD",
        "puntType": "pickup_point",
        "bezettingsgraad": 50,
        "latitude": 51.7782813,
        "longitude": 5.1085848,
        "canPickup": true,
        "canDropoff": true,
        "openingstijden": {
          "ma": "13:00 - 17:30",
          "di": "09:00 - 12:00",
          "wo": "09:00 - 12:00, 13:00 - 17:30",
          "do": "09:00 - 12:00, 13:00 - 17:30",
          "vr": "09:00 - 12:00, 13:00 - 17:30",
          "za": "09:00 - 16:00",
          "zo": "gesloten"
        }
      }
    },
    {
      "type": "Feature",
      "geometry": {
        "type": "Point",
        "coordinates": [
          5.1014152,
          51.7752729
        ]
      },
      "properties": {
        "type": "pakketpunt",
        "locatieNaam": "Electro World Veen",
        "straatNaam": "BAGIJNHOF",
        "straatNr": "19",
        "vervoerder": "DPD",
        "puntType": "pickup_point",
        "bezettingsgraad": 50,
        "latitude": 51.7752729,
        "longitude": 5.1014152,
        "canPickup": true,
        "canDropoff": true,
        "openingstijden": {
          "ma": "12:30 - 17:30",
          "di": "09:30 - 17:30",
          "wo": "09:30 - 17:30",
          "do": "09:30 - 17:30",
          "vr": "09:30 - 17:30",
          "za": "09:30 - 16:30",
          "zo": "gesloten"
        }
      }
    },
    {
      "type": "Feature",
      "geometry": {
        "type": "Point",
        "coordinates": [
          4.8886714,
          51.8033415
        ]
      },
      "properties": {
        "type": "pakketpunt",
        "locatieNaam": "Auto- & Bandenservice Verbaan",
        "straatNaam": "BOLSTRASTRAAT",
        "straatNr": "15",
        "vervoerder": "DPD",
        "puntType": "pickup_point",
        "bezettingsgraad": 50,
        "latitude": 51.8033415,
        "longitude": 4.8886714,
        "canPickup": true,
        "canDropoff": true,
        "openingstijden": {
          "ma": "08:30 - 17:30",
          "di": "08:30 - 17:30",
          "wo": "08:30 - 17:30",
          "do": "08:30 - 17:30",
          "vr": "08:30 - 17:30",
          "za": "gesloten",
          "zo": "gesloten"
        }
      }
    },
    {
      "type": "Feature",
      "geometry": {
        "type": "Point",
        "coordinates": [
          5.0579132,
          51.7809084
        ]
      },
      "properties": {
        "type": "pakketpunt",
        "locatieNaam": "ViaTim & Kennedylaan 42",
        "straatNaam": "KENNEDYLAAN",
        "straatNr": "42",
        "vervoerder": "DPD",
        "puntType": "pickup_point",
        "bezettingsgraad": 50,
        "latitude": 51.7809084,
        "longitude": 5.0579132,
        "canPickup": true,
        "canDropoff": true,
        "openingstijden": {
          "ma": "14:00 - 21:00",
          "di": "14:00 - 21:00",
          "wo": "14:00 - 21:00",
          "do": "14:00 - 21:00",
          "vr": "14:00 - 21:00",
          "za": "12:00 - 21:00",
          "zo": "gesloten"
        }
      }
    },
    {
      "type": "Feature",
      "geometry": {
        "type": "Point",
        "coordinates": [
          4.9011319,
          51.7273888
        ]
      },
      "properties": {
        "type": "pakketpunt",
        "locatieNaam": "Bloemeninterieur Hank",
        "straatNaam": "KEIZER NAPOLEONWEG",
        "straatNr": "3",
        "vervoerder": "DPD",
        "puntType": "pickup_point",
        "bezettingsgraad": 50,
        "latitude": 51.7273888,
        "longitude": 4.9011319,
        "canPickup": true,
        "canDropoff": true,
        "openingstijden": {
          "ma": "13:00 - 18:00",
          "di": "10:00 - 18:00",
          "wo": "10:00 - 18:00",
          "do": "10:00 - 18:00",
          "vr": "10:00 - 18:00",
          "za": "gesloten",
          "zo": "gesloten"
        }
      }
    },
    {
      "type": "Feature",
      "geometry": {
        "type": "Point",
        "coordinates": [
          4.9511172,
          51.768995
        ]
      },
      "properties": {
        "type": "pakketpunt",
        "locatieNaam": "ViaTim & Patricia",
        "straatNaam": "MIDDENVELD",
        "straatNr": "3",
        "vervoerder": "DPD",
        "puntType": "pickup_point",
        "bezettingsgraad": 50,
        "latitude": 51.768995,
        "longitude": 4.9511172,
        "canPickup": true,
        "canDropoff": true,
        "openingstijden": {
          "ma": "16:00 - 21:00",
          "di": "16:00 - 21:00",
          "wo": "16:00 - 21:00",
          "do": "16:00 - 21:00",
          "vr": "16:00 - 21:00",
          "za": "gesloten",
          "zo": "gesloten"
        }
      }
    },
    {
      "type": "Feature",
      "geometry": {
        "type": "Point",
        "coordinates": [
          4.9246471,
          51.7766347
        ]
      },
      "properties": {
        "type": "pakketpunt",
        "locatieNaam": "ViaTim & Pleuny",
        "straatNaam": "SNIJDERSTRAAT",
        "straatNr": "9",
        "vervoerder": "DPD",
        "puntType": "pickup_point",
        "bezettingsgraad": 50,
        "latitude": 51.7766347,
        "longitude": 4.9246471,
        "canPickup": true,
        "canDropoff": true,
        "openingstijden": {
          "ma": "16:00 - 20:00",
          "di": "16:00 - 20:00",
          "wo": "16:00 - 20:00",
          "do": "16:00 - 20:00",
          "vr": "17:00 - 20:00",
          "za": "gesloten",
          "zo": "gesloten"
        }
      }
    },
    {
      "type": "Feature",
      "geometry": {
        "type": "Point",
        "coordinates": [
          5.1035672,
          51.7660589
        ]
      },
      "properties": {
        "type": "pakketpunt",
        "locatieNaam": "Pakketautomaat - De Buren - TinQ Gr",
        "straatNaam": "GROENEWEG",
        "straatNr": "8",
        "vervoerder": "DPD",
        "puntType": "dpd_box",
        "bezettingsgraad": 50,
        "latitude": 51.7660589,
        "longitude": 5.1035672,
        "canPickup": true,
        "canDropoff": true,
        "openingstijden": {
          "ma": "00:00 - 23:59",
          "di": "00:00 - 23:59",
          "wo": "00:00 - 23:59",
          "do": "00:00 - 23:59",
          "vr": "00:00 - 23:59",
          "za": "00:00 - 23:59",
          "zo": "00:00 - 23:59"
        }
      }
    },
    {
      "type": "Feature",
      "geometry": {
        "type": "Point",
        "coordinates": [
          4.9001322,
          51.7357155
        ]
      },
      "properties": {
        "type": "pakketpunt",
        "locatieNaam": "Malle Pietje",
        "straatNaam": "KERKSTRAAT",
        "straatNr": "45",
        "vervoerder": "DPD",
        "puntType": "pickup_point",
        "bezettingsgraad": 50,
        "latitude": 51.7357155,
        "longitude": 4.9001322,
        "canPickup": true,
        "canDropoff": true,
        "openingstijden": {
          "ma": "09:00 - 17:30",
          "di": "09:00 - 17:30",
          "wo": "09:00 - 17:30",
          "do": "09:00 - 17:30",
          "vr": "09:00 - 17:30",
          "za": "09:00 - 17:30",
          "zo": "gesloten"
        }
      }
    },
    {
      "type": "Feature",
      "geometry": {
        "type": "Point",
        "coordinates": [
          5.1293521,
          51.7554688
        ]
      },
      "properties": {
        "type": "pakketpunt",
        "locatieNaam": "Tomboy",
        "straatNaam": "DE GALERIJ",
        "straatNr": "5",
        "vervoerder": "DPD",
        "puntType": "pickup_point",
        "bezettingsgraad": 50,
        "latitude": 51.7554688,
        "longitude": 5.1293521,
        "canPickup": true,
        "canDropoff": true,
        "openingstijden": {
          "ma": "gesloten",
          "di": "10:00 - 17:00",
          "wo": "10:00 - 17:00",
          "do": "10:00 - 17:00",
          "vr": "10:00 - 17:00",
          "za": "10:00 - 17:00",
          "zo": "gesloten"
        }
      }
    },
    {
      "type": "Feature",
      "geometry": {
        "type": "Point",
        "coordinates": [
          4.8908492,
          51.8093334
        ]
      },
      "properties": {
        "type": "pakketpunt",
        "locatieNaam": "DPD Pakketautomaat - Albert Heijn v",
        "straatNaam": "SIGMONDSTRAAT",
        "straatNr": "52",
        "vervoerder": "DPD",
        "puntType": "dpd_box",
        "bezettingsgraad": 50,
        "latitude": 51.8093334,
        "longitude": 4.8908492,
        "canPickup": true,
        "canDropoff": true,
        "openingstijden": {
          "ma": "00:01 - 23:59",
          "di": "00:01 - 23:59",
          "wo": "00:01 - 23:59",
          "do": "00:01 - 23:59",
          "vr": "00:01 - 23:59",
          "za": "00:01 - 23:59",
          "zo": "00:01 - 23:59"
        }
      }
    },
    {
      "type": "Feature",
      "geometry": {
        "type": "Point",
        "coordinates": [
          4.922287,
          51.770285
        ]
      },
      "properties": {
        "type": "pakketpunt",
        "locatieNaam": "DA & Readshop Nieuwendijk",
        "straatNaam": "RIJKSWEG",
        "straatNr": "116 Q",
        "vervoerder": "DPD",
        "puntType": "pickup_point",
        "bezettingsgraad": 50,
        "latitude": 51.770285,
        "longitude": 4.922287,
        "canPickup": true,
        "canDropoff": true,
        "openingstijden": {
          "ma": "09:00 - 20:00",
          "di": "09:00 - 20:00",
          "wo": "09:00 - 20:00",
          "do": "09:00 - 20:00",
          "vr": "09:00 - 20:00",
          "za": "09:00 - 20:00",
          "zo": "gesloten"
        }
      }
    },
    {
      "type": "Feature",
      "geometry": {
        "type": "Point",
        "coordinates": [
          4.923041471,
          51.77036641
        ]
      },
      "properties": {
        "type": "pakketpunt",
        "locatieNaam": "Supermarkt de Haaij",
        "straatNaam": "Rijksweg",
        "straatNr": "118",
        "vervoerder": "PostNL",
        "puntType": "servicepunt",
        "bezettingsgraad": 50,
        "latitude": 51.77036641,
        "longitude": 4.923041471,
        "canPickup": true,
        "canDropoff": true,
        "openingstijden": "08:00 - 20:00 (Na 18:00 open; Zaterdag open)"
      }
    },
    {
      "type": "Feature",
      "geometry": {
        "type": "Point",
        "coordinates": [
          4.900083971,
          51.73623359
        ]
      },
      "properties": {
        "type": "pakketpunt",
        "locatieNaam": "Drogisterij 't Vijzeltje",
        "straatNaam": "Jachtsloot",
        "straatNr": "2A",
        "vervoerder": "PostNL",
        "puntType": "servicepunt",
        "bezettingsgraad": 50,
        "latitude": 51.73623359,
        "longitude": 4.900083971,
        "canPickup": true,
        "canDropoff": true,
        "openingstijden": "09:00 - 18:00 (Na 18:00 open; Zaterdag open)"
      }
    },
    {
      "type": "Feature",
      "geometry": {
        "type": "Point",
        "coordinates": [
          4.88309551107345,
          51.80320411164818
        ]
      },
      "properties": {
        "type": "pakketpunt",
        "locatieNaam": "Pakketautomaat",
        "straatNaam": "Vierlinghstraat",
        "straatNr": "9PBA",
        "vervoerder": "PostNL",
        "puntType": "automaat",
        "bezettingsgraad": 50,
        "latitude": 51.80320411164818,
        "longitude": 4.88309551107345,
        "canPickup": true,
        "canDropoff": true,
        "openingstijden": "08:00 - 20:00"
      }
    },
    {
      "type": "Feature",
      "geometry": {
        "type": "Point",
        "coordinates": [
          4.883019978,
          51.80328805
        ]
      },
      "properties": {
        "type": "pakketpunt",
        "locatieNaam": "Hubo Werkendam",
        "straatNaam": "Vierlinghstraat",
        "straatNr": "9-11",
        "vervoerder": "PostNL",
        "puntType": "servicepunt",
        "bezettingsgraad": 50,
        "latitude": 51.80328805,
        "longitude": 4.883019978,
        "canPickup": true,
        "canDropoff": true,
        "openingstijden": "08:00 - 20:00 (Na 18:00 open; Zaterdag open)"
      }
    },
    {
      "type": "Feature",
      "geometry": {
        "type": "Point",
        "coordinates": [
          4.89085519188248,
          51.8093347794165
        ]
      },
      "properties": {
        "type": "pakketpunt",
        "locatieNaam": "Pakket- en briefautomaat",
        "straatNaam": "Sigmondstraat",
        "straatNr": "52PBA",
        "vervoerder": "PostNL",
        "puntType": "automaat",
        "bezettingsgraad": 50,
        "latitude": 51.8093347794165,
        "longitude": 4.89085519188248,
        "canPickup": true,
        "canDropoff": true,
        "openingstijden": "00:00 - 23:59"
      }
    },
    {
      "type": "Feature",
      "geometry": {
        "type": "Point",
        "coordinates": [
          4.89616212089955,
          51.8146872931462
        ]
      },
      "properties": {
        "type": "pakketpunt",
        "locatieNaam": "Pakketautomaat",
        "straatNaam": "Lijnbaan",
        "straatNr": "5PBA",
        "vervoerder": "PostNL",
        "puntType": "automaat",
        "bezettingsgraad": 50,
        "latitude": 51.8146872931462,
        "longitude": 4.89616212089955,
        "canPickup": true,
        "canDropoff": true,
        "openingstijden": "00:00 - 23:59"
      }
    },
    {
      "type": "Feature",
      "geometry": {
        "type": "Point",
        "coordinates": [
          4.94602270850895,
          51.8130246831923
        ]
      },
      "properties": {
        "type": "pakketpunt",
        "locatieNaam": "Nena's Dogs & Cats",
        "straatNaam": "Nieuwe Es",
        "straatNr": "157",
        "vervoerder": "PostNL",
        "puntType": "servicepunt",
        "bezettingsgraad": 50,
        "latitude": 51.8130246831923,
        "longitude": 4.94602270850895,
        "canPickup": true,
        "canDropoff": true,
        "openingstijden": "09:00 - 17:00"
      }
    },
    {
      "type": "Feature",
      "geometry": {
        "type": "Point",
        "coordinates": [
          4.962699724,
          51.73135357
        ]
      },
      "properties": {
        "type": "pakketpunt",
        "locatieNaam": "Spar",
        "straatNaam": "van der Dussenlaan",
        "straatNr": "2",
        "vervoerder": "PostNL",
        "puntType": "servicepunt",
        "bezettingsgraad": 50,
        "latitude": 51.73135357,
        "longitude": 4.962699724,
        "canPickup": true,
        "canDropoff": true,
        "openingstijden": "08:00 - 20:00 (Na 18:00 open; Zaterdag open)"
      }
    },
    {
      "type": "Feature",
      "geometry": {
        "type": "Point",
        "coordinates": [
          4.96268533371264,
          51.7313445325885
        ]
      },
      "properties": {
        "type": "pakketpunt",
        "locatieNaam": "Pakketautomaat",
        "straatNaam": "Van Der Dussenlaan",
        "straatNr": "2PBA",
        "vervoerder": "PostNL",
        "puntType": "automaat",
        "bezettingsgraad": 50,
        "latitude": 51.7313445325885,
        "longitude": 4.96268533371264,
        "canPickup": true,
        "canDropoff": true,
        "openingstijden": "00:05 - 23:55"
      }
    },
    {
      "type": "Feature",
      "geometry": {
        "type": "Point",
        "coordinates": [
          4.99833624765577,
          51.8106569341586
        ]
      },
      "properties": {
        "type": "pakketpunt",
        "locatieNaam": "Pakketautomaat",
        "straatNaam": "Raadhuisplein",
        "straatNr": "4PBA",
        "vervoerder": "PostNL",
        "puntType": "automaat",
        "bezettingsgraad": 50,
        "latitude": 51.8106569341586,
        "longitude": 4.99833624765577,
        "canPickup": true,
        "canDropoff": true,
        "openingstijden": "00:00 - 23:59"
      }
    },
    {
      "type": "Feature",
      "geometry": {
        "type": "Point",
        "coordinates": [
          4.99835067,
          51.8106659
        ]
      },
      "properties": {
        "type": "pakketpunt",
        "locatieNaam": "Primera Woudrichem",
        "straatNaam": "Raadhuisplein",
        "straatNr": "4",
        "vervoerder": "PostNL",
        "puntType": "servicepunt",
        "bezettingsgraad": 50,
        "latitude": 51.8106659,
        "longitude": 4.99835067,
        "canPickup": true,
        "canDropoff": true,
        "openingstijden": "08:00 - 20:00 (Na 18:00 open; Zaterdag open)"
      }
    },
    {
      "type": "Feature",
      "geometry": {
        "type": "Point",
        "coordinates": [
          5.026947115,
          51.79424542
        ]
      },
      "properties": {
        "type": "pakketpunt",
        "locatieNaam": "Spar Kraaij",
        "straatNaam": "Parelplein",
        "straatNr": "10",
        "vervoerder": "PostNL",
        "puntType": "servicepunt",
        "bezettingsgraad": 50,
        "latitude": 51.79424542,
        "longitude": 5.026947115,
        "canPickup": true,
        "canDropoff": true,
        "openingstijden": "08:00 - 20:00 (Na 18:00 open; Zaterdag open)"
      }
    },
    {
      "type": "Feature",
      "geometry": {
        "type": "Point",
        "coordinates": [
          5.05584455,
          51.7833287
        ]
      },
      "properties": {
        "type": "pakketpunt",
        "locatieNaam": "Spar Andel",
        "straatNaam": "Burgemeester van der Schansstraat",
        "straatNr": "18",
        "vervoerder": "PostNL",
        "puntType": "servicepunt",
        "bezettingsgraad": 50,
        "latitude": 51.7833287,
        "longitude": 5.05584455,
        "canPickup": true,
        "canDropoff": true,
        "openingstijden": "08:00 - 19:00"
      }
    },
    {
      "type": "Feature",
      "geometry": {
        "type": "Point",
        "coordinates": [
          5.057104972,
          51.78536365
        ]
      },
      "properties": {
        "type": "pakketpunt",
        "locatieNaam": "Drogisterij Verbeek",
        "straatNaam": "Beatrixstraat",
        "straatNr": "23",
        "vervoerder": "PostNL",
        "puntType": "servicepunt",
        "bezettingsgraad": 50,
        "latitude": 51.78536365,
        "longitude": 5.057104972,
        "canPickup": true,
        "canDropoff": true,
        "openingstijden": "08:00 - 12:15"
      }
    },
    {
      "type": "Feature",
      "geometry": {
        "type": "Point",
        "coordinates": [
          5.089708678,
          51.73773101
        ]
      },
      "properties": {
        "type": "pakketpunt",
        "locatieNaam": "Buurtsuper Genderen",
        "straatNaam": "Hoofdstraat",
        "straatNr": "37A",
        "vervoerder": "PostNL",
        "puntType": "servicepunt",
        "bezettingsgraad": 50,
        "latitude": 51.73773101,
        "longitude": 5.089708678,
        "canPickup": true,
        "canDropoff": true,
        "openingstijden": "08:00 - 20:00 (Na 18:00 open; Zaterdag open)"
      }
    },
    {
      "type": "Feature",
      "geometry": {
        "type": "Point",
        "coordinates": [
          5.08979536390058,
          51.7377581997467
        ]
      },
      "properties": {
        "type": "pakketpunt",
        "locatieNaam": "Pakketautomaat",
        "straatNaam": "Hoofdstraat",
        "straatNr": "37PBA",
        "vervoerder": "PostNL",
        "puntType": "automaat",
        "bezettingsgraad": 50,
        "latitude": 51.7377581997467,
        "longitude": 5.08979536390058,
        "canPickup": true,
        "canDropoff": true,
        "openingstijden": "00:05 - 23:55"
      }
    },
    {
      "type": "Feature",
      "geometry": {
        "type": "Point",
        "coordinates": [
          5.103219378,
          51.77407796
        ]
      },
      "properties": {
        "type": "pakketpunt",
        "locatieNaam": "Pakket- en briefautomaat",
        "straatNaam": "Groeneweg",
        "straatNr": "1PBA",
        "vervoerder": "PostNL",
        "puntType": "automaat",
        "bezettingsgraad": 50,
        "latitude": 51.77407796,
        "longitude": 5.103219378,
        "canPickup": true,
        "canDropoff": true,
        "openingstijden": "00:00 - 23:59"
      }
    },
    {
      "type": "Feature",
      "geometry": {
        "type": "Point",
        "coordinates": [
          5.10332204291391,
          51.7738804664436
        ]
      },
      "properties": {
        "type": "pakketpunt",
        "locatieNaam": "Cadeau Shop Duijzer",
        "straatNaam": "Groeneweg",
        "straatNr": "1E",
        "vervoerder": "PostNL",
        "puntType": "servicepunt",
        "bezettingsgraad": 50,
        "latitude": 51.7738804664436,
        "longitude": 5.10332204291391,
        "canPickup": true,
        "canDropoff": true,
        "openingstijden": "07:00 - 21:00 (Na 18:00 open; Zaterdag open)"
      }
    },
    {
      "type": "Feature",
      "geometry": {
        "type": "Point",
        "coordinates": [
          5.129720132,
          51.75625208
        ]
      },
      "properties": {
        "type": "pakketpunt",
        "locatieNaam": "CIGO Lucas",
        "straatNaam": "Markt",
        "straatNr": "69A-71",
        "vervoerder": "PostNL",
        "puntType": "servicepunt",
        "bezettingsgraad": 50,
        "latitude": 51.75625208,
        "longitude": 5.129720132,
        "canPickup": true,
        "canDropoff": true,
        "openingstijden": "09:00 - 18:00 (Na 18:00 open; Zaterdag open)"
      }
    },
    {
      "type": "Feature",
      "geometry": {
        "type": "Point",
        "coordinates": [
          4.9246472,
          51.7766347
        ]
      },
      "properties": {
        "type": "pakketpunt",
        "locatieNaam": "P. V. D. S. V. Breugel",
        "straatNaam": "Snijderstraat 9",
        "straatNr": "",
        "vervoerder": "VintedGo",
        "puntType": "social",
        "bezettingsgraad": 50,
        "latitude": 51.7766347,
        "longitude": 4.9246472,
        "canPickup": true,
        "canDropoff": true,
        "openingstijden": null
      }
    },
    {
      "type": "Feature",
      "geometry": {
        "type": "Point",
        "coordinates": [
          4.9511173,
          51.768995
        ]
      },
      "properties": {
        "type": "pakketpunt",
        "locatieNaam": "P. Sterk",
        "straatNaam": "Middenveld 3",
        "straatNr": "",
        "vervoerder": "VintedGo",
        "puntType": "social",
        "bezettingsgraad": 50,
        "latitude": 51.768995,
        "longitude": 4.9511173,
        "canPickup": true,
        "canDropoff": true,
        "openingstijden": null
      }
    },
    {
      "type": "Feature",
      "geometry": {
        "type": "Point",
        "coordinates": [
          5.1085849,
          51.7782813
        ]
      },
      "properties": {
        "type": "pakketpunt",
        "locatieNaam": "‘t Schrijvertje",
        "straatNaam": "Witboomstraat 27",
        "straatNr": "",
        "vervoerder": "VintedGo",
        "puntType": "parcel_shop",
        "bezettingsgraad": 50,
        "latitude": 51.7782813,
        "longitude": 5.1085849,
        "canPickup": true,
        "canDropoff": true,
        "openingstijden": null
      }
    },
    {
      "type": "Feature",
      "geometry": {
        "type": "Point",
        "coordinates": [
          4.95993,
          51.72822
        ]
      },
      "properties": {
        "type": "pakketpunt",
        "locatieNaam": "Bouwmarkt Dussen",
        "straatNaam": "de Sluis 1a",
        "straatNr": "",
        "vervoerder": "VintedGo",
        "puntType": "parcel_shop",
        "bezettingsgraad": 50,
        "latitude": 51.72822,
        "longitude": 4.95993,
        "canPickup": true,
        "canDropoff": true,
        "openingstijden": null
      }
    },
    {
      "type": "Feature",
      "geometry": {
        "type": "Point",
        "coordinates": [
          5.10144,
          51.77528
        ]
      },
      "properties": {
        "type": "pakketpunt",
        "locatieNaam": "Electro world",
        "straatNaam": "Bagijnhof 19",
        "straatNr": "",
        "vervoerder": "VintedGo",
        "puntType": "parcel_shop",
        "bezettingsgraad": 50,
        "latitude": 51.77528,
        "longitude": 5.10144,
        "canPickup": true,
        "canDropoff": true,
        "openingstijden": null
      }
    },
    {
      "type": "Feature",
      "geometry": {
        "type": "Point",
        "coordinates": [
          4.90113,
          51.72739
        ]
      },
      "properties": {
        "type": "pakketpunt",
        "locatieNaam": "Bloemeninterieur Hank",
        "straatNaam": "Keizer Napoleonweg 3",
        "straatNr": "",
        "vervoerder": "VintedGo",
        "puntType": "parcel_shop",
        "bezettingsgraad": 50,
        "latitude": 51.72739,
        "longitude": 4.90113,
        "canPickup": true,
        "canDropoff": true,
        "openingstijden": null
      }
    },
    {
      "type": "Feature",
      "geometry": {
        "type": "Point",
        "coordinates": [
          4.89479,
          51.81306
        ]
      },
      "properties": {
        "type": "pakketpunt",
        "locatieNaam": "E. Dekker",
        "straatNaam": "Vissersdijk 5",
        "straatNr": "",
        "vervoerder": "VintedGo",
        "puntType": "social",
        "bezettingsgraad": 50,
        "latitude": 51.81306,
        "longitude": 4.89479,
        "canPickup": true,
        "canDropoff": true,
        "openingstijden": null
      }
    },
    {
      "type": "Feature",
      "geometry": {
        "type": "Point",
        "coordinates": [
          5.08051,
          51.736
        ]
      },
      "properties": {
        "type": "pakketpunt",
        "locatieNaam": "Altena Witgoed",
        "straatNaam": "Hoofdstraat 77",
        "straatNr": "",
        "vervoerder": "VintedGo",
        "puntType": "parcel_shop",
        "bezettingsgraad": 50,
        "latitude": 51.736,
        "longitude": 5.08051,
        "canPickup": true,
        "canDropoff": true,
        "openingstijden": null
      }
    },
    {
      "type": "Feature",
      "geometry": {
        "type": "Point",
        "coordinates": [
          5.05791,
          51.78091
        ]
      },
      "properties": {
        "type": "pakketpunt",
        "locatieNaam": " Kennedylaan",
        "straatNaam": "Kennedylaan 42",
        "straatNr": "",
        "vervoerder": "VintedGo",
        "puntType": "social",
        "bezettingsgraad": 50,
        "latitude": 51.78091,
        "longitude": 5.05791,
        "canPickup": true,
        "canDropoff": true,
        "openingstijden": null
      }
    },
    {
      "type": "Feature",
      "geometry": {
        "type": "Point",
        "coordinates": [
          4.90024,
          51.73564
        ]
      },
      "properties": {
        "type": "pakketpunt",
        "locatieNaam": "Malle Pietje ",
        "straatNaam": "Kerkstraat 45",
        "straatNr": "",
        "vervoerder": "VintedGo",
        "puntType": "parcel_shop",
        "bezettingsgraad": 50,
        "latitude": 51.73564,
        "longitude": 4.90024,
        "canPickup": true,
        "canDropoff": true,
        "openingstijden": null
      }
    },
    {
      "type": "Feature",
      "geometry": {
        "type": "Point",
        "coordinates": [
          5.1293232,
          51.7554788
        ]
      },
      "properties": {
        "type": "pakketpunt",
        "locatieNaam": "Kinderboetiek Tomboy",
        "straatNaam": "De Galerij5",
        "straatNr": "",
        "vervoerder": "VintedGo",
        "puntType": "parcel_shop",
        "bezettingsgraad": 50,
        "latitude": 51.7554788,
        "longitude": 5.1293232,
        "canPickup": true,
        "canDropoff": true,
        "openingstijden": null
      }
    },
    {
      "type": "Feature",
      "geometry": {
        "type": "Point",
        "coordinates": [
          4.8905556,
          51.8094444
        ]
      },
      "properties": {
        "type": "pakketpunt",
        "locatieNaam": "Albert Heijn Werkendam\n",
        "straatNaam": "Sigmondstraat 52",
        "straatNr": "",
        "vervoerder": "VintedGo",
        "puntType": "locker",
        "bezettingsgraad": 50,
        "latitude": 51.8094444,
        "longitude": 4.8905556,
        "canPickup": true,
        "canDropoff": true,
        "openingstijden": null
      }
    },
    {
      "type": "Feature",
      "geometry": {
        "type": "Point",
        "coordinates": [
          5.1319677,
          51.7586835
        ]
      },
      "properties": {
        "type": "pakketpunt",
        "locatieNaam": "Kringloop Wijk En Aalburg",
        "straatNaam": "Grote Kerkstraat 20",
        "straatNr": "",
        "vervoerder": "VintedGo",
        "puntType": "locker",
        "bezettingsgraad": 50,
        "latitude": 51.7586835,
        "longitude": 5.1319677,
        "canPickup": true,
        "canDropoff": true,
        "openingstijden": null
      }
    },
    {
      "type": "Feature",
      "geometry": {
        "type": "Point",
        "coordinates": [
          5.0573878,
          51.7202381
        ]
      },
      "properties": {
        "type": "pakketpunt",
        "locatieNaam": "Nosjuh's Catering",
        "straatNaam": "Molensteeg 5",
        "straatNr": "",
        "vervoerder": "VintedGo",
        "puntType": "locker",
        "bezettingsgraad": 50,
        "latitude": 51.7202381,
        "longitude": 5.0573878,
        "canPickup": true,
        "canDropoff": true,
        "openingstijden": null
      }
    },
    {
      "type": "Feature",
      "geometry": {
        "type": "Point",
        "coordinates": [
          5.0559001,
          51.7833311
        ]
      },
      "properties": {
        "type": "pakketpunt",
        "locatieNaam": "Spar - Andel",
        "straatNaam": "Burgemeester van der Schansstraat 18",
        "straatNr": "",
        "vervoerder": "VintedGo",
        "puntType": "locker",
        "bezettingsgraad": 50,
        "latitude": 51.7833311,
        "longitude": 5.0559001,
        "canPickup": true,
        "canDropoff": true,
        "openingstijden": null
      }
    },
    {
      "type": "Feature",
      "geometry": {
        "type": "Point",
        "coordinates": [
          5.0268191,
          51.7945155
        ]
      },
      "properties": {
        "type": "pakketpunt",
        "locatieNaam": "Kraaij T.h.o.d.n. Spar",
        "straatNaam": "Parelplein 10",
        "straatNr": "",
        "vervoerder": "VintedGo",
        "puntType": "locker",
        "bezettingsgraad": 50,
        "latitude": 51.7945155,
        "longitude": 5.0268191,
        "canPickup": true,
        "canDropoff": true,
        "openingstijden": null
      }
    },
    {
      "type": "Feature",
      "geometry": {
        "type": "Point",
        "coordinates": [
          4.9228898,
          51.7705177
        ]
      },
      "properties": {
        "type": "pakketpunt",
        "locatieNaam": "Da & Readshop Nieuwendijk",
        "straatNaam": "Rijksweg 116Q",
        "straatNr": "",
        "vervoerder": "VintedGo",
        "puntType": "parcel_shop",
        "bezettingsgraad": 50,
        "latitude": 51.7705177,
        "longitude": 4.9228898,
        "canPickup": true,
        "canDropoff": true,
        "openingstijden": null
      }
    },
    {
      "type": "Feature",
      "geometry": {
        "type": "Point",
        "coordinates": [
          4.883041,
          51.803442
        ]
      },
      "properties": {
        "type": "pakketpunt",
        "locatieNaam": "Hubo Werkendam",
        "straatNaam": "Vierlinghstraat 9",
        "straatNr": "",
        "vervoerder": "VintedGo",
        "puntType": "locker",
        "bezettingsgraad": 50,
        "latitude": 51.803442,
        "longitude": 4.883041,
        "canPickup": true,
        "canDropoff": true,
        "openingstijden": null
      }
    },
    {
      "type": "Feature",
      "geometry": {
        "type": "Point",
        "coordinates": [
          4.9461009,
          51.8128605
        ]
      },
      "properties": {
        "type": "pakketpunt",
        "locatieNaam": "Drogisterij Sleeuwijk",
        "straatNaam": "Nieuwe Es 77",
        "straatNr": "",
        "vervoerder": "VintedGo",
        "puntType": "parcel_shop",
        "bezettingsgraad": 50,
        "latitude": 51.8128605,
        "longitude": 4.9461009,
        "canPickup": true,
        "canDropoff": true,
        "openingstijden": null
      }
    },
    {
      "type": "Feature",
      "geometry": {
        "type": "Point",
        "coordinates": [
          4.9627652,
          51.7314237
        ]
      },
      "properties": {
        "type": "pakketpunt",
        "locatieNaam": "Spar De Ruyter Dussen",
        "straatNaam": "Van der Dussenlaan 2",
        "straatNr": "",
        "vervoerder": "VintedGo",
        "puntType": "locker",
        "bezettingsgraad": 50,
        "latitude": 51.7314237,
        "longitude": 4.9627652,
        "canPickup": true,
        "canDropoff": true,
        "openingstijden": null
      }
    },
    {
      "type": "Feature",
      "geometry": {
        "type": "Point",
        "coordinates": [
          4.95111722483839,
          51.7689949538693
        ]
      },
      "properties": {
        "type": "pakketpunt",
        "locatieNaam": "ViaTim en Patricia",
        "straatNaam": "Middenveld",
        "straatNr": "3",
        "vervoerder": "ViaTim",
        "puntType": "servicepunt",
        "bezettingsgraad": 50,
        "latitude": 51.7689949538693,
        "longitude": 4.95111722483839,
        "canPickup": true,
        "canDropoff": true,
        "openingstijden": {
          "ma": "16:00 - 21:00",
          "di": "16:00 - 21:00",
          "wo": "16:00 - 21:00",
          "do": "16:00 - 21:00",
          "vr": "16:00 - 21:00",
          "za": "gesloten",
          "zo": "gesloten"
        }
      }
    },
    {
      "type": "Feature",
      "geometry": {
        "type": "Point",
        "coordinates": [
          5.05791329274494,
          51.7809083769029
        ]
      },
      "properties": {
        "type": "pakketpunt",
        "locatieNaam": "ViaTim en Kennedylaan 42",
        "straatNaam": "Kennedylaan",
        "straatNr": "42",
        "vervoerder": "ViaTim",
        "puntType": "servicepunt",
        "bezettingsgraad": 50,
        "latitude": 51.7809083769029,
        "longitude": 5.05791329274494,
        "canPickup": true,
        "canDropoff": true,
        "openingstijden": {
          "ma": "14:00 - 21:00",
          "di": "14:00 - 21:00",
          "wo": "14:00 - 21:00",
          "do": "14:00 - 21:00",
          "vr": "14:00 - 21:00",
          "za": "12:00 - 21:00",
          "zo": "gesloten"
        }
      }
    },
    {
      "type": "Feature",
      "geometry": {
        "type": "Point",
        "coordinates": [
          4.92464718418305,
          51.7766346984375
        ]
      },
      "properties": {
        "type": "pakketpunt",
        "locatieNaam": "ViaTim en Pleuny",
        "straatNaam": "Snijderstraat",
        "straatNr": "9",
        "vervoerder": "ViaTim",
        "puntType": "servicepunt",
        "bezettingsgraad": 50,
        "latitude": 51.7766346984375,
        "longitude": 4.92464718418305,
        "canPickup": true,
        "canDropoff": true,
        "openingstijden": {
          "ma": "16:00 - 20:00",
          "di": "16:00 - 20:00",
          "wo": "16:00 - 20:00",
          "do": "16:00 - 20:00",
          "vr": "16:00 - 20:00",
          "za": "gesloten",
          "zo": "gesloten"
        }
      }
    },
    {
      "type": "Feature",
      "geometry": {
        "type": "Point",
        "coordinates": [
          5.10858484752876,
          51.7782812644136
        ]
      },
      "properties": {
        "type": "pakketpunt",
        "locatieNaam": "ViaTim en t' Schrijvertje",
        "straatNaam": "Witboomstraat",
        "straatNr": "27",
        "vervoerder": "ViaTim",
        "puntType": "servicepunt",
        "bezettingsgraad": 50,
        "latitude": 51.7782812644136,
        "longitude": 5.10858484752876,
        "canPickup": true,
        "canDropoff": true,
        "openingstijden": {
          "ma": "13:00 - 17:30",
          "di": "09:00 - 12:00",
          "wo": "09:00 - 17:30",
          "do": "09:00 - 17:30",
          "vr": "09:00 - 17:30",
          "za": "09:00 - 16:00",
          "zo": "gesloten"
        }
      }
    },
    {
      "type": "Feature",
      "geometry": {
        "type": "Point",
        "coordinates": [
          5.10859,
          51.77824
        ]
      },
      "properties": {
        "type": "pakketpunt",
        "locatieNaam": "'T SCHRIJVERTJE VEEN",
        "straatNaam": "WITBOOMSTRAAT 27",
        "straatNr": "",
        "vervoerder": "InPost",
        "puntType": "servicepunt",
        "bezettingsgraad": 50,
        "latitude": 51.77824,
        "longitude": 5.10859,
        "canPickup": true,
        "canDropoff": true,
        "openingstijden": "L 13-17:30,Ma 9-12,Me/J/V 9-12 13-17:30,S 9-16"
      }
    },
    {
      "type": "Feature",
      "geometry": {
        "type": "Point",
        "coordinates": [
          4.95142,
          51.77319
        ]
      },
      "properties": {
        "type": "pakketpunt",
        "locatieNaam": "MALLE PIETJE",
        "straatNaam": "KERKSTRAAT 45",
        "straatNr": "",
        "vervoerder": "InPost",
        "puntType": "servicepunt",
        "bezettingsgraad": 50,
        "latitude": 51.77319,
        "longitude": 4.95142,
        "canPickup": true,
        "canDropoff": true,
        "openingstijden": "L/Ma/Me/J/V/S 9-17:30"
      }
    },
    {
      "type": "Feature",
      "geometry": {
        "type": "Point",
        "coordinates": [
          5.08869,
          51.73573
        ]
      },
      "properties": {
        "type": "pakketpunt",
        "locatieNaam": "TREFFERS GESCHENKENHUIS",
        "straatNaam": "HOEFSTRAAT 1",
        "straatNr": "",
        "vervoerder": "InPost",
        "puntType": "servicepunt",
        "bezettingsgraad": 50,
        "latitude": 51.73573,
        "longitude": 5.08869,
        "canPickup": true,
        "canDropoff": true,
        "openingstijden": "L/Ma/Me/J/V 9-18,S 9-17"
      }
    },
    {
      "type": "Feature",
      "geometry": {
        "type": "Point",
        "coordinates": [
          5.12932,
          51.75551
        ]
      },
      "properties": {
        "type": "pakketpunt",
        "locatieNaam": "TOMBOY",
        "straatNaam": "DE GALERIJ 5",
        "straatNr": "",
        "vervoerder": "InPost",
        "puntType": "servicepunt",
        "bezettingsgraad": 50,
        "latitude": 51.75551,
        "longitude": 5.12932,
        "canPickup": true,
        "canDropoff": true,
        "openingstijden": "Ma/Me/J 10-17,V 10-20,S 10-17"
      }
    },
    {
      "type": "Feature",
      "geometry": {
        "type": "Point",
        "coordinates": [
          4.92229,
          51.77029
        ]
      },
      "properties": {
        "type": "pakketpunt",
        "locatieNaam": "DA & READSHOP NIEUWENDIJK",
        "straatNaam": "RIJKSWEG 116Q",
        "straatNr": "",
        "vervoerder": "InPost",
        "puntType": "servicepunt",
        "bezettingsgraad": 50,
        "latitude": 51.77029,
        "longitude": 4.92229,
        "canPickup": true,
        "canDropoff": true,
        "openingstijden": "L/Ma/Me/J/V/S 8-20"
      }
    },
    {
      "type": "Feature",
      "geometry": {
        "type": "Point",
        "coordinates": [
          4.94618,
          51.81311
        ]
      },
      "properties": {
        "type": "pakketpunt",
        "locatieNaam": "BLOEM & TRENDS SLEEUWIJK",
        "straatNaam": "Nieuwe Es 177",
        "straatNr": "",
        "vervoerder": "InPost",
        "puntType": "servicepunt",
        "bezettingsgraad": 50,
        "latitude": 51.81311,
        "longitude": 4.94618,
        "canPickup": true,
        "canDropoff": true,
        "openingstijden": null
      }
    },
    {
      "type": "Feature",
      "geometry": {
        "type": "Point",
        "coordinates": [
          4.88325,
          51.80345
        ]
      },
      "properties": {
        "type": "pakketpunt",
        "locatieNaam": "",
        "straatNaam": "Vierlinghstraat",
        "straatNr": "9",
        "vervoerder": "InPost",
        "puntType": "automaat",
        "bezettingsgraad": 50,
        "latitude": 51.80345,
        "longitude": 4.88325,
        "canPickup": true,
        "canDropoff": true,
        "openingstijden": "24/7"
      }
    },
    {
      "type": "Feature",
      "geometry": {
        "type": "MultiPolygon",
        "coordinates": [
          [
            [
              [
                4.904458986859031,
                51.72557145589346
              ],
              [
                4.904207433180721,
                51.72535786696891
              ],
              [
                4.9039233826361714,
                51.72516061840227
              ],
              [
                4.903609570870199,
                51.724981609580674
              ],
              [
                4.903269020001115,
                51.72482256423158
              ],
              [
                4.902905009518406,
                51.724685013831355
              ],
              [
                4.902521044707195,
                51.724570282864384
              ],
              [
                4.902120822903318,
                51.724479476075395
              ],
              [
                4.901708197903423,
                51.724413467837046
              ],
              [
                4.901287142872273,
                51.72437289373476
              ],
              [
                4.900861712103544,
                51.72435814444991
              ],
              [
                4.900436002001544,
                51.72436936200015
              ],
              [
                4.900014111658497,
                51.724406438372554
              ],
              [
                4.899600103406051,
                51.72446901656315
              ],
              [
                4.89919796371982,
                51.72455649401279
              ],
              [
                4.898811564852406,
                51.72466802840609
              ],
              [
                4.898444627563504,
                51.72480254577804
              ],
              [
                4.898100685305107,
                51.72495875085022
              ],
              [
                4.89778305020605,
                51.72513513949747
              ],
              [
                4.897494781183003,
                51.7253300132252
              ],
              [
                4.897238654484588,
                51.7255414955181
              ],
              [
                4.897017136952306,
                51.725767549903495
              ],
              [
                4.89683236225575,
                51.72600599955529
              ],
              [
                4.896686110331352,
                51.72625454825013
              ],
              [
                4.896579790223148,
                51.72651080247471
              ],
              [
                4.896514426491461,
                51.726772294470756
              ],
              [
                4.896490649321257,
                51.72703650599682
              ],
              [
                4.896508688426353,
                51.727300892577624
              ],
              [
                4.896568370809232,
                51.72756290800766
              ],
              [
                4.896669122399076,
                51.72782002887326
              ],
              [
                4.896809973553374,
                51.728069778857034
              ],
              [
                4.896989568371097,
                51.72830975258971
              ],
              [
                4.897206177728765,
                51.728537638820974
              ],
              [
                4.897206722997828,
                51.728538101861105
              ],
              [
                4.897286848039959,
                51.72864516227004
              ],
              [
                4.897503460500942,
                51.72887304794762
              ],
              [
                4.897755001956157,
                51.72908665116944
              ],
              [
                4.8980390501470845,
                51.729283914604515
              ],
              [
                4.898352869617382,
                51.72946293827363
              ],
              [
                4.898693438053607,
                51.72962199785569
              ],
              [
                4.899057475394087,
                51.72975956130253
              ],
              [
                4.8994414754254265,
                51.72987430360179
              ],
              [
                4.899841739562139,
                51.729965119545085
              ],
              [
                4.900254412483531,
                51.730031134378834
              ],
              [
                4.900675519284016,
                51.73007171223408
              ],
              [
                4.901101003778216,
                51.73008646225448
              ],
              [
                4.901526767591017,
                51.7300752423632
              ],
              [
                4.901948709655103,
                51.73003816063211
              ],
              [
                4.902362765734506,
                51.7299755742404
              ],
              [
                4.902764947592442,
                51.72988808603239
              ],
              [
                4.903151381425214,
                51.72977653870757
              ],
              [
                4.903518345191067,
                51.729642006699905
              ],
              [
                4.903862304473647,
                51.729485785823684
              ],
              [
                4.904179946533999,
                51.72930938078647
              ],
              [
                4.904181146596,
                51.729308569455874
              ],
              [
                4.904181846534038,
                51.729308180737235
              ],
              [
                4.904470112206807,
                51.729113290635794
              ],
              [
                4.904726225412408,
                51.72890179259882
              ],
              [
                4.9049477198422995,
                51.728675723685434
              ],
              [
                4.9051324627189885,
                51.72843726126408
              ],
              [
                4.905278675322948,
                51.72818870203534
              ],
              [
                4.905384950105176,
                51.72793243990697
              ],
              [
                4.9054502642211775,
                51.72767094293332
              ],
              [
                4.905473989356947,
                51.72740672954245
              ],
              [
                4.90545589775319,
                51.727142344279926
              ],
              [
                4.905396164370837,
                51.72688033330201
              ],
              [
                4.905295365178077,
                51.72662321985586
              ],
              [
                4.905154471576442,
                51.72637347998142
              ],
              [
                4.904974841020704,
                51.726133518669855
              ],
              [
                4.904758203923844,
                51.7259056467076
              ],
              [
                4.904749980226221,
                51.72589866429173
              ],
              [
                4.904675620848711,
                51.72579932841303
              ],
              [
                4.904458986859031,
                51.72557145589346
              ]
            ]
          ],
          [
            [
              [
                4.903866996272919,
                51.734156876485066
              ],
              [
                4.903615397729451,
                51.733943286427014
              ],
              [
                4.903331295921358,
                51.73374603653958
              ],
              [
                4.903017426987203,
                51.733567026222346
              ],
              [
                4.902676813595848,
                51.73340797921739
              ],
              [
                4.90231273583882,
                51.73327042701679
              ],
              [
                4.901928699649007,
                51.7331556941223
              ],
              [
                4.901528403049464,
                51.73306488529719
              ],
              [
                4.901115700556929,
                51.732998874933685
              ],
              [
                4.9006945660821835,
                51.73295829863761
              ],
              [
                4.900269054683697,
                51.732943547111546
              ],
              [
                4.899843263541963,
                51.73295476239459
              ],
              [
                4.8994212925293406,
                51.73299183649572
              ],
              [
                4.899007204754063,
                51.73305441243282
              ],
              [
                4.898604987457292,
                51.73314188766852
              ],
              [
                4.898218513638812,
                51.73325341990876
              ],
              [
                4.897851504779916,
                51.73338793520925
              ],
              [
                4.897507495021684,
                51.733544138311565
              ],
              [
                4.897189797142906,
                51.733720525109554
              ],
              [
                4.896901470664799,
                51.733915397126516
              ],
              [
                4.896883847157467,
                51.73392994579666
              ],
              [
                4.896793669220494,
                51.73399089406749
              ],
              [
                4.8965374900119265,
                51.734202374566046
              ],
              [
                4.89631592636716,
                51.734428427358864
              ],
              [
                4.896131112400007,
                51.73466687563523
              ],
              [
                4.895984828425287,
                51.73491542318506
              ],
              [
                4.895878483795934,
                51.735171676506134
              ],
              [
                4.895813103308695,
                51.73543316784886
              ],
              [
                4.895789317310209,
                51.73569737897817
              ],
              [
                4.895797674818704,
                51.735819875002946
              ],
              [
                4.895764825095153,
                51.73595125602329
              ],
              [
                4.895741038531441,
                51.73621546712743
              ],
              [
                4.89575907673503,
                51.73647985356451
              ],
              [
                4.895818766717424,
                51.736741869130384
              ],
              [
                4.895919534334954,
                51.73699899041011
              ],
              [
                4.896060409791064,
                51.737248741082226
              ],
              [
                4.896240036950965,
                51.73748871577089
              ],
              [
                4.896456686379942,
                51.73771660321646
              ],
              [
                4.896708271980559,
                51.73793020854078
              ],
              [
                4.896992371069287,
                51.73812747439266
              ],
              [
                4.897306247699663,
                51.738306500769525
              ],
              [
                4.897646879007766,
                51.73846556332414
              ],
              [
                4.898010984326359,
                51.738603129979694
              ],
              [
                4.898395056787256,
                51.73871787569281
              ],
              [
                4.89879539710724,
                51.73880869522227
              ],
              [
                4.899208149231706,
                51.738874713779914
              ],
              [
                4.899629337492014,
                51.73891529546084
              ],
              [
                4.900054904917976,
                51.738930049371874
              ],
              [
                4.900480752335476,
                51.7389188333987
              ],
              [
                4.90090277787171,
                51.738881755575484
              ],
              [
                4.901316916486499,
                51.73881917304377
              ],
              [
                4.901719179147895,
                51.738731688610585
              ],
              [
                4.902105691273746,
                51.73862014493927
              ],
              [
                4.902472730068058,
                51.73848561642853
              ],
              [
                4.902816760391731,
                51.73832939885907
              ],
              [
                4.903134468821524,
                51.73815299690658
              ],
              [
                4.903422795568695,
                51.73795810964294
              ],
              [
                4.903678963949631,
                51.73774661416431
              ],
              [
                4.903900507124493,
                51.73752054750535
              ],
              [
                4.904085291846468,
                51.737282087012645
              ],
              [
                4.904231538993232,
                51.73703352936839
              ],
              [
                4.904337840683349,
                51.736777268465026
              ],
              [
                4.9044031738134635,
                51.73651577234509
              ],
              [
                4.904416198807436,
                51.73637078786025
              ],
              [
                4.904493815709955,
                51.7361836727678
              ],
              [
                4.904559147067805,
                51.73592217654212
              ],
              [
                4.904582881905743,
                51.73565796357576
              ],
              [
                4.90456479237134,
                51.735393578410054
              ],
              [
                4.904505053405905,
                51.73513156720048
              ],
              [
                4.9044042410317035,
                51.734874453196284
              ],
              [
                4.90426332677749,
                51.73462471244288
              ],
              [
                4.904083668297186,
                51.734384749939885
              ],
              [
                4.903866996272919,
                51.734156876485066
              ]
            ]
          ],
          [
            [
              [
                4.884386835351214,
                51.80062920881209
              ],
              [
                4.883973540257969,
                51.800563137796914
              ],
              [
                4.883551790763419,
                51.800522499391164
              ],
              [
                4.8831256478467235,
                51.80050768489511
              ],
              [
                4.88269921476777,
                51.80051883695434
              ],
              [
                4.882276597578577,
                51.80055584818645
              ],
              [
                4.881861865607859,
                51.80061836221481
              ],
              [
                4.881459012298309,
                51.80070577709826
              ],
              [
                4.881071916772621,
                51.80081725112408
              ],
              [
                4.8807043064975355,
                51.800951710908805
              ],
              [
                4.8803597214045205,
                51.80110786172887
              ],
              [
                4.880041479812,
                51.801284199981914
              ],
              [
                4.8797526464767635,
                51.80147902765904
              ],
              [
                4.879496003081895,
                51.80169046868884
              ],
              [
                4.879274021445354,
                51.80191648699642
              ],
              [
                4.879247937307838,
                51.80195007015921
              ],
              [
                4.879198483431629,
                51.802000422893734
              ],
              [
                4.879013300948255,
                51.802238841878285
              ],
              [
                4.878866702275967,
                51.80248736575838
              ],
              [
                4.8787600998000755,
                51.80274360126001
              ],
              [
                4.87869452080255,
                51.80300508080561
              ],
              [
                4.878670597544081,
                51.80326928627388
              ],
              [
                4.878688561148182,
                51.803533673248005
              ],
              [
                4.878700856240617,
                51.803587656160076
              ],
              [
                4.878708147178202,
                51.80369496221185
              ],
              [
                4.878767825701453,
                51.80395698446823
              ],
              [
                4.878868644937222,
                51.80421411853524
              ],
              [
                4.879009634594262,
                51.80446388796823
              ],
              [
                4.879189437440189,
                51.80470388721062
              ],
              [
                4.879406322350264,
                51.804931804766134
              ],
              [
                4.879658200960812,
                51.80514544546632
              ],
              [
                4.879942647767603,
                51.80534275161917
              ],
              [
                4.880256923476144,
                51.80552182283359
              ],
              [
                4.88059800137936,
                51.80568093433013
              ],
              [
                4.880962596508755,
                51.80581855356034
              ],
              [
                4.8813471972781874,
                51.80593335497417
              ],
              [
                4.881748099315299,
                51.80602423279367
              ],
              [
                4.882161441154165,
                51.80609031166885
              ],
              [
                4.882583241444874,
                51.80613095511377
              ],
              [
                4.883009437320766,
                51.80614577164014
              ],
              [
                4.883118664291844,
                51.80614291537636
              ],
              [
                4.883219870481877,
                51.80614643344522
              ],
              [
                4.883646356670886,
                51.80613527957045
              ],
              [
                4.8840690250679115,
                51.80609826349495
              ],
              [
                4.884483804439143,
                51.80603574176554
              ],
              [
                4.884886699579379,
                51.80594831660382
              ],
              [
                4.885273829813134,
                51.80583683010229
              ],
              [
                4.88564146638977,
                51.80570235610935
              ],
              [
                4.88598606841165,
                51.80554618988076
              ],
              [
                4.886071120309425,
                51.80549905943218
              ],
              [
                4.8862301061802835,
                51.80557321367409
              ],
              [
                4.886451644268119,
                51.8056568207831
              ],
              [
                4.886455712687491,
                51.80565871835503
              ],
              [
                4.8868203255787765,
                51.80579631940384
              ],
              [
                4.887204941138821,
                51.8059111016334
              ],
              [
                4.887605854852714,
                51.8060019594506
              ],
              [
                4.88801920514199,
                51.80606801769814
              ],
              [
                4.888441010575294,
                51.806108640088695
              ],
              [
                4.8888672082363955,
                51.80612343533684
              ],
              [
                4.889293692879204,
                51.80611226093003
              ],
              [
                4.889716356491549,
                51.80607522450202
              ],
              [
                4.890131127885747,
                51.806012682795746
              ],
              [
                4.8905340119334735,
                51.80592523822517
              ],
              [
                4.890921128066155,
                51.80581373306974
              ],
              [
                4.891288747669052,
                51.80567924135763
              ],
              [
                4.891633330008115,
                51.80552305851519
              ],
              [
                4.891951556342872,
                51.80534668888414
              ],
              [
                4.892240361896328,
                51.80515183122528
              ],
              [
                4.892496965373652,
                51.804940362350116
              ],
              [
                4.8927188957452294,
                51.804714319037316
              ],
              [
                4.892904016036255,
                51.804475878409086
              ],
              [
                4.893050543894052,
                51.80422733695663
              ],
              [
                4.8931570687355315,
                51.80397108841666
              ],
              [
                4.89322256531035,
                51.803709600713
              ],
              [
                4.893246403549946,
                51.80344539218478
              ],
              [
                4.893228354608566,
                51.80318100733065
              ],
              [
                4.893168593039149,
                51.8029189923032
              ],
              [
                4.8930676950841505,
                51.80266187038845
              ],
              [
                4.892926633098901,
                51.80241211770791
              ],
              [
                4.892746766162205,
                51.802172139375834
              ],
              [
                4.89252982696558,
                51.80194424634241
              ],
              [
                4.8922779051082665,
                51.80173063314436
              ],
              [
                4.8919934269595595,
                51.80153335677812
              ],
              [
                4.8916791322829365,
                51.80135431689817
              ],
              [
                4.891338047847444,
                51.80119523753061
              ],
              [
                4.891116522560992,
                51.80111163962211
              ],
              [
                4.891112454354564,
                51.80110974221108
              ],
              [
                4.890747866168826,
                51.80097215445882
              ],
              [
                4.890363283636717,
                51.8008573838212
              ],
              [
                4.889962410041497,
                51.80076653542467
              ],
              [
                4.889549105454934,
                51.800700484042295
              ],
              [
                4.88912734958422,
                51.800659865674675
              ],
              [
                4.888701203469869,
                51.80064507142931
              ],
              [
                4.888274770402549,
                51.80065624375665
              ],
              [
                4.887852156434164,
                51.8006932750793
              ],
              [
                4.887437430862453,
                51.80075580882708
              ],
              [
                4.887034587068526,
                51.80084324286898
              ],
              [
                4.8866475040835216,
                51.80095473530782
              ],
              [
                4.886279909253498,
                51.80108921258282
              ],
              [
                4.8860146041972925,
                51.80120945633769
              ],
              [
                4.8858778957679645,
                51.80113156641426
              ],
              [
                4.885536833539459,
                51.80097247020435
              ],
              [
                4.885172263535015,
                51.80083486514509
              ],
              [
                4.884787696427326,
                51.800720076246925
              ],
              [
                4.884386835351214,
                51.80062920881209
              ]
            ]
          ],
          [
            [
              [
                4.890878878395838,
                51.80663697261403
              ],
              [
                4.8904523891624345,
                51.80664815277687
              ],
              [
                4.890029720772975,
                51.80668519184791
              ],
              [
                4.889614943049094,
                51.80674773318249
              ],
              [
                4.889212049873982,
                51.80683517457653
              ],
              [
                4.888824920754202,
                51.80694667406202
              ],
              [
                4.8884572834800055,
                51.807081158010405
              ],
              [
                4.88841611363612,
                51.80709981609833
              ],
              [
                4.88816369229731,
                51.80719215206559
              ],
              [
                4.887819085196401,
                51.8073483246538
              ],
              [
                4.887500828578154,
                51.807524682994
              ],
              [
                4.887211987344201,
                51.807719528883815
              ],
              [
                4.886955343253895,
                51.80793098607654
              ],
              [
                4.886733368132115,
                51.8081570183416
              ],
              [
                4.886548200056493,
                51.80839544906631
              ],
              [
                4.886401622753648,
                51.80864398221001
              ],
              [
                4.88629504840338,
                51.80890022440944
              ],
              [
                4.886229504017087,
                51.80916170802247
              ],
              [
                4.886205621522404,
                51.80942591488858
              ],
              [
                4.88622363165052,
                51.80969030057746
              ],
              [
                4.886283361686071,
                51.809952318892286
              ],
              [
                4.886384237102362,
                51.81020944639164
              ],
              [
                4.886525287067212,
                51.81045920669391
              ],
              [
                4.886705153767506,
                51.81069919433051
              ],
              [
                4.886922105463566,
                51.810927097916775
              ],
              [
                4.88717405314849,
                51.81114072241884
              ],
              [
                4.887458570652724,
                51.81133801030056
              ],
              [
                4.887772918000772,
                51.81151706134672
              ],
              [
                4.88811406779544,
                51.81167615097224
              ],
              [
                4.888478734375646,
                51.81181374683919
              ],
              [
                4.888863405466884,
                51.81192852362254
              ],
              [
                4.8890039963119705,
                51.81196037898193
              ],
              [
                4.888902003391996,
                51.812029177437964
              ],
              [
                4.888645342611817,
                51.81224063819828
              ],
              [
                4.888423354657885,
                51.81246667352913
              ],
              [
                4.888238177731529,
                51.81270510678818
              ],
              [
                4.88809159564473,
                51.812953641910426
              ],
              [
                4.8879850206235185,
                51.8132098855136
              ],
              [
                4.887919479685909,
                51.81347136994195
              ],
              [
                4.887895604726489,
                51.81373557702718
              ],
              [
                4.887913626404047,
                51.81399996233684
              ],
              [
                4.8879733718921505,
                51.814261979677696
              ],
              [
                4.888074266515428,
                51.81451910561768
              ],
              [
                4.888215339256857,
                51.814768863790334
              ],
              [
                4.88839523208407,
                51.81500884874738
              ],
              [
                4.888612213005849,
                51.81523674913002
              ],
              [
                4.888864192733874,
                51.81545036993523
              ],
              [
                4.889148744790014,
                51.81564765366231
              ],
              [
                4.889463128865996,
                51.81582670013624
              ],
              [
                4.889804317210868,
                51.81598578481581
              ],
              [
                4.890169023792198,
                51.81612337541068
              ],
              [
                4.890553735950144,
                51.816238146646675
              ],
              [
                4.890694061348806,
                51.81626993653288
              ],
              [
                4.89080874750208,
                51.81630415032006
              ],
              [
                4.8912097608948795,
                51.8163949958389
              ],
              [
                4.891623211768753,
                51.81646104143733
              ],
              [
                4.89204511772327,
                51.81650165094975
              ],
              [
                4.892188217419698,
                51.81650661324355
              ],
              [
                4.892296020547824,
                51.81653877179473
              ],
              [
                4.892697039041325,
                51.81662961223458
              ],
              [
                4.8931104942632,
                51.81669565259605
              ],
              [
                4.893297890836189,
                51.81671368765947
              ],
              [
                4.893379371780579,
                51.81676008609137
              ],
              [
                4.893720581041033,
                51.816919159392235
              ],
              [
                4.894085307161477,
                51.81705673782403
              ],
              [
                4.8944700372938055,
                51.817171496229705
              ],
              [
                4.8948710658193075,
                51.817262329245445
              ],
              [
                4.895284530053396,
                51.81732836195285
              ],
              [
                4.895706447466905,
                51.81736895831064
              ],
              [
                4.896132754064723,
                51.817383727284074
              ],
              [
                4.896559343551199,
                51.81737252661368
              ],
              [
                4.896982106904057,
                51.81733546418628
              ],
              [
                4.897396971974688,
                51.81727289699521
              ],
              [
                4.897799942732321,
                51.81718542770001
              ],
              [
                4.898187137773087,
                51.817073898818336
              ],
              [
                4.89855482772218,
                51.81693938460677
              ],
              [
                4.898899471168017,
                51.81678318070863
              ],
              [
                4.899217748781662,
                51.81660679166836
              ],
              [
                4.899506595292404,
                51.8164119164338
              ],
              [
                4.899763229011171,
                51.81620043198573
              ],
              [
                4.899985178617386,
                51.81597437525284
              ],
              [
                4.9001703069513445,
                51.81573592348665
              ],
              [
                4.900316831583313,
                51.81548737328555
              ],
              [
                4.900423341961699,
                51.8152311184706
              ],
              [
                4.900488812975895,
                51.81496962702595
              ],
              [
                4.900512614803962,
                51.814705417326756
              ],
              [
                4.90049451895125,
                51.8144410338829
              ],
              [
                4.900434700422878,
                51.814179022833315
              ],
              [
                4.90033373601022,
                51.813921907425666
              ],
              [
                4.900192598708924,
                51.813672163718586
              ],
              [
                4.900012648323352,
                51.813432196740024
              ],
              [
                4.899795618348828,
                51.81320431733062
              ],
              [
                4.899543599258889,
                51.81299071989586
              ],
              [
                4.899259018359204,
                51.8127934612803
              ],
              [
                4.899096482800044,
                51.812700913899
              ],
              [
                4.89906244052302,
                51.81255177937785
              ],
              [
                4.898961487555712,
                51.812294662754326
              ],
              [
                4.8988203629278715,
                51.81204491736464
              ],
              [
                4.898640426321782,
                51.811804948252814
              ],
              [
                4.898423411100042,
                51.81157706628006
              ],
              [
                4.898171407594114,
                51.811363465876646
              ],
              [
                4.897886842959593,
                51.811166203915626
              ],
              [
                4.897572457792767,
                51.810987179912715
              ],
              [
                4.897231279733987,
                51.81082811774111
              ],
              [
                4.896866594312167,
                51.810690549038746
              ],
              [
                4.896481913311119,
                51.810575798465834
              ],
              [
                4.896080940962079,
                51.81048497095567
              ],
              [
                4.895667538287493,
                51.81041894108003
              ],
              [
                4.895245685938807,
                51.81037834463257
              ],
              [
                4.894890529676769,
                51.81036603615571
              ],
              [
                4.894976530110257,
                51.810220168972286
              ],
              [
                4.895083058284969,
                51.80996391886844
              ],
              [
                4.8950870025613415,
                51.80994817125904
              ],
              [
                4.895115842525539,
                51.809878797089794
              ],
              [
                4.895181336440258,
                51.809617308470834
              ],
              [
                4.8952051664412926,
                51.80935309971757
              ],
              [
                4.895187103762463,
                51.809088715330724
              ],
              [
                4.895127323089219,
                51.80882670145849
              ],
              [
                4.8950264008482005,
                51.80856958137564
              ],
              [
                4.8948853096288,
                51.808319831186054
              ],
              [
                4.894705408791511,
                51.808079855980004
              ],
              [
                4.89448843135444,
                51.807851966677454
              ],
              [
                4.894236467285172,
                51.807638357779204
              ],
              [
                4.8939519433595455,
                51.80744108624029
              ],
              [
                4.893637599781884,
                51.80726205166854
              ],
              [
                4.893296463792108,
                51.807102978039104
              ],
              [
                4.892931820514115,
                51.80696539710016
              ],
              [
                4.892547181325991,
                51.80685063362982
              ],
              [
                4.8925414933024465,
                51.80684934487882
              ],
              [
                4.8925411897213475,
                51.80684925429962
              ],
              [
                4.892140258476205,
                51.806758413334876
              ],
              [
                4.891726895773735,
                51.80669236959676
              ],
              [
                4.891305081880585,
                51.80665175901228
              ],
              [
                4.890878878395838,
                51.80663697261403
              ]
            ]
          ],
          [
            [
              [
                4.959533579755796,
                51.72552945908366
              ],
              [
                4.959111726541918,
                51.72556674827855
              ],
              [
                4.958697788976219,
                51.725629535344915
              ],
              [
                4.9582957528541405,
                51.72571721571238
              ],
              [
                4.957909489431727,
                51.7258289451118
              ],
              [
                4.957542718165289,
                51.72596364770041
              ],
              [
                4.957198970909101,
                51.72612002641627
              ],
              [
                4.9570335232584,
                51.72621205073277
              ],
              [
                4.95684814729814,
                51.72622843271973
              ],
              [
                4.956434200547247,
                51.726291211774566
              ],
              [
                4.956032154165621,
                51.72637888435748
              ],
              [
                4.955645879508062,
                51.726490606274176
              ],
              [
                4.955279096139016,
                51.72662530175403
              ],
              [
                4.9549353360292585,
                51.72678167380353
              ],
              [
                4.954617909554678,
                51.72695821668963
              ],
              [
                4.954329873624068,
                51.727153230432386
              ],
              [
                4.954074002242569,
                51.72736483716803
              ],
              [
                4.953852759794121,
                51.727590999225356
              ],
              [
                4.953668277300317,
                51.72782953874105
              ],
              [
                4.9535223318845905,
                51.72807815862609
              ],
              [
                4.953416329640032,
                51.72833446468118
              ],
              [
                4.953351292066466,
                51.72859598864854
              ],
              [
                4.9533278462082375,
                51.728860211978386
              ],
              [
                4.953346218588671,
                51.72912459008128
              ],
              [
                4.953406233000585,
                51.729386576832844
              ],
              [
                4.953507312175241,
                51.72964364909534
              ],
              [
                4.953648483314761,
                51.729893331018786
              ],
              [
                4.9538283874357205,
                51.730133217889204
              ],
              [
                4.954045292434913,
                51.73036099929238
              ],
              [
                4.954297109752333,
                51.730574481371185
              ],
              [
                4.954581414471522,
                51.730771607961266
              ],
              [
                4.954895468664332,
                51.73095048040118
              ],
              [
                4.955236247755507,
                51.7311093758263
              ],
              [
                4.955600469653372,
                51.73124676376947
              ],
              [
                4.955984626365951,
                51.731361320908704
              ],
              [
                4.956385017797773,
                51.73145194381919
              ],
              [
                4.956797787401335,
                51.731517759606675
              ],
              [
                4.9572189593392615,
                51.731558134319435
              ],
              [
                4.957644476798413,
                51.73157267905804
              ],
              [
                4.958070241086001,
                51.73156125372305
              ],
              [
                4.958357260241082,
                51.7315358892183
              ],
              [
                4.958361243085958,
                51.7315931074324
              ],
              [
                4.9584212898212465,
                51.73185509158272
              ],
              [
                4.95852240302362,
                51.73211215948953
              ],
              [
                4.958663609567524,
                51.7323618353449
              ],
              [
                4.958843550128569,
                51.732601714493214
              ],
              [
                4.959060492252577,
                51.732829486594554
              ],
              [
                4.959083618961723,
                51.73284908882503
              ],
              [
                4.9591403547986115,
                51.7329086564598
              ],
              [
                4.959392210386064,
                51.73312212757409
              ],
              [
                4.959676553369837,
                51.733319241791406
              ],
              [
                4.9599906454531615,
                51.733498100569506
              ],
              [
                4.960331461695753,
                51.733656981175244
              ],
              [
                4.960695719648004,
                51.73379435328424
              ],
              [
                4.9610799109705725,
                51.733908893727005
              ],
              [
                4.9614803352345165,
                51.733999499239495
              ],
              [
                4.961893135575996,
                51.73406529709506
              ],
              [
                4.962314335861471,
                51.73410565351477
              ],
              [
                4.962739879004674,
                51.73412017977527
              ],
              [
                4.963165666065357,
                51.73410873595515
              ],
              [
                4.9635875957522835,
                51.734071432283415
              ],
              [
                4.964001603948933,
                51.73400862807714
              ],
              [
                4.9644037028801815,
                51.73392092827866
              ],
              [
                4.96479001954173,
                51.73380917762569
              ],
              [
                4.965156833021245,
                51.733674452510705
              ],
              [
                4.96550061035089,
                51.73351805060798
              ],
              [
                4.96581804054533,
                51.733341478368594
              ],
              [
                4.966106066496851,
                51.733146436504335
              ],
              [
                4.966361914420102,
                51.73293480360035
              ],
              [
                4.966583120562769,
                51.73270861801444
              ],
              [
                4.966767554925059,
                51.73247005823836
              ],
              [
                4.96691344175983,
                51.73222142191016
              ],
              [
                4.967019376656443,
                51.73196510367957
              ],
              [
                4.96708434004452,
                51.73170357214084
              ],
              [
                4.967107706988331,
                51.73143934605449
              ],
              [
                4.967089253178476,
                51.73117497008785
              ],
              [
                4.967029157064163,
                51.730912990307104
              ],
              [
                4.966927998106632,
                51.73065592965855
              ],
              [
                4.9667867511716315,
                51.730406263673146
              ],
              [
                4.9666067771159526,
                51.73016639663007
              ],
              [
                4.966546212314974,
                51.73010281994102
              ],
              [
                4.9665412969636815,
                51.7300962687627
              ],
              [
                4.966324330173538,
                51.72986851041802
              ],
              [
                4.966072459884939,
                51.729655054113046
              ],
              [
                4.96578811196809,
                51.72945795533339
              ],
              [
                4.965780534323456,
                51.729453640597264
              ],
              [
                4.9657737216645454,
                51.72944891829931
              ],
              [
                4.965459634746496,
                51.729270074950804
              ],
              [
                4.965118833474346,
                51.7291112092024
              ],
              [
                4.964874321966498,
                51.729019000193844
              ],
              [
                4.9649249047063755,
                51.72893279219943
              ],
              [
                4.965030843114465,
                51.728676475681
              ],
              [
                4.96509581322622,
                51.72841494516087
              ],
              [
                4.965119190041028,
                51.728150719389895
              ],
              [
                4.9651007491543,
                51.72788634303223
              ],
              [
                4.965040668890665,
                51.727624362157975
              ],
              [
                4.964939528558615,
                51.72736729972391
              ],
              [
                4.964798302844427,
                51.727117631278205
              ],
              [
                4.96461835240046,
                51.726877761123845
              ],
              [
                4.964401410719359,
                51.72664999916899
              ],
              [
                4.96414956742146,
                51.72643653868806
              ],
              [
                4.963865248117036,
                51.726239435206956
              ],
              [
                4.963551191037837,
                51.726060586715455
              ],
              [
                4.963210420663283,
                51.72590171539699
              ],
              [
                4.962846218595469,
                51.72576435105198
              ],
              [
                4.962462091963336,
                51.725649816373235
              ],
              [
                4.9620617396600295,
                51.725559214215494
              ],
              [
                4.961649016738053,
                51.72549341698097
              ],
              [
                4.961227897304499,
                51.72545305822347
              ],
              [
                4.960802436272818,
                51.72543852655097
              ],
              [
                4.960376730338568,
                51.72544996188589
              ],
              [
                4.9599548785539085,
                51.72548725411831
              ],
              [
                4.959707424507004,
                51.72552479070642
              ],
              [
                4.959533579755796,
                51.72552945908366
              ]
            ]
          ],
          [
            [
              [
                4.951990602889779,
                51.7663534560621
              ],
              [
                4.951569111140682,
                51.76631306234543
              ],
              [
                4.95114326827154,
                51.76629849522861
              ],
              [
                4.95071717465372,
                51.76630989497515
              ],
              [
                4.950294933071447,
                51.76634715181801
              ],
              [
                4.949880609237812,
                51.76640990701558
              ],
              [
                4.94947819266678,
                51.76649755630448
              ],
              [
                4.949091558277015,
                51.76660925571496
              ],
              [
                4.948724429096293,
                51.766743929693185
              ],
              [
                4.948380340424887,
                51.76690028145288
              ],
              [
                4.948062605802311,
                51.76707680545654
              ],
              [
                4.947774285104673,
                51.767271801906254
              ],
              [
                4.947518155079553,
                51.7674833931051
              ],
              [
                4.947296682602035,
                51.7677095415316
              ],
              [
                4.947112000909571,
                51.767948069453965
              ],
              [
                4.9469658890448045,
                51.76819667989501
              ],
              [
                4.9469658836326635,
                51.76819669296463
              ],
              [
                4.946965864202615,
                51.7681967260248
              ],
              [
                4.946859729862427,
                51.76845302487634
              ],
              [
                4.94679459582032,
                51.768714543950146
              ],
              [
                4.946771090051074,
                51.76897876474365
              ],
              [
                4.946789439656456,
                51.76924314269188
              ],
              [
                4.946849468650132,
                51.7695051316721
              ],
              [
                4.946950599624416,
                51.76976220852496
              ],
              [
                4.947091859283978,
                51.77001189735635
              ],
              [
                4.947271887794161,
                51.77025179338565
              ],
              [
                4.94748895185491,
                51.7704795861102
              ],
              [
                4.947740961375228,
                51.77069308156387
              ],
              [
                4.948025489588244,
                51.77089022345322
              ],
              [
                4.948339796413755,
                51.77106911296935
              ],
              [
                4.948552035560596,
                51.771168004764924
              ],
              [
                4.94836508466604,
                51.77127186003738
              ],
              [
                4.948076738418678,
                51.77146685710994
              ],
              [
                4.947820585942626,
                51.77167844884423
              ],
              [
                4.947599094329236,
                51.77190459771368
              ],
              [
                4.947414397000317,
                51.77214312598222
              ],
              [
                4.947268273149213,
                51.772391736669334
              ],
              [
                4.947162130588613,
                51.772648035664574
              ],
              [
                4.947096992171038,
                51.77290955477823
              ],
              [
                4.947073485913557,
                51.77317377550735
              ],
              [
                4.947091838922802,
                51.77343815328768
              ],
              [
                4.947151875179806,
                51.77370014199794
              ],
              [
                4.947253017207089,
                51.773957218481506
              ],
              [
                4.9473942916030085,
                51.7742069068478
              ],
              [
                4.947574338391107,
                51.774446802320554
              ],
              [
                4.947791424095402,
                51.774674594402605
              ],
              [
                4.948043458416522,
                51.774888089133874
              ],
              [
                4.948328014348792,
                51.77508523022794
              ],
              [
                4.948642351545073,
                51.77526411888344
              ],
              [
                4.94898344270464,
                51.77542303207937
              ],
              [
                4.949348002730105,
                51.77556043917715
              ],
              [
                4.949732520372513,
                51.775675016670206
              ],
              [
                4.950133292059516,
                51.77576566093744
              ],
              [
                4.950546457580375,
                51.77583149887871
              ],
              [
                4.950968037283435,
                51.7758718963289
              ],
              [
                4.951393970427016,
                51.77588646416937
              ],
              [
                4.951820154313434,
                51.77587506207812
              ],
              [
                4.952242483828223,
                51.77583779988224
              ],
              [
                4.952656891002722,
                51.7757750364993
              ],
              [
                4.953059384217929,
                51.775687376478515
              ],
              [
                4.95344608667099,
                51.77557566417464
              ],
              [
                4.953813273732969,
                51.77544097561086
              ],
              [
                4.954157408837245,
                51.775284608109565
              ],
              [
                4.954475177552193,
                51.77510806779072
              ],
              [
                4.954763519509524,
                51.774913055058946
              ],
              [
                4.955019657880446,
                51.77470144821895
              ],
              [
                4.955241126115655,
                51.7744752853778
              ],
              [
                4.95542579169175,
                51.774236744808526
              ],
              [
                4.955571876635636,
                51.77398812396424
              ],
              [
                4.955677974629806,
                51.77373181734589
              ],
              [
                4.955743064534396,
                51.77347029343603
              ],
              [
                4.955766520196668,
                51.77320607092193
              ],
              [
                4.955748116454335,
                51.77294169443649
              ],
              [
                4.955688031276008,
                51.772679710051165
              ],
              [
                4.955586844019185,
                51.77242264075642
              ],
              [
                4.955445529823661,
                51.7721729621666
              ],
              [
                4.955265450195358,
                51.771933078682224
              ],
              [
                4.955048339872299,
                51.77170530033972
              ],
              [
                4.954796290099937,
                51.771491820571164
              ],
              [
                4.954511728477728,
                51.771294695088066
              ],
              [
                4.954197395571477,
                51.771115822091794
              ],
              [
                4.9539851986623,
                51.77101696584063
              ],
              [
                4.954172181203925,
                51.77091307624631
              ],
              [
                4.9544604976129065,
                51.77071806413859
              ],
              [
                4.954716613536293,
                51.770506457835275
              ],
              [
                4.95493806264092,
                51.77028029543816
              ],
              [
                4.955122712587541,
                51.770041755215935
              ],
              [
                4.9552687855534785,
                51.76979313461845
              ],
              [
                4.955374875336454,
                51.76953682814425
              ],
              [
                4.955439960875546,
                51.7692753042745
              ],
              [
                4.955463416059899,
                51.76901108169602
              ],
              [
                4.955445015731679,
                51.76874670504237
              ],
              [
                4.955384937826457,
                51.768484720386574
              ],
              [
                4.95528376163154,
                51.76822765072183
              ],
              [
                4.95514246218005,
                51.76797797166594
              ],
              [
                4.954962400835805,
                51.767738087623975
              ],
              [
                4.954745312160639,
                51.76751030863778
              ],
              [
                4.954493287191458,
                51.76729682814562
              ],
              [
                4.954208753288807,
                51.767099701865966
              ],
              [
                4.95420870523717,
                51.767099674519294
              ],
              [
                4.954208678127183,
                51.76709965573727
              ],
              [
                4.953894375590519,
                51.766920781879044
              ],
              [
                4.953553331262633,
                51.7667618828699
              ],
              [
                4.953188829383732,
                51.766624488776834
              ],
              [
                4.9528043799696,
                51.76650992257885
              ],
              [
                4.952403685021168,
                51.76641928743401
              ],
              [
                4.951990602889779,
                51.7663534560621
              ]
            ]
          ],
          [
            [
              [
                4.926913344217,
                51.767582103683694
              ],
              [
                4.926628929197013,
                51.767384910632245
              ],
              [
                4.926314734223841,
                51.767205962984924
              ],
              [
                4.925973785105637,
                51.76704698387993
              ],
              [
                4.925609365166298,
                51.76690950415542
              ],
              [
                4.925224983633054,
                51.76679484761504
              ],
              [
                4.924824341853599,
                51.76670411828679
              ],
              [
                4.924411297667637,
                51.76663818979726
              ],
              [
                4.923989828275277,
                51.7665976969639
              ],
              [
                4.9235639919590675,
                51.7665830296856
              ],
              [
                4.923137889027322,
                51.766594329190376
              ],
              [
                4.9227156223539055,
                51.7666314866762
              ],
              [
                4.922301257893357,
                51.766694144358176
              ],
              [
                4.921898785550605,
                51.766781698911885
              ],
              [
                4.92151208078101,
                51.76689330727969
              ],
              [
                4.921144867289653,
                51.76702789478445
              ],
              [
                4.9208006811882,
                51.76718416547251
              ],
              [
                4.920482836953855,
                51.76736061458719
              ],
              [
                4.920194395517706,
                51.76755554305166
              ],
              [
                4.919938134789474,
                51.76776707382376
              ],
              [
                4.919716522902378,
                51.76799316996405
              ],
              [
                4.919571227651622,
                51.76818064475003
              ],
              [
                4.919551377821507,
                51.7681896565767
              ],
              [
                4.919233521620604,
                51.768366102270065
              ],
              [
                4.918945068359019,
                51.76856102762465
              ],
              [
                4.918688796060326,
                51.76877255562819
              ],
              [
                4.918467172969156,
                51.768998649367845
              ],
              [
                4.918282333772878,
                51.76923713163871
              ],
              [
                4.918136059030486,
                51.769485705903364
              ],
              [
                4.9180297580073224,
                51.76974197840217
              ],
              [
                4.917964455081562,
                51.77000348120091
              ],
              [
                4.91794077985427,
                51.770267695953976
              ],
              [
                4.917958961059164,
                51.77053207815481
              ],
              [
                4.918018824331795,
                51.77079408163996
              ],
              [
                4.918119793860698,
                51.77105118311057
              ],
              [
                4.918260897905699,
                51.771300906435705
              ],
              [
                4.9182616057677215,
                51.77130185064988
              ],
              [
                4.918263897526495,
                51.771305906537705
              ],
              [
                4.918443777787852,
                51.771545846599935
              ],
              [
                4.918660702361618,
                51.77177369247663
              ],
              [
                4.918912582500738,
                51.771987249689616
              ],
              [
                4.919196992685007,
                51.7721844613509
              ],
              [
                4.919511193971574,
                51.77236342797957
              ],
              [
                4.919852160369289,
                51.77252242580365
              ],
              [
                4.920216607982968,
                51.77265992336958
              ],
              [
                4.920332910380836,
                51.77269461682417
              ],
              [
                4.920451977664978,
                51.77275013823847
              ],
              [
                4.920816428948844,
                51.772887633941046
              ],
              [
                4.921200851081048,
                51.77300230490562
              ],
              [
                4.921601541409636,
                51.77309304661076
              ],
              [
                4.922014640507903,
                51.77315898501788
              ],
              [
                4.922436169364292,
                51.773199484994024
              ],
              [
                4.922862067727096,
                51.77321415643306
              ],
              [
                4.923288233233765,
                51.77320285801498
              ],
              [
                4.923710560946887,
                51.77316569856819
              ],
              [
                4.924124982915065,
                51.773103036020565
              ],
              [
                4.924527507376608,
                51.77301547394998
              ],
              [
                4.924914257227404,
                51.772903855767645
              ],
              [
                4.92528150738162,
                51.7727692565902
              ],
              [
                4.92562572066448,
                51.77261297287904
              ],
              [
                4.925943581890865,
                51.772436509947134
              ],
              [
                4.926232029800895,
                51.772241567453754
              ],
              [
                4.926488286544726,
                51.77203002302721
              ],
              [
                4.926622209588563,
                51.77189337409596
              ],
              [
                4.926639950594502,
                51.77187872838971
              ],
              [
                4.92686154697794,
                51.771652619243746
              ],
              [
                4.927046350814011,
                51.771414123471295
              ],
              [
                4.92719258279752,
                51.77116553809424
              ],
              [
                4.927298835194382,
                51.770909257272045
              ],
              [
                4.92736408537734,
                51.770647749239124
              ],
              [
                4.927373395283865,
                51.770543608867406
              ],
              [
                4.92754109564066,
                51.770327176576295
              ],
              [
                4.927687321360498,
                51.77007859054437
              ],
              [
                4.927793568371165,
                51.769822309236176
              ],
              [
                4.927858814097247,
                51.76956080089068
              ],
              [
                4.927882430885018,
                51.76929658404553
              ],
              [
                4.927864192020252,
                51.769032203279245
              ],
              [
                4.927804273883599,
                51.76877020470464
              ],
              [
                4.927703254223903,
                51.76851311144916
              ],
              [
                4.927562106567063,
                51.768263399358055
              ],
              [
                4.927382190815441,
                51.76802347315474
              ],
              [
                4.9271652401292325,
                51.7677956432871
              ],
              [
                4.926913344217,
                51.767582103683694
              ]
            ]
          ],
          [
            [
              [
                4.924674741823026,
                51.77393825198097
              ],
              [
                4.924674730826735,
                51.773938251602395
              ],
              [
                4.924248558705972,
                51.77394955505064
              ],
              [
                4.923826224091883,
                51.77398671642348
              ],
              [
                4.923411793593061,
                51.77404937789865
              ],
              [
                4.923009257750184,
                51.77413693611512
              ],
              [
                4.922622492629955,
                51.77424854798002
              ],
              [
                4.922255222518504,
                51.77438313878257
              ],
              [
                4.921910984072669,
                51.77453941253746
              ],
              [
                4.9215930922736995,
                51.774715864458365
              ],
              [
                4.921304608510753,
                51.77491079544165
              ],
              [
                4.921048311101227,
                51.775122328420785
              ],
              [
                4.920826668531703,
                51.77534842643522
              ],
              [
                4.920641815677286,
                51.775586912238694
              ],
              [
                4.920495533228709,
                51.77583548925991
              ],
              [
                4.920389230525735,
                51.77609176371268
              ],
              [
                4.920323931962958,
                51.77635326764387
              ],
              [
                4.920300267099665,
                51.77661748269704
              ],
              [
                4.920318464570007,
                51.77688186436272
              ],
              [
                4.920378349853123,
                51.77714386648257
              ],
              [
                4.920479346925789,
                51.777400965770894
              ],
              [
                4.920620483782751,
                51.77765068611771
              ],
              [
                4.920800401772622,
                51.77789062243893
              ],
              [
                4.921017368660371,
                51.77811846384418
              ],
              [
                4.921269295291502,
                51.77833201589835
              ],
              [
                4.92155375569809,
                51.77852922176308
              ],
              [
                4.921868010453589,
                51.77870818201326
              ],
              [
                4.922209033051834,
                51.77886717293831
              ],
              [
                4.922573539056284,
                51.77900466315108
              ],
              [
                4.9229580177387335,
                51.77911932834434
              ],
              [
                4.923358765902442,
                51.77921006405226
              ],
              [
                4.923771923563517,
                51.77927599629396
              ],
              [
                4.9241935111461865,
                51.77931648999585
              ],
              [
                4.9246194678329545,
                51.779331155112246
              ],
              [
                4.924619524321272,
                51.7793311536141
              ],
              [
                4.924619567838929,
                51.779331155112274
              ],
              [
                4.9250457907052905,
                51.77931985038375
              ],
              [
                4.925468174261174,
                51.77928268469979
              ],
              [
                4.925882650017176,
                51.77922001604838
              ],
              [
                4.926285225693409,
                51.77913244806617
              ],
              [
                4.926672023692392,
                51.77902082422146
              ],
              [
                4.92703931846447,
                51.77888621968534
              ],
              [
                4.927383572405109,
                51.77872993097088
              ],
              [
                4.927701469937591,
                51.77855346343925
              ],
              [
                4.927989949452409,
                51.7783585167941
              ],
              [
                4.928246232795408,
                51.77814696870367
              ],
              [
                4.928467852020563,
                51.777920856709386
              ],
              [
                4.928652673149861,
                51.777682358594596
              ],
              [
                4.928798916711741,
                51.777433771403835
              ],
              [
                4.9289051748608115,
                51.777177489314035
              ],
              [
                4.9289704249146435,
                51.77691598057179
              ],
              [
                4.928994039178107,
                51.77665176371847
              ],
              [
                4.928975790961557,
                51.77638738333268
              ],
              [
                4.928915856735985,
                51.776125385523635
              ],
              [
                4.928814814405432,
                51.775868293411314
              ],
              [
                4.9286736377143665,
                51.77561858282998
              ],
              [
                4.9284936868449645,
                51.77537865848838
              ],
              [
                4.928276695295784,
                51.775150830816614
              ],
              [
                4.928024753169032,
                51.774937293721926
              ],
              [
                4.927740287028106,
                51.77474010346786
              ],
              [
                4.927426036519904,
                51.77456115887961
              ],
              [
                4.927085027987364,
                51.774402183065874
              ],
              [
                4.926720545326474,
                51.77426470683311
              ],
              [
                4.92633609836836,
                51.77415005395131
              ],
              [
                4.925935389090599,
                51.774059328413166
              ],
              [
                4.925522275982711,
                51.773993403808774
              ],
              [
                4.925522260848127,
                51.773993402355146
              ],
              [
                4.925522260166659,
                51.77399340224639
              ],
              [
                4.925100721092291,
                51.77395291335575
              ],
              [
                4.924674815004755,
                51.773938250039826
              ],
              [
                4.924674741823026,
                51.77393825198097
              ]
            ]
          ],
          [
            [
              [
                4.948871948967108,
                51.81035905576296
              ],
              [
                4.948557366586805,
                51.81018016816691
              ],
              [
                4.948216014342419,
                51.810021254069895
              ],
              [
                4.947851179439232,
                51.80988384368388
              ],
              [
                4.9474663750996095,
                51.80976926014465
              ],
              [
                4.947065306741686,
                51.809678606777034
              ],
              [
                4.946651836311784,
                51.80961275647617
              ],
              [
                4.946229945113323,
                51.80957234330657
              ],
              [
                4.945803695489368,
                51.80955775639994
              ],
              [
                4.945377191726962,
                51.809569136210435
              ],
              [
                4.94495454055862,
                51.80960637316285
              ],
              [
                4.944539811640374,
                51.80966910870728
              ],
              [
                4.944136998385881,
                51.809756738769714
              ],
              [
                4.943749979532727,
                51.80986841956552
              ],
              [
                4.943382481810149,
                51.81000307572027
              ],
              [
                4.94303804406678,
                51.81015941061958
              ],
              [
                4.942719983203276,
                51.810335918888555
              ],
              [
                4.942431362237319,
                51.810530900880984
              ],
              [
                4.942174960808246,
                51.810742479039355
              ],
              [
                4.941953248405239,
                51.81096861596803
              ],
              [
                4.941768360576997,
                51.811207134046214
              ],
              [
                4.941622078352278,
                51.8114557363916
              ],
              [
                4.941515811070037,
                51.81171202897431
              ],
              [
                4.941450582785143,
                51.811973543666454
              ],
              [
                4.941427022381503,
                51.812237762007875
              ],
              [
                4.94144535748864,
                51.81250213945724
              ],
              [
                4.941505412261471,
                51.81276412989668
              ],
              [
                4.941606609045641,
                51.81302121015275
              ],
              [
                4.941682559633108,
                51.8131553627815
              ],
              [
                4.941690693260588,
                51.81327263160277
              ],
              [
                4.941750750472746,
                51.813534621895485
              ],
              [
                4.9418519503733345,
                51.81379170192005
              ],
              [
                4.9419933190047445,
                51.81404139575175
              ],
              [
                4.942173495484227,
                51.81428129856165
              ],
              [
                4.942390745087862,
                51.8145090997817
              ],
              [
                4.94264297593867,
                51.81472260536377
              ],
              [
                4.942927759138867,
                51.814919758916616
              ],
              [
                4.94324235215289,
                51.81509866151883
              ],
              [
                4.943282386636153,
                51.81511729994775
              ],
              [
                4.943399645595709,
                51.81518398203515
              ],
              [
                4.943741019860467,
                51.81534291007328
              ],
              [
                4.944105886331736,
                51.81548033318784
              ],
              [
                4.944490730808744,
                51.81559492771772
              ],
              [
                4.944891846570706,
                51.815685589877525
              ],
              [
                4.94530537009219,
                51.81575144639472
              ],
              [
                4.945727318272544,
                51.81579186292511
              ],
              [
                4.946153626820064,
                51.81580645016622
              ],
              [
                4.9465801894202395,
                51.81579506760922
              ],
              [
                4.947002897309885,
                51.81575782489285
              ],
              [
                4.9474176788749125,
                51.81569508074729
              ],
              [
                4.947820538889338,
                51.81560743953647
              ],
              [
                4.948207597016585,
                51.815495745434056
              ],
              [
                4.948575125201325,
                51.8153610742881
              ],
              [
                4.948919583590901,
                51.81520472325339
              ],
              [
                4.949237654639705,
                51.81502819829153
              ],
              [
                4.949526275067518,
                51.81483319965941
              ],
              [
                4.9497826653637285,
                51.81462160552614
              ],
              [
                4.950004356553151,
                51.81439545387669
              ],
              [
                4.950189213965795,
                51.814156922876336
              ],
              [
                4.95033545778191,
                51.813908309886415
              ],
              [
                4.950441680155031,
                51.81365200933226
              ],
              [
                4.950506858748711,
                51.81339048963826
              ],
              [
                4.950530366557473,
                51.81312626945108
              ],
              [
                4.950511977918308,
                51.81286189338139
              ],
              [
                4.95045187065588,
                51.81259990749654
              ],
              [
                4.9503994557116515,
                51.812466822030835
              ],
              [
                4.950372747889041,
                51.812350410335576
              ],
              [
                4.950271502582609,
                51.81209333756588
              ],
              [
                4.950130094144018,
                51.811843653606324
              ],
              [
                4.950042228360783,
                51.81172668884858
              ],
              [
                4.949947851929573,
                51.81148704895596
              ],
              [
                4.949806447176763,
                51.811237364592635
              ],
              [
                4.949626242158785,
                51.81099747338586
              ],
              [
                4.949408972822269,
                51.81076968544632
              ],
              [
                4.949156731944887,
                51.8105561942984
              ],
              [
                4.948871948967108,
                51.81035905576296
              ]
            ]
          ],
          [
            [
              [
                5.061008407022931,
                51.71875010727229
              ],
              [
                5.06075615108933,
                51.71853685403202
              ],
              [
                5.060471459756621,
                51.71833998460542
              ],
              [
                5.060157074837126,
                51.71816139472808
              ],
              [
                5.059816023965344,
                51.71800280409306
              ],
              [
                5.059451591442638,
                51.717865739797844
              ],
              [
                5.059067286615511,
                51.71775152164606
              ],
              [
                5.058666810091652,
                51.717661249444525
              ],
              [
                5.058254018118664,
                51.71759579241849
              ],
              [
                5.057832885467816,
                51.717555780846126
              ],
              [
                5.05740746717945,
                51.71754159999251
              ],
              [
                5.0569818595375295,
                51.717553386402294
              ],
              [
                5.056560160648091,
                51.71759102658527
              ],
              [
                5.056146431000233,
                51.717654158109
              ],
              [
                5.055744654388344,
                51.7177421730865
              ],
              [
                5.05535869957089,
                51.717854224026674
              ],
              [
                5.054992283034056,
                51.717989231990686
              ],
              [
                5.054648933218006,
                51.71814589697605
              ],
              [
                5.054331956549575,
                51.718322710428744
              ],
              [
                5.054044405608013,
                51.718517969763106
              ],
              [
                5.053789049730026,
                51.71872979475017
              ],
              [
                5.0535683483371034,
                51.71895614561652
              ],
              [
                5.053384427242083,
                51.71919484268013
              ],
              [
                5.053239058163421,
                51.71944358733416
              ],
              [
                5.053133641645017,
                51.71969998417712
              ],
              [
                5.0530691935466585,
                51.719961564076044
              ],
              [
                5.053046335236122,
                51.720225807941816
              ],
              [
                5.053065287578257,
                51.72049017098637
              ],
              [
                5.053125868780014,
                51.72075210722959
              ],
              [
                5.053227496113208,
                51.7210090940193
              ],
              [
                5.053369191499547,
                51.72125865632807
              ],
              [
                5.053549590905123,
                51.7214983905932
              ],
              [
                5.0537669574548945,
                51.72172598786966
              ],
              [
                5.054019198141683,
                51.721939256073284
              ],
              [
                5.054303883969459,
                51.72213614109919
              ],
              [
                5.054618273337451,
                51.72231474661227
              ],
              [
                5.054959338440211,
                51.7224733523187
              ],
              [
                5.055323794429476,
                51.722610430541714
              ],
              [
                5.055708131056948,
                51.72272466094251
              ],
              [
                5.056108646492864,
                51.722814943243506
              ],
              [
                5.056521482994251,
                51.722880407831354
              ],
              [
                5.056942664078642,
                51.72292042413728
              ],
              [
                5.0573681328444176,
                51.722934606714325
              ],
              [
                5.057793791067797,
                51.72292281895161
              ],
              [
                5.0582155386989305,
                51.722885174391266
              ],
              [
                5.058629313375596,
                51.722822035634024
              ],
              [
                5.05903112957298,
                51.72273401084479
              ],
              [
                5.059417117011367,
                51.72262194789175
              ],
              [
                5.059783557950963,
                51.7224869261754
              ],
              [
                5.060126923013823,
                51.72233024622671
              ],
              [
                5.060443905187186,
                51.722153417174766
              ],
              [
                5.060731451680251,
                51.72195814220462
              ],
              [
                5.060986793327264,
                51.72174630214616
              ],
              [
                5.061207471253625,
                51.721519937351985
              ],
              [
                5.061391360548302,
                51.72128122803937
              ],
              [
                5.061536690714904,
                51.721032473285845
              ],
              [
                5.061642062704911,
                51.7207760688811
              ],
              [
                5.061706462369727,
                51.72051448424858
              ],
              [
                5.061729270202854,
                51.72025023865938
              ],
              [
                5.061710267279259,
                51.71998587696782
              ],
              [
                5.061649637335808,
                51.71972394510196
              ],
              [
                5.061547964973805,
                51.71946696554574
              ],
              [
                5.061406230001972,
                51.71921741304872
              ],
              [
                5.0612257979754665,
                51.71897769079644
              ],
              [
                5.061008407022931,
                51.71875010727229
              ]
            ]
          ],
          [
            [
              [
                5.092058330231668,
                51.73402785698483
              ],
              [
                5.091773404907063,
                51.7338310637747
              ],
              [
                5.091458788453312,
                51.73365255801751
              ],
              [
                5.091117510733941,
                51.73349405859608
              ],
              [
                5.090752858234124,
                51.733357091729474
              ],
              [
                5.090368342417945,
                51.733242976283044
              ],
              [
                5.0899676659241155,
                51.73315281107467
              ],
              [
                5.089554686925139,
                51.73308746429931
              ],
              [
                5.089133381992594,
                51.73304756517348
              ],
              [
                5.088707807825223,
                51.733033497879674
              ],
              [
                5.088282062207533,
                51.73304539786904
              ],
              [
                5.087860244573832,
                51.73308315055789
              ],
              [
                5.087446416556439,
                51.73314639243047
              ],
              [
                5.087044562896912,
                51.7332345145374
              ],
              [
                5.086658553095738,
                51.733346668356106
              ],
              [
                5.086292104168807,
                51.73348177395721
              ],
              [
                5.0859487448685785,
                51.73363853039805
              ],
              [
                5.08593141683097,
                51.73364820127267
              ],
              [
                5.085919745303733,
                51.73365352972342
              ],
              [
                5.08560278193016,
                51.73383042749046
              ],
              [
                5.085596645114152,
                51.73383459683076
              ],
              [
                5.085589781940921,
                51.733838427152904
              ],
              [
                5.0853022670532955,
                51.734033762901944
              ],
              [
                5.085046969748898,
                51.7342456557035
              ],
              [
                5.084826348885975,
                51.73447206513107
              ],
              [
                5.084642529502726,
                51.73471081093859
              ],
              [
                5.084505037892904,
                51.73494631020987
              ],
              [
                5.084348694243152,
                51.73473883605031
              ],
              [
                5.084131111071252,
                51.73451129566527
              ],
              [
                5.083878658068092,
                51.734298092416395
              ],
              [
                5.0835937667131805,
                51.734101279351954
              ],
              [
                5.083279180744695,
                51.733922751664615
              ],
              [
                5.082937929732759,
                51.73376422844846
              ],
              [
                5.082573299905517,
                51.733627236151676
              ],
              [
                5.082188802508877,
                51.73351309388447
              ],
              [
                5.081788140004286,
                51.733422900722964
              ],
              [
                5.081375170429652,
                51.733357525131375
              ],
              [
                5.080953870265865,
                51.733317596603555
              ],
              [
                5.0805282961657925,
                51.733303499605135
              ],
              [
                5.080102545913305,
                51.733315369873225
              ],
              [
                5.0796807189873165,
                51.73335309311033
              ],
              [
                5.079266877109574,
                51.73341630608438
              ],
              [
                5.0788650051550235,
                51.73350440012409
              ],
              [
                5.078478972800212,
                51.73361652697724
              ],
              [
                5.078112497278085,
                51.733751606973996
              ],
              [
                5.0777691075970575,
                51.73390833941831
              ],
              [
                5.077452110568213,
                51.7340852151067
              ],
              [
                5.077164558967357,
                51.734280530854214
              ],
              [
                5.076909222138129,
                51.734492405888666
              ],
              [
                5.076688559319249,
                51.734718799954685
              ],
              [
                5.076504695952813,
                51.73495753295415
              ],
              [
                5.076359403202108,
                51.73520630593414
              ],
              [
                5.076254080876745,
                51.735462723220195
              ],
              [
                5.076189743930158,
                51.735724315482436
              ],
              [
                5.076167012660392,
                51.73598856351247
              ],
              [
                5.076186106709469,
                51.73625292248196
              ],
              [
                5.076246842920163,
                51.73651484644988
              ],
              [
                5.076348637071886,
                51.736771812882
              ],
              [
                5.076490509480064,
                51.73702134694683
              ],
              [
                5.07667109440609,
                51.73726104535335
              ],
              [
                5.076888653188237,
                51.73748859950183
              ],
              [
                5.0771410909678325,
                51.73770181772314
              ],
              [
                5.0774259768504,
                51.73789864639376
              ],
              [
                5.077740567308061,
                51.73807718972119
              ],
              [
                5.078081832598178,
                51.73823572801032
              ],
              [
                5.078446485943899,
                51.738372734233764
              ],
              [
                5.078831015195521,
                51.73848688874606
              ],
              [
                5.079231716667422,
                51.73857709200053
              ],
              [
                5.0796447308242065,
                51.738642475145134
              ],
              [
                5.080066079471711,
                51.73868240839575
              ],
              [
                5.080491704093874,
                51.73869650710522
              ],
              [
                5.080917504965284,
                51.73868463547066
              ],
              [
                5.081339380661775,
                51.738646907842096
              ],
              [
                5.081753267587369,
                51.73858368762048
              ],
              [
                5.082155179135962,
                51.73849558375544
              ],
              [
                5.082541244109432,
                51.73838344487689
              ],
              [
                5.08290774402131,
                51.73824835111672
              ],
              [
                5.083251148925907,
                51.73809160369991
              ],
              [
                5.083568151427091,
                51.73791471240538
              ],
              [
                5.08385569853877,
                51.737719381017754
              ],
              [
                5.084111021089819,
                51.73750749091031
              ],
              [
                5.084331660390217,
                51.737281082917654
              ],
              [
                5.084515491901675,
                51.7370423376731
              ],
              [
                5.084652989858689,
                51.736806838447464
              ],
              [
                5.084809342044131,
                51.73701431216183
              ],
              [
                5.085026940664261,
                51.73724185123885
              ],
              [
                5.085279415513698,
                51.737455051964076
              ],
              [
                5.085382161248405,
                51.73752602405559
              ],
              [
                5.085365521239427,
                51.73771991427662
              ],
              [
                5.085384669831328,
                51.737984271739975
              ],
              [
                5.085445461692405,
                51.738246190934454
              ],
              [
                5.0854528447641645,
                51.73826481779681
              ],
              [
                5.085461138639615,
                51.738300551335044
              ],
              [
                5.085562989224472,
                51.73855750975742
              ],
              [
                5.085704918141592,
                51.73880703266271
              ],
              [
                5.085885559108082,
                51.73904671686743
              ],
              [
                5.086103172922385,
                51.739274253908434
              ],
              [
                5.086355664195685,
                51.739487452281445
              ],
              [
                5.086640601518148,
                51.73968425855386
              ],
              [
                5.0869552408663,
                51.73986277714902
              ],
              [
                5.087296552026437,
                51.74002128861003
              ],
              [
                5.0876612477797325,
                51.74015826616776
              ],
              [
                5.088045815567854,
                51.74027239045292
              ],
              [
                5.088446551333847,
                51.74036256220994
              ],
              [
                5.088859595211851,
                51.74042791289023
              ],
              [
                5.089280968721315,
                51.74046781302226
              ],
              [
                5.089706613106609,
                51.74048187827802
              ],
              [
                5.0901324284519065,
                51.74046997317682
              ],
              [
                5.090554313193599,
                51.74043221239104
              ],
              [
                5.090968203648604,
                51.74036895964105
              ],
              [
                5.0913701131768585,
                51.74028082418985
              ],
              [
                5.091756170599778,
                51.74016865497159
              ],
              [
                5.092122657503735,
                51.74003353241031
              ],
              [
                5.092133944611549,
                51.740028379273035
              ],
              [
                5.092193663600336,
                51.74000636087514
              ],
              [
                5.092537049712308,
                51.73984958626448
              ],
              [
                5.092854028249902,
                51.73967266986811
              ],
              [
                5.093141546458017,
                51.7394773157123
              ],
              [
                5.093396835444098,
                51.73926540538961
              ],
              [
                5.093617436841604,
                51.7390389799294
              ],
              [
                5.093801226477494,
                51.738800220133115
              ],
              [
                5.093946434816133,
                51.73855142556434
              ],
              [
                5.094051663983258,
                51.73829499239608
              ],
              [
                5.094115901206674,
                51.73803339032857
              ],
              [
                5.094138528545128,
                51.737769138800644
              ],
              [
                5.094119328812582,
                51.73750478272356
              ],
              [
                5.094058487641868,
                51.73724286797096
              ],
              [
                5.0939565916689356,
                51.736985916861855
              ],
              [
                5.09381462285624,
                51.73673640387137
              ],
              [
                5.093633949010995,
                51.73649673180448
              ],
              [
                5.093416310590525,
                51.736269208660936
              ],
              [
                5.093163803922711,
                51.73605602541479
              ],
              [
                5.093014799918038,
                51.7359531188887
              ],
              [
                5.093032969311048,
                51.73574097987152
              ],
              [
                5.093013776886336,
                51.735476623561475
              ],
              [
                5.092952944834033,
                51.73521470818507
              ],
              [
                5.092851059702209,
                51.734957756067296
              ],
              [
                5.092709103348858,
                51.73470824169298
              ],
              [
                5.092528443461158,
                51.734468567880455
              ],
              [
                5.092310820361992,
                51.734241042646374
              ],
              [
                5.092058330231668,
                51.73402785698483
              ]
            ]
          ],
          [
            [
              [
                5.061286157451043,
                51.77920713094036
              ],
              [
                5.061001081665918,
                51.77901026377474
              ],
              [
                5.0606862725395,
                51.778831676136036
              ],
              [
                5.060344761791428,
                51.778673087695516
              ],
              [
                5.059979838151276,
                51.778536025529256
              ],
              [
                5.059595015694218,
                51.778421809420045
              ],
              [
                5.059194000011572,
                51.77833153915485
              ],
              [
                5.058780652541591,
                51.77826608394007
              ],
              [
                5.058358953403282,
                51.77822607403626
              ],
              [
                5.057932963090408,
                51.77821189469238
              ],
              [
                5.057506783393584,
                51.77822368243841
              ],
              [
                5.0570845179257855,
                51.77826132377149
              ],
              [
                5.056670232630401,
                51.778324456248065
              ],
              [
                5.056267916650995,
                51.77841247197215
              ],
              [
                5.056267877209461,
                51.778412483407664
              ],
              [
                5.056267823910346,
                51.77841249506794
              ],
              [
                5.055881351197602,
                51.778524546541156
              ],
              [
                5.055514443224256,
                51.778659554820024
              ],
              [
                5.055170633162197,
                51.77881621989935
              ],
              [
                5.055169234681845,
                51.77881699894951
              ],
              [
                5.055167433213657,
                51.77881781982495
              ],
              [
                5.054850031897676,
                51.778994633141366
              ],
              [
                5.0545620960196675,
                51.779189892120236
              ],
              [
                5.054306398623699,
                51.779401716536356
              ],
              [
                5.054085402420911,
                51.779628066622074
              ],
              [
                5.053901236064376,
                51.779866762703186
              ],
              [
                5.05375567363599,
                51.78011550618253
              ],
              [
                5.053650117543456,
                51.78037190167002
              ],
              [
                5.0535855849927325,
                51.780633480046134
              ],
              [
                5.053562698167087,
                51.78089772223627
              ],
              [
                5.053572425855874,
                51.78103321356788
              ],
              [
                5.053445768022194,
                51.78107981310525
              ],
              [
                5.053101932328836,
                51.78123647205393
              ],
              [
                5.052784505894477,
                51.78141327970912
              ],
              [
                5.052496545629564,
                51.78160853354125
              ],
              [
                5.052240824812984,
                51.78182035337465
              ],
              [
                5.052019806381408,
                51.78204669948592
              ],
              [
                5.051835619201988,
                51.782285392238975
              ],
              [
                5.0516900375571705,
                51.78253413306891
              ],
              [
                5.0515844640397605,
                51.78279052661111
              ],
              [
                5.051519916023589,
                51.78305210376474
              ],
              [
                5.051497015840935,
                51.78331634546708
              ],
              [
                5.051515984762242,
                51.78358070695099
              ],
              [
                5.051576640837145,
                51.78384264225139
              ],
              [
                5.051678400618675,
                51.78409962872507
              ],
              [
                5.051820284755093,
                51.78434919134758
              ],
              [
                5.052000927396584,
                51.784588926552956
              ],
              [
                5.052218589327169,
                51.78481652538691
              ],
              [
                5.052471174696153,
                51.78502979574994
              ],
              [
                5.0527562511887725,
                51.785226683516136
              ],
              [
                5.052767489304132,
                51.785233059299955
              ],
              [
                5.052757241280345,
                51.785351342022
              ],
              [
                5.052776218415685,
                51.785615703247664
              ],
              [
                5.052836884518736,
                51.78587763784406
              ],
              [
                5.052938656046009,
                51.78613462317465
              ],
              [
                5.053080553532708,
                51.78638418422597
              ],
              [
                5.053261211000492,
                51.78662391744718
              ],
              [
                5.0534788890906155,
                51.78685151390311
              ],
              [
                5.053731491796772,
                51.787064781517195
              ],
              [
                5.0540165866372275,
                51.78726166618987
              ],
              [
                5.054331428072469,
                51.78744027158922
              ],
              [
                5.054672983943182,
                51.78759887742204
              ],
              [
                5.055037964674074,
                51.78773595601012
              ],
              [
                5.05542285496217,
                51.78785018701088
              ],
              [
                5.055823947644136,
                51.78794047014064
              ],
              [
                5.056237379415942,
                51.788005935777875
              ],
              [
                5.056659168060207,
                51.788045953343584
              ],
              [
                5.0570852508218564,
                51.788060137378544
              ],
              [
                5.057511523561567,
                51.788048351257764
              ],
              [
                5.057933880308935,
                51.788010708507656
              ],
              [
                5.058348252833275,
                51.78794757171155
              ],
              [
                5.058750649850008,
                51.78785954901568
              ],
              [
                5.059137195483906,
                51.78774748826821
              ],
              [
                5.059504166617874,
                51.78761246884862
              ],
              [
                5.05984802876673,
                51.78745579126616
              ],
              [
                5.060165470129761,
                51.787278964627305
              ],
              [
                5.060453433493649,
                51.787083692094306
              ],
              [
                5.060709145678156,
                51.786871854473816
              ],
              [
                5.060930144240875,
                51.786645492095346
              ],
              [
                5.061114301183992,
                51.78640678515315
              ],
              [
                5.061259843435038,
                51.78615803270218
              ],
              [
                5.06136536990486,
                51.785901630510196
              ],
              [
                5.061429864959281,
                51.78564004797943
              ],
              [
                5.061452708175463,
                51.78537580436093
              ],
              [
                5.06143368029004,
                51.785111444489964
              ],
              [
                5.061372965282703,
                51.78484951427717
              ],
              [
                5.061271148576306,
                51.78459253619039
              ],
              [
                5.061129211371851,
                51.7843429849648
              ],
              [
                5.060948521174016,
                51.78410326377369
              ],
              [
                5.060730818599334,
                51.783875681089846
              ],
              [
                5.060478200595048,
                51.7836624284607
              ],
              [
                5.060234590595062,
                51.78349420971137
              ],
              [
                5.060247639873106,
                51.78334329886362
              ],
              [
                5.060236290827451,
                51.78318555810578
              ],
              [
                5.060308998433537,
                51.78315880335629
              ],
              [
                5.060652823812291,
                51.78300212330289
              ],
              [
                5.060654033318395,
                51.78300144948525
              ],
              [
                5.0606561166115895,
                51.783000500129205
              ],
              [
                5.0609735234245,
                51.78282367118353
              ],
              [
                5.061261454814817,
                51.782628396539735
              ],
              [
                5.061517137910227,
                51.7824165570248
              ],
              [
                5.061738110548438,
                51.78219019298644
              ],
              [
                5.06192224498125,
                51.78195148463481
              ],
              [
                5.062067768352879,
                51.781702731038486
              ],
              [
                5.062173279755889,
                51.781446327976205
              ],
              [
                5.062237763701055,
                51.7811847448586
              ],
              [
                5.062260599872378,
                51.78092050094228
              ],
              [
                5.062241569074177,
                51.78065614106553
              ],
              [
                5.062180855314022,
                51.780394211138805
              ],
              [
                5.062079044002591,
                51.780137233627414
              ],
              [
                5.061937116288775,
                51.77988768326097
              ],
              [
                5.0617564395857055,
                51.77964796320428
              ],
              [
                5.06153875437984,
                51.779420381919486
              ],
              [
                5.061286157451043,
                51.77920713094036
              ]
            ]
          ],
          [
            [
              [
                5.0305746687148245,
                51.79275838665738
              ],
              [
                5.030322143809508,
                51.79254506938817
              ],
              [
                5.030037119207806,
                51.792348127310916
              ],
              [
                5.029722339932608,
                51.79216945686055
              ],
              [
                5.029380837416734,
                51.792010778505734
              ],
              [
                5.029015900311037,
                51.79187362018824
              ],
              [
                5.028631042820778,
                51.79175930261679
              ],
              [
                5.02822997087491,
                51.79166892655523
              ],
              [
                5.02781654645361,
                51.79160336222863
              ],
              [
                5.027394750416886,
                51.791563240948
              ],
              [
                5.026968644191417,
                51.79154894903477
              ],
              [
                5.026542330683701,
                51.79156062410275
              ],
              [
                5.026119914794833,
                51.7915981537339
              ],
              [
                5.025705463916147,
                51.79166117656027
              ],
              [
                5.025302968785097,
                51.791749085741706
              ],
              [
                5.024916305077275,
                51.79186103480593
              ],
              [
                5.024549196103549,
                51.79199594579541
              ],
              [
                5.0242051769706775,
                51.792152519641704
              ],
              [
                5.02388756054987,
                51.79232924866893
              ],
              [
                5.023599405580534,
                51.79252443110469
              ],
              [
                5.023343487216033,
                51.7927361874611
              ],
              [
                5.023122270295002,
                51.79296247862602
              ],
              [
                5.022937885595742,
                51.7932011254929
              ],
              [
                5.022792109302663,
                51.79344982993878
              ],
              [
                5.022720183183452,
                51.7936241767883
              ],
              [
                5.022664071702299,
                51.793719905407215
              ],
              [
                5.022558306917988,
                51.793976272293385
              ],
              [
                5.022493574440598,
                51.794237832944305
              ],
              [
                5.022470498379068,
                51.794502068456445
              ],
              [
                5.022489301697995,
                51.79476643412259
              ],
              [
                5.022549804042332,
                51.795028383937556
              ],
              [
                5.022651423446202,
                51.795285395118604
              ],
              [
                5.022793181910474,
                51.79553499240345
              ],
              [
                5.022973714796379,
                51.79577477189252
              ],
              [
                5.023191283945716,
                51.7960024242051
              ],
              [
                5.0234437944021275,
                51.796215756726816
              ],
              [
                5.0237288145730705,
                51.7964127147331
              ],
              [
                5.024043599638871,
                51.79659140118565
              ],
              [
                5.024385117983765,
                51.79675009501074
              ],
              [
                5.024750080394427,
                51.79688726768254
              ],
              [
                5.025134971744791,
                51.79700159795225
              ],
              [
                5.02553608486162,
                51.79709198458006
              ],
              [
                5.025949556244284,
                51.79715755694736
              ],
              [
                5.026371403293957,
                51.79719768344717
              ],
              [
                5.026797562692976,
                51.7972119775708
              ],
              [
                5.027223929563703,
                51.79720030163291
              ],
              [
                5.027646397028782,
                51.79716276809845
              ],
              [
                5.028060895790741,
                51.79709973849881
              ],
              [
                5.028463433348629,
                51.79701181994754
              ],
              [
                5.0288501324730195,
                51.79689985928983
              ],
              [
                5.029217268567863,
                51.79676493494103
              ],
              [
                5.029561305558528,
                51.79660834649471
              ],
              [
                5.029878929959705,
                51.796431602198936
              ],
              [
                5.030167082794585,
                51.79623640442294
              ],
              [
                5.030422989057537,
                51.796024633253495
              ],
              [
                5.030644184436501,
                51.79579832838024
              ],
              [
                5.030828539037748,
                51.79555966944383
              ],
              [
                5.030974277884913,
                51.795310955037074
              ],
              [
                5.031046174813219,
                51.79513660313367
              ],
              [
                5.031102270281884,
                51.79504087050615
              ],
              [
                5.0312079890281565,
                51.7947844959059
              ],
              [
                5.0312726717694485,
                51.79452293041733
              ],
              [
                5.031295696275507,
                51.79425869312748
              ],
              [
                5.031276841537297,
                51.79399432881103
              ],
              [
                5.0312162898674035,
                51.793732383421585
              ],
              [
                5.03111462511616,
                51.79347537957341
              ],
              [
                5.030972827021788,
                51.79322579225002
              ],
              [
                5.030792261749945,
                51.79298602497238
              ],
              [
                5.0305746687148245,
                51.79275838665738
              ]
            ]
          ],
          [
            [
              [
                5.0005405734187995,
                51.80681030024091
              ],
              [
                5.000288112263371,
                51.806596918736666
              ],
              [
                5.000003130385313,
                51.806399904053244
              ],
              [
                4.999688372396814,
                51.80622115332484
              ],
              [
                4.999346869526343,
                51.80606238779305
              ],
              [
                4.9989819104286966,
                51.80592513623915
              ],
              [
                4.9985970095213,
                51.805810720269555
              ],
              [
                4.998195873151458,
                51.80572024159553
              ],
              [
                4.997782363919835,
                51.80565457143017
              ],
              [
                4.997360463503074,
                51.805614342103524
              ],
              [
                4.9969342343328105,
                51.80559994097727
              ],
              [
                4.996507780499115,
                51.80561150671675
              ],
              [
                4.996085208253913,
                51.80564892795661
              ],
              [
                4.995670586493636,
                51.80571184437253
              ],
              [
                4.995267907600627,
                51.805799650148955
              ],
              [
                4.994881049019364,
                51.80591149980934
              ],
              [
                4.994513735936573,
                51.80604631635335
              ],
              [
                4.9941695054238275,
                51.80620280162207
              ],
              [
                4.993851672387216,
                51.80637944879251
              ],
              [
                4.993563297651524,
                51.80657455688088
              ],
              [
                4.99330715848593,
                51.806786247115184
              ],
              [
                4.993085721854982,
                51.80701248102038
              ],
              [
                4.992901120652527,
                51.80725108004144
              ],
              [
                4.992755133147803,
                51.80749974651634
              ],
              [
                4.992649165842099,
                51.807756085797166
              ],
              [
                4.992584239901799,
                51.80801762930599
              ],
              [
                4.992560981299283,
                51.80828185830475
              ],
              [
                4.9925796147575525,
                51.80854622814905
              ],
              [
                4.992639961557984,
                51.80880819279381
              ],
              [
                4.992741441233374,
                51.80906522931361
              ],
              [
                4.992883077131022,
                51.809314862202385
              ],
              [
                4.993063505793385,
                51.80955468721778
              ],
              [
                4.993280990066863,
                51.809782394540775
              ],
              [
                4.993533435813352,
                51.8099957910273
              ],
              [
                4.993818412064323,
                51.81019282133666
              ],
              [
                4.994026093182018,
                51.810310772178376
              ],
              [
                4.994009352081522,
                51.81037821586435
              ],
              [
                4.993986100576464,
                51.81064244507923
              ],
              [
                4.994004743331779,
                51.810906814632965
              ],
              [
                4.994065101539399,
                51.8111687784833
              ],
              [
                4.994166594622332,
                51.81142581371243
              ],
              [
                4.994308245798822,
                51.81167544482668
              ],
              [
                4.994488691464232,
                51.81191526760079
              ],
              [
                4.994706194301243,
                51.81214297223728
              ],
              [
                4.9949586599929905,
                51.81235636561793
              ],
              [
                4.995243657378854,
                51.81255339243208
              ],
              [
                4.995251793738725,
                51.81255801300732
              ],
              [
                4.995258079712728,
                51.81256235865159
              ],
              [
                4.995572864313017,
                51.81274112115943
              ],
              [
                4.99591440439734,
                51.81289989758978
              ],
              [
                4.996279410543475,
                51.81303715862114
              ],
              [
                4.996664367204468,
                51.81315158215362
              ],
              [
                4.997065566578248,
                51.81324206604895
              ],
              [
                4.997479144333441,
                51.813307738751654
              ],
              [
                4.99790111684659,
                51.81334796768814
              ],
              [
                4.998327419591367,
                51.81336236536304
              ],
              [
                4.998753946309105,
                51.81335079309341
              ],
              [
                4.999176588582378,
                51.813313362345696
              ],
              [
                4.999591275429445,
                51.81325043366113
              ],
              [
                4.999994012537147,
                51.81316261318127
              ],
              [
                5.000380920753399,
                51.81305074680664
              ],
              [
                5.000748273467583,
                51.81291591204451
              ],
              [
                5.001092532518033,
                51.81275940762574
              ],
              [
                5.001410382280066,
                51.81258274098904
              ],
              [
                5.001698761605796,
                51.81238761375583
              ],
              [
                5.001954893307759,
                51.812175905333724
              ],
              [
                5.002176310902321,
                51.81194965480814
              ],
              [
                5.00236088235539,
                51.811711041296405
              ],
              [
                5.002506830602058,
                51.811462362954224
              ],
              [
                5.002612750643069,
                51.811206014835996
              ],
              [
                5.002677623054106,
                51.810944465823724
              ],
              [
                5.002700823778677,
                51.81068023484609
              ],
              [
                5.002682130111213,
                51.810415866617234
              ],
              [
                5.002621722813765,
                51.81015390712859
              ],
              [
                5.002520184347064,
                51.809896879130505
              ],
              [
                5.002378493233991,
                51.80964725783915
              ],
              [
                5.0021980146108165,
                51.80940744710282
              ],
              [
                5.001980487058163,
                51.80917975625696
              ],
              [
                5.001728005839365,
                51.8089663778907
              ],
              [
                5.001443002708327,
                51.80876936673862
              ],
              [
                5.001434866395542,
                51.8087647465907
              ],
              [
                5.00142858035383,
                51.808760401275315
              ],
              [
                5.0012208869660935,
                51.80864246350353
              ],
              [
                5.001237616628986,
                51.808575018763435
              ],
              [
                5.001260824537178,
                51.8083107880039
              ],
              [
                5.0012421402608735,
                51.808046419481144
              ],
              [
                5.001181744471598,
                51.807784459189435
              ],
              [
                5.001080219519179,
                51.80752742988692
              ],
              [
                5.000938543796278,
                51.80727780680232
              ],
              [
                5.000758082290904,
                51.807037993801224
              ],
              [
                5.0005405734187995,
                51.80681030024091
              ]
            ]
          ],
          [
            [
              [
                5.132944352197054,
                51.75360078556025
              ],
              [
                5.132659125212149,
                51.75340409199675
              ],
              [
                5.13234421075895,
                51.75322569620607
              ],
              [
                5.132002641569867,
                51.753067316012014
              ],
              [
                5.131637706935974,
                51.75293047648545
              ],
              [
                5.131252921037282,
                51.75281649526537
              ],
              [
                5.130851989112339,
                51.75272646987716
              ],
              [
                5.13043877179243,
                51.75266126716947
              ],
              [
                5.130017247943192,
                51.75262151497152
              ],
              [
                5.129591476370673,
                51.75260759605111
              ],
              [
                5.12916555675967,
                51.752619644430844
              ],
              [
                5.1287435902194956,
                51.752657544098234
              ],
              [
                5.128329639816088,
                51.75272093012244
              ],
              [
                5.127927691469439,
                51.752809192166175
              ],
              [
                5.127541615591946,
                51.752921480359454
              ],
              [
                5.1271751298361155,
                51.75305671347912
              ],
              [
                5.126831763309565,
                51.75321358935467
              ],
              [
                5.1265148226012665,
                51.753390597401484
              ],
              [
                5.126227359945676,
                51.753586033160154
              ],
              [
                5.126209085293191,
                51.75360121210247
              ],
              [
                5.125974456636541,
                51.75376072596629
              ],
              [
                5.125719238346729,
                51.75397270695267
              ],
              [
                5.125498724728109,
                51.75419919251645
              ],
              [
                5.125315039787244,
                51.75443800167826
              ],
              [
                5.125169952970425,
                51.75468683475148
              ],
              [
                5.125064862105293,
                51.75494329548271
              ],
              [
                5.125000779917374,
                51.75520491412341
              ],
              [
                5.1249984217458,
                51.755232665110086
              ],
              [
                5.124997576950515,
                51.75523611400432
              ],
              [
                5.124975121250835,
                51.755500371090115
              ],
              [
                5.124994509091537,
                51.755764721707735
              ],
              [
                5.125055554486639,
                51.756026619996206
              ],
              [
                5.125157670238324,
                51.75628354366825
              ],
              [
                5.125299873564957,
                51.756533018303706
              ],
              [
                5.125445701669591,
                51.756726161177546
              ],
              [
                5.125455620933941,
                51.756768714464705
              ],
              [
                5.125557740633727,
                51.757025637769935
              ],
              [
                5.125699948501864,
                51.75727511190277
              ],
              [
                5.125880875568966,
                51.757514734149076
              ],
              [
                5.1260987798779025,
                51.757742196642205
              ],
              [
                5.1263515632417525,
                51.75795530859546
              ],
              [
                5.126636791437006,
                51.75815201740844
              ],
              [
                5.1269517176380806,
                51.758330428442896
              ],
              [
                5.127293308867733,
                51.758488823277666
              ],
              [
                5.127627593381657,
                51.75861417144672
              ],
              [
                5.127622515106698,
                51.758673969018545
              ],
              [
                5.127641919779308,
                51.75893831911706
              ],
              [
                5.127702984793004,
                51.75920021594842
              ],
              [
                5.1278051227611225,
                51.75945713723923
              ],
              [
                5.127947350688151,
                51.75970660859231
              ],
              [
                5.128128299411559,
                51.759946227320306
              ],
              [
                5.12834622676567,
                51.76017368559029
              ],
              [
                5.128599034341626,
                51.76038679265641
              ],
              [
                5.1288842876827205,
                51.760583495965136
              ],
              [
                5.1291992397211565,
                51.76076190093132
              ],
              [
                5.1295408572308085,
                51.76092028919221
              ],
              [
                5.12990585004137,
                51.76105713516527
              ],
              [
                5.130290702732457,
                51.76117112074847
              ],
              [
                5.130691708502084,
                51.76126114802213
              ],
              [
                5.131105004882886,
                51.76132634982931
              ],
              [
                5.13152661096141,
                51.76136609813246
              ],
              [
                5.131952465741221,
                51.76138001006608
              ],
              [
                5.132378467279401,
                51.761367951626376
              ],
              [
                5.132800512218503,
                51.7613300389628
              ],
              [
                5.133214535332185,
                51.761266637258785
              ],
              [
                5.13361654870257,
                51.761178357212124
              ],
              [
                5.134002680151022,
                51.76106604914989
              ],
              [
                5.134369210551264,
                51.76093079483363
              ],
              [
                5.13471260966462,
                51.76077389703484
              ],
              [
                5.135029570151625,
                51.76059686698106
              ],
              [
                5.1353170394319,
                51.760401409793246
              ],
              [
                5.1355722490851425,
                51.760189408056334
              ],
              [
                5.135792741509987,
                51.759962903680005
              ],
              [
                5.135976393584089,
                51.75972407822564
              ],
              [
                5.1361214370978665,
                51.759475231889084
              ],
              [
                5.136226475765634,
                51.75921876134163
              ],
              [
                5.136290498650964,
                51.75895713664331
              ],
              [
                5.136312889877842,
                51.75869287745059
              ],
              [
                5.136293434534992,
                51.75842852874811
              ],
              [
                5.136232320717607,
                51.75816663633826
              ],
              [
                5.136130137687849,
                51.757909722324506
              ],
              [
                5.135987870172924,
                51.75766026082432
              ],
              [
                5.135806888856704,
                51.7574206541465
              ],
              [
                5.13558893715739,
                51.75719320966078
              ],
              [
                5.1353361144194105,
                51.7569801175834
              ],
              [
                5.135050855682139,
                51.75678342989175
              ],
              [
                5.134735908220748,
                51.75660504057095
              ],
              [
                5.13439430508547,
                51.75644666738241
              ],
              [
                5.134060017790538,
                51.7563213384772
              ],
              [
                5.134065087269941,
                51.756261540605344
              ],
              [
                5.1340456461116055,
                51.75599719146842
              ],
              [
                5.133984548601164,
                51.75573529782748
              ],
              [
                5.133902666888023,
                51.75552938826858
              ],
              [
                5.133920964006045,
                51.75531356588481
              ],
              [
                5.133901524090166,
                51.75504921669722
              ],
              [
                5.1338404286890835,
                51.754787322955266
              ],
              [
                5.133738266887491,
                51.75453040677513
              ],
              [
                5.133596023208073,
                51.75428094229533
              ],
              [
                5.133415068105086,
                51.754041331853266
              ],
              [
                5.133197144744245,
                51.753813882855
              ],
              [
                5.132944352197054,
                51.75360078556025
              ]
            ]
          ],
          [
            [
              [
                5.106937235238689,
                51.76435633628896
              ],
              [
                5.106652053833251,
                51.764159579720506
              ],
              [
                5.106337167350674,
                51.76398111430277
              ],
              [
                5.105995608254564,
                51.76382265852997
              ],
              [
                5.105630665739262,
                51.76368573820075
              ],
              [
                5.105245854061027,
                51.763571671732095
              ],
              [
                5.104844878706899,
                51.76348155747026
              ],
              [
                5.104431600726482,
                51.763416263119545
              ],
              [
                5.104009999569549,
                51.763376417391555
              ],
              [
                5.103584134786458,
                51.76336240395463
              ],
              [
                5.10315810695934,
                51.763374357741355
              ],
              [
                5.102736018239233,
                51.76341216365004
              ],
              [
                5.102321932868173,
                51.76347545765268
              ],
              [
                5.102307519143194,
                51.763478618370605
              ],
              [
                5.102124743303586,
                51.763506555574956
              ],
              [
                5.101722647839773,
                51.7635947275431
              ],
              [
                5.101336414672212,
                51.763706929171306
              ],
              [
                5.100969762967474,
                51.763842080069914
              ],
              [
                5.1006262234306305,
                51.76399887886027
              ],
              [
                5.100309104316133,
                51.7641758157001
              ],
              [
                5.100021459575938,
                51.76437118681576
              ],
              [
                5.099766059451301,
                51.76458311090185
              ],
              [
                5.099545363791336,
                51.76480954723083
              ],
              [
                5.099361498355402,
                51.76504831529758
              ],
              [
                5.099216234327845,
                51.7652971158114
              ],
              [
                5.099110971242852,
                51.7655535528327
              ],
              [
                5.099046723484585,
                51.76581515684142
              ],
              [
                5.0990241104933895,
                51.766079408515886
              ],
              [
                5.099043350773378,
                51.76634376299249
              ],
              [
                5.099104259760114,
                51.76660567437331
              ],
              [
                5.099206251570014,
                51.76686262024507
              ],
              [
                5.099348344615699,
                51.767112125974094
              ],
              [
                5.099529171034253,
                51.76735178854207
              ],
              [
                5.099746989838551,
                51.767579299694056
              ],
              [
                5.099999703665841,
                51.767792468174896
              ],
              [
                5.1002848789629915,
                51.76798924083977
              ],
              [
                5.100599769414497,
                51.76816772243544
              ],
              [
                5.100941342387985,
                51.76832619386125
              ],
              [
                5.10130630814262,
                51.7684631287335
              ],
              [
                5.101691151519041,
                51.76857720809397
              ],
              [
                5.102092165805306,
                51.76866733311964
              ],
              [
                5.102505488452246,
                51.76873263571197
              ],
              [
                5.102927138293528,
                51.768772486862574
              ],
              [
                5.103353053911193,
                51.768786502715216
              ],
              [
                5.103779132776211,
                51.76877454826515
              ],
              [
                5.104201270786104,
                51.76873673866007
              ],
              [
                5.1046154018177505,
                51.76867343809064
              ],
              [
                5.104629817041312,
                51.76867027709191
              ],
              [
                5.104812612254692,
                51.7686423360126
              ],
              [
                5.105214746689113,
                51.768554153525365
              ],
              [
                5.1056010117418476,
                51.76844193920476
              ],
              [
                5.105967686999247,
                51.76830677390954
              ],
              [
                5.106311240826872,
                51.76814995955377
              ],
              [
                5.106628364394564,
                51.76797300656128
              ],
              [
                5.106916003550698,
                51.76777761931099
              ],
              [
                5.107171388238345,
                51.767565679714366
              ],
              [
                5.107392059169907,
                51.767339229082665
              ],
              [
                5.107575891503462,
                51.76710044845987
              ],
              [
                5.107721115293093,
                51.76685163761025
              ],
              [
                5.107826332516747,
                51.766595192863505
              ],
              [
                5.107890530518338,
                51.76633358403142
              ],
              [
                5.107913091735443,
                51.76606933061792
              ],
              [
                5.107893799619898,
                51.765804977552214
              ],
              [
                5.1078328406952656,
                51.76554307067896
              ],
              [
                5.107730802732443,
                51.76528613224103
              ],
              [
                5.107588669062127,
                51.76503663659142
              ],
              [
                5.107407809079821,
                51.76479698636788
              ],
              [
                5.107189965035884,
                51.7645694893597
              ],
              [
                5.106937235238689,
                51.76435633628896
              ]
            ]
          ],
          [
            [
              [
                5.106692672016562,
                51.77217791170718
              ],
              [
                5.106407442319055,
                51.771981154680596
              ],
              [
                5.106092502291751,
                51.771802688722666
              ],
              [
                5.105750884913899,
                51.771644232332775
              ],
              [
                5.1053858799410445,
                51.77150731131545
              ],
              [
                5.105001002230821,
                51.77139324409435
              ],
              [
                5.104599957906011,
                51.77130312902276
              ],
              [
                5.104186608680223,
                51.77123783381295
              ],
              [
                5.10376493468911,
                51.77119798718467
              ],
              [
                5.1033389961841795,
                51.77118397281492
              ],
              [
                5.102912894457257,
                51.77119592564534
              ],
              [
                5.10249073237078,
                51.77123373058341
              ],
              [
                5.102076574873071,
                51.771297023610416
              ],
              [
                5.10167440987765,
                51.77138519528449
              ],
              [
                5.10128810988244,
                51.77149739660594
              ],
              [
                5.100921394697402,
                51.771632547188034
              ],
              [
                5.100577795638822,
                51.77178934565529
              ],
              [
                5.100260621534288,
                51.7719662821685
              ],
              [
                5.099972926865308,
                51.77216165295724
              ],
              [
                5.099717482354004,
                51.77237357671932
              ],
              [
                5.099496748277036,
                51.77260001273031
              ],
              [
                5.099312850763881,
                51.77283878048819
              ],
              [
                5.099256119587611,
                51.77293592986246
              ],
              [
                5.0990145729056415,
                51.7730249420752
              ],
              [
                5.09867095662196,
                51.77318173491714
              ],
              [
                5.098353765254561,
                51.77335866623149
              ],
              [
                5.098066053451155,
                51.77355403229793
              ],
              [
                5.097810592098838,
                51.77376595185985
              ],
              [
                5.09758984163643,
                51.77399238423306
              ],
              [
                5.097405928351191,
                51.7742311489508
              ],
              [
                5.097260623888459,
                51.7744799467546
              ],
              [
                5.097155328172069,
                51.77473638173104
              ],
              [
                5.097091055900725,
                51.77499798437971
              ],
              [
                5.097068426751156,
                51.77526223539216
              ],
              [
                5.0970876593834324,
                51.775526589911124
              ],
              [
                5.097148569307105,
                51.77578850203823
              ],
              [
                5.097250570629921,
                51.776045449353155
              ],
              [
                5.097392681673207,
                51.77629495720827
              ],
              [
                5.097573534401017,
                51.77653462256467
              ],
              [
                5.097791387573113,
                51.77676213714063
              ],
              [
                5.098044143495968,
                51.77697530964795
              ],
              [
                5.0983293682111865,
                51.77717208690305
              ],
              [
                5.098644314927427,
                51.77735057360838
              ],
              [
                5.098985950470473,
                51.777509050614036
              ],
              [
                5.099350984496854,
                51.777645991482544
              ],
              [
                5.09973590118959,
                51.777760077197904
              ],
              [
                5.099739394933098,
                51.77776086230461
              ],
              [
                5.099760702290906,
                51.77776717755191
              ],
              [
                5.100161794344607,
                51.77785730914504
              ],
              [
                5.100575198337515,
                51.77792261853548
              ],
              [
                5.10099693231961,
                51.77796247664935
              ],
              [
                5.101422934062298,
                51.77797649956339
              ],
              [
                5.101849100206778,
                51.7779645522047
              ],
              [
                5.102271325809679,
                51.77792674965273
              ],
              [
                5.1026855439039664,
                51.77786345603025
              ],
              [
                5.103087764693118,
                51.777775280994064
              ],
              [
                5.1034741140000115,
                51.77766307385969
              ],
              [
                5.103840870599328,
                51.777527915416634
              ],
              [
                5.10418450207305,
                51.7773711075131
              ],
              [
                5.104501698843096,
                51.77719416051073
              ],
              [
                5.104673472682282,
                51.77707750929696
              ],
              [
                5.104580298748844,
                51.77719849429824
              ],
              [
                5.104435024240081,
                51.777447300930156
              ],
              [
                5.1043297623269455,
                51.777703742287
              ],
              [
                5.104265527382776,
                51.77796534880699
              ],
              [
                5.104262890814626,
                51.7779961927359
              ],
              [
                5.104260323457081,
                51.77800664861363
              ],
              [
                5.10423773474767,
                51.7782709009486
              ],
              [
                5.104257010633169,
                51.77853525423274
              ],
              [
                5.104317966206683,
                51.77879716257948
              ],
              [
                5.10442001513638,
                51.77905410360485
              ],
              [
                5.1045621752851345,
                51.77930360272157
              ],
              [
                5.104743078144066,
                51.779543256975046
              ],
              [
                5.104960981990097,
                51.77977075819036
              ],
              [
                5.105213788641586,
                51.77998391520795
              ],
              [
                5.10549906365147,
                51.78018067499337
              ],
              [
                5.10581405974389,
                51.78035914241727
              ],
              [
                5.106155743268928,
                51.780517598515445
              ],
              [
                5.106520823420833,
                51.780654517051794
              ],
              [
                5.106905783938215,
                51.78076857922531
              ],
              [
                5.107306916980625,
                51.78085868637859
              ],
              [
                5.1077203588547775,
                51.78092397058512
              ],
              [
                5.108142127245657,
                51.780963803013634
              ],
              [
                5.108568159593126,
                51.78097779998817
              ],
              [
                5.108568213501708,
                51.780977798473785
              ],
              [
                5.108568259599104,
                51.78097779998822
              ],
              [
                5.108994452249478,
                51.780965826685524
              ],
              [
                5.109416700003986,
                51.78092799843531
              ],
              [
                5.109830935682201,
                51.78086467960779
              ],
              [
                5.110233169318231,
                51.780776480102666
              ],
              [
                5.110619526611251,
                51.780664249471094
              ],
              [
                5.110986286259085,
                51.78052906872902
              ],
              [
                5.111329915814453,
                51.78037223993928
              ],
              [
                5.11164710571787,
                51.78019527366484
              ],
              [
                5.1119348011789265,
                51.77999987441262
              ],
              [
                5.112190231598605,
                51.77978792420959
              ],
              [
                5.112410937249124,
                51.77956146446935
              ],
              [
                5.112594792954516,
                51.77932267632357
              ],
              [
                5.112740028544155,
                51.77907385960902
              ],
              [
                5.112845245882777,
                51.77881741071186
              ],
              [
                5.112909432313647,
                51.77855579948389
              ],
              [
                5.112912116291267,
                51.77852433059095
              ],
              [
                5.112914528387186,
                51.77851449929427
              ],
              [
                5.112937066408861,
                51.77825024526013
              ],
              [
                5.112917739785767,
                51.777985893359194
              ],
              [
                5.1128567353742325,
                51.77772398942468
              ],
              [
                5.112754641383635,
                51.77746705567119
              ],
              [
                5.112612441684588,
                51.777217566406584
              ],
              [
                5.112431506308774,
                51.77697792420691
              ],
              [
                5.112213578232843,
                51.776750436784276
              ],
              [
                5.11196075657455,
                51.77653729476832
              ],
              [
                5.111675476363606,
                51.77634055061729
              ],
              [
                5.111360485082605,
                51.776162098860034
              ],
              [
                5.111018816204262,
                51.77600365785917
              ],
              [
                5.110653759979934,
                51.77586675327091
              ],
              [
                5.110268831760655,
                51.775752703360816
              ],
              [
                5.109867738155432,
                51.77566260631543
              ],
              [
                5.109454341352272,
                51.77559732967338
              ],
              [
                5.109032621944819,
                51.775557501975726
              ],
              [
                5.108606640621779,
                51.7755435067171
              ],
              [
                5.108180499087154,
                51.775555478655136
              ],
              [
                5.107758300586609,
                51.77559330251343
              ],
              [
                5.107344110419024,
                51.775656614091034
              ],
              [
                5.106941916812465,
                51.775744803767445
              ],
              [
                5.10655559254034,
                51.77585702236972
              ],
              [
                5.10639013039026,
                51.775918006769274
              ],
              [
                5.106568762791144,
                51.77579668812315
              ],
              [
                5.10682419456271,
                51.77558474950855
              ],
              [
                5.107044906525643,
                51.77535829976455
              ],
              [
                5.107228773443004,
                51.77511951992662
              ],
              [
                5.107374025035997,
                51.7748707097515
              ],
              [
                5.107403953043871,
                51.774797781409475
              ],
              [
                5.107476673584311,
                51.77467321256336
              ],
              [
                5.107581910517477,
                51.774416768275664
              ],
              [
                5.107646121148683,
                51.77415515981642
              ],
              [
                5.107668687794152,
                51.773890906685935
              ],
              [
                5.10764939385373,
                51.77362655381062
              ],
              [
                5.10758842586885,
                51.77336464703348
              ],
              [
                5.107486371697951,
                51.77310770859629
              ],
              [
                5.107344214828077,
                51.77285821285209
              ],
              [
                5.107163324878388,
                51.7726185624395
              ],
              [
                5.106945444388047,
                51.772391065149584
              ],
              [
                5.106692672016562,
                51.77217791170718
              ]
            ],
            [
              [
                5.1054189976440325,
                51.77640002055626
              ],
              [
                5.1053562907154495,
                51.776442606305245
              ],
              [
                5.10537723176609,
                51.77641541351283
              ],
              [
                5.1054189976440325,
                51.77640002055626
              ]
            ]
          ]
        ]
      },
      "properties": {
        "type": "buffer_union_300m",
        "buffer_m": 300
      }
    },
    {
      "type": "Feature",
      "geometry": {
        "type": "MultiPolygon",
        "coordinates": [
          [
            [
              [
                4.905667695893,
                51.72507704821991
              ],
              [
                4.905332287547549,
                51.724792266306885
              ],
              [
                4.904953552210199,
                51.724529271682776
              ],
              [
                4.904535137456414,
                51.72429059673053
              ],
              [
                4.904081072741323,
                51.72407853961996
              ],
              [
                4.903595730598009,
                51.72389514219057
              ],
              [
                4.903083784541413,
                51.723742170302216
              ],
              [
                4.902550164082687,
                51.72362109684298
              ],
              [
                4.902000007286419,
                51.72353308755607
              ],
              [
                4.901438611326365,
                51.72347898982365
              ],
              [
                4.900871381514477,
                51.72345932451303
              ],
              [
                4.900303779292328,
                51.7234742809656
              ],
              [
                4.899741269684079,
                51.7235237151749
              ],
              [
                4.899189268715084,
                51.723607151172374
              ],
              [
                4.898653091300607,
                51.723723785606836
              ],
              [
                4.898137900104694,
                51.72387249547433
              ],
              [
                4.897648655859989,
                51.724051848923594
              ],
              [
                4.897190069625449,
                51.724260119033744
              ],
              [
                4.896766557440516,
                51.72449530043213
              ],
              [
                4.896382197811477,
                51.724755128592406
              ],
              [
                4.896040692438911,
                51.72503710162783
              ],
              [
                4.895745330564163,
                51.725338504370335
              ],
              [
                4.895498957278438,
                51.725656434504444
              ],
              [
                4.895303946100142,
                51.72598783050417
              ],
              [
                4.895162176085547,
                51.72632950110523
              ],
              [
                4.8950750136943375,
                51.72667815602857
              ],
              [
                4.895043299586175,
                51.72703043766016
              ],
              [
                4.8950673404771,
                51.727382953381706
              ],
              [
                4.895146906136069,
                51.72773230824186
              ],
              [
                4.895281231552381,
                51.728075137652425
              ],
              [
                4.895469024255115,
                51.728408139795654
              ],
              [
                4.895708476715884,
                51.72872810742959
              ],
              [
                4.895926016175917,
                51.728956979265206
              ],
              [
                4.896005749606473,
                51.729063520336496
              ],
              [
                4.896294560745528,
                51.729367370953504
              ],
              [
                4.896629945908049,
                51.72965217856895
              ],
              [
                4.897008675548465,
                51.729915199947385
              ],
              [
                4.897427102440938,
                51.7301539016499
              ],
              [
                4.897881196798451,
                51.73036598444809
              ],
              [
                4.898366585085984,
                51.73054940548214
              ],
              [
                4.898878592153789,
                51.73070239794943
              ],
              [
                4.89941228628452,
                51.730823488133815
              ],
              [
                4.899962526719476,
                51.730911509610245
              ],
              [
                4.900524013205064,
                51.73096561448815
              ],
              [
                4.9010913370808495,
                51.73098528158461
              ],
              [
                4.90165903341554,
                51.73097032144831
              ],
              [
                4.902221633686934,
                51.73092087818603
              ],
              [
                4.902773718496596,
                51.73083742807325
              ],
              [
                4.903309969809693,
                51.730720774963494
              ],
              [
                4.903825222215031,
                51.730572042539436
              ],
              [
                4.904314512709899,
                51.73039266348179
              ],
              [
                4.9047731285288165,
                51.7301843656601
              ],
              [
                4.9051966525542525,
                51.7299491554787
              ],
              [
                4.905197852615059,
                51.7299483441378
              ],
              [
                4.905198552554301,
                51.72994795541311
              ],
              [
                4.90558290585004,
                51.729688098467534
              ],
              [
                4.905924387012625,
                51.72940609772973
              ],
              [
                4.906219707750321,
                51.729104669407505
              ],
              [
                4.906466024558519,
                51.728786716777975
              ],
              [
                4.906660966081338,
                51.72845530221377
              ],
              [
                4.906802655917939,
                51.728113617678595
              ],
              [
                4.9068897306551476,
                51.72776495397683
              ],
              [
                4.906921352954134,
                51.72741266905382
              ],
              [
                4.906897219566851,
                51.727060155652225
              ],
              [
                4.906817564206829,
                51.72671080863636
              ],
              [
                4.9066831552485795,
                51.72636799229896
              ],
              [
                4.9064952882797135,
                51.726035007965535
              ],
              [
                4.906255773579314,
                51.72571506220772
              ],
              [
                4.906025035817103,
                51.725472365732735
              ],
              [
                4.905956546684547,
                51.7253808751988
              ],
              [
                4.905667695893,
                51.72507704821991
              ]
            ]
          ],
          [
            [
              [
                4.905075941755517,
                51.73366247566638
              ],
              [
                4.904740473588141,
                51.73337769224266
              ],
              [
                4.904361669898626,
                51.733114695858085
              ],
              [
                4.903943178920792,
                51.732876018912364
              ],
              [
                4.903489030843827,
                51.73266395959463
              ],
              [
                4.9030035990035,
                51.73248055976536
              ],
              [
                4.902491557778346,
                51.732327585307566
              ],
              [
                4.9019578375957,
                51.73220650913393
              ],
              [
                4.901407577480136,
                51.732118497013914
              ],
              [
                4.900846075599942,
                51.73206439635668
              ],
              [
                4.900278738286599,
                51.73204472805789
              ],
              [
                4.899711028016418,
                51.73205968148757
              ],
              [
                4.899148410853552,
                51.73210911266843
              ],
              [
                4.89859630385861,
                51.732192545661015
              ],
              [
                4.898060022967426,
                51.73230917714323
              ],
              [
                4.897544731840119,
                51.732457884139464
              ],
              [
                4.897055392171339,
                51.732637234826214
              ],
              [
                4.8965967159387365,
                51.73284550230926
              ],
              [
                4.896173120048283,
                51.73308068124137
              ],
              [
                4.895788683812308,
                51.73334050711994
              ],
              [
                4.89577106017207,
                51.733355055623505
              ],
              [
                4.8956808818868565,
                51.73341600304126
              ],
              [
                4.895339306499622,
                51.733697973683526
              ],
              [
                4.895043883139503,
                51.73399937430198
              ],
              [
                4.894797457490074,
                51.73431730260159
              ],
              [
                4.89460240357437,
                51.73464869707416
              ],
              [
                4.894460600860668,
                51.73499036647013
              ],
              [
                4.894373416124045,
                51.735339020522105
              ],
              [
                4.894341690239905,
                51.73569130162452
              ],
              [
                4.894347024317097,
                51.73576952009558
              ],
              [
                4.894325121506405,
                51.73585710808739
              ],
              [
                4.894293394868339,
                51.73620938915624
              ],
              [
                4.894317434551958,
                51.7365619046861
              ],
              [
                4.894397010338451,
                51.73691125972744
              ],
              [
                4.894531357120179,
                51.7372540896904
              ],
              [
                4.894719182221016,
                51.73758709275182
              ],
              [
                4.894958677801062,
                51.73790706166083
              ],
              [
                4.895247538227969,
                51.738210914635715
              ],
              [
                4.895582982249115,
                51.738495725055195
              ],
              [
                4.895961779752308,
                51.738758749656654
              ],
              [
                4.896380282858266,
                51.73899745497022
              ],
              [
                4.896834461045989,
                51.739209541732485
              ],
              [
                4.897319939973003,
                51.739392967045426
              ],
              [
                4.897832043616426,
                51.73954596406518
              ],
              [
                4.8983658393285054,
                51.73966705903169
              ],
              [
                4.898916185371835,
                51.739755085473725
              ],
              [
                4.89947778047526,
                51.73980919545288
              ],
              [
                4.900045214931754,
                51.739828867737074
              ],
              [
                4.900613022744491,
                51.73981391282501
              ],
              [
                4.901175734317085,
                51.739764474773125
              ],
              [
                4.901727929178634,
                51.739681029806746
              ],
              [
                4.902264288233904,
                51.739564381729856
              ],
              [
                4.902779645033598,
                51.73941565417669
              ],
              [
                4.903269035569215,
                51.739236279781075
              ],
              [
                4.903727746111504,
                51.7390279863678
              ],
              [
                4.9041513586304815,
                51.738792780298745
              ],
              [
                4.904535793358712,
                51.738532927136234
              ],
              [
                4.904877348087367,
                51.73825092980888
              ],
              [
                4.905172733816352,
                51.73794950449176
              ],
              [
                4.905419106415394,
                51.73763155443323
              ],
              [
                4.905614093991637,
                51.73730014198105
              ],
              [
                4.905755819701146,
                51.736958459078764
              ],
              [
                4.905842919785763,
                51.73660979651511
              ],
              [
                4.905851966433869,
                51.73650906047095
              ],
              [
                4.905911776735623,
                51.736364861483246
              ],
              [
                4.905998874457528,
                51.73601619877854
              ],
              [
                4.906030509688048,
                51.73566391442129
              ],
              [
                4.906006379055137,
                51.735311401148756
              ],
              [
                4.9059267162463485,
                51.734962053824
              ],
              [
                4.905792289708464,
                51.734619236742816
              ],
              [
                4.905604395198904,
                51.734286251237705
              ],
              [
                4.905364843262431,
                51.7339663038917
              ],
              [
                4.905075941755517,
                51.73366247566638
              ]
            ]
          ],
          [
            [
              [
                4.883703871415784,
                51.799628626778095
              ],
              [
                4.883135692116257,
                51.79960887452213
              ],
              [
                4.882567125969213,
                51.79962374365507
              ],
              [
                4.882003647276823,
                51.799673091011265
              ],
              [
                4.88145068139218,
                51.799756441458364
              ],
              [
                4.880913552518366,
                51.79987299246934
              ],
              [
                4.880397432478077,
                51.800021621843804
              ],
              [
                4.879907290945394,
                51.80020089850603
              ],
              [
                4.879447847617553,
                51.80040909627512
              ],
              [
                4.8790235267860185,
                51.800644210475625
              ],
              [
                4.878638414743479,
                51.80090397722909
              ],
              [
                4.878296220436348,
                51.80118589524073
              ],
              [
                4.878000239741479,
                51.801487249873226
              ],
              [
                4.877974154905655,
                51.80152083275352
              ],
              [
                4.877924700081303,
                51.801571184952316
              ],
              [
                4.877677783057444,
                51.801889074190726
              ],
              [
                4.877482309519169,
                51.80222043709858
              ],
              [
                4.877340162978921,
                51.80256208273094
              ],
              [
                4.877252713526605,
                51.802910721049784
              ],
              [
                4.877220804591047,
                51.80326299460135
              ],
              [
                4.877244744769544,
                51.8036155108456
              ],
              [
                4.877257038154775,
                51.80366949390617
              ],
              [
                4.877264325668409,
                51.803776800042115
              ],
              [
                4.877343886136992,
                51.80412616400347
              ],
              [
                4.877478301705671,
                51.80446901101659
              ],
              [
                4.877666279040169,
                51.80480203909411
              ],
              [
                4.877906008838437,
                51.80512204074398
              ],
              [
                4.87819518321591,
                51.80542593386894
              ],
              [
                4.878531017899244,
                51.80571079146053
              ],
              [
                4.878910279015999,
                51.80597386980151
              ],
              [
                4.879329314223251,
                51.80621263490378
              ],
              [
                4.879784087875917,
                51.806424786927586
              ],
              [
                4.880270219896314,
                51.80660828234573
              ],
              [
                4.8807830279704945,
                51.806761353638535
              ],
              [
                4.881317572664423,
                51.806882526330035
              ],
              [
                4.881868705024627,
                51.806970633199924
              ],
              [
                4.882431116203723,
                51.80702482553469
              ],
              [
                4.882999388631376,
                51.80704458130869
              ],
              [
                4.88310861778086,
                51.80704172505745
              ],
              [
                4.883209825987539,
                51.807045243137225
              ],
              [
                4.883778485534857,
                51.807030371024766
              ],
              [
                4.884342054294208,
                51.80698101530376
              ],
              [
                4.884895103535016,
                51.806897651406686
              ],
              [
                4.885432305929609,
                51.80678108235677
              ],
              [
                4.885948486902927,
                51.80663243102741
              ],
              [
                4.886102037481588,
                51.80657626539328
              ],
              [
                4.886128051801282,
                51.806586082895336
              ],
              [
                4.886640879597918,
                51.80673912860869
              ],
              [
                4.886715087079713,
                51.80675594624439
              ],
              [
                4.886482628848115,
                51.8068847583644
              ],
              [
                4.886097506270991,
                51.80714454940108
              ],
              [
                4.885755311033036,
                51.807426488963046
              ],
              [
                4.885459339020482,
                51.807727862205496
              ],
              [
                4.885212441202618,
                51.8080457670977
              ],
              [
                4.885016996152458,
                51.80837714235743
              ],
              [
                4.884874887108606,
                51.808718796920765
              ],
              [
                4.884787483800375,
                51.80906744066359
              ],
              [
                4.884755629212675,
                51.80941971607988
              ],
              [
                4.884779631419852,
                51.809772230611436
              ],
              [
                4.884859260568907,
                51.81012158931847
              ],
              [
                4.884993751043089,
                51.81046442757572
              ],
              [
                4.885181808786952,
                51.810797443479984
              ],
              [
                4.885421623724184,
                51.81111742965641
              ],
              [
                4.88571088715031,
                51.8114213041566
              ],
              [
                4.88604681393432,
                51.81170614015142
              ],
              [
                4.886426169316618,
                51.81196919413145
              ],
              [
                4.88684530004619,
                51.81220793234317
              ],
              [
                4.886971233985897,
                51.8122666604803
              ],
              [
                4.886902278109036,
                51.81235544405457
              ],
              [
                4.886706826677977,
                51.81268682195236
              ],
              [
                4.886564716737053,
                51.8130284783873
              ],
              [
                4.886477318024499,
                51.813377123217336
              ],
              [
                4.886445473481268,
                51.813729398925915
              ],
              [
                4.886469491085259,
                51.814081912952076
              ],
              [
                4.886549140835477,
                51.814431270360785
              ],
              [
                4.88668365691703,
                51.81477410653927
              ],
              [
                4.886871745028084,
                51.81510711960439
              ],
              [
                4.887111594800052,
                51.815427102208474
              ],
              [
                4.887400897193119,
                51.81573097243754
              ],
              [
                4.8877368667010765,
                51.816015803503554
              ],
              [
                4.888116268152899,
                51.81627885194451
              ],
              [
                4.8885354478538625,
                51.81651758406018
              ],
              [
                4.888990368766887,
                51.81672970032846
              ],
              [
                4.889476649395542,
                51.816913157566326
              ],
              [
                4.889989605994048,
                51.81706618862192
              ],
              [
                4.890129933568638,
                51.81709797918251
              ],
              [
                4.8902446213967234,
                51.817132193519825
              ],
              [
                4.890779314571694,
                51.81725332314345
              ],
              [
                4.891330592318819,
                51.81734138564361
              ],
              [
                4.891833184355198,
                51.81738976156049
              ],
              [
                4.892266618768297,
                51.81748794500477
              ],
              [
                4.892668748747865,
                51.81755217678412
              ],
              [
                4.892906680239332,
                51.817663102049984
              ],
              [
                4.893392986921643,
                51.817846543070296
              ],
              [
                4.893905967487427,
                51.81799955701852
              ],
              [
                4.894440680840569,
                51.81812066997096
              ],
              [
                4.894991976402393,
                51.81820871528277
              ],
              [
                4.895554543752869,
                51.818262844833406
              ],
              [
                4.896122963816772,
                51.818282537201966
              ],
              [
                4.896691761100163,
                51.818267602693666
              ],
              [
                4.897255456472286,
                51.818218185168334
              ],
              [
                4.897808619982638,
                51.81813476065391
              ],
              [
                4.898345923202643,
                51.81801813275751
              ],
              [
                4.898862190585983,
                51.817869424919536
              ],
              [
                4.899352449351242,
                51.817690069584486
              ],
              [
                4.899811977404954,
                51.817481794393984
              ],
              [
                4.900236348842302,
                51.817246605535196
              ],
              [
                4.900621476586301,
                51.816986768405364
              ],
              [
                4.900963651754272,
                51.81670478577945
              ],
              [
                4.901259579372227,
                51.816403373691564
              ],
              [
                4.901506410093453,
                51.81608543526324
              ],
              [
                4.901701767616255,
                51.81575403273101
              ],
              [
                4.901843771537796,
                51.81541235794325
              ],
              [
                4.901931055425072,
                51.8150637016109
              ],
              [
                4.901962779930504,
                51.814711421608656
              ],
              [
                4.901938640827497,
                51.81435891063194
              ],
              [
                4.90185887189043,
                51.81400956352171
              ],
              [
                4.901724242593277,
                51.813666744571464
              ],
              [
                4.901536050650898,
                51.813333755131595
              ],
              [
                4.901296109476721,
                51.813013801822535
              ],
              [
                4.901006730679331,
                51.81270996566282
              ],
              [
                4.900670701767969,
                51.812425172409164
              ],
              [
                4.900440817206132,
                51.81226582997865
              ],
              [
                4.90035195162566,
                51.81203951605989
              ],
              [
                4.900163776581654,
                51.811706524376284
              ],
              [
                4.899923853780355,
                51.81138656822263
              ],
              [
                4.89963449465337,
                51.81108272864499
              ],
              [
                4.8992984865205065,
                51.8107979314329
              ],
              [
                4.898919065722045,
                51.81053491895619
              ],
              [
                4.898499886435709,
                51.810296223768844
              ],
              [
                4.898044985479276,
                51.810084144234864
              ],
              [
                4.897558743437954,
                51.80990072240884
              ],
              [
                4.8970458424907966,
                51.80974772438501
              ],
              [
                4.896628646164353,
                51.809653222352146
              ],
              [
                4.896655158463976,
                51.80935916937967
              ],
              [
                4.896631063595749,
                51.80900665714497
              ],
              [
                4.896551345134643,
                51.808657306270426
              ],
              [
                4.896416772068235,
                51.808314481085866
              ],
              [
                4.896228641569629,
                51.807981483001825
              ],
              [
                4.895988766460384,
                51.807661518722
              ],
              [
                4.895699457712767,
                51.80735766937076
              ],
              [
                4.895363502161427,
                51.80707286083186
              ],
              [
                4.894984135640336,
                51.80680983558422
              ],
              [
                4.894565011804634,
                51.806571126304924
              ],
              [
                4.894110166938253,
                51.80635903149363
              ],
              [
                4.893623981086454,
                51.806175593352144
              ],
              [
                4.893111135887412,
                51.80602257813178
              ],
              [
                4.893105447952046,
                51.806021289408136
              ],
              [
                4.893105144375378,
                51.80602119883041
              ],
              [
                4.892964718378413,
                51.80598938220043
              ],
              [
                4.892969799192852,
                51.80598656621916
              ],
              [
                4.893354872330279,
                51.805726752524436
              ],
              [
                4.893697007180626,
                51.80544479066294
              ],
              [
                4.893992909157713,
                51.80514339646884
              ],
              [
                4.89423972916113,
                51.80482547289125
              ],
              [
                4.894435090991707,
                51.80449408202372
              ],
              [
                4.894577114204351,
                51.80415241560229
              ],
              [
                4.8946644321794714,
                51.803803764257324
              ],
              [
                4.894696205240393,
                51.803451485815536
              ],
              [
                4.8946721286921235,
                51.803098972957464
              ],
              [
                4.894592435705887,
                51.80274962054231
              ],
              [
                4.894457895023562,
                51.80240679291477
              ],
              [
                4.894269803506069,
                51.80207379150895
              ],
              [
                4.8940299735992925,
                51.80175382306064
              ],
              [
                4.893740715839986,
                51.801449968734374
              ],
              [
                4.893404816571634,
                51.80116515446189
              ],
              [
                4.893025511086122,
                51.80090212277737
              ],
              [
                4.892606452450824,
                51.80066340641996
              ],
              [
                4.89215167632187,
                51.80045130395754
              ],
              [
                4.89193015317194,
                51.800367707581
              ],
              [
                4.891926084998192,
                51.800365810198066
              ],
              [
                4.891439972600448,
                51.800182362971874
              ],
              [
                4.890927202939979,
                51.80002933819494
              ],
              [
                4.890392713456933,
                51.79990820926396
              ],
              [
                4.889841650581526,
                51.799820142455886
              ],
              [
                4.889279320209364,
                51.79976598570627
              ],
              [
                4.888711136646606,
                51.7997462604505
              ],
              [
                4.888142570514987,
                51.79976115660694
              ],
              [
                4.887579096116538,
                51.799810530749745
              ],
              [
                4.887026138763058,
                51.79989390748879
              ],
              [
                4.88648902257556,
                51.80001048404378
              ],
              [
                4.886082759871381,
                51.80012750070259
              ],
              [
                4.885864465394229,
                51.80004510666789
              ],
              [
                4.885351716298038,
                51.79989205754398
              ],
              [
                4.884817243505776,
                51.7997709032291
              ],
              [
                4.884266193287083,
                51.79968281024463
              ],
              [
                4.883703871415784,
                51.799628626778095
              ]
            ]
          ],
          [
            [
              [
                4.959400183051509,
                51.724634443736285
              ],
              [
                4.95883772294363,
                51.72468416170178
              ],
              [
                4.958285816214535,
                51.72476787619362
              ],
              [
                4.9577497768729515,
                51.72488478117934
              ],
              [
                4.957234766254665,
                51.72503375105013
              ],
              [
                4.956745743355064,
                51.72521335145122
              ],
              [
                4.956394655736112,
                51.72537306845312
              ],
              [
                4.956022264974247,
                51.725429544766904
              ],
              [
                4.955486211954073,
                51.7255464393734
              ],
              [
                4.9549711863564525,
                51.725695399267416
              ],
              [
                4.954482147320935,
                51.72587499019026
              ],
              [
                4.9540238039322055,
                51.72608348293455
              ],
              [
                4.953600569893147,
                51.72631886998379
              ],
              [
                4.953216521033667,
                51.72657888483121
              ],
              [
                4.952875356063814,
                51.726861023792104
              ],
              [
                4.952580360948951,
                51.7271625701003
              ],
              [
                4.952334377250321,
                51.727480620057285
              ],
              [
                4.952139774736307,
                51.727812110982605
              ],
              [
                4.951998428529127,
                51.7281538506972
              ],
              [
                4.951911701008206,
                51.728502548255754
              ],
              [
                4.951880428645997,
                51.72885484563277
              ],
              [
                4.951904913904679,
                51.72920735005753
              ],
              [
                4.951984922273622,
                51.72955666668667
              ],
              [
                4.952119684478063,
                51.72989943129939
              ],
              [
                4.952307903839603,
                51.73023234270132
              ],
              [
                4.952547768719535,
                51.730552194523526
              ],
              [
                4.952836969926823,
                51.73085590611154
              ],
              [
                4.953172722924631,
                51.7311405522053
              ],
              [
                4.95355179462274,
                51.73140339112464
              ],
              [
                4.953970534498805,
                51.731641891187735
              ],
              [
                4.954424909749277,
                51.73185375510816
              ],
              [
                4.954910544131708,
                51.73203694213415
              ],
              [
                4.955422760124208,
                51.73218968771715
              ],
              [
                4.955956623995486,
                51.73231052051912
              ],
              [
                4.956506993350563,
                51.73239827659431
              ],
              [
                4.957068566693054,
                51.732452110608925
              ],
              [
                4.95718453574414,
                51.732456074808645
              ],
              [
                4.957322994259056,
                51.73270090427274
              ],
              [
                4.957562907726219,
                51.73302074579934
              ],
              [
                4.957852158434146,
                51.73332444498534
              ],
              [
                4.957875284871068,
                51.73334404745298
              ],
              [
                4.957932019732774,
                51.73340361566857
              ],
              [
                4.958267823758585,
                51.733688247143355
              ],
              [
                4.958646946477786,
                51.733951069565926
              ],
              [
                4.959065736876479,
                51.73418955141344
              ],
              [
                4.959520161664332,
                51.734401395574686
              ],
              [
                4.960005844121575,
                51.73458456148832
              ],
              [
                4.960518106263066,
                51.73473728480907
              ],
              [
                4.961052013912808,
                51.734858094413354
              ],
              [
                4.961602424253942,
                51.7349458265789
              ],
              [
                4.96216403539512,
                51.73499963620214
              ],
              [
                4.962731437474379,
                51.735019004944434
              ],
              [
                4.963299164806729,
                51.73500374622868
              ],
              [
                4.963861748571389,
                51.73495400703796
              ],
              [
                4.964413769529335,
                51.734870266498675
              ],
              [
                4.964949910261593,
                51.73475333126206
              ],
              [
                4.965465006423288,
                51.73460432772862
              ],
              [
                4.965954096518197,
                51.73442469119055
              ],
              [
                4.966412469712888,
                51.7342161519975
              ],
              [
                4.966835711228779,
                51.73398071887871
              ],
              [
                4.967219744874006,
                51.73372065958313
              ],
              [
                4.967560872304939,
                51.73343847902445
              ],
              [
                4.967855808638993,
                51.73313689514205
              ],
              [
                4.9681017140759565,
                51.73281881271086
              ],
              [
                4.96829622122383,
                51.73248729535299
              ],
              [
                4.968437457866892,
                51.73214553602149
              ],
              [
                4.968524064957933,
                51.73179682624028
              ],
              [
                4.968555209662842,
                51.731444524397574
              ],
              [
                4.968530593333616,
                51.73109202339821
              ],
              [
                4.9684504543348345,
                51.73074271798615
              ],
              [
                4.968315565698271,
                51.73039997205253
              ],
              [
                4.968127227630174,
                51.73006708624404
              ],
              [
                4.967887254945191,
                51.7297472661828
              ],
              [
                4.967826688900767,
                51.729683690151354
              ],
              [
                4.967821773409091,
                51.72967713902632
              ],
              [
                4.967532478901764,
                51.72937346428467
              ],
              [
                4.9671966484295975,
                51.729088859200466
              ],
              [
                4.966817516617568,
                51.72882606429352
              ],
              [
                4.966809938980244,
                51.72882174962369
              ],
              [
                4.966803126308663,
                51.72881702738527
              ],
              [
                4.9665013995605864,
                51.728645224522914
              ],
              [
                4.966535429202449,
                51.72850822360466
              ],
              [
                4.966566587070653,
                51.72815592218222
              ],
              [
                4.966541987974094,
                51.72780342066127
              ],
              [
                4.966461870111175,
                51.727454113790834
              ],
              [
                4.966327006309938,
                51.72711136547621
              ],
              [
                4.966138696537295,
                51.72677847638701
              ],
              [
                4.965898755335276,
                51.72645865217698
              ],
              [
                4.965609494306966,
                51.72615497262139
              ],
              [
                4.9652736998223075,
                51.72587036196896
              ],
              [
                4.964894606159703,
                51.72560756079319
              ],
              [
                4.9644758643430436,
                51.72536909961386
              ],
              [
                4.96402150697478,
                51.72515727454209
              ],
              [
                4.963535909404014,
                51.72497412518291
              ],
              [
                4.963023747603356,
                51.72482141500763
              ],
              [
                4.962489953159722,
                51.72470061438428
              ],
              [
                4.961939665811616,
                51.72461288642937
              ],
              [
                4.961378183988824,
                51.724559075816195
              ],
              [
                4.9608109138293734,
                51.7245397006479
              ],
              [
                4.960243317163062,
                51.72455494747255
              ],
              [
                4.95968085896068,
                51.72460466948799
              ],
              [
                4.959502731322946,
                51.72463169002551
              ],
              [
                4.959400183051509,
                51.724634443736285
              ]
            ]
          ],
          [
            [
              [
                4.952281705673266,
                51.76547295389189
              ],
              [
                4.951719727451164,
                51.765419096668644
              ],
              [
                4.951151948198142,
                51.76539967424278
              ],
              [
                4.950583834644194,
                51.76541487361724
              ],
              [
                4.950020856735278,
                51.765464548446836
              ],
              [
                4.949468435004631,
                51.76554822044653
              ],
              [
                4.948931888418154,
                51.76566508399307
              ],
              [
                4.948416383194328,
                51.765814013876934
              ],
              [
                4.94792688308984,
                51.7659935761286
              ],
              [
                4.947468101628184,
                51.76620204181708
              ],
              [
                4.947044456730067,
                51.766437403686766
              ],
              [
                4.946660028181626,
                51.76669739547369
              ],
              [
                4.946318518349461,
                51.766979513715604
              ],
              [
                4.946023216520641,
                51.767281041846275
              ],
              [
                4.945776967211205,
                51.76759907634255
              ],
              [
                4.945582142748965,
                51.76793055467326
              ],
              [
                4.945582137336455,
                51.76793056774277
              ],
              [
                4.945582117905509,
                51.767930600802735
              ],
              [
                4.9454405955516965,
                51.768272330910385
              ],
              [
                4.945353739384711,
                51.76862102194242
              ],
              [
                4.945322387118394,
                51.76897331593644
              ],
              [
                4.945346841987065,
                51.76932582015449
              ],
              [
                4.945426869775449,
                51.769675139755186
              ],
              [
                4.945561701024403,
                51.77001791048916
              ],
              [
                4.9457500383930855,
                51.77035083110288
              ],
              [
                4.9459900691085705,
                51.77067069513873
              ],
              [
                4.946279482384668,
                51.77097442182432
              ],
              [
                4.946573173644053,
                51.77122323458761
              ],
              [
                4.946325507112956,
                51.771476101374155
              ],
              [
                4.946079236953322,
                51.771794136331756
              ],
              [
                4.9458843965073775,
                51.77212561499042
              ],
              [
                4.945742863190835,
                51.77246734528954
              ],
              [
                4.945656001187548,
                51.77281603637462
              ],
              [
                4.945624648267832,
                51.77316833028282
              ],
              [
                4.945649107672576,
                51.77352083427703
              ],
              [
                4.945729145143101,
                51.77387015351793
              ],
              [
                4.945863991127277,
                51.77421292375969
              ],
              [
                4.946052348142608,
                51.77454584375349
              ],
              [
                4.946292403227165,
                51.77486570704763
              ],
              [
                4.94658184536024,
                51.775169432876794
              ],
              [
                4.9469178876864,
                51.77545409584351
              ],
              [
                4.947297294330184,
                51.775716954104794
              ],
              [
                4.94771641154412,
                51.77595547579214
              ],
              [
                4.948171202890702,
                51.776167363410465
              ],
              [
                4.948657288119683,
                51.776350575979386
              ],
              [
                4.949169985366149,
                51.77650334870398
              ],
              [
                4.949704356262436,
                51.776624209984384
              ],
              [
                4.950255253528553,
                51.776711995600415
              ],
              [
                4.950817370581587,
                51.77676585993326
              ],
              [
                4.951385292684866,
                51.77678528411732
              ],
              [
                4.951953549142577,
                51.77677008104121
              ],
              [
                4.952516666035358,
                51.776720397152076
              ],
              [
                4.953069218987072,
                51.77663671104376
              ],
              [
                4.953605885452669,
                51.77651982884321
              ],
              [
                4.954121496021714,
                51.77637087644026
              ],
              [
                4.9546110842418045,
                51.776191288635005
              ],
              [
                4.95506993448054,
                51.775982795307854
              ],
              [
                4.9554936273638495,
                51.77574740474676
              ],
              [
                4.955878082352181,
                51.77548738429111
              ],
              [
                4.956219597043901,
                51.775205238480964
              ],
              [
                4.956514882827221,
                51.774903684921426
              ],
              [
                4.956761096537394,
                51.77458562809581
              ],
              [
                4.95695586781495,
                51.77425413138003
              ],
              [
                4.9570973219022765,
                51.77391238752872
              ],
              [
                4.957184097660261,
                51.77356368791702
              ],
              [
                4.95721536063294,
                51.77321139083554
              ],
              [
                4.957190811036041,
                51.77285888914329
              ],
              [
                4.957110686594275,
                51.77250957759122
              ],
              [
                4.956975760202031,
                51.77216682012963
              ],
              [
                4.956787332431841,
                51.771833917516176
              ],
              [
                4.956547218964705,
                51.77151407553469
              ],
              [
                4.956257733064935,
                51.771210374131364
              ],
              [
                4.9559640430934095,
                51.7709616318666
              ],
              [
                4.9562116981843225,
                51.77070869833988
              ],
              [
                4.9564578910567905,
                51.77039064197727
              ],
              [
                4.956652646365674,
                51.77005914559075
              ],
              [
                4.956794089506918,
                51.76971740193174
              ],
              [
                4.9568808594465805,
                51.76936870237352
              ],
              [
                4.95691212178446,
                51.769016405206195
              ],
              [
                4.956887576742117,
                51.76866390328964
              ],
              [
                4.956807462000127,
                51.76831459137684
              ],
              [
                4.956672550359192,
                51.767971833421704
              ],
              [
                4.956484142249547,
                51.76763893018661
              ],
              [
                4.956244053162633,
                51.767319087461395
              ],
              [
                4.955954596127801,
                51.76701538519954
              ],
              [
                4.955618559404306,
                51.766730747868124
              ],
              [
                4.955239179604654,
                51.766467916297245
              ],
              [
                4.9552391315530615,
                51.766467888951006
              ],
              [
                4.955239104443024,
                51.7664678701692
              ],
              [
                4.9548200353482805,
                51.76622937517081
              ],
              [
                4.954365312712109,
                51.766017513181566
              ],
              [
                4.953879315400974,
                51.765834324161666
              ],
              [
                4.953366723236311,
                51.765681571963924
              ],
              [
                4.952832471948293,
                51.7655607273608
              ],
              [
                4.952281705673266,
                51.76547295389189
              ]
            ]
          ],
          [
            [
              [
                4.928038968570984,
                51.76701628857451
              ],
              [
                4.927659747271702,
                51.76675336797418
              ],
              [
                4.927240821585102,
                51.76651477459072
              ],
              [
                4.926786225885714,
                51.76630280580789
              ],
              [
                4.926300337818612,
                51.76611950261435
              ],
              [
                4.925787836154165,
                51.76596662996229
              ],
              [
                4.925253655751857,
                51.765845659783935
              ],
              [
                4.924702940066084,
                51.76575775682793
              ],
              [
                4.9241409916501135,
                51.76570376745238
              ],
              [
                4.923573221133382,
                51.765684211481364
              ],
              [
                4.923005095161853,
                51.76569927720352
              ],
              [
                4.922442083800966,
                51.765748819560386
              ],
              [
                4.921889607905782,
                51.76583236154236
              ],
              [
                4.921352986963296,
                51.765949098777995
              ],
              [
                4.920837387907358,
                51.76609790727386
              ],
              [
                4.920347775397423,
                51.766277354229224
              ],
              [
                4.9198888640385094,
                51.7664857118233
              ],
              [
                4.919465073001213,
                51.766720973841295
              ],
              [
                4.9190804834779325,
                51.76698087498093
              ],
              [
                4.9187387993844185,
                51.7672629126529
              ],
              [
                4.9184433116848725,
                51.76756437106702
              ],
              [
                4.918394667508493,
                51.767627134740195
              ],
              [
                4.91821575277994,
                51.767726450745286
              ],
              [
                4.917831147489807,
                51.76798634773826
              ],
              [
                4.917489447969282,
                51.76826838171867
              ],
              [
                4.917193945331106,
                51.76856983693182
              ],
              [
                4.9169474860242115,
                51.76888781055708
              ],
              [
                4.916752444397919,
                51.76921924064974
              ],
              [
                4.916610699804496,
                51.7695609356172
              ],
              [
                4.916523618461746,
                51.769909604945724
              ],
              [
                4.916492040251796,
                51.77026189088223
              ],
              [
                4.91651627058488,
                51.77061440076683
              ],
              [
                4.916596077408305,
                51.77096373970394
              ],
              [
                4.916730693391349,
                51.771306543258405
              ],
              [
                4.9169188232669265,
                51.77163950986104
              ],
              [
                4.916919531106134,
                51.771640454083254
              ],
              [
                4.9169218227613065,
                51.77164450999702
              ],
              [
                4.917161655803314,
                51.77196443274127
              ],
              [
                4.917450883087356,
                51.77226823029458
              ],
              [
                4.917786719828073,
                51.77255297656895
              ],
              [
                4.918165932130989,
                51.77281592891926
              ],
              [
                4.918584868121422,
                51.77305455457094
              ],
              [
                4.919039493108357,
                51.773266555027625
              ],
              [
                4.919525428444895,
                51.77344988822218
              ],
              [
                4.919577351821181,
                51.773465377292446
              ],
              [
                4.919639316168854,
                51.77349427160753
              ],
              [
                4.9201252563992215,
                51.77367760231761
              ],
              [
                4.920637826289775,
                51.773830499672925
              ],
              [
                4.920907737776298,
                51.773891625291974
              ],
              [
                4.920575147001971,
                51.77407623365616
              ],
              [
                4.920190501042212,
                51.77433613815357
              ],
              [
                4.91984876803875,
                51.77461817876779
              ],
              [
                4.919553239427001,
                51.77491963968027
              ],
              [
                4.919306761906311,
                51.77523761801552
              ],
              [
                4.919111710001752,
                51.7755690517835
              ],
              [
                4.91896996316496,
                51.77591074935623
              ],
              [
                4.918882887635766,
                51.77625942019482
              ],
              [
                4.918851323240739,
                51.77661170653169
              ],
              [
                4.9188755752574975,
                51.77696421570309
              ],
              [
                4.918955411424939,
                51.77731355282022
              ],
              [
                4.91909006413012,
                51.77765635346546
              ],
              [
                4.919278237752634,
                51.77798931609752
              ],
              [
                4.919518121097597,
                51.77830923385431
              ],
              [
                4.919807404799241,
                51.77861302544631
              ],
              [
                4.920143303528994,
                51.7788977648428
              ],
              [
                4.920522582795427,
                51.779160709464904
              ],
              [
                4.920941590078912,
                51.77939932661239
              ],
              [
                4.921396290001714,
                51.77961131787073
              ],
              [
                4.921882303195049,
                51.779794641261354
              ],
              [
                4.922394948488622,
                51.779947530921845
              ],
              [
                4.922929288015835,
                51.78006851412594
              ],
              [
                4.9234801747993275,
                51.78015642547887
              ],
              [
                4.924042302357482,
                51.780210418150695
              ],
              [
                4.924610255852572,
                51.780229972039294
              ],
              [
                4.924610312342017,
                51.780229970541164
              ],
              [
                4.92461035586054,
                51.78022997203935
              ],
              [
                4.925178664294298,
                51.780214898783505
              ],
              [
                4.9257418532464365,
                51.78016534358013
              ],
              [
                4.9262944976463245,
                51.78008178378336
              ],
              [
                4.9268312740675055,
                51.77996502430342
              ],
              [
                4.927347012039737,
                51.779816189847985
              ],
              [
                4.927836743882667,
                51.77963671408096
              ],
              [
                4.9282957525796425,
                51.77942832580375
              ],
              [
                4.928719617229434,
                51.7791930322924
              ],
              [
                4.9291042556371565,
                51.77893309995169
              ],
              [
                4.929445963633667,
                51.778651032473135
              ],
              [
                4.929741450744537,
                51.77834954670761
              ],
              [
                4.929987871865256,
                51.7780315464857
              ],
              [
                4.93018285463815,
                51.77770009463855
              ],
              [
                4.930324522268253,
                51.77735838348889
              ],
              [
                4.930411511559583,
                51.77700970409735
              ],
              [
                4.930442985999618,
                51.77665741456019
              ],
              [
                4.930418643767642,
                51.77630490766417
              ],
              [
                4.930338720591649,
                51.77595557821066
              ],
              [
                4.9302039874282535,
                51.775612790322754
              ],
              [
                4.930015742989802,
                51.77527984505146
              ],
              [
                4.929775801192576,
                51.77495994859175
              ],
              [
                4.92948647364861,
                51.7746561814147
              ],
              [
                4.929150547371295,
                51.77437146861275
              ],
              [
                4.9287712579106735,
                51.7741085517429
              ],
              [
                4.92835225817812,
                51.77386996243871
              ],
              [
                4.9278975832611716,
                51.77365799804481
              ],
              [
                4.92741161156764,
                51.77347469950735
              ],
              [
                4.926899022672993,
                51.77332183173376
              ],
              [
                4.926629035410437,
                51.7732607038157
              ],
              [
                4.926961566483053,
                51.77307609430918
              ],
              [
                4.927346162751982,
                51.77281616750465
              ],
              [
                4.927687835284517,
                51.772534104911614
              ],
              [
                4.927821756201094,
                51.77239745461551
              ],
              [
                4.927839497016986,
                51.77238280872839
              ],
              [
                4.928134953674407,
                51.772081326761
              ],
              [
                4.928381351740197,
                51.77176332966239
              ],
              [
                4.928576319078404,
                51.77143188023368
              ],
              [
                4.928717979042346,
                51.77109017077424
              ],
              [
                4.928795162573563,
                51.770780797574595
              ],
              [
                4.928876068286252,
                51.77067637714327
              ],
              [
                4.929071027273264,
                51.770344926841496
              ],
              [
                4.929212680056077,
                51.77000321673409
              ],
              [
                4.929299663581244,
                51.76965453787165
              ],
              [
                4.929331141391297,
                51.76930224834532
              ],
              [
                4.92930681163257,
                51.768949740941764
              ],
              [
                4.929226909912451,
                51.76860041046722
              ],
              [
                4.92909220698046,
                51.7682576210547
              ],
              [
                4.92890400125739,
                51.767924673769976
              ],
              [
                4.928664106286313,
                51.76760477482734
              ],
              [
                4.9283748332280215,
                51.767301004721986
              ],
              [
                4.928038968570984,
                51.76701628857451
              ]
            ]
          ],
          [
            [
              [
                4.949903440382575,
                51.80972732145268
              ],
              [
                4.949483998163162,
                51.809488808140586
              ],
              [
                4.949028864976744,
                51.80927692603755
              ],
              [
                4.9485424236430156,
                51.80909371529703
              ],
              [
                4.9480293582584745,
                51.80894093998069
              ],
              [
                4.947494609109026,
                51.808820071083225
              ],
              [
                4.946943325123638,
                51.80873227237794
              ],
              [
                4.946380814325658,
                51.80867838921903
              ],
              [
                4.9458124927575575,
                51.80865894040787
              ],
              [
                4.94524383236928,
                51.80867411320127
              ],
              [
                4.944680308370204,
                51.80872376151007
              ],
              [
                4.944127346549879,
                51.80880740730463
              ],
              [
                4.9435902710729005,
                51.80892424521427
              ],
              [
                4.94307425324886,
                51.8090731502764
              ],
              [
                4.942584261769037,
                51.8092526887609
              ],
              [
                4.942125014887542,
                51.80946113196593
              ],
              [
                4.941700935006247,
                51.80969647285276
              ],
              [
                4.941316106099863,
                51.80995644535986
              ],
              [
                4.940974234390685,
                51.81023854621109
              ],
              [
                4.940678612651433,
                51.81054005900804
              ],
              [
                4.94043208848019,
                51.810858080375645
              ],
              [
                4.9402370368534605,
                51.81118954790952
              ],
              [
                4.9400953372225835,
                51.81153126965645
              ],
              [
                4.940008355375274,
                51.81187995484464
              ],
              [
                4.939976930238422,
                51.81223224556817
              ],
              [
                4.940001365750976,
                51.81258474912069
              ],
              [
                4.940081427886962,
                51.812934070667254
              ],
              [
                4.940216346859283,
                51.81327684593972
              ],
              [
                4.940244716286541,
                51.81332695815362
              ],
              [
                4.940246677276305,
                51.813355244249664
              ],
              [
                4.940326742664327,
                51.81370456560069
              ],
              [
                4.940461665791517,
                51.81404734056462
              ],
              [
                4.940650148434911,
                51.81438026784705
              ],
              [
                4.940890376424934,
                51.81470014092588
              ],
              [
                4.94118003707759,
                51.81500387894146
              ],
              [
                4.941516341434469,
                51.815288556378576
              ],
              [
                4.94189605109763,
                51.815551431254626
              ],
              [
                4.942315509401884,
                51.81578997154075
              ],
              [
                4.9423555441140925,
                51.815808610284655
              ],
              [
                4.942472803495042,
                51.81587529329328
              ],
              [
                4.94292797231979,
                51.81608720070441
              ],
              [
                4.943414466152109,
                51.81627043463202
              ],
              [
                4.943927599190976,
                51.81642323007519
              ],
              [
                4.944462428870324,
                51.81654411521488
              ],
              [
                4.94501380348993,
                51.81663192560087
              ],
              [
                4.945576411867485,
                51.8166858153756
              ],
              [
                4.946144834532116,
                51.81670526542814
              ],
              [
                4.94671359596471,
                51.81669008839806
              ],
              [
                4.947277217380044,
                51.81664043048147
              ],
              [
                4.94783026954054,
                51.81655677002211
              ],
              [
                4.948367425091023,
                51.816439912900066
              ],
              [
                4.948883509908682,
                51.81629098476384
              ],
              [
                4.9493735529719585,
                51.81611142017998
              ],
              [
                4.949832834266582,
                51.81590294880561
              ],
              [
                4.950256930266166,
                51.815667578717445
              ],
              [
                4.950641756548413,
                51.81540757705821
              ],
              [
                4.950983607135932,
                51.8151254481872
              ],
              [
                4.951279190182601,
                51.81482390954681
              ],
              [
                4.951525659661894,
                51.81450586547698
              ],
              [
                4.951720642752642,
                51.81417437923117
              ],
              [
                4.9518622626592474,
                51.81383264346338
              ],
              [
                4.9519491566478875,
                51.81348394947121
              ],
              [
                4.951980489126457,
                51.813131655491304
              ],
              [
                4.951955959643918,
                51.81277915435301
              ],
              [
                4.951875805733946,
                51.81242984080183
              ],
              [
                4.951823386780038,
                51.812296755965
              ],
              [
                4.951796675378599,
                51.81218034458747
              ],
              [
                4.951661671565582,
                51.811837582493396
              ],
              [
                4.951473118118815,
                51.81150467272166
              ],
              [
                4.951415430693891,
                51.811427883852126
              ],
              [
                4.951338004029792,
                51.811231297680784
              ],
              [
                4.951149455497605,
                51.81089838737068
              ],
              [
                4.950909174828082,
                51.810578535094486
              ],
              [
                4.950619476897653,
                51.81027482089747
              ],
              [
                4.950283152287114,
                51.80999016936135
              ],
              [
                4.949903440382575,
                51.80972732145268
              ]
            ]
          ],
          [
            [
              [
                5.062215222631203,
                51.71825408349069
              ],
              [
                5.061878877999933,
                51.717969749162194
              ],
              [
                5.061499288334472,
                51.71770726005975
              ],
              [
                5.061080109431467,
                51.71746914369775
              ],
              [
                5.060625378098829,
                51.717257692866596
              ],
              [
                5.0601394732834635,
                51.717074943567745
              ],
              [
                5.059627073913625,
                51.71692265542032
              ],
              [
                5.0590931138613655,
                51.71680229472895
              ],
              [
                5.0585427344579275,
                51.71671502037447
              ],
              [
                5.057981235018182,
                51.71666167266304
              ],
              [
                5.057414021849114,
                51.71664276524116
              ],
              [
                5.05684655623175,
                51.71665848015349
              ],
              [
                5.0562843018756745,
                51.7167086660916
              ],
              [
                5.055732672350241,
                51.71679283984935
              ],
              [
                5.055196978996879,
                51.716910190972584
              ],
              [
                5.054682379822232,
                51.71705958955703
              ],
              [
                5.054193829862685,
                51.71723959711998
              ],
              [
                5.053736033496719,
                51.71744848044223
              ],
              [
                5.053313399163184,
                51.71768422824616
              ],
              [
                5.052929996920646,
                51.71794457055086
              ],
              [
                5.052589519255917,
                51.718227000517736
              ],
              [
                5.052295245519034,
                51.71852879857768
              ],
              [
                5.052050010327355,
                51.718847058606855
              ],
              [
                5.051856176243582,
                51.719178715900846
              ],
              [
                5.051715610991745,
                51.719520576677205
              ],
              [
                5.051629669431723,
                51.719869348823295
              ],
              [
                5.051599180467431,
                51.720221673594025
              ],
              [
                5.051624439016385,
                51.72057415795345
              ],
              [
                5.051705203119826,
                51.720923407249906
              ],
              [
                5.051840696223154,
                51.72126605790976
              ],
              [
                5.052029614606627,
                51.72159880983476
              ],
              [
                5.0522701398965495,
                51.721918458190835
              ],
              [
                5.052559956538269,
                51.722221924282046
              ],
              [
                5.052896274064096,
                51.722506285212035
              ],
              [
                5.053275853943009,
                51.72276880204652
              ],
              [
                5.053695040754455,
                51.723006946205466
              ],
              [
                5.054149797386601,
                51.72321842383017
              ],
              [
                5.054635743920299,
                51.72340119788962
              ],
              [
                5.055148199824081,
                51.723553507813044
              ],
              [
                5.055682229053332,
                51.72367388645901
              ],
              [
                5.056232687618369,
                51.72376117425676
              ],
              [
                5.056794273162191,
                51.72381453038345
              ],
              [
                5.057361576068878,
                51.723833440869186
              ],
              [
                5.057929131608837,
                51.72381772355152
              ],
              [
                5.058491472616815,
                51.72376752983151
              ],
              [
                5.059043182193463,
                51.72368334321414
              ],
              [
                5.0595789459210385,
                51.723565974647826
              ],
              [
                5.06009360308845,
                51.723416554707214
              ],
              [
                5.060582196430688,
                51.72323652269567
              ],
              [
                5.061040019902097,
                51.72302761277196
              ],
              [
                5.0614626640221765,
                51.722791837235924
              ],
              [
                5.061846058356274,
                51.72253146713434
              ],
              [
                5.062186510721494,
                51.722249010373886
              ],
              [
                5.062480742740042,
                51.721947187553376
              ],
              [
                5.062725921397775,
                51.72162890574819
              ],
              [
                5.062919686304559,
                51.721297230499566
              ],
              [
                5.063060172394795,
                51.720955356280015
              ],
              [
                5.063146027850746,
                51.720606575718634
              ],
              [
                5.06317642707742,
                51.72025424788406
              ],
              [
                5.0631510786058715,
                51.719901765929926
              ],
              [
                5.063070227850533,
                51.719552524415406
              ],
              [
                5.062934654695986,
                51.71920988661517
              ],
              [
                5.062745665938301,
                51.718877152133174
              ],
              [
                5.062505082655613,
                51.718557525133335
              ],
              [
                5.062215222631203,
                51.71825408349069
              ]
            ]
          ],
          [
            [
              [
                5.093181050122671,
                51.73346045310445
              ],
              [
                5.092801148478185,
                51.73319806562567
              ],
              [
                5.092381660874783,
                51.73296006142463
              ],
              [
                5.091926627091949,
                51.73274873221167
              ],
              [
                5.091440428987826,
                51.732566112816855
              ],
              [
                5.09092774831358,
                51.73241396160842
              ],
              [
                5.090393521648724,
                51.73229374357234
              ],
              [
                5.089842892890511,
                51.73220661621584
              ],
              [
                5.089281163753716,
                51.73215341842978
              ],
              [
                5.088713742756063,
                51.732134662417174
              ],
              [
                5.088146093178919,
                51.73215052876502
              ],
              [
                5.087583680502586,
                51.73220086470678
              ],
              [
                5.087031919820509,
                51.732285185592325
              ],
              [
                5.08649612373691,
                51.732402679551015
              ],
              [
                5.085981451247788,
                51.73255221530335
              ],
              [
                5.085492858095914,
                51.73273235304615
              ],
              [
                5.085035049076367,
                51.732941358306725
              ],
              [
                5.085017721111155,
                51.732951029047065
              ],
              [
                5.085006049656615,
                51.7329563574072
              ],
              [
                5.084583433039402,
                51.73319221762872
              ],
              [
                5.084577296216248,
                51.733196386915935
              ],
              [
                5.084570433053779,
                51.73320021717861
              ],
              [
                5.084378688765712,
                51.733330485459454
              ],
              [
                5.084202183929154,
                51.73323031961541
              ],
              [
                5.083747185753468,
                51.73301895867646
              ],
              [
                5.083261017876927,
                51.73283630537523
              ],
              [
                5.082748361759874,
                51.73268411840643
              ],
              [
                5.08221415374558,
                51.73256386310034
              ],
              [
                5.0816635375518855,
                51.73247669732305
              ],
              [
                5.081101814772707,
                51.732423460335305
              ],
              [
                5.080534393864622,
                51.732404664717535
              ],
              [
                5.079966738108158,
                51.7324204914381
              ],
              [
                5.079404313043083,
                51.73247078811189
              ],
              [
                5.078852533882035,
                51.732555070466915
              ],
              [
                5.078316713407022,
                51.7326725270034
              ],
              [
                5.077802010848734,
                51.732822026802296
              ],
              [
                5.077313382239241,
                51.7330021304064
              ],
              [
                5.076855532714802,
                51.733211103671955
              ],
              [
                5.076432871226812,
                51.73344693445534
              ],
              [
                5.076049468096181,
                51.73370735197656
              ],
              [
                5.07570901581931,
                51.733989848672955
              ],
              [
                5.075414793502949,
                51.73429170433266
              ],
              [
                5.075169635270576,
                51.734610012277216
              ],
              [
                5.074975902945134,
                51.7349417073406
              ],
              [
                5.0748354632720725,
                51.73528359537636
              ],
              [
                5.074749669903261,
                51.7356323840093
              ],
              [
                5.074719350316735,
                51.73598471433516
              ],
              [
                5.07474479779995,
                51.73633719326413
              ],
              [
                5.07482576857557,
                51.736686426196655
              ],
              [
                5.074961484099369,
                51.73702904971618
              ],
              [
                5.075150638510054,
                51.737361763985554
              ],
              [
                5.075391411161087,
                51.737681364533
              ],
              [
                5.075681484115526,
                51.73798477312267
              ],
              [
                5.0760180644369255,
                51.738269067411665
              ],
              [
                5.0763979110628,
                51.738531509107275
              ],
              [
                5.076817366002845,
                51.73876957035294
              ],
              [
                5.077272389561961,
                51.73898095808834
              ],
              [
                5.077758599249137,
                51.739163636148035
              ],
              [
                5.078271311997267,
                51.73931584488592
              ],
              [
                5.078805589286778,
                51.739436118135096
              ],
              [
                5.079356284737626,
                51.739523297339936
              ],
              [
                5.079918093710087,
                51.739576542723746
              ],
              [
                5.080485604435219,
                51.73959534138333
              ],
              [
                5.081053350180877,
                51.73957951223358
              ],
              [
                5.081615861949066,
                51.739529207752774
              ],
              [
                5.082167721195189,
                51.73944491251314
              ],
              [
                5.0827036120596105,
                51.739327438509335
              ],
              [
                5.0832183726066225,
                51.739177917331936
              ],
              [
                5.083707044575675,
                51.738997789259514
              ],
              [
                5.084164921164231,
                51.738788789376216
              ],
              [
                5.084165397227818,
                51.73878852372604
              ],
              [
                5.084175833649086,
                51.738814855605526
              ],
              [
                5.084365063406296,
                51.73914755499657
              ],
              [
                5.08460591077981,
                51.73946713660905
              ],
              [
                5.084896057112857,
                51.73977052238948
              ],
              [
                5.085232708762038,
                51.740054790214465
              ],
              [
                5.085612623977613,
                51.74031720204612
              ],
              [
                5.086032144108353,
                51.7405552303155
              ],
              [
                5.086487228830952,
                51.74076658227981
              ],
              [
                5.086973495064964,
                51.740949222118196
              ],
              [
                5.087486259198313,
                51.741101390552586
              ],
              [
                5.088020582216187,
                51.74122162180439
              ],
              [
                5.0885713172978155,
                51.74130875772252
              ],
              [
                5.0891331594215234,
                51.74136195894715
              ],
              [
                5.089700696498877,
                51.74138071300068
              ],
              [
                5.090268461543792,
                51.74136483922753
              ],
              [
                5.090830985372313,
                51.741314490535984
              ],
              [
                5.091382849323699,
                51.74123015192409
              ],
              [
                5.091918737493067,
                51.74111263580445
              ],
              [
                5.092433487970812,
                51.74096307417318
              ],
              [
                5.092922142593571,
                51.74078290769868
              ],
              [
                5.092933429797755,
                51.74077775448484
              ],
              [
                5.092993149389111,
                51.740755735681816
              ],
              [
                5.0934510009179625,
                51.74054669953964
              ],
              [
                5.093873640179911,
                51.740310807542606
              ],
              [
                5.094256996788294,
                51.74005033185912
              ],
              [
                5.094597378924968,
                51.739767781412915
              ],
              [
                5.094891508890089,
                51.73946587770504
              ],
              [
                5.095136554654066,
                51.7391475285897
              ],
              [
                5.095330157108375,
                51.738815800256354
              ],
              [
                5.095470452753676,
                51.73847388768835
              ],
              [
                5.0955560916079765,
                51.73812508388385
              ],
              [
                5.095586250163793,
                51.73777274813483
              ],
              [
                5.095560639271271,
                51.73742027367081
              ],
              [
                5.0954795068731435,
                51.737071054978344
              ],
              [
                5.095343635567105,
                51.73672845511174
              ],
              [
                5.095154335021001,
                51.73639577330922
              ],
              [
                5.094913429315728,
                51.736076213226816
              ],
              [
                5.094623239339401,
                51.73577285209481
              ],
              [
                5.094473495337016,
                51.73564643136723
              ],
              [
                5.094455024673298,
                51.7353921280393
              ],
              [
                5.09437390443406,
                51.73504290851492
              ],
              [
                5.094238047583685,
                51.734700307303186
              ],
              [
                5.094048763650706,
                51.7343676236554
              ],
              [
                5.093807876555942,
                51.73404806124531
              ],
              [
                5.09351770700823,
                51.73374469732566
              ],
              [
                5.093181050122671,
                51.73346045310445
              ]
            ]
          ],
          [
            [
              [
                5.0624103887244685,
                51.778640026016014
              ],
              [
                5.062030286452165,
                51.7783775399329
              ],
              [
                5.061610541943179,
                51.77813942656039
              ],
              [
                5.061155197452139,
                51.77792797865975
              ],
              [
                5.060668637829857,
                51.77774523220361
              ],
              [
                5.060155548308849,
                51.77759294678325
              ],
              [
                5.059620869405156,
                51.777472588676645
              ],
              [
                5.059069749369852,
                51.777385316739334
              ],
              [
                5.05850749464695,
                51.77733197125397
              ],
              [
                5.057939518813371,
                51.777313065845476
              ],
              [
                5.057371290491006,
                51.777328782539186
              ],
              [
                5.056808280730686,
                51.7773789700093
              ],
              [
                5.056255910372856,
                51.777463145035284
              ],
              [
                5.055719497889999,
                51.777580497150986
              ],
              [
                5.0557194584490555,
                51.77758050858634
              ],
              [
                5.055719405150784,
                51.77758052024635
              ],
              [
                5.0552041154714535,
                51.77772991953783
              ],
              [
                5.054714910279906,
                51.77790992751649
              ],
              [
                5.054256500262945,
                51.778118810959505
              ],
              [
                5.054255101788476,
                51.77811958999883
              ],
              [
                5.054253300331562,
                51.77812041086032
              ],
              [
                5.053830099804926,
                51.77835615847788
              ],
              [
                5.05344618431056,
                51.77861650030388
              ],
              [
                5.053105251278548,
                51.77889892950504
              ],
              [
                5.052810584445508,
                51.77920072652003
              ],
              [
                5.052565022216417,
                51.779518985235626
              ],
              [
                5.052370930306063,
                51.77985064096033
              ],
              [
                5.052230178924587,
                51.78019249992725
              ],
              [
                5.052144124727952,
                51.7805412700415
              ],
              [
                5.052142113283306,
                51.78056448496894
              ],
              [
                5.051764548475082,
                51.78077478723415
              ],
              [
                5.0513806004654604,
                51.781035122197665
              ],
              [
                5.051039636206286,
                51.78131754528826
              ],
              [
                5.050744939734878,
                51.78161933700359
              ],
              [
                5.050499349741636,
                51.78193759128155
              ],
              [
                5.05030523220878,
                51.78226924347339
              ],
              [
                5.05016445759327,
                51.78261109984626
              ],
              [
                5.050078382774924,
                51.78295986833026
              ],
              [
                5.050047837944993,
                51.7833121902157
              ],
              [
                5.050073118563169,
                51.78366467249452
              ],
              [
                5.050153982462342,
                51.784013920535045
              ],
              [
                5.050289652130876,
                51.78435657077564
              ],
              [
                5.050478822152354,
                51.784689323121846
              ],
              [
                5.050719671732991,
                51.785008972735184
              ],
              [
                5.051009882197778,
                51.78531244090723
              ],
              [
                5.051324569155439,
                51.78557815265826
              ],
              [
                5.0513332894305965,
                51.785699684221065
              ],
              [
                5.051414166699626,
                51.78604893132307
              ],
              [
                5.051549852028319,
                51.78639158003974
              ],
              [
                5.051739039849537,
                51.78672433029126
              ],
              [
                5.051979909198149,
                51.78704397725925
              ],
              [
                5.052270141208817,
                51.787347442260824
              ],
              [
                5.052606941415724,
                51.78763180240953
              ],
              [
                5.052987066640677,
                51.78789431877807
              ],
              [
                5.053406856211625,
                51.78813246279036
              ],
              [
                5.053862267211469,
                51.78834394058847
              ],
              [
                5.054348913417942,
                51.78852671513915
              ],
              [
                5.054862107559355,
                51.788679025866465
              ],
              [
                5.0553969064787525,
                51.78879940562073
              ],
              [
                5.055948158770612,
                51.78888669482015
              ],
              [
                5.056510554430107,
                51.78894005262807
              ],
              [
                5.057078676035339,
                51.78895896505828
              ],
              [
                5.057647050967887,
                51.78894324992947
              ],
              [
                5.0582102041669845,
                51.78889305862173
              ],
              [
                5.058762710907276,
                51.788808874616954
              ],
              [
                5.059299249090047,
                51.78869150883863
              ],
              [
                5.05981465054239,
                51.78854209183499
              ],
              [
                5.060303950828632,
                51.7883620628814
              ],
              [
                5.06076243709277,
                51.78815315610783
              ],
              [
                5.06118569346993,
                51.78791738378429
              ],
              [
                5.061569643628609,
                51.78765701692718
              ],
              [
                5.061910590033382,
                51.78737456341254
              ],
              [
                5.062205249549792,
                51.787072743808466
              ],
              [
                5.062450785048642,
                51.78675446515985
              ],
              [
                5.062644832705931,
                51.78642279297809
              ],
              [
                5.062785524736329,
                51.78608092170638
              ],
              [
                5.062871507342575,
                51.78573214394585
              ],
              [
                5.062901953709285,
                51.785379818738214
              ],
              [
                5.06287657191783,
                51.78502733921201
              ],
              [
                5.062795607707846,
                51.784678099902905
              ],
              [
                5.06265984206071,
                51.78433546406416
              ],
              [
                5.06247058363015,
                51.78400273128071
              ],
              [
                5.062229656094774,
                51.78368310569947
              ],
              [
                5.062008556583481,
                51.78345197901239
              ],
              [
                5.062377565128442,
                51.78320171389045
              ],
              [
                5.0627184727481955,
                51.782919257850175
              ],
              [
                5.063013097699531,
                51.782617436033256
              ],
              [
                5.0632586031860285,
                51.78229915550576
              ],
              [
                5.063452625672552,
                51.78196748179714
              ],
              [
                5.063593297615988,
                51.78162560936531
              ],
              [
                5.063679265412269,
                51.7812768308225
              ],
              [
                5.0637097023883655,
                51.780924505217996
              ],
              [
                5.063684316715798,
                51.78057202568404
              ],
              [
                5.06360335417128,
                51.78022278675648
              ],
              [
                5.063467595719855,
                51.77988015168482
              ],
              [
                5.063278349945671,
                51.77954742004661
              ],
              [
                5.063037440405199,
                51.77922779597789
              ],
              [
                5.062747188026343,
                51.77892435732513
              ],
              [
                5.0624103887244685,
                51.778640026016014
              ]
            ]
          ],
          [
            [
              [
                5.031783799717585,
                51.79226268257825
              ],
              [
                5.031447096434093,
                51.79197826288212
              ],
              [
                5.031067062394462,
                51.79171567691747
              ],
              [
                5.030647357676694,
                51.79147745313076
              ],
              [
                5.03019202415341,
                51.79126588534645
              ],
              [
                5.029705446570767,
                51.79108301069142
              ],
              [
                5.0291923103349765,
                51.790930589991305
              ],
              [
                5.028657556412421,
                51.79081009082652
              ],
              [
                5.028106333776779,
                51.790722673410585
              ],
              [
                5.02754394986,
                51.790669179426885
              ],
              [
                5.026975819482754,
                51.790650123929936
              ],
              [
                5.02640741275452,
                51.79066569038997
              ],
              [
                5.025844202443289,
                51.79071572892767
              ],
              [
                5.0252916113197035,
                51.79079975775639
              ],
              [
                5.024754959980964,
                51.79091696781757
              ],
              [
                5.024239415655008,
                51.79106623056547
              ],
              [
                5.023749942476416,
                51.79124610882589
              ],
              [
                5.023291253711294,
                51.791454870625145
              ],
              [
                5.0228677663901165,
                51.79169050585646
              ],
              [
                5.02248355878439,
                51.791950745623666
              ],
              [
                5.022142331136181,
                51.79223308407642
              ],
              [
                5.02184737001846,
                51.79253480252764
              ],
              [
                5.0216015166695795,
                51.792852995621
              ],
              [
                5.021407139607541,
                51.79318459929744
              ],
              [
                5.021335208562163,
                51.79335894529833
              ],
              [
                5.021279094474405,
                51.79345467325518
              ],
              [
                5.0211380648357045,
                51.79379649408295
              ],
              [
                5.021051744066033,
                51.79414524055962
              ],
              [
                5.021020964725639,
                51.79449755418779
              ],
              [
                5.021046024533284,
                51.79485004203932
              ],
              [
                5.021126683449236,
                51.79519930942936
              ],
              [
                5.021262165937009,
                51.795541992610225
              ],
              [
                5.021451168384057,
                51.79587479117059
              ],
              [
                5.021691871611756,
                51.79619449982715
              ],
              [
                5.021981958355959,
                51.79649803930306
              ],
              [
                5.022318635551235,
                51.796782485994825
              ],
              [
                5.022698661205441,
                51.79704510014172
              ],
              [
                5.023118375606761,
                51.797283352226025
              ],
              [
                5.023573736563216,
                51.79749494734886
              ],
              [
                5.024060358335509,
                51.79767784734691
              ],
              [
                5.0245735538881044,
                51.79783029043578
              ],
              [
                5.025108380051049,
                51.79795080819076
              ],
              [
                5.025659685156794,
                51.798038239700645
              ],
              [
                5.0262221586919456,
                51.7980917427578
              ],
              [
                5.0267903824844185,
                51.79811080197684
              ],
              [
                5.027358882931208,
                51.79809523376226
              ],
              [
                5.027922183762053,
                51.79804518807886
              ],
              [
                5.02847485882889,
                51.79796114700572
              ],
              [
                5.029011584410806,
                51.79784392008946
              ],
              [
                5.029527190528879,
                51.797694636540676
              ],
              [
                5.030016710775042,
                51.79751473434936
              ],
              [
                5.030475430173562,
                51.797305946424444
              ],
              [
                5.0308989306129765,
                51.79707028389144
              ],
              [
                5.031283133410013,
                51.79681001670927
              ],
              [
                5.0316243385950115,
                51.796527651794264
              ],
              [
                5.031919260540285,
                51.79622590886143
              ],
              [
                5.032165059588475,
                51.795907694217604
              ],
              [
                5.0323593693768585,
                51.795576072758045
              ],
              [
                5.032431261377577,
                51.795401720006495
              ],
              [
                5.0324873542388,
                51.7953059867171
              ],
              [
                5.032628302638503,
                51.794964152230804
              ],
              [
                5.032714535492268,
                51.79461539718934
              ],
              [
                5.03274522357488,
                51.79426308041607
              ],
              [
                5.032720072640312,
                51.79391059495882
              ],
              [
                5.0326393262056195,
                51.79356133541075
              ],
              [
                5.032503763155798,
                51.79321866522043
              ],
              [
                5.032314690194556,
                51.79288588430396
              ],
              [
                5.032073929215575,
                51.79256619727219
              ],
              [
                5.031783799717585,
                51.79226268257825
              ]
            ]
          ],
          [
            [
              [
                5.001750410982943,
                51.8063149073244
              ],
              [
                5.0014137926865585,
                51.80603040198145
              ],
              [
                5.001033815600164,
                51.805767719209264
              ],
              [
                5.000614139254609,
                51.805529388386546
              ],
              [
                5.000158805250434,
                51.80531770436839
              ],
              [
                4.999672198339359,
                51.8051347054008
              ],
              [
                4.999159004210719,
                51.80498215350639
              ],
              [
                4.998624164388815,
                51.8048615175286
              ],
              [
                4.998072828674666,
                51.8047739589982
              ],
              [
                4.997510305589014,
                51.80472032095703
              ],
              [
                4.99694201129227,
                51.80470111984658
              ],
              [
                4.996373417471771,
                51.804716540538955
              ],
              [
                4.995809998696249,
                51.80476643455824
              ],
              [
                4.995257179742738,
                51.80485032150923
              ],
              [
                4.99472028340115,
                51.804967393699364
              ],
              [
                4.994204479257435,
                51.80511652391037
              ],
              [
                4.9937147339468035,
                51.80529627624433
              ],
              [
                4.9932557633545995,
                51.805504919940184
              ],
              [
                4.992831987223974,
                51.80574044602859
              ],
              [
                4.992447486606492,
                51.80600058666448
              ],
              [
                4.992105964564929,
                51.80628283695239
              ],
              [
                4.991810710506477,
                51.80658447905455
              ],
              [
                4.9915645684900145,
                51.80690260835025
              ],
              [
                4.991369909813169,
                51.80723416139523
              ],
              [
                4.991228610144133,
                51.807575945412125
              ],
              [
                4.991142031419552,
                51.80792466902882
              ],
              [
                4.991111008684426,
                51.808276973968546
              ],
              [
                4.991135842002318,
                51.808629467387334
              ],
              [
                4.99121629351574,
                51.808978754547056
              ],
              [
                4.991351589686831,
                51.80932147151013
              ],
              [
                4.9915404286987615,
                51.809654317540115
              ],
              [
                4.9917809929483745,
                51.80997408689683
              ],
              [
                4.992070966511494,
                51.81027769971909
              ],
              [
                4.992407557414214,
                51.81056223169711
              ],
              [
                4.99253705178833,
                51.81065176503659
              ],
              [
                4.99256089754501,
                51.81099007131024
              ],
              [
                4.99264136426684,
                51.81133935741097
              ],
              [
                4.9927766783136756,
                51.81168207265337
              ],
              [
                4.992965537696647,
                51.812014916317565
              ],
              [
                4.993206124616499,
                51.812334682686156
              ],
              [
                4.993496122930787,
                51.81263829192672
              ],
              [
                4.993832740427257,
                51.812922819763834
              ],
              [
                4.994212735690153,
                51.81318552565538
              ],
              [
                4.994220872058085,
                51.81319014630179
              ],
              [
                4.994227158020542,
                51.813194492000996
              ],
              [
                4.994646871791784,
                51.8134328454938
              ],
              [
                4.995102261726919,
                51.8136445507592
              ],
              [
                4.995588941808404,
                51.81382756857279
              ],
              [
                4.9961022244397,
                51.81398013601519
              ],
              [
                4.99663716561249,
                51.81410078346378
              ],
              [
                4.997188612551537,
                51.814188348757895
              ],
              [
                4.997751253377157,
                51.81424198840116
              ],
              [
                4.998319668305484,
                51.81426118569216
              ],
              [
                4.998888381891829,
                51.81424575570546
              ],
              [
                4.999451915812106,
                51.81419584707412
              ],
              [
                5.00000484167211,
                51.81411194055699
              ],
              [
                5.000541833334153,
                51.813994844404625
              ],
              [
                5.001057718255232,
                51.81384568656796
              ],
              [
                5.0015475273406595,
                51.813665903826184
              ],
              [
                5.002006542831473,
                51.813457227937825
              ],
              [
                5.002430343763228,
                51.8132216689494
              ],
              [
                5.002814848557457,
                51.81296149582281
              ],
              [
                5.003156354335021,
                51.81267921456869
              ],
              [
                5.003451572572527,
                51.81237754409661
              ],
              [
                5.003697660758616,
                51.812059390015904
              ],
              [
                5.003892249745757,
                51.81172781663887
              ],
              [
                5.004033466535058,
                51.81138601745811
              ],
              [
                5.0041199522758415,
                51.811037284381264
              ],
              [
                5.004150875308146,
                51.810684976020625
              ],
              [
                5.004125939124202,
                51.81033248534329
              ],
              [
                5.004045385174103,
                51.809983206993266
              ],
              [
                5.003909990490487,
                51.80964050460041
              ],
              [
                5.003721060157129,
                51.809307678391335
              ],
              [
                5.0034804146957175,
                51.808987933413285
              ],
              [
                5.003190372494096,
                51.8086843486776
              ],
              [
                5.002853727446627,
                51.8083998475189
              ],
              [
                5.0027097218965615,
                51.80830030444751
              ],
              [
                5.002685875994812,
                51.80796305583126
              ],
              [
                5.002605337390118,
                51.80761377641027
              ],
              [
                5.002469960726526,
                51.80727107227796
              ],
              [
                5.002281050914148,
                51.80693824367763
              ],
              [
                5.0020404282769615,
                51.80661849567963
              ],
              [
                5.001750410982943,
                51.8063149073244
              ]
            ]
          ],
          [
            [
              [
                5.134067045990849,
                51.7530329912125
              ],
              [
                5.133686742145982,
                51.75277073659786
              ],
              [
                5.133266857225572,
                51.75253287901991
              ],
              [
                5.132811434833692,
                51.75232170877683
              ],
              [
                5.132324860569014,
                51.75213925916767
              ],
              [
                5.131811819803236,
                51.751987286925676
              ],
              [
                5.131277252581625,
                51.751867255313556
              ],
              [
                5.130726306079099,
                51.75178032004344
              ],
              [
                5.130164285068536,
                51.75172731815677
              ],
              [
                5.129596600876813,
                51.751708759970434
              ],
              [
                5.129028719318532,
                51.75172482416685
              ],
              [
                5.128466108106953,
                51.75177535607468
              ],
              [
                5.127914184246748,
                51.751859869157144
              ],
              [
                5.127378261913262,
                51.751977549693244
              ],
              [
                5.126863501318399,
                51.752127264607275
              ],
              [
                5.126374859053888,
                51.75230757237096
              ],
              [
                5.125917040388651,
                51.75251673687488
              ],
              [
                5.125494453978444,
                51.752752744134014
              ],
              [
                5.125111169423005,
                51.75301332166916
              ],
              [
                5.1250928946277465,
                51.75302850043829
              ],
              [
                5.124858265011502,
                51.753188012077366
              ],
              [
                5.124517970767243,
                51.753470650043226
              ],
              [
                5.124223947363862,
                51.75377262770149
              ],
              [
                5.123979027011583,
                51.754091037198485
              ],
              [
                5.123785569244814,
                51.754422812389905
              ],
              [
                5.123645438167141,
                51.75476475835726
              ],
              [
                5.12355998446059,
                51.755113582166814
              ],
              [
                5.123557625408402,
                51.7551413331242
              ],
              [
                5.123556780504803,
                51.75514478200799
              ],
              [
                5.123526828331985,
                51.755497124414084
              ],
              [
                5.1235526675276954,
                51.75584959221351
              ],
              [
                5.123634050543303,
                51.756198790913075
              ],
              [
                5.123770194865169,
                51.75654135742531
              ],
              [
                5.123959790502656,
                51.75687399246131
              ],
              [
                5.124060546501936,
                51.75700744490935
              ],
              [
                5.1241702447237465,
                51.757283456226844
              ],
              [
                5.124359846416332,
                51.75761609059271
              ],
              [
                5.124601075261482,
                51.75793558959833
              ],
              [
                5.124891608928172,
                51.75823887598519
              ],
              [
                5.125228650041898,
                51.758523028586744
              ],
              [
                5.12560895310097,
                51.75878531047443
              ],
              [
                5.126028855717497,
                51.759023195330485
              ],
              [
                5.126220716402875,
                51.75911216180261
              ],
              [
                5.126281390942862,
                51.75937241884615
              ],
              [
                5.126417564885453,
                51.75971498218383
              ],
              [
                5.126607193322636,
                51.76004761284374
              ],
              [
                5.126848451042578,
                51.76036710715853
              ],
              [
                5.127139015436201,
                51.76067038791491
              ],
              [
                5.12747608883309,
                51.76095453400046
              ],
              [
                5.127856425420597,
                51.76121680854939
              ],
              [
                5.128276362487868,
                51.7614546853146
              ],
              [
                5.128731855694409,
                51.7616658730122
              ],
              [
                5.129218518023782,
                51.7618483374033
              ],
              [
                5.1297316620471065,
                51.76200032089969
              ],
              [
                5.130266345088797,
                51.76212035950391
              ],
              [
                5.1308174168586715,
                51.76220729692071
              ],
              [
                5.131379569090503,
                51.762260295702276
              ],
              [
                5.1319473867075,
                51.762278845321156
              ],
              [
                5.132515400020257,
                51.76226276709126
              ],
              [
                5.133078137452641,
                51.762212215890465
              ],
              [
                5.133630178285938,
                51.76212767866775
              ],
              [
                5.134166204911378,
                51.76200996974901
              ],
              [
                5.1346810540859575,
                51.76186022298787
              ],
              [
                5.135169766696258,
                51.761679880836034
              ],
              [
                5.135627635549478,
                51.761470680439885
              ],
              [
                5.136050250730241,
                51.761234636897406
              ],
              [
                5.136433542085376,
                51.760974023836816
              ],
              [
                5.136773818427027,
                51.760691351504875
              ],
              [
                5.137067803076278,
                51.76038934257654
              ],
              [
                5.137312665405192,
                51.7600709059192
              ],
              [
                5.137506048074055,
                51.75973910856513
              ],
              [
                5.1376460897023675,
                51.7593971461621
              ],
              [
                5.1377314427565155,
                51.75904831218774
              ],
              [
                5.13776128648327,
                51.75869596622404
              ],
              [
                5.137735334766327,
                51.7583435015983
              ],
              [
                5.137653838831974,
                51.75799431270167
              ],
              [
                5.1375175847798005,
                51.75765176230094
              ],
              [
                5.137327885964136,
                51.757319149157375
              ],
              [
                5.137086570301415,
                51.75699967626499
              ],
              [
                5.1367959626274295,
                51.75669642001401
              ],
              [
                5.136458862275833,
                51.75641230057501
              ],
              [
                5.1360785160951234,
                51.75615005378985
              ],
              [
                5.135658587164821,
                51.75591220483862
              ],
              [
                5.13546672144407,
                51.75582325377824
              ],
              [
                5.135405998684002,
                51.75556300135636
              ],
              [
                5.1353584994140675,
                51.75544356381688
              ],
              [
                5.1353692519926835,
                51.755316684140574
              ],
              [
                5.135343320846903,
                51.75496421886767
              ],
              [
                5.135261849469249,
                51.75461502819453
              ],
              [
                5.135125623722625,
                51.75427247490491
              ],
              [
                5.134935956688615,
                51.75393985778803
              ],
              [
                5.134694675977467,
                51.753620379876324
              ],
              [
                5.134404106088294,
                51.75331711760832
              ],
              [
                5.134067045990849,
                51.7530329912125
              ]
            ]
          ],
          [
            [
              [
                5.108060523366945,
                51.763788792157676
              ],
              [
                5.107680280284763,
                51.763526453536954
              ],
              [
                5.107260432649785,
                51.76328850312405
              ],
              [
                5.10680502370801,
                51.76307723211104
              ],
              [
                5.106318438929405,
                51.76289467476724
              ],
              [
                5.105805363787543,
                51.76274258886318
              ],
              [
                5.105270738659138,
                51.7626224387559
              ],
              [
                5.104719711276924,
                51.762535381298356
              ],
              [
                5.104157587192577,
                51.76248225470834
              ],
              [
                5.103589778725272,
                51.76246357050331
              ],
              [
                5.103021752885854,
                51.76247950857889
              ],
              [
                5.102458978776284,
                51.76252991547807
              ],
              [
                5.101906874969039,
                51.76261430586758
              ],
              [
                5.101892461490181,
                51.76261746653497
              ],
              [
                5.10170968888274,
                51.762645403097316
              ],
              [
                5.101173570403779,
                51.762762963534705
              ],
              [
                5.100658600100026,
                51.76291256303007
              ],
              [
                5.100169736581538,
                51.763092761166575
              ],
              [
                5.099711687246736,
                51.7633018228904
              ],
              [
                5.099288862971607,
                51.76353773520643
              ],
              [
                5.098905335645501,
                51.76379822654976
              ],
              [
                5.098564798962013,
                51.764080788646915
              ],
              [
                5.098270532842237,
                51.764382700656554
              ],
              [
                5.098025371833268,
                51.76470105535742
              ],
              [
                5.097831677786777,
                51.76503278713331
              ],
              [
                5.097691317081705,
                51.76537470148409
              ],
              [
                5.097605642611623,
                51.76572350578102
              ],
              [
                5.097575480711704,
                51.76607584096873
              ],
              [
                5.0976011231528835,
                51.76642831391027
              ],
              [
                5.097682324282184,
                51.76677753006337
              ],
              [
                5.097818303338606,
                51.76712012617279
              ],
              [
                5.0980077519242295,
                51.76745280266483
              ],
              [
                5.09824884656042,
                51.76777235543109
              ],
              [
                5.098539266209908,
                51.76807570669554
              ],
              [
                5.09887621459751,
                51.76835993466694
              ],
              [
                5.099256447115768,
                51.76862230169085
              ],
              [
                5.099676302057298,
                51.768860280629625
              ],
              [
                5.100131735873652,
                51.769071579215286
              ],
              [
                5.1006183621213514,
                51.76925416214089
              ],
              [
                5.101131493719816,
                51.76940627067629
              ],
              [
                5.101666188113734,
                51.76952643961969
              ],
              [
                5.102217294903967,
                51.76961351142007
              ],
              [
                5.102779505487165,
                51.76966664733519
              ],
              [
                5.103347404224458,
                51.76968533551645
              ],
              [
                5.103915520644846,
                51.7696693959429
              ],
              [
                5.1044783821786135,
                51.76961898215668
              ],
              [
                5.105030566911082,
                51.769534579782984
              ],
              [
                5.1050449823808215,
                51.76953141873372
              ],
              [
                5.105227780827185,
                51.76950347701221
              ],
              [
                5.105763968881057,
                51.76938589817512
              ],
              [
                5.106278996205228,
                51.76923627640472
              ],
              [
                5.106767901969388,
                51.76905605294875
              ],
              [
                5.1072259771192945,
                51.76884696381048
              ],
              [
                5.107648809751553,
                51.76861102301626
              ],
              [
                5.108032327617599,
                51.768350503204836
              ],
              [
                5.108372837347026,
                51.76806791372503
              ],
              [
                5.108667060012276,
                51.767765976454044
              ],
              [
                5.108912162692382,
                51.767447599569444
              ],
              [
                5.109105785732307,
                51.7671158495282
              ],
              [
                5.109246065436277,
                51.76677392152266
              ],
              [
                5.1093316519777385,
                51.76642510869973
              ],
              [
                5.109361722354982,
                51.76607277043806
              ],
              [
                5.109335988269294,
                51.76572029999118
              ],
              [
                5.109254698851642,
                51.765371091806735
              ],
              [
                5.109118638213555,
                51.76502850883755
              ],
              [
                5.108929117847661,
                51.764695850158986
              ],
              [
                5.108687963952942,
                51.76437631920385
              ],
              [
                5.1083974998084845,
                51.76407299292168
              ],
              [
                5.108060523366945,
                51.763788792157676
              ]
            ]
          ],
          [
            [
              [
                5.10781615807695,
                51.77161037055999
              ],
              [
                5.107435850604775,
                51.771348031329026
              ],
              [
                5.107015931577143,
                51.77111008019648
              ],
              [
                5.106560444927563,
                51.770898808361224
              ],
              [
                5.106073776874239,
                51.770716250100534
              ],
              [
                5.105560613692494,
                51.770564163193626
              ],
              [
                5.105025896606593,
                51.77044401200716
              ],
              [
                5.104474774234475,
                51.77035695340445
              ],
              [
                5.103912553042172,
                51.770303825614256
              ],
              [
                5.103344646283569,
                51.77028514016562
              ],
              [
                5.102776521915591,
                51.77030107696609
              ],
              [
                5.102213649988562,
                51.770351482570916
              ],
              [
                5.101661450016496,
                51.770435871659366
              ],
              [
                5.101125238832244,
                51.7705534317043
              ],
              [
                5.10061017942786,
                51.77070303079012
              ],
              [
                5.10012123127115,
                51.77088322850417
              ],
              [
                5.099663102575399,
                51.77109228979658
              ],
              [
                5.09924020498072,
                51.771328201676525
              ],
              [
                5.098856611082518,
                51.771588692583364
              ],
              [
                5.098516015215556,
                51.77187125424793
              ],
              [
                5.098221697871044,
                51.77217316583302
              ],
              [
                5.098103979672564,
                51.77232600298271
              ],
              [
                5.097756264861483,
                51.7724846642937
              ],
              [
                5.097333344250415,
                51.77272056924175
              ],
              [
                5.096949727506923,
                51.77298105385209
              ],
              [
                5.096609109185708,
                51.773263609916185
              ],
              [
                5.096314769994174,
                51.77356551665078
              ],
              [
                5.096069545183349,
                51.77388386688562
              ],
              [
                5.095875797219669,
                51.77421559504749
              ],
              [
                5.09573539300175,
                51.7745575066712
              ],
              [
                5.095649685842707,
                51.774906309154304
              ],
              [
                5.095619502393087,
                51.775258643458955
              ],
              [
                5.09564513463196,
                51.775611116456815
              ],
              [
                5.095726337005221,
                51.77596033360499
              ],
              [
                5.095862328740498,
                51.77630293163867
              ],
              [
                5.0960518013183504,
                51.776635610965684
              ],
              [
                5.096292931029605,
                51.77695516745029
              ],
              [
                5.096583396499656,
                51.77725852328056
              ],
              [
                5.096920401012418,
                51.777542756621195
              ],
              [
                5.097300699420167,
                51.77780512976612
              ],
              [
                5.097720629381114,
                51.77804311551846
              ],
              [
                5.098176146624364,
                51.7782544215447
              ],
              [
                5.0986628639028915,
                51.77843701246603
              ],
              [
                5.099176093259238,
                51.77858912947536
              ],
              [
                5.0991795870571375,
                51.77858991459868
              ],
              [
                5.099200894727667,
                51.77859622994736
              ],
              [
                5.099735692815124,
                51.77871640764801
              ],
              [
                5.10028690807098,
                51.7788034885131
              ],
              [
                5.100849230846792,
                51.77885663371305
              ],
              [
                5.101417244422659,
                51.77887533130972
              ],
              [
                5.101985477221019,
                51.778859401191546
              ],
              [
                5.102548455550761,
                51.77880899680957
              ],
              [
                5.1028477707815885,
                51.77876326096685
              ],
              [
                5.102895666186712,
                51.778969080991374
              ],
              [
                5.103031721397481,
                51.77931167063981
              ],
              [
                5.103221259449546,
                51.779644338316615
              ],
              [
                5.103462456003156,
                51.77996387999807
              ],
              [
                5.103752989039876,
                51.78026721801473
              ],
              [
                5.10409006119275,
                51.7805514307029
              ],
              [
                5.104470426662424,
                51.780813780555214
              ],
              [
                5.104890422460991,
                51.78105174059917
              ],
              [
                5.105346003683193,
                51.78126301874872
              ],
              [
                5.105832782465508,
                51.781445579893585
              ],
              [
                5.106346070257809,
                51.78159766551348
              ],
              [
                5.106880922999858,
                51.781717810627086
              ],
              [
                5.107432188766791,
                51.781804857912995
              ],
              [
                5.107994557423403,
                51.781857968864934
              ],
              [
                5.108562611807653,
                51.78187663187484
              ],
              [
                5.108562665717308,
                51.78187663036046
              ],
              [
                5.108562711815623,
                51.78187663187488
              ],
              [
                5.109130979956678,
                51.78186066716376
              ],
              [
                5.109693987822838,
                51.781810228516484
              ],
              [
                5.110246312089444,
                51.78172580179767
              ],
              [
                5.110782632416499,
                51.78160820026899
              ],
              [
                5.111297782730871,
                51.78145855674948
              ],
              [
                5.111786801017422,
                51.781278312696585
              ],
              [
                5.112244977138049,
                51.78106920431192
              ],
              [
                5.112667898216904,
                51.780833245807436
              ],
              [
                5.113051491153759,
                51.780572709992455
              ],
              [
                5.113392061855511,
                51.78029010637012
              ],
              [
                5.113686330807834,
                51.77998815695388
              ],
              [
                5.113931464644551,
                51.77966977003831
              ],
              [
                5.114125103411245,
                51.77933801217698
              ],
              [
                5.114265383261436,
                51.778996078637704
              ],
              [
                5.114350954367986,
                51.77864726262054
              ],
              [
                5.114353637345863,
                51.77861579369421
              ],
              [
                5.114356049132674,
                51.77860596236781
              ],
              [
                5.114386088575478,
                51.77825362327917
              ],
              [
                5.1143603084728655,
                51.77790115438595
              ],
              [
                5.114278958399764,
                51.77755195012069
              ],
              [
                5.114142823052568,
                51.77720937339849
              ],
              [
                5.113953214644012,
                51.77687672323427
              ],
              [
                5.113711960221482,
                51.776557202978815
              ],
              [
                5.113421384032569,
                51.77625388947852
              ],
              [
                5.113084285109177,
                51.77596970345528
              ],
              [
                5.1127039102873635,
                51.77570738139215
              ],
              [
                5.112283922923576,
                51.77546944919414
              ],
              [
                5.1118283676091965,
                51.7752581978777
              ],
              [
                5.111341631223421,
                51.77507566152243
              ],
              [
                5.110828400699318,
                51.77492359769671
              ],
              [
                5.1102936179093446,
                51.77480347054485
              ],
              [
                5.10974243210385,
                51.77471643669878
              ],
              [
                5.109180150359404,
                51.774663334148876
              ],
              [
                5.108976795006955,
                51.774656653400115
              ],
              [
                5.109001888475354,
                51.77459549991492
              ],
              [
                5.109087491852012,
                51.774246687588864
              ],
              [
                5.109117569462584,
                51.773894349704435
              ],
              [
                5.109091832939218,
                51.77354187951149
              ],
              [
                5.1090105314368754,
                51.77319267145529
              ],
              [
                5.1088744491839675,
                51.77285008848737
              ],
              [
                5.108684897881752,
                51.77251742968299
              ],
              [
                5.108443704027557,
                51.77219789847627
              ],
              [
                5.108153191285647,
                51.77189457181898
              ],
              [
                5.10781615807695,
                51.77161037055999
              ]
            ]
          ]
        ]
      },
      "properties": {
        "type": "buffer_union_400m",
        "buffer_m": 400
      }
    },
    {
      "type": "Feature",
      "geometry": {
        "type": "Polygon",
        "coordinates": [
          [
            [
              4.6763043,
              51.7249236
            ],
            [
              4.6765007,
              51.723961
            ],
            [
              4.6766971,
              51.7229983
            ],
            [
              4.6768935,
              51.7220356
            ],
            [
              4.6770899,
              51.7210729
            ],
            [
              4.6772863,
              51.7201103
            ],
            [
              4.6789674,
              51.720257
            ],
            [
              4.6806486,
              51.7204038
            ],
            [
              4.6824348,
              51.7205628
            ],
            [
              4.6842211,
              51.7207218
            ],
            [
              4.6860073,
              51.7208808
            ],
            [
              4.6877936,
              51.7210397
            ],
            [
              4.6895808,
              51.7211969
            ],
            [
              4.691368,
              51.7213541
            ],
            [
              4.6931552,
              51.7215113
            ],
            [
              4.6949424,
              51.7216684
            ],
            [
              4.6967478,
              51.7218303
            ],
            [
              4.6985532,
              51.721992
            ],
            [
              4.6997707,
              51.7226342
            ],
            [
              4.7009882,
              51.7232763
            ],
            [
              4.7022058,
              51.7239185
            ],
            [
              4.7037002,
              51.7247051
            ],
            [
              4.7051947,
              51.7254917
            ],
            [
              4.7063008,
              51.726075
            ],
            [
              4.7074069,
              51.7266582
            ],
            [
              4.708513,
              51.7272414
            ],
            [
              4.7096167,
              51.7278238
            ],
            [
              4.7107205,
              51.7284063
            ],
            [
              4.7118243,
              51.7289887
            ],
            [
              4.7134711,
              51.7298577
            ],
            [
              4.715118,
              51.7307267
            ],
            [
              4.7162309,
              51.7313152
            ],
            [
              4.7173438,
              51.7319036
            ],
            [
              4.7184567,
              51.7324919
            ],
            [
              4.7195853,
              51.7330853
            ],
            [
              4.720714,
              51.7336786
            ],
            [
              4.7218426,
              51.7342719
            ],
            [
              4.7239048,
              51.7346621
            ],
            [
              4.725967,
              51.7350523
            ],
            [
              4.7279805,
              51.735432
            ],
            [
              4.7299941,
              51.7358118
            ],
            [
              4.7318225,
              51.7361596
            ],
            [
              4.733651,
              51.7365074
            ],
            [
              4.7345959,
              51.7377056
            ],
            [
              4.7355408,
              51.7389038
            ],
            [
              4.7364958,
              51.7401021
            ],
            [
              4.7374508,
              51.7413004
            ],
            [
              4.7385527,
              51.7418938
            ],
            [
              4.7396547,
              51.7424872
            ],
            [
              4.7407566,
              51.7430805
            ],
            [
              4.7423898,
              51.7439609
            ],
            [
              4.7440231,
              51.7448412
            ],
            [
              4.7456656,
              51.7457149
            ],
            [
              4.7473081,
              51.7465885
            ],
            [
              4.7473638,
              51.7466225
            ],
            [
              4.7480617,
              51.7474004
            ],
            [
              4.7479018,
              51.7487715
            ],
            [
              4.7486081,
              51.7496509
            ],
            [
              4.7493143,
              51.7505304
            ],
            [
              4.7500207,
              51.7514098
            ],
            [
              4.750727,
              51.7522892
            ],
            [
              4.7518237,
              51.7529778
            ],
            [
              4.7529203,
              51.7536663
            ],
            [
              4.754017,
              51.7543549
            ],
            [
              4.7551138,
              51.7550434
            ],
            [
              4.7566576,
              51.7556979
            ],
            [
              4.7582015,
              51.7563524
            ],
            [
              4.7591557,
              51.7571987
            ],
            [
              4.7601099,
              51.7580449
            ],
            [
              4.7608923,
              51.7576212
            ],
            [
              4.7623037,
              51.7585752
            ],
            [
              4.763715,
              51.7595291
            ],
            [
              4.7641994,
              51.7598574
            ],
            [
              4.7663857,
              51.7590134
            ],
            [
              4.7664252,
              51.7590328
            ],
            [
              4.766932,
              51.759149
            ],
            [
              4.7675471,
              51.7592918
            ],
            [
              4.7681306,
              51.7592804
            ],
            [
              4.7697611,
              51.7592687
            ],
            [
              4.7713737,
              51.7592489
            ],
            [
              4.7717667,
              51.7592496
            ],
            [
              4.7718769,
              51.759265
            ],
            [
              4.7720248,
              51.7593009
            ],
            [
              4.7721094,
              51.7593296
            ],
            [
              4.7721829,
              51.7593707
            ],
            [
              4.7723223,
              51.7594718
            ],
            [
              4.772653,
              51.7597126
            ],
            [
              4.7736597,
              51.7604239
            ],
            [
              4.7738115,
              51.7605431
            ],
            [
              4.7739989,
              51.760694
            ],
            [
              4.7743431,
              51.7609832
            ],
            [
              4.7744951,
              51.7610912
            ],
            [
              4.775938,
              51.7621227
            ],
            [
              4.7772518,
              51.7630836
            ],
            [
              4.778376,
              51.7639127
            ],
            [
              4.7786425,
              51.7640968
            ],
            [
              4.7786873,
              51.7641241
            ],
            [
              4.7787358,
              51.7641481
            ],
            [
              4.7789087,
              51.7642022
            ],
            [
              4.7790674,
              51.7642427
            ],
            [
              4.7791469,
              51.7642556
            ],
            [
              4.779212,
              51.7642606
            ],
            [
              4.7794132,
              51.7642542
            ],
            [
              4.7795928,
              51.7642431
            ],
            [
              4.7797691,
              51.7642095
            ],
            [
              4.7798749,
              51.764172
            ],
            [
              4.7799553,
              51.7641355
            ],
            [
              4.7800248,
              51.7640978
            ],
            [
              4.780111,
              51.764041
            ],
            [
              4.7801552,
              51.764002
            ],
            [
              4.7801885,
              51.7639651
            ],
            [
              4.7801707,
              51.7640482
            ],
            [
              4.7800461,
              51.7642216
            ],
            [
              4.7800032,
              51.7642888
            ],
            [
              4.7799142,
              51.7644962
            ],
            [
              4.7798361,
              51.7647059
            ],
            [
              4.7797961,
              51.7648091
            ],
            [
              4.7797828,
              51.7649417
            ],
            [
              4.779781,
              51.7650418
            ],
            [
              4.7798039,
              51.765178
            ],
            [
              4.7798522,
              51.7654077
            ],
            [
              4.7799359,
              51.7656839
            ],
            [
              4.7800304,
              51.7659646
            ],
            [
              4.7800927,
              51.7661236
            ],
            [
              4.7801493,
              51.7661971
            ],
            [
              4.7801849,
              51.7662322
            ],
            [
              4.7803068,
              51.7663017
            ],
            [
              4.7804165,
              51.7663474
            ],
            [
              4.7805137,
              51.7663774
            ],
            [
              4.7806543,
              51.7664189
            ],
            [
              4.7807878,
              51.766448
            ],
            [
              4.7809287,
              51.7664703
            ],
            [
              4.7813592,
              51.7665083
            ],
            [
              4.7819907,
              51.7665545
            ],
            [
              4.7824493,
              51.7665683
            ],
            [
              4.782728,
              51.7655794
            ],
            [
              4.7830068,
              51.7645904
            ],
            [
              4.7832556,
              51.7637023
            ],
            [
              4.7835043,
              51.7628142
            ],
            [
              4.783753,
              51.7619261
            ],
            [
              4.7837929,
              51.7618009
            ],
            [
              4.7841557,
              51.7604574
            ],
            [
              4.784477,
              51.7592948
            ],
            [
              4.7847983,
              51.7581321
            ],
            [
              4.7851012,
              51.7570325
            ],
            [
              4.7854041,
              51.7559328
            ],
            [
              4.7860006,
              51.7559801
            ],
            [
              4.7874266,
              51.7561386
            ],
            [
              4.7888526,
              51.7562971
            ],
            [
              4.7902786,
              51.7564556
            ],
            [
              4.791704,
              51.7566181
            ],
            [
              4.7931293,
              51.7567807
            ],
            [
              4.7945546,
              51.7569432
            ],
            [
              4.7968382,
              51.7572002
            ],
            [
              4.7983637,
              51.7573059
            ],
            [
              4.7998893,
              51.7574116
            ],
            [
              4.8014712,
              51.7575183
            ],
            [
              4.8025017,
              51.7575864
            ],
            [
              4.804162,
              51.7574976
            ],
            [
              4.8057437,
              51.7574157
            ],
            [
              4.8064108,
              51.7573823
            ],
            [
              4.8068599,
              51.757346
            ],
            [
              4.8079402,
              51.757268
            ],
            [
              4.8099372,
              51.7571295
            ],
            [
              4.8115738,
              51.756855
            ],
            [
              4.8128634,
              51.7566342
            ],
            [
              4.8137317,
              51.7564042
            ],
            [
              4.814428,
              51.7562213
            ],
            [
              4.8150378,
              51.7560618
            ],
            [
              4.8163669,
              51.7556333
            ],
            [
              4.8176574,
              51.755225
            ],
            [
              4.8188243,
              51.7547937
            ],
            [
              4.8201698,
              51.7542989
            ],
            [
              4.8222761,
              51.7538566
            ],
            [
              4.8237295,
              51.7538385
            ],
            [
              4.8251828,
              51.7538204
            ],
            [
              4.8266362,
              51.7538022
            ],
            [
              4.8280895,
              51.7537841
            ],
            [
              4.8298736,
              51.7538008
            ],
            [
              4.8316576,
              51.7538174
            ],
            [
              4.8336494,
              51.7540057
            ],
            [
              4.8353169,
              51.7544923
            ],
            [
              4.8365915,
              51.7550439
            ],
            [
              4.8378661,
              51.7555954
            ],
            [
              4.8381875,
              51.7557322
            ],
            [
              4.8386063,
              51.7559255
            ],
            [
              4.8395703,
              51.7562184
            ],
            [
              4.8401728,
              51.7564001
            ],
            [
              4.8412401,
              51.75658
            ],
            [
              4.8418814,
              51.7566866
            ],
            [
              4.8431787,
              51.7567258
            ],
            [
              4.8438615,
              51.7567452
            ],
            [
              4.8452552,
              51.7568957
            ],
            [
              4.8466044,
              51.7570418
            ],
            [
              4.8467512,
              51.7570564
            ],
            [
              4.8481907,
              51.7568509
            ],
            [
              4.8496251,
              51.7566451
            ],
            [
              4.8506743,
              51.7563652
            ],
            [
              4.8513286,
              51.7561782
            ],
            [
              4.8519415,
              51.7558797
            ],
            [
              4.8521225,
              51.7553916
            ],
            [
              4.8521525,
              51.7550276
            ],
            [
              4.8521314,
              51.7541168
            ],
            [
              4.8523032,
              51.7531998
            ],
            [
              4.8525617,
              51.7522771
            ],
            [
              4.8528983,
              51.7515909
            ],
            [
              4.8531102,
              51.7508215
            ],
            [
              4.8531262,
              51.7507483
            ],
            [
              4.8530476,
              51.7501686
            ],
            [
              4.8528676,
              51.7494042
            ],
            [
              4.8524812,
              51.7486797
            ],
            [
              4.8520847,
              51.7482489
            ],
            [
              4.8509014,
              51.7470079
            ],
            [
              4.8500983,
              51.7460658
            ],
            [
              4.8497381,
              51.7455167
            ],
            [
              4.8494115,
              51.7448272
            ],
            [
              4.8492789,
              51.7442153
            ],
            [
              4.8493482,
              51.7434812
            ],
            [
              4.8495294,
              51.7420462
            ],
            [
              4.8496731,
              51.7410466
            ],
            [
              4.8499519,
              51.73981
            ],
            [
              4.8502308,
              51.7385734
            ],
            [
              4.8497861,
              51.7382212
            ],
            [
              4.8496018,
              51.7380691
            ],
            [
              4.8494559,
              51.7379466
            ],
            [
              4.8490194,
              51.737596
            ],
            [
              4.8481772,
              51.7369117
            ],
            [
              4.8469321,
              51.7358956
            ],
            [
              4.8469358,
              51.7350668
            ],
            [
              4.8469326,
              51.7346645
            ],
            [
              4.8469265,
              51.7340963
            ],
            [
              4.8469306,
              51.7335525
            ],
            [
              4.8469386,
              51.732655
            ],
            [
              4.8469401,
              51.7322401
            ],
            [
              4.8469408,
              51.7314486
            ],
            [
              4.8469376,
              51.7307389
            ],
            [
              4.846939,
              51.7301204
            ],
            [
              4.8469389,
              51.7290911
            ],
            [
              4.8469428,
              51.7289033
            ],
            [
              4.8469435,
              51.7277593
            ],
            [
              4.8469435,
              51.7267346
            ],
            [
              4.8469377,
              51.7255241
            ],
            [
              4.846325,
              51.724625
            ],
            [
              4.8457123,
              51.7237259
            ],
            [
              4.8450996,
              51.7228268
            ],
            [
              4.844487,
              51.7219277
            ],
            [
              4.8438743,
              51.7210286
            ],
            [
              4.8432617,
              51.7201295
            ],
            [
              4.8426491,
              51.7192304
            ],
            [
              4.8419874,
              51.7182615
            ],
            [
              4.8413257,
              51.7172925
            ],
            [
              4.840664,
              51.7163236
            ],
            [
              4.8398063,
              51.715476
            ],
            [
              4.8389486,
              51.7146284
            ],
            [
              4.8379267,
              51.7136201
            ],
            [
              4.8369048,
              51.7126119
            ],
            [
              4.8386969,
              51.7129115
            ],
            [
              4.8404891,
              51.7132112
            ],
            [
              4.8407231,
              51.7132617
            ],
            [
              4.8421517,
              51.7135702
            ],
            [
              4.8438143,
              51.7139292
            ],
            [
              4.8457798,
              51.7144868
            ],
            [
              4.8477453,
              51.7150444
            ],
            [
              4.8503168,
              51.7156287
            ],
            [
              4.8529939,
              51.716093
            ],
            [
              4.8546051,
              51.7163722
            ],
            [
              4.8562162,
              51.7166514
            ],
            [
              4.8578274,
              51.7169306
            ],
            [
              4.8594386,
              51.7172098
            ],
            [
              4.8610498,
              51.717489
            ],
            [
              4.8618308,
              51.717621
            ],
            [
              4.8620992,
              51.717673
            ],
            [
              4.8635421,
              51.7180058
            ],
            [
              4.8649851,
              51.7183387
            ],
            [
              4.8675495,
              51.7189869
            ],
            [
              4.8678348,
              51.719061
            ],
            [
              4.8681325,
              51.7191262
            ],
            [
              4.8693356,
              51.7193445
            ],
            [
              4.8707952,
              51.719629
            ],
            [
              4.8710311,
              51.7196714
            ],
            [
              4.8720211,
              51.7198277
            ],
            [
              4.8723133,
              51.7198727
            ],
            [
              4.873055,
              51.7199983
            ],
            [
              4.8747623,
              51.7199773
            ],
            [
              4.87517,
              51.7199875
            ],
            [
              4.8761871,
              51.72001
            ],
            [
              4.8772208,
              51.7200465
            ],
            [
              4.8774765,
              51.7200546
            ],
            [
              4.8778083,
              51.7200632
            ],
            [
              4.8791564,
              51.7201082
            ],
            [
              4.8799682,
              51.7201342
            ],
            [
              4.8803713,
              51.7201476
            ],
            [
              4.8805097,
              51.7201451
            ],
            [
              4.8830456,
              51.7200714
            ],
            [
              4.8835916,
              51.7200576
            ],
            [
              4.8837119,
              51.7200538
            ],
            [
              4.8838333,
              51.7200477
            ],
            [
              4.8863146,
              51.7199308
            ],
            [
              4.8869711,
              51.7199001
            ],
            [
              4.888651,
              51.7198238
            ],
            [
              4.8890812,
              51.7198022
            ],
            [
              4.8894407,
              51.7197879
            ],
            [
              4.8897902,
              51.7197758
            ],
            [
              4.8900172,
              51.7197698
            ],
            [
              4.8909261,
              51.7196874
            ],
            [
              4.8912309,
              51.7196622
            ],
            [
              4.8928559,
              51.719365
            ],
            [
              4.8944809,
              51.7190678
            ],
            [
              4.895069,
              51.7190121
            ],
            [
              4.8961628,
              51.7189086
            ],
            [
              4.8976687,
              51.7187755
            ],
            [
              4.8989228,
              51.7186972
            ],
            [
              4.8991037,
              51.7186901
            ],
            [
              4.9002636,
              51.718667
            ],
            [
              4.9015505,
              51.7186724
            ],
            [
              4.9020046,
              51.7186795
            ],
            [
              4.9029721,
              51.7186887
            ],
            [
              4.9036112,
              51.7186992
            ],
            [
              4.9040274,
              51.7187087
            ],
            [
              4.9067239,
              51.7188147
            ],
            [
              4.9083518,
              51.7189307
            ],
            [
              4.9099797,
              51.7190466
            ],
            [
              4.9114123,
              51.7191883
            ],
            [
              4.9127236,
              51.7193138
            ],
            [
              4.913967,
              51.7194494
            ],
            [
              4.9159402,
              51.7196733
            ],
            [
              4.9179912,
              51.7199594
            ],
            [
              4.9202116,
              51.7202826
            ],
            [
              4.9214256,
              51.7204428
            ],
            [
              4.9228079,
              51.7206578
            ],
            [
              4.9249116,
              51.7209783
            ],
            [
              4.9268507,
              51.7212461
            ],
            [
              4.9288182,
              51.721518
            ],
            [
              4.9306127,
              51.7217655
            ],
            [
              4.9318967,
              51.7219391
            ],
            [
              4.9324511,
              51.722012
            ],
            [
              4.933672,
              51.7221639
            ],
            [
              4.9348623,
              51.7223081
            ],
            [
              4.9359527,
              51.7224268
            ],
            [
              4.9371254,
              51.7225425
            ],
            [
              4.9381292,
              51.7226421
            ],
            [
              4.9386727,
              51.7226804
            ],
            [
              4.9393424,
              51.7227299
            ],
            [
              4.9406305,
              51.7228349
            ],
            [
              4.9432341,
              51.7229756
            ],
            [
              4.9455635,
              51.7230416
            ],
            [
              4.9472307,
              51.7230619
            ],
            [
              4.9480403,
              51.7230506
            ],
            [
              4.9483184,
              51.7230525
            ],
            [
              4.9495155,
              51.7230502
            ],
            [
              4.9504759,
              51.7230384
            ],
            [
              4.9515349,
              51.7230244
            ],
            [
              4.9520584,
              51.7230037
            ],
            [
              4.9530268,
              51.7229652
            ],
            [
              4.9539979,
              51.7229285
            ],
            [
              4.9542482,
              51.7229169
            ],
            [
              4.9547024,
              51.7228922
            ],
            [
              4.9558179,
              51.7228279
            ],
            [
              4.9563975,
              51.7227946
            ],
            [
              4.9565697,
              51.7227805
            ],
            [
              4.9567452,
              51.722761
            ],
            [
              4.9584843,
              51.722629
            ],
            [
              4.9608943,
              51.7224133
            ],
            [
              4.9628969,
              51.7221778
            ],
            [
              4.9651051,
              51.7218687
            ],
            [
              4.9683997,
              51.7213558
            ],
            [
              4.9693813,
              51.7212093
            ],
            [
              4.9699868,
              51.7210997
            ],
            [
              4.9713376,
              51.7208551
            ],
            [
              4.9749235,
              51.7201641
            ],
            [
              4.9784183,
              51.7194103
            ],
            [
              4.9794716,
              51.7191802
            ],
            [
              4.9817109,
              51.7186237
            ],
            [
              4.9820065,
              51.718549
            ],
            [
              4.9821978,
              51.7185008
            ],
            [
              4.9831044,
              51.7182661
            ],
            [
              4.9841563,
              51.7179958
            ],
            [
              4.9851708,
              51.7177367
            ],
            [
              4.9863376,
              51.7174364
            ],
            [
              4.9866823,
              51.717346
            ],
            [
              4.9886369,
              51.7168714
            ],
            [
              4.9899583,
              51.7165504
            ],
            [
              4.9911768,
              51.716254
            ],
            [
              4.9940799,
              51.7155798
            ],
            [
              4.9969519,
              51.7149591
            ],
            [
              5.0004509,
              51.7142865
            ],
            [
              5.0014334,
              51.7141149
            ],
            [
              5.0025285,
              51.7139236
            ],
            [
              5.0035163,
              51.7137512
            ],
            [
              5.0049034,
              51.7135057
            ],
            [
              5.0057834,
              51.7133497
            ],
            [
              5.0058645,
              51.7133355
            ],
            [
              5.0060165,
              51.7133089
            ],
            [
              5.0077364,
              51.7130547
            ],
            [
              5.0092589,
              51.7128444
            ],
            [
              5.0094524,
              51.7128194
            ],
            [
              5.0107232,
              51.7126552
            ],
            [
              5.0109986,
              51.7126225
            ],
            [
              5.0124351,
              51.7124519
            ],
            [
              5.0148228,
              51.7121678
            ],
            [
              5.0162209,
              51.7120133
            ],
            [
              5.0183267,
              51.7117942
            ],
            [
              5.0197941,
              51.7116598
            ],
            [
              5.021247,
              51.7115271
            ],
            [
              5.0242565,
              51.7112946
            ],
            [
              5.0264075,
              51.7111493
            ],
            [
              5.0270894,
              51.7110996
            ],
            [
              5.0274455,
              51.7110736
            ],
            [
              5.0276543,
              51.7110613
            ],
            [
              5.0287705,
              51.7110006
            ],
            [
              5.029588,
              51.7109603
            ],
            [
              5.0303877,
              51.7109342
            ],
            [
              5.0327925,
              51.7108631
            ],
            [
              5.0341681,
              51.7108427
            ],
            [
              5.0359059,
              51.7108134
            ],
            [
              5.0384737,
              51.7108175
            ],
            [
              5.0399511,
              51.7108468
            ],
            [
              5.0417607,
              51.7108827
            ],
            [
              5.0447048,
              51.7109851
            ],
            [
              5.0449881,
              51.710997
            ],
            [
              5.0464385,
              51.7110871
            ],
            [
              5.0472877,
              51.7111496
            ],
            [
              5.0489765,
              51.7113069
            ],
            [
              5.0501306,
              51.711407
            ],
            [
              5.0510013,
              51.7115061
            ],
            [
              5.0523514,
              51.7116615
            ],
            [
              5.0529406,
              51.7117359
            ],
            [
              5.0536298,
              51.7118178
            ],
            [
              5.0542116,
              51.7119007
            ],
            [
              5.0542318,
              51.7119036
            ],
            [
              5.05428,
              51.7119146
            ],
            [
              5.0545849,
              51.7119765
            ],
            [
              5.05543,
              51.712147
            ],
            [
              5.0567237,
              51.712419
            ],
            [
              5.0575542,
              51.7125953
            ],
            [
              5.0578735,
              51.7126636
            ],
            [
              5.0593911,
              51.7130149
            ],
            [
              5.0600392,
              51.7131686
            ],
            [
              5.0614161,
              51.713553
            ],
            [
              5.0624566,
              51.7138429
            ],
            [
              5.0632279,
              51.7140858
            ],
            [
              5.0639141,
              51.7143039
            ],
            [
              5.0645115,
              51.7144937
            ],
            [
              5.0656443,
              51.7148879
            ],
            [
              5.0669447,
              51.7153927
            ],
            [
              5.0679024,
              51.7157631
            ],
            [
              5.0688513,
              51.7161743
            ],
            [
              5.0692841,
              51.7163619
            ],
            [
              5.0710043,
              51.7171107
            ],
            [
              5.0716802,
              51.7173963
            ],
            [
              5.0730057,
              51.717986
            ],
            [
              5.0750583,
              51.7188771
            ],
            [
              5.0763166,
              51.7195485
            ],
            [
              5.0769499,
              51.719863
            ],
            [
              5.077598,
              51.7201851
            ],
            [
              5.0785484,
              51.7206714
            ],
            [
              5.080013,
              51.7214384
            ],
            [
              5.0806551,
              51.7217829
            ],
            [
              5.0808175,
              51.7218707
            ],
            [
              5.0808462,
              51.7218862
            ],
            [
              5.0815822,
              51.7222341
            ],
            [
              5.0817395,
              51.722333
            ],
            [
              5.0817602,
              51.7223444
            ],
            [
              5.0818926,
              51.7224168
            ],
            [
              5.0822856,
              51.722632
            ],
            [
              5.083576,
              51.723345
            ],
            [
              5.0836073,
              51.7233623
            ],
            [
              5.0853072,
              51.7242468
            ],
            [
              5.0857621,
              51.7244845
            ],
            [
              5.0874673,
              51.7253425
            ],
            [
              5.0878372,
              51.7255298
            ],
            [
              5.088294,
              51.7257595
            ],
            [
              5.0900358,
              51.7266127
            ],
            [
              5.0900703,
              51.7266296
            ],
            [
              5.0904677,
              51.7268196
            ],
            [
              5.0921245,
              51.7275837
            ],
            [
              5.0943938,
              51.728534
            ],
            [
              5.095326,
              51.7289026
            ],
            [
              5.0964491,
              51.7293454
            ],
            [
              5.0975038,
              51.729748
            ],
            [
              5.097705,
              51.7298248
            ],
            [
              5.0980025,
              51.7299383
            ],
            [
              5.0992407,
              51.7303997
            ],
            [
              5.1004878,
              51.7308416
            ],
            [
              5.1014781,
              51.7311806
            ],
            [
              5.1015831,
              51.7312155
            ],
            [
              5.1021577,
              51.7314064
            ],
            [
              5.1042682,
              51.7320824
            ],
            [
              5.1044473,
              51.7321411
            ],
            [
              5.1049193,
              51.7322743
            ],
            [
              5.1049216,
              51.732275
            ],
            [
              5.1052969,
              51.7323877
            ],
            [
              5.1054523,
              51.7324344
            ],
            [
              5.1069592,
              51.7329004
            ],
            [
              5.109505,
              51.733674
            ],
            [
              5.111848,
              51.734391
            ],
            [
              5.1165671,
              51.735415
            ],
            [
              5.1171187,
              51.73552
            ],
            [
              5.1179243,
              51.7356747
            ],
            [
              5.1181386,
              51.7357093
            ],
            [
              5.1181393,
              51.7357077
            ],
            [
              5.1204963,
              51.7361393
            ],
            [
              5.1228848,
              51.7366055
            ],
            [
              5.1253416,
              51.7370828
            ],
            [
              5.1265312,
              51.7373147
            ],
            [
              5.1280547,
              51.7376071
            ],
            [
              5.1273172,
              51.7377333
            ],
            [
              5.1267569,
              51.7378286
            ],
            [
              5.1266171,
              51.7379288
            ],
            [
              5.1264183,
              51.7383147
            ],
            [
              5.1262011,
              51.7387421
            ],
            [
              5.126105,
              51.7391494
            ],
            [
              5.1259936,
              51.739629
            ],
            [
              5.1260326,
              51.7400377
            ],
            [
              5.126077,
              51.7405307
            ],
            [
              5.1259823,
              51.7409984
            ],
            [
              5.1259384,
              51.7412129
            ],
            [
              5.1256812,
              51.7423178
            ],
            [
              5.1256443,
              51.7427239
            ],
            [
              5.1256005,
              51.7432264
            ],
            [
              5.125666,
              51.7436307
            ],
            [
              5.1257426,
              51.7441197
            ],
            [
              5.1260466,
              51.7445762
            ],
            [
              5.126345,
              51.7450213
            ],
            [
              5.1270053,
              51.7455071
            ],
            [
              5.1275736,
              51.7459236
            ],
            [
              5.1280681,
              51.7461589
            ],
            [
              5.1287913,
              51.7465067
            ],
            [
              5.1294881,
              51.7468354
            ],
            [
              5.1302524,
              51.7471303
            ],
            [
              5.1308527,
              51.7473647
            ],
            [
              5.1316455,
              51.7476477
            ],
            [
              5.1337768,
              51.7484342
            ],
            [
              5.1352526,
              51.7491082
            ],
            [
              5.1366948,
              51.7498766
            ],
            [
              5.13701,
              51.7500646
            ],
            [
              5.1375465,
              51.7503837
            ],
            [
              5.1381217,
              51.7507261
            ],
            [
              5.1385421,
              51.7510119
            ],
            [
              5.1390176,
              51.7513383
            ],
            [
              5.1395446,
              51.7517278
            ],
            [
              5.1402301,
              51.7522382
            ],
            [
              5.1406949,
              51.7526782
            ],
            [
              5.1411841,
              51.7531445
            ],
            [
              5.1415238,
              51.7535487
            ],
            [
              5.141936,
              51.7540413
            ],
            [
              5.1423049,
              51.7545864
            ],
            [
              5.1427229,
              51.75521
            ],
            [
              5.1418252,
              51.7554886
            ],
            [
              5.1409978,
              51.7557473
            ],
            [
              5.140276,
              51.7560557
            ],
            [
              5.1395409,
              51.7563667
            ],
            [
              5.1389368,
              51.7567751
            ],
            [
              5.1381991,
              51.7572674
            ],
            [
              5.1376616,
              51.757628
            ],
            [
              5.1372268,
              51.7581028
            ],
            [
              5.1368358,
              51.7585264
            ],
            [
              5.1362816,
              51.7594224
            ],
            [
              5.136098,
              51.7598569
            ],
            [
              5.1358998,
              51.7603195
            ],
            [
              5.1358261,
              51.7607728
            ],
            [
              5.1357519,
              51.7612191
            ],
            [
              5.1357802,
              51.7615613
            ],
            [
              5.1358154,
              51.7621159
            ],
            [
              5.1358661,
              51.7623164
            ],
            [
              5.1359603,
              51.7627039
            ],
            [
              5.1360393,
              51.7630196
            ],
            [
              5.1361326,
              51.7632875
            ],
            [
              5.1363593,
              51.7639162
            ],
            [
              5.1365858,
              51.7643824
            ],
            [
              5.1368014,
              51.7648203
            ],
            [
              5.1370383,
              51.7652191
            ],
            [
              5.1373363,
              51.7657197
            ],
            [
              5.1376573,
              51.7661462
            ],
            [
              5.1380152,
              51.7666186
            ],
            [
              5.1383453,
              51.7670267
            ],
            [
              5.1387033,
              51.7674607
            ],
            [
              5.1387477,
              51.7675146
            ],
            [
              5.1389998,
              51.7679436
            ],
            [
              5.1392805,
              51.7684177
            ],
            [
              5.139608,
              51.7693108
            ],
            [
              5.1396582,
              51.7702192
            ],
            [
              5.139409,
              51.7711068
            ],
            [
              5.1390981,
              51.7715421
            ],
            [
              5.1387662,
              51.7720102
            ],
            [
              5.1381952,
              51.7724432
            ],
            [
              5.1375899,
              51.7729051
            ],
            [
              5.1365507,
              51.7733628
            ],
            [
              5.1358215,
              51.7735977
            ],
            [
              5.1351039,
              51.7738276
            ],
            [
              5.1344204,
              51.7739676
            ],
            [
              5.1336467,
              51.7741226
            ],
            [
              5.1329518,
              51.7741998
            ],
            [
              5.1322074,
              51.7742787
            ],
            [
              5.1315055,
              51.7743737
            ],
            [
              5.1307504,
              51.7744823
            ],
            [
              5.1293025,
              51.7747321
            ],
            [
              5.1286351,
              51.7749004
            ],
            [
              5.1278478,
              51.7751017
            ],
            [
              5.1263955,
              51.7755695
            ],
            [
              5.1256708,
              51.7758172
            ],
            [
              5.1249554,
              51.7760606
            ],
            [
              5.124262,
              51.7762553
            ],
            [
              5.1234945,
              51.7764728
            ],
            [
              5.1227883,
              51.7766538
            ],
            [
              5.1220467,
              51.776845
            ],
            [
              5.1205907,
              51.7772399
            ],
            [
              5.1191384,
              51.7776401
            ],
            [
              5.1184058,
              51.777901
            ],
            [
              5.1176909,
              51.7781552
            ],
            [
              5.1169584,
              51.7784978
            ],
            [
              5.1162384,
              51.7788367
            ],
            [
              5.1160928,
              51.7789261
            ],
            [
              5.1147724,
              51.7797315
            ],
            [
              5.1134422,
              51.7806411
            ],
            [
              5.1123887,
              51.7813365
            ],
            [
              5.111404,
              51.7819898
            ],
            [
              5.110419,
              51.7826459
            ],
            [
              5.110046,
              51.7828872
            ],
            [
              5.1098806,
              51.7829953
            ],
            [
              5.1096735,
              51.7831326
            ],
            [
              5.1095655,
              51.7831984
            ],
            [
              5.1093961,
              51.7833073
            ],
            [
              5.1092695,
              51.7833918
            ],
            [
              5.1091383,
              51.7834729
            ],
            [
              5.1090188,
              51.7835517
            ],
            [
              5.1089175,
              51.783619
            ],
            [
              5.1087895,
              51.7837022
            ],
            [
              5.1086883,
              51.7837615
            ],
            [
              5.1085168,
              51.7838601
            ],
            [
              5.1084065,
              51.7839257
            ],
            [
              5.1083082,
              51.7839824
            ],
            [
              5.1081718,
              51.7840639
            ],
            [
              5.1078939,
              51.7842323
            ],
            [
              5.1077319,
              51.7843193
            ],
            [
              5.1075571,
              51.784417
            ],
            [
              5.1073386,
              51.7845315
            ],
            [
              5.1070996,
              51.7846492
            ],
            [
              5.1068605,
              51.784772
            ],
            [
              5.1066153,
              51.7848913
            ],
            [
              5.106373,
              51.78501
            ],
            [
              5.1060901,
              51.7851477
            ],
            [
              5.1058557,
              51.7852598
            ],
            [
              5.1055588,
              51.7854086
            ],
            [
              5.1053513,
              51.7855065
            ],
            [
              5.1052431,
              51.7855556
            ],
            [
              5.105129,
              51.7856018
            ],
            [
              5.1049794,
              51.7856736
            ],
            [
              5.1048672,
              51.7857249
            ],
            [
              5.1046895,
              51.7857915
            ],
            [
              5.1045046,
              51.785867
            ],
            [
              5.1043131,
              51.7859393
            ],
            [
              5.1041422,
              51.7860087
            ],
            [
              5.1038822,
              51.7861061
            ],
            [
              5.1036817,
              51.7861808
            ],
            [
              5.1032499,
              51.7863352
            ],
            [
              5.1029995,
              51.7864261
            ],
            [
              5.1027848,
              51.7864945
            ],
            [
              5.1025605,
              51.7865666
            ],
            [
              5.1023293,
              51.7866345
            ],
            [
              5.1021525,
              51.786688
            ],
            [
              5.1018514,
              51.7867736
            ],
            [
              5.1015419,
              51.7868481
            ],
            [
              5.1011592,
              51.7869406
            ],
            [
              5.1008293,
              51.7870188
            ],
            [
              5.1005383,
              51.78709
            ],
            [
              5.1002867,
              51.7871503
            ],
            [
              5.1000879,
              51.7871836
            ],
            [
              5.0994286,
              51.7873034
            ],
            [
              5.0991012,
              51.7873642
            ],
            [
              5.0988235,
              51.787412
            ],
            [
              5.0987199,
              51.7874285
            ],
            [
              5.0983285,
              51.7874747
            ],
            [
              5.0977474,
              51.7875371
            ],
            [
              5.0973219,
              51.7875871
            ],
            [
              5.0964726,
              51.7876254
            ],
            [
              5.0964636,
              51.7876258
            ],
            [
              5.0958995,
              51.7876474
            ],
            [
              5.095555,
              51.7876379
            ],
            [
              5.0944422,
              51.787594
            ],
            [
              5.0942997,
              51.7875708
            ],
            [
              5.093051,
              51.7873853
            ],
            [
              5.0929785,
              51.7873719
            ],
            [
              5.0926048,
              51.7872652
            ],
            [
              5.0922949,
              51.787178
            ],
            [
              5.0920102,
              51.7870973
            ],
            [
              5.0917879,
              51.7870337
            ],
            [
              5.0915722,
              51.7869768
            ],
            [
              5.0914077,
              51.7869197
            ],
            [
              5.091029,
              51.7867788
            ],
            [
              5.0905803,
              51.7866102
            ],
            [
              5.0901527,
              51.7864516
            ],
            [
              5.0900606,
              51.7864147
            ],
            [
              5.0896987,
              51.7862635
            ],
            [
              5.0888801,
              51.7859207
            ],
            [
              5.0886032,
              51.7858052
            ],
            [
              5.0878728,
              51.7854287
            ],
            [
              5.0872109,
              51.7850953
            ],
            [
              5.0862268,
              51.7843992
            ],
            [
              5.0860554,
              51.7842802
            ],
            [
              5.0857924,
              51.7840916
            ],
            [
              5.0857484,
              51.7840502
            ],
            [
              5.0856319,
              51.7839129
            ],
            [
              5.0855191,
              51.7837866
            ],
            [
              5.0853911,
              51.783646
            ],
            [
              5.0853351,
              51.7835826
            ],
            [
              5.0847041,
              51.7826813
            ],
            [
              5.0838043,
              51.7817797
            ],
            [
              5.0823184,
              51.7808705
            ],
            [
              5.081958,
              51.7807104
            ],
            [
              5.0814037,
              51.7804684
            ],
            [
              5.0799945,
              51.7799435
            ],
            [
              5.0785392,
              51.7795637
            ],
            [
              5.0771411,
              51.7793108
            ],
            [
              5.0756368,
              51.7791384
            ],
            [
              5.0742487,
              51.7790701
            ],
            [
              5.0727865,
              51.7791131
            ],
            [
              5.0713056,
              51.779274
            ],
            [
              5.069855,
              51.7795488
            ],
            [
              5.068412,
              51.7799222
            ],
            [
              5.0669662,
              51.7805532
            ],
            [
              5.0665255,
              51.7808287
            ],
            [
              5.0652479,
              51.7817193
            ],
            [
              5.0640624,
              51.7826081
            ],
            [
              5.0637464,
              51.7828578
            ],
            [
              5.0629393,
              51.7835019
            ],
            [
              5.0619127,
              51.7844139
            ],
            [
              5.0610436,
              51.7852827
            ],
            [
              5.0602557,
              51.7862079
            ],
            [
              5.0595867,
              51.7870933
            ],
            [
              5.0589447,
              51.7879992
            ],
            [
              5.0583503,
              51.7889363
            ],
            [
              5.0578258,
              51.7897956
            ],
            [
              5.0571194,
              51.7906954
            ],
            [
              5.0567554,
              51.791005
            ],
            [
              5.0564918,
              51.7912297
            ],
            [
              5.0561936,
              51.7914862
            ],
            [
              5.0558971,
              51.7917307
            ],
            [
              5.0555688,
              51.7919938
            ],
            [
              5.0552122,
              51.7922781
            ],
            [
              5.0549428,
              51.792494
            ],
            [
              5.0545529,
              51.792855
            ],
            [
              5.0542094,
              51.7931744
            ],
            [
              5.0539883,
              51.7933837
            ],
            [
              5.0536735,
              51.7937372
            ],
            [
              5.0533353,
              51.7941096
            ],
            [
              5.0531829,
              51.7942873
            ],
            [
              5.0530447,
              51.7945084
            ],
            [
              5.0528833,
              51.7947816
            ],
            [
              5.0524486,
              51.7955101
            ],
            [
              5.0523437,
              51.7956939
            ],
            [
              5.0519033,
              51.795962
            ],
            [
              5.0515388,
              51.7961828
            ],
            [
              5.0512912,
              51.7963367
            ],
            [
              5.0510882,
              51.7964609
            ],
            [
              5.0508364,
              51.7966176
            ],
            [
              5.0506738,
              51.7967107
            ],
            [
              5.0504455,
              51.7968462
            ],
            [
              5.050197,
              51.7969828
            ],
            [
              5.0499104,
              51.7971534
            ],
            [
              5.0497044,
              51.7972729
            ],
            [
              5.0495098,
              51.7973887
            ],
            [
              5.049444,
              51.7974261
            ],
            [
              5.0492941,
              51.797508
            ],
            [
              5.0490971,
              51.797609
            ],
            [
              5.0488282,
              51.7977518
            ],
            [
              5.0485783,
              51.7978817
            ],
            [
              5.0483442,
              51.7980059
            ],
            [
              5.0481464,
              51.7981139
            ],
            [
              5.0479451,
              51.7982131
            ],
            [
              5.0476212,
              51.7983337
            ],
            [
              5.0473114,
              51.7984498
            ],
            [
              5.046966,
              51.7985771
            ],
            [
              5.0466416,
              51.7986959
            ],
            [
              5.0465146,
              51.7987476
            ],
            [
              5.0463579,
              51.7987965
            ],
            [
              5.0459131,
              51.7989345
            ],
            [
              5.0455187,
              51.7990609
            ],
            [
              5.0451585,
              51.7991745
            ],
            [
              5.0450378,
              51.7992084
            ],
            [
              5.0446563,
              51.7992874
            ],
            [
              5.0444798,
              51.7993261
            ],
            [
              5.0443032,
              51.7993648
            ],
            [
              5.0438628,
              51.7994629
            ],
            [
              5.0435381,
              51.7995341
            ],
            [
              5.0432634,
              51.7995978
            ],
            [
              5.0429975,
              51.7996567
            ],
            [
              5.0427174,
              51.799722
            ],
            [
              5.04233,
              51.79981
            ],
            [
              5.0421717,
              51.7998444
            ],
            [
              5.0417432,
              51.7999896
            ],
            [
              5.0408174,
              51.8003026
            ],
            [
              5.0406441,
              51.8003599
            ],
            [
              5.0398382,
              51.8005896
            ],
            [
              5.0396416,
              51.800641
            ],
            [
              5.0394349,
              51.8007024
            ],
            [
              5.0392176,
              51.8007696
            ],
            [
              5.0390163,
              51.8008317
            ],
            [
              5.0385976,
              51.8009657
            ],
            [
              5.038411,
              51.8010255
            ],
            [
              5.03814,
              51.801114
            ],
            [
              5.0379402,
              51.8011802
            ],
            [
              5.0375164,
              51.801309
            ],
            [
              5.0372933,
              51.8013742
            ],
            [
              5.0368523,
              51.8015082
            ],
            [
              5.0364587,
              51.8016289
            ],
            [
              5.0361338,
              51.8017248
            ],
            [
              5.0358035,
              51.8018127
            ],
            [
              5.0354216,
              51.8019152
            ],
            [
              5.0349412,
              51.8020421
            ],
            [
              5.0348953,
              51.8020553
            ],
            [
              5.0348455,
              51.8020628
            ],
            [
              5.0344049,
              51.8021478
            ],
            [
              5.034089,
              51.8022138
            ],
            [
              5.0338161,
              51.8022654
            ],
            [
              5.0336087,
              51.8023043
            ],
            [
              5.0334258,
              51.8023379
            ],
            [
              5.0332982,
              51.8023591
            ],
            [
              5.0331872,
              51.802376
            ],
            [
              5.0329961,
              51.8024048
            ],
            [
              5.0328095,
              51.8024371
            ],
            [
              5.0323386,
              51.8025081
            ],
            [
              5.0321287,
              51.8025385
            ],
            [
              5.0319838,
              51.8025603
            ],
            [
              5.0318294,
              51.8025819
            ],
            [
              5.0317024,
              51.8025976
            ],
            [
              5.0315841,
              51.8026164
            ],
            [
              5.0314571,
              51.8026317
            ],
            [
              5.0313244,
              51.8026506
            ],
            [
              5.0312226,
              51.8026629
            ],
            [
              5.031079,
              51.8026824
            ],
            [
              5.0309578,
              51.8026981
            ],
            [
              5.0308142,
              51.8027177
            ],
            [
              5.030687,
              51.8027307
            ],
            [
              5.0305926,
              51.8027456
            ],
            [
              5.0305406,
              51.8027517
            ],
            [
              5.0303821,
              51.8027805
            ],
            [
              5.0302103,
              51.8028184
            ],
            [
              5.0299632,
              51.8028633
            ],
            [
              5.0295414,
              51.8029475
            ],
            [
              5.0293311,
              51.8029878
            ],
            [
              5.0292245,
              51.8030064
            ],
            [
              5.0291957,
              51.8030122
            ],
            [
              5.029115,
              51.8030255
            ],
            [
              5.0289922,
              51.8030583
            ],
            [
              5.0288545,
              51.8031002
            ],
            [
              5.028724,
              51.8031403
            ],
            [
              5.0285095,
              51.8032032
            ],
            [
              5.0282741,
              51.803269
            ],
            [
              5.0280381,
              51.8033375
            ],
            [
              5.0278508,
              51.8033914
            ],
            [
              5.027607,
              51.8034641
            ],
            [
              5.0275046,
              51.8035015
            ],
            [
              5.0273779,
              51.8035452
            ],
            [
              5.0271968,
              51.8036084
            ],
            [
              5.0269319,
              51.8037021
            ],
            [
              5.0267909,
              51.8037504
            ],
            [
              5.0266533,
              51.8037964
            ],
            [
              5.0265123,
              51.8038456
            ],
            [
              5.0263493,
              51.8039091
            ],
            [
              5.0261788,
              51.803965
            ],
            [
              5.0260258,
              51.8040242
            ],
            [
              5.0258906,
              51.8040779
            ],
            [
              5.0258836,
              51.8040806
            ],
            [
              5.0257413,
              51.8041348
            ],
            [
              5.0255346,
              51.8042133
            ],
            [
              5.0253925,
              51.8042724
            ],
            [
              5.0252252,
              51.8043372
            ],
            [
              5.025033,
              51.8044164
            ],
            [
              5.0248627,
              51.8044772
            ],
            [
              5.0247506,
              51.8045242
            ],
            [
              5.0247312,
              51.8045329
            ],
            [
              5.0246636,
              51.8045632
            ],
            [
              5.0245959,
              51.8045957
            ],
            [
              5.0243804,
              51.8046904
            ],
            [
              5.0241472,
              51.8047971
            ],
            [
              5.0238627,
              51.8049302
            ],
            [
              5.0234927,
              51.8051018
            ],
            [
              5.0225362,
              51.805555
            ],
            [
              5.022375,
              51.8056283
            ],
            [
              5.0221542,
              51.8057366
            ],
            [
              5.0219033,
              51.8058561
            ],
            [
              5.0216754,
              51.8059681
            ],
            [
              5.0214005,
              51.8061047
            ],
            [
              5.02111,
              51.8062508
            ],
            [
              5.0207198,
              51.8064452
            ],
            [
              5.0203757,
              51.8066137
            ],
            [
              5.0201096,
              51.8067145
            ],
            [
              5.0197986,
              51.8068336
            ],
            [
              5.0194069,
              51.8069883
            ],
            [
              5.0191207,
              51.8070958
            ],
            [
              5.0189049,
              51.807182
            ],
            [
              5.0187379,
              51.8072356
            ],
            [
              5.0182855,
              51.8073778
            ],
            [
              5.017733,
              51.8075591
            ],
            [
              5.0175265,
              51.8076231
            ],
            [
              5.017467,
              51.8076411
            ],
            [
              5.017417,
              51.807662
            ],
            [
              5.0168234,
              51.807888
            ],
            [
              5.0163013,
              51.8080882
            ],
            [
              5.0160489,
              51.8081852
            ],
            [
              5.0160011,
              51.808207
            ],
            [
              5.0159705,
              51.8082219
            ],
            [
              5.0157294,
              51.8083529
            ],
            [
              5.0155307,
              51.8084519
            ],
            [
              5.0153119,
              51.8085768
            ],
            [
              5.0151468,
              51.8086623
            ],
            [
              5.0149164,
              51.808787
            ],
            [
              5.0147299,
              51.8088822
            ],
            [
              5.0145899,
              51.808961
            ],
            [
              5.01454,
              51.8089847
            ],
            [
              5.0145092,
              51.809013
            ],
            [
              5.0143222,
              51.8091563
            ],
            [
              5.0140488,
              51.8093742
            ],
            [
              5.013904,
              51.8094796
            ],
            [
              5.0136064,
              51.8097099
            ],
            [
              5.013337,
              51.80992
            ],
            [
              5.0130827,
              51.810125
            ],
            [
              5.0128184,
              51.8103324
            ],
            [
              5.0125364,
              51.81056
            ],
            [
              5.0124268,
              51.8106481
            ],
            [
              5.0124185,
              51.8106548
            ],
            [
              5.0122658,
              51.8107729
            ],
            [
              5.0122336,
              51.8108021
            ],
            [
              5.0119425,
              51.8110339
            ],
            [
              5.0116964,
              51.8112317
            ],
            [
              5.0115586,
              51.8113891
            ],
            [
              5.0113568,
              51.8116204
            ],
            [
              5.0110917,
              51.8119285
            ],
            [
              5.0109414,
              51.8121046
            ],
            [
              5.0107933,
              51.8123153
            ],
            [
              5.0103076,
              51.8130104
            ],
            [
              5.0103056,
              51.8130173
            ],
            [
              5.0102276,
              51.8132851
            ],
            [
              5.0101225,
              51.8136305
            ],
            [
              5.0100402,
              51.8139138
            ],
            [
              5.010043,
              51.8142556
            ],
            [
              5.0100458,
              51.814543
            ],
            [
              5.0100427,
              51.8149273
            ],
            [
              5.0100498,
              51.8152358
            ],
            [
              5.0100537,
              51.8155056
            ],
            [
              5.0100656,
              51.8158756
            ],
            [
              5.0100848,
              51.8163011
            ],
            [
              5.0101027,
              51.8166084
            ],
            [
              5.0099828,
              51.8167824
            ],
            [
              5.0098038,
              51.8170536
            ],
            [
              5.0095734,
              51.8172704
            ],
            [
              5.009325,
              51.817512
            ],
            [
              5.0089307,
              51.8177099
            ],
            [
              5.0086764,
              51.8178383
            ],
            [
              5.0082373,
              51.8179951
            ],
            [
              5.0076008,
              51.8182189
            ],
            [
              5.0072481,
              51.8183416
            ],
            [
              5.0068025,
              51.8184657
            ],
            [
              5.006045,
              51.8186715
            ],
            [
              5.0053168,
              51.8188688
            ],
            [
              5.0045313,
              51.8190798
            ],
            [
              5.004283,
              51.8191454
            ],
            [
              5.0038933,
              51.8193473
            ],
            [
              5.0033596,
              51.8196221
            ],
            [
              5.002788,
              51.8199185
            ],
            [
              5.0021866,
              51.8202233
            ],
            [
              5.001642,
              51.8204997
            ],
            [
              5.0014027,
              51.8206254
            ],
            [
              5.000364,
              51.8209334
            ],
            [
              5.0001353,
              51.8209206
            ],
            [
              4.9996738,
              51.820897
            ],
            [
              4.9995028,
              51.8208878
            ],
            [
              4.9992827,
              51.8208678
            ],
            [
              4.9982531,
              51.8208469
            ],
            [
              4.9971421,
              51.8208223
            ],
            [
              4.9965214,
              51.8208072
            ],
            [
              4.9957175,
              51.8207892
            ],
            [
              4.9955922,
              51.8207903
            ],
            [
              4.9945705,
              51.8207991
            ],
            [
              4.9933981,
              51.8208095
            ],
            [
              4.9927384,
              51.8208151
            ],
            [
              4.9909847,
              51.8208991
            ],
            [
              4.989263,
              51.8209843
            ],
            [
              4.987757,
              51.8210594
            ],
            [
              4.9869363,
              51.8211573
            ],
            [
              4.983024,
              51.8216364
            ],
            [
              4.9811338,
              51.8219085
            ],
            [
              4.9810779,
              51.8219165
            ],
            [
              4.975951,
              51.8226545
            ],
            [
              4.9738157,
              51.8229925
            ],
            [
              4.9733894,
              51.82306
            ],
            [
              4.9721743,
              51.8232524
            ],
            [
              4.9696332,
              51.8236544
            ],
            [
              4.9678789,
              51.8239319
            ],
            [
              4.9661245,
              51.8242093
            ],
            [
              4.9643702,
              51.8244868
            ],
            [
              4.9626158,
              51.8247642
            ],
            [
              4.9610821,
              51.8249672
            ],
            [
              4.9595484,
              51.8251701
            ],
            [
              4.9580146,
              51.8253731
            ],
            [
              4.9564809,
              51.825576
            ],
            [
              4.9549471,
              51.8257789
            ],
            [
              4.9533842,
              51.8259619
            ],
            [
              4.9518212,
              51.8261449
            ],
            [
              4.9502582,
              51.8263278
            ],
            [
              4.9486953,
              51.8265107
            ],
            [
              4.9471323,
              51.8266936
            ],
            [
              4.9455692,
              51.8268765
            ],
            [
              4.9440062,
              51.8270594
            ],
            [
              4.9424432,
              51.8272422
            ],
            [
              4.9408485,
              51.8275103
            ],
            [
              4.9392537,
              51.8277784
            ],
            [
              4.937659,
              51.8280465
            ],
            [
              4.9360642,
              51.8283145
            ],
            [
              4.9344242,
              51.8283861
            ],
            [
              4.9327842,
              51.8284576
            ],
            [
              4.9311443,
              51.8285292
            ],
            [
              4.9290655,
              51.8284176
            ],
            [
              4.9269867,
              51.828306
            ],
            [
              4.9260381,
              51.8282554
            ],
            [
              4.9242329,
              51.8281545
            ],
            [
              4.9227285,
              51.8280725
            ],
            [
              4.9211912,
              51.8278546
            ],
            [
              4.9196014,
              51.8276278
            ],
            [
              4.9185991,
              51.8274822
            ],
            [
              4.9176026,
              51.8272778
            ],
            [
              4.9160215,
              51.8269547
            ],
            [
              4.9149354,
              51.826733
            ],
            [
              4.9143085,
              51.8266068
            ],
            [
              4.9128427,
              51.8263018
            ],
            [
              4.9112736,
              51.8259818
            ],
            [
              4.9100127,
              51.8256274
            ],
            [
              4.9091264,
              51.8253774
            ],
            [
              4.9085164,
              51.8252054
            ],
            [
              4.9060625,
              51.8245089
            ],
            [
              4.9040924,
              51.8239477
            ],
            [
              4.9026927,
              51.823468
            ],
            [
              4.901293,
              51.8229883
            ],
            [
              4.9001043,
              51.822582
            ],
            [
              4.8976144,
              51.8217207
            ],
            [
              4.8960201,
              51.8211625
            ],
            [
              4.8944258,
              51.8206043
            ],
            [
              4.8925769,
              51.8199763
            ],
            [
              4.890728,
              51.8193484
            ],
            [
              4.889401,
              51.818895
            ],
            [
              4.8880872,
              51.818227
            ],
            [
              4.8867733,
              51.817559
            ],
            [
              4.8852269,
              51.8167697
            ],
            [
              4.8846426,
              51.8164714
            ],
            [
              4.8833333,
              51.8158395
            ],
            [
              4.882024,
              51.8152075
            ],
            [
              4.88083,
              51.8145426
            ],
            [
              4.879636,
              51.8138776
            ],
            [
              4.878442,
              51.8132127
            ],
            [
              4.8772481,
              51.8125477
            ],
            [
              4.8760542,
              51.8118827
            ],
            [
              4.8748809,
              51.8111348
            ],
            [
              4.8737076,
              51.810387
            ],
            [
              4.8725343,
              51.8096391
            ],
            [
              4.8713611,
              51.8088912
            ],
            [
              4.8702787,
              51.8082532
            ],
            [
              4.8691964,
              51.8076152
            ],
            [
              4.868114,
              51.8069772
            ],
            [
              4.8669619,
              51.8062949
            ],
            [
              4.8658099,
              51.8056125
            ],
            [
              4.8652333,
              51.8053159
            ],
            [
              4.8638417,
              51.804658
            ],
            [
              4.8624502,
              51.8040002
            ],
            [
              4.8610588,
              51.8033423
            ],
            [
              4.8596673,
              51.8026843
            ],
            [
              4.8583538,
              51.8021841
            ],
            [
              4.8570404,
              51.8016838
            ],
            [
              4.8557269,
              51.8011835
            ],
            [
              4.8544135,
              51.8006831
            ],
            [
              4.8530086,
              51.8003621
            ],
            [
              4.8516037,
              51.8000411
            ],
            [
              4.8501989,
              51.7997201
            ],
            [
              4.848794,
              51.7993991
            ],
            [
              4.8473892,
              51.799078
            ],
            [
              4.8459844,
              51.798757
            ],
            [
              4.8443384,
              51.798604
            ],
            [
              4.8426924,
              51.7984511
            ],
            [
              4.8410464,
              51.7982981
            ],
            [
              4.8394004,
              51.7981451
            ],
            [
              4.8377545,
              51.7979921
            ],
            [
              4.8361085,
              51.7978391
            ],
            [
              4.8342995,
              51.7978845
            ],
            [
              4.8324904,
              51.7979299
            ],
            [
              4.8306814,
              51.7979753
            ],
            [
              4.8288723,
              51.7980206
            ],
            [
              4.8273921,
              51.798213
            ],
            [
              4.8259119,
              51.7984054
            ],
            [
              4.8244316,
              51.7985978
            ],
            [
              4.8229514,
              51.7987901
            ],
            [
              4.8213065,
              51.7990076
            ],
            [
              4.8196616,
              51.799225
            ],
            [
              4.8180167,
              51.7994424
            ],
            [
              4.8163718,
              51.7996598
            ],
            [
              4.8149271,
              51.7997532
            ],
            [
              4.8133169,
              51.7998699
            ],
            [
              4.8117066,
              51.7999865
            ],
            [
              4.8100963,
              51.8001031
            ],
            [
              4.8084861,
              51.8002197
            ],
            [
              4.8068758,
              51.8003363
            ],
            [
              4.8052621,
              51.800242
            ],
            [
              4.8036485,
              51.8001476
            ],
            [
              4.8020349,
              51.8000532
            ],
            [
              4.8004214,
              51.7999588
            ],
            [
              4.7988078,
              51.7998644
            ],
            [
              4.7971942,
              51.79977
            ],
            [
              4.7958329,
              51.7994429
            ],
            [
              4.7944716,
              51.7991159
            ],
            [
              4.7931103,
              51.7987888
            ],
            [
              4.791749,
              51.7984617
            ],
            [
              4.7903878,
              51.7981346
            ],
            [
              4.7890265,
              51.7978075
            ],
            [
              4.7876653,
              51.7974804
            ],
            [
              4.7862012,
              51.7970941
            ],
            [
              4.7847371,
              51.7967079
            ],
            [
              4.7832731,
              51.7963216
            ],
            [
              4.7818091,
              51.7959353
            ],
            [
              4.7804307,
              51.7955001
            ],
            [
              4.7790523,
              51.795065
            ],
            [
              4.7776739,
              51.7946299
            ],
            [
              4.7762956,
              51.7941947
            ],
            [
              4.7749173,
              51.7937595
            ],
            [
              4.7735391,
              51.7933243
            ],
            [
              4.7723811,
              51.7927585
            ],
            [
              4.7712231,
              51.7921926
            ],
            [
              4.7700652,
              51.7916267
            ],
            [
              4.7689073,
              51.7910608
            ],
            [
              4.7677494,
              51.7904949
            ],
            [
              4.7665916,
              51.789929
            ],
            [
              4.7654338,
              51.7893631
            ],
            [
              4.7643182,
              51.788538
            ],
            [
              4.7632027,
              51.7877129
            ],
            [
              4.7620872,
              51.7868877
            ],
            [
              4.7608592,
              51.7860634
            ],
            [
              4.7596313,
              51.7852392
            ],
            [
              4.7584034,
              51.7844149
            ],
            [
              4.7573488,
              51.7834804
            ],
            [
              4.7562942,
              51.7825459
            ],
            [
              4.7552397,
              51.7816114
            ],
            [
              4.7545724,
              51.7807757
            ],
            [
              4.7539051,
              51.77994
            ],
            [
              4.7532378,
              51.7791043
            ],
            [
              4.7525706,
              51.7782686
            ],
            [
              4.7519033,
              51.7774329
            ],
            [
              4.7512361,
              51.7765972
            ],
            [
              4.750569,
              51.7757615
            ],
            [
              4.7501288,
              51.7748307
            ],
            [
              4.7496886,
              51.7738999
            ],
            [
              4.7492484,
              51.7729691
            ],
            [
              4.7488083,
              51.7720383
            ],
            [
              4.7483682,
              51.7711075
            ],
            [
              4.7479281,
              51.7701767
            ],
            [
              4.747488,
              51.7692459
            ],
            [
              4.747038,
              51.7682862
            ],
            [
              4.746588,
              51.7673264
            ],
            [
              4.7461381,
              51.7663667
            ],
            [
              4.7456881,
              51.7654069
            ],
            [
              4.7452382,
              51.7644472
            ],
            [
              4.7447883,
              51.7634874
            ],
            [
              4.7439846,
              51.7625536
            ],
            [
              4.7431809,
              51.7616198
            ],
            [
              4.7423773,
              51.7606859
            ],
            [
              4.7415736,
              51.7597521
            ],
            [
              4.7407701,
              51.7588182
            ],
            [
              4.7397352,
              51.7580058
            ],
            [
              4.7387004,
              51.7571933
            ],
            [
              4.7376656,
              51.7563808
            ],
            [
              4.7366309,
              51.7555684
            ],
            [
              4.7356043,
              51.7548744
            ],
            [
              4.7345777,
              51.7541804
            ],
            [
              4.7335512,
              51.7534864
            ],
            [
              4.7325247,
              51.7527924
            ],
            [
              4.7314982,
              51.7520984
            ],
            [
              4.7304718,
              51.7514044
            ],
            [
              4.7294454,
              51.7507104
            ],
            [
              4.7282319,
              51.7500092
            ],
            [
              4.7270184,
              51.749308
            ],
            [
              4.725805,
              51.7486067
            ],
            [
              4.7245916,
              51.7479055
            ],
            [
              4.7233732,
              51.7472245
            ],
            [
              4.7221547,
              51.7465434
            ],
            [
              4.7209364,
              51.7458623
            ],
            [
              4.719718,
              51.7451813
            ],
            [
              4.7184997,
              51.7445002
            ],
            [
              4.7172814,
              51.7438191
            ],
            [
              4.7161533,
              51.7432448
            ],
            [
              4.7150252,
              51.7426706
            ],
            [
              4.7138971,
              51.7420963
            ],
            [
              4.7127691,
              51.741522
            ],
            [
              4.711641,
              51.7409478
            ],
            [
              4.7105131,
              51.7403735
            ],
            [
              4.7093851,
              51.7397991
            ],
            [
              4.7082572,
              51.7392248
            ],
            [
              4.7071293,
              51.7386505
            ],
            [
              4.7060014,
              51.7380762
            ],
            [
              4.7048736,
              51.7375018
            ],
            [
              4.7037457,
              51.7369275
            ],
            [
              4.7024353,
              51.7363468
            ],
            [
              4.7011249,
              51.7357661
            ],
            [
              4.6998145,
              51.7351854
            ],
            [
              4.6985041,
              51.7346047
            ],
            [
              4.6971938,
              51.7340239
            ],
            [
              4.6958835,
              51.7334432
            ],
            [
              4.6945732,
              51.7328624
            ],
            [
              4.693263,
              51.7322816
            ],
            [
              4.6919667,
              51.7318525
            ],
            [
              4.6906705,
              51.7314233
            ],
            [
              4.6893743,
              51.7309941
            ],
            [
              4.6880781,
              51.7305649
            ],
            [
              4.686782,
              51.7301357
            ],
            [
              4.6854859,
              51.7297065
            ],
            [
              4.6841898,
              51.7292772
            ],
            [
              4.6828937,
              51.728848
            ],
            [
              4.6815977,
              51.7284187
            ],
            [
              4.6805389,
              51.7277197
            ],
            [
              4.6794802,
              51.7270207
            ],
            [
              4.6784215,
              51.7263217
            ],
            [
              4.6773629,
              51.7256227
            ],
            [
              4.6763043,
              51.7249236
            ]
          ]
        ]
      },
      "properties": {
        "type": "boundary",
        "gemeente": "Altena"
      }
    }
  ]
}