{
  "type": "FeatureCollection",
  "metadata": {
    "gemeente": "Bunschoten",
    "slug": "bunschoten",
    "generated_at": "2026-06-30T16:19:32.839147Z",
    "total_points": 27,
    "providers": [
      "Amazon",
      "DHL",
      "DPD",
      "PostNL",
      "VintedGo",
      "GLS",
      "ViaTim",
      "InPost"
    ],
    "bounds": [
      5.3648204,
      52.2298521,
      5.3848366,
      52.25375
    ]
  },
  "features": [
    {
      "type": "Feature",
      "geometry": {
        "type": "Point",
        "coordinates": [
          5.367268917,
          52.23357849
        ]
      },
      "properties": {
        "type": "pakketpunt",
        "locatieNaam": "BP-",
        "straatNaam": "De Kronkels 3",
        "straatNr": "",
        "vervoerder": "Amazon",
        "puntType": "3p",
        "bezettingsgraad": 50,
        "latitude": 52.23357849,
        "longitude": 5.367268917,
        "canPickup": true,
        "canDropoff": false,
        "openingstijden": null
      }
    },
    {
      "type": "Feature",
      "geometry": {
        "type": "Point",
        "coordinates": [
          5.38297441973404,
          52.2489132451303
        ]
      },
      "properties": {
        "type": "pakketpunt",
        "locatieNaam": "PostNL Businesspoint Bun-Spa",
        "straatNaam": "Zuidwenk 78 N",
        "straatNr": "",
        "vervoerder": "Amazon",
        "puntType": "3p",
        "bezettingsgraad": 50,
        "latitude": 52.2489132451303,
        "longitude": 5.38297441973404,
        "canPickup": true,
        "canDropoff": false,
        "openingstijden": null
      }
    },
    {
      "type": "Feature",
      "geometry": {
        "type": "Point",
        "coordinates": [
          5.3718439,
          52.2462363
        ]
      },
      "properties": {
        "type": "pakketpunt",
        "locatieNaam": "DHL Buurtpunt ViaTim & Liza",
        "straatNaam": "Regerstraat",
        "straatNr": "12",
        "vervoerder": "DHL",
        "puntType": "parcelShop",
        "bezettingsgraad": 50,
        "latitude": 52.2462363,
        "longitude": 5.3718439,
        "canPickup": true,
        "canDropoff": true,
        "openingstijden": {
          "ma": "16:00 - 20:00",
          "di": "16:00 - 20:00",
          "wo": "16:00 - 20:00",
          "do": "16:00 - 20:00",
          "vr": "16:00 - 20:00",
          "za": "gesloten",
          "zo": "gesloten"
        }
      }
    },
    {
      "type": "Feature",
      "geometry": {
        "type": "Point",
        "coordinates": [
          5.3764891,
          52.2532802
        ]
      },
      "properties": {
        "type": "pakketpunt",
        "locatieNaam": "Pakketautomaat Lidl Bunscht-Spknbr",
        "straatNaam": "Ansjovisweg",
        "straatNr": "5",
        "vervoerder": "DHL",
        "puntType": "packStation",
        "bezettingsgraad": 50,
        "latitude": 52.2532802,
        "longitude": 5.3764891,
        "canPickup": true,
        "canDropoff": true,
        "openingstijden": {
          "ma": "08:00 - 21:00",
          "di": "08:00 - 21:00",
          "wo": "08:00 - 21:00",
          "do": "08:00 - 21:00",
          "vr": "08:00 - 21:00",
          "za": "08:00 - 20:00",
          "zo": "gesloten"
        }
      }
    },
    {
      "type": "Feature",
      "geometry": {
        "type": "Point",
        "coordinates": [
          5.3747848,
          52.2452645
        ]
      },
      "properties": {
        "type": "pakketpunt",
        "locatieNaam": "Stichting De Genadebron",
        "straatNaam": "Molenstraat",
        "straatNr": "23",
        "vervoerder": "DHL",
        "puntType": "parcelShop",
        "bezettingsgraad": 50,
        "latitude": 52.2452645,
        "longitude": 5.3747848,
        "canPickup": true,
        "canDropoff": true,
        "openingstijden": {
          "ma": "09:00 - 17:00",
          "di": "09:00 - 17:00",
          "wo": "09:00 - 17:00",
          "do": "09:00 - 17:00",
          "vr": "09:00 - 17:00",
          "za": "09:30 - 16:00",
          "zo": "gesloten"
        }
      }
    },
    {
      "type": "Feature",
      "geometry": {
        "type": "Point",
        "coordinates": [
          5.3770846,
          52.2520609
        ]
      },
      "properties": {
        "type": "pakketpunt",
        "locatieNaam": "Blokker Spakenburg",
        "straatNaam": "Spuistraat",
        "straatNr": "19",
        "vervoerder": "DHL",
        "puntType": "parcelShop",
        "bezettingsgraad": 50,
        "latitude": 52.2520609,
        "longitude": 5.3770846,
        "canPickup": true,
        "canDropoff": true,
        "openingstijden": {
          "ma": "10:00 - 18:00",
          "di": "09:00 - 18:00",
          "wo": "09:00 - 18:00",
          "do": "09:00 - 18:00",
          "vr": "09:00 - 18:00",
          "za": "09:00 - 17:00",
          "zo": "gesloten"
        }
      }
    },
    {
      "type": "Feature",
      "geometry": {
        "type": "Point",
        "coordinates": [
          5.3848366,
          52.2492236
        ]
      },
      "properties": {
        "type": "pakketpunt",
        "locatieNaam": "Groenen Mobiliteit Gooi en Eemland",
        "straatNaam": "Botstraat",
        "straatNr": "3",
        "vervoerder": "DHL",
        "puntType": "parcelShop",
        "bezettingsgraad": 50,
        "latitude": 52.2492236,
        "longitude": 5.3848366,
        "canPickup": true,
        "canDropoff": true,
        "openingstijden": {
          "ma": "gesloten",
          "di": "10:30 - 17:00",
          "wo": "10:30 - 17:00",
          "do": "10:30 - 17:00",
          "vr": "gesloten",
          "za": "09:00 - 15:00",
          "zo": "gesloten"
        }
      }
    },
    {
      "type": "Feature",
      "geometry": {
        "type": "Point",
        "coordinates": [
          5.379088296942886,
          52.25198384587196
        ]
      },
      "properties": {
        "type": "pakketpunt",
        "locatieNaam": "Pakketautomaat Jumbo De Ziel",
        "straatNaam": "De Ziel",
        "straatNr": "45",
        "vervoerder": "DHL",
        "puntType": "packStation",
        "bezettingsgraad": 50,
        "latitude": 52.25198384587196,
        "longitude": 5.379088296942886,
        "canPickup": true,
        "canDropoff": true,
        "openingstijden": {
          "ma": "08:00 - 21:00",
          "di": "08:00 - 21:00",
          "wo": "08:00 - 21:00",
          "do": "08:00 - 21:00",
          "vr": "08:00 - 21:00",
          "za": "08:00 - 21:00",
          "zo": "gesloten"
        }
      }
    },
    {
      "type": "Feature",
      "geometry": {
        "type": "Point",
        "coordinates": [
          5.3783401,
          52.2518354
        ]
      },
      "properties": {
        "type": "pakketpunt",
        "locatieNaam": "Intertoys Bunschoten Spakenburg",
        "straatNaam": "De Ziel",
        "straatNr": "10-A",
        "vervoerder": "DHL",
        "puntType": "parcelShop",
        "bezettingsgraad": 50,
        "latitude": 52.2518354,
        "longitude": 5.3783401,
        "canPickup": true,
        "canDropoff": true,
        "openingstijden": {
          "ma": "09:00 - 18:00",
          "di": "09:00 - 18:00",
          "wo": "09:00 - 18:00",
          "do": "09:00 - 18:00",
          "vr": "09:00 - 18:00",
          "za": "09:00 - 17:00",
          "zo": "gesloten"
        }
      }
    },
    {
      "type": "Feature",
      "geometry": {
        "type": "Point",
        "coordinates": [
          5.377521514892578,
          52.25147247314453
        ]
      },
      "properties": {
        "type": "pakketpunt",
        "locatieNaam": "Pakketautomaat terStal Spakenburg",
        "straatNaam": "Kerkstraat",
        "straatNr": "23-Kast",
        "vervoerder": "DHL",
        "puntType": "packStation",
        "bezettingsgraad": 50,
        "latitude": 52.25147247314453,
        "longitude": 5.377521514892578,
        "canPickup": true,
        "canDropoff": true,
        "openingstijden": {
          "ma": "09:30 - 18:00",
          "di": "09:30 - 18:00",
          "wo": "09:30 - 18:00",
          "do": "09:30 - 18:00",
          "vr": "09:30 - 18:00",
          "za": "09:00 - 17:00",
          "zo": "gesloten"
        }
      }
    },
    {
      "type": "Feature",
      "geometry": {
        "type": "Point",
        "coordinates": [
          5.3753619194,
          52.2454605103
        ]
      },
      "properties": {
        "type": "pakketpunt",
        "locatieNaam": "Ontmoetingscentrum de Bron",
        "straatNaam": "MOLENSTRAAT",
        "straatNr": "23",
        "vervoerder": "DPD",
        "puntType": "pickup_point",
        "bezettingsgraad": 50,
        "latitude": 52.2454605103,
        "longitude": 5.3753619194,
        "canPickup": true,
        "canDropoff": true,
        "openingstijden": {
          "ma": "09:00 - 17:00",
          "di": "09:00 - 17:00",
          "wo": "09:00 - 17:00",
          "do": "09:00 - 17:00",
          "vr": "09:00 - 17:00",
          "za": "09:00 - 16:00",
          "zo": "gesloten"
        }
      }
    },
    {
      "type": "Feature",
      "geometry": {
        "type": "Point",
        "coordinates": [
          5.3770846,
          52.2520609
        ]
      },
      "properties": {
        "type": "pakketpunt",
        "locatieNaam": "Blokker Spakenburg",
        "straatNaam": "SPUISTRAAT",
        "straatNr": "19",
        "vervoerder": "DPD",
        "puntType": "pickup_point",
        "bezettingsgraad": 50,
        "latitude": 52.2520609,
        "longitude": 5.3770846,
        "canPickup": true,
        "canDropoff": true,
        "openingstijden": {
          "ma": "10:00 - 18:00",
          "di": "09:00 - 18:00",
          "wo": "09:00 - 18:00",
          "do": "09:00 - 18:00",
          "vr": "09:00 - 18:00",
          "za": "09:00 - 17:00",
          "zo": "gesloten"
        }
      }
    },
    {
      "type": "Feature",
      "geometry": {
        "type": "Point",
        "coordinates": [
          5.3648204,
          52.2307924
        ]
      },
      "properties": {
        "type": "pakketpunt",
        "locatieNaam": "DPD Pakketautomaat - Hubo Bunschote",
        "straatNaam": "DE KRONKELS",
        "straatNr": "25",
        "vervoerder": "DPD",
        "puntType": "dpd_box",
        "bezettingsgraad": 50,
        "latitude": 52.2307924,
        "longitude": 5.3648204,
        "canPickup": true,
        "canDropoff": true,
        "openingstijden": {
          "ma": "00:01 - 23:59",
          "di": "00:01 - 23:59",
          "wo": "00:01 - 23:59",
          "do": "00:01 - 23:59",
          "vr": "00:01 - 23:59",
          "za": "00:01 - 23:59",
          "zo": "00:01 - 23:59"
        }
      }
    },
    {
      "type": "Feature",
      "geometry": {
        "type": "Point",
        "coordinates": [
          5.377130996,
          52.25217546
        ]
      },
      "properties": {
        "type": "pakketpunt",
        "locatieNaam": "Multishop Spakenburg",
        "straatNaam": "Spuistraat",
        "straatNr": "20",
        "vervoerder": "PostNL",
        "puntType": "servicepunt",
        "bezettingsgraad": 50,
        "latitude": 52.25217546,
        "longitude": 5.377130996,
        "canPickup": true,
        "canDropoff": true,
        "openingstijden": "09:00 - 18:00 (Na 18:00 open; Zaterdag open)"
      }
    },
    {
      "type": "Feature",
      "geometry": {
        "type": "Point",
        "coordinates": [
          5.378756611,
          52.2517262
        ]
      },
      "properties": {
        "type": "pakketpunt",
        "locatieNaam": "Pakket- en briefautomaat",
        "straatNaam": "De Ziel",
        "straatNr": "53PBA",
        "vervoerder": "PostNL",
        "puntType": "automaat",
        "bezettingsgraad": 50,
        "latitude": 52.2517262,
        "longitude": 5.378756611,
        "canPickup": true,
        "canDropoff": true,
        "openingstijden": "00:00 - 23:59"
      }
    },
    {
      "type": "Feature",
      "geometry": {
        "type": "Point",
        "coordinates": [
          5.38297441973404,
          52.2489132451303
        ]
      },
      "properties": {
        "type": "pakketpunt",
        "locatieNaam": "PostNL Businesspoint Bun-Spa",
        "straatNaam": "Zuidwenk",
        "straatNr": "78N",
        "vervoerder": "PostNL",
        "puntType": "servicepunt",
        "bezettingsgraad": 50,
        "latitude": 52.2489132451303,
        "longitude": 5.38297441973404,
        "canPickup": true,
        "canDropoff": true,
        "openingstijden": "08:30 - 19:00 (Na 18:00 open; Zaterdag open)"
      }
    },
    {
      "type": "Feature",
      "geometry": {
        "type": "Point",
        "coordinates": [
          5.36743155710047,
          52.2299025033266
        ]
      },
      "properties": {
        "type": "pakketpunt",
        "locatieNaam": "Pakket- en briefautomaat",
        "straatNaam": "Edisonweg",
        "straatNr": "7PBA",
        "vervoerder": "PostNL",
        "puntType": "automaat",
        "bezettingsgraad": 50,
        "latitude": 52.2299025033266,
        "longitude": 5.36743155710047,
        "canPickup": true,
        "canDropoff": true,
        "openingstijden": "00:00 - 23:59"
      }
    },
    {
      "type": "Feature",
      "geometry": {
        "type": "Point",
        "coordinates": [
          5.37776,
          52.25375
        ]
      },
      "properties": {
        "type": "pakketpunt",
        "locatieNaam": "De Zuurstok",
        "straatNaam": "Oude Schans 1",
        "straatNr": "",
        "vervoerder": "VintedGo",
        "puntType": "parcel_shop",
        "bezettingsgraad": 50,
        "latitude": 52.25375,
        "longitude": 5.37776,
        "canPickup": true,
        "canDropoff": true,
        "openingstijden": null
      }
    },
    {
      "type": "Feature",
      "geometry": {
        "type": "Point",
        "coordinates": [
          5.37708,
          52.25206
        ]
      },
      "properties": {
        "type": "pakketpunt",
        "locatieNaam": "Blokker Spakenburg ",
        "straatNaam": "Spuistraat 19",
        "straatNr": "",
        "vervoerder": "VintedGo",
        "puntType": "parcel_shop",
        "bezettingsgraad": 50,
        "latitude": 52.25206,
        "longitude": 5.37708,
        "canPickup": true,
        "canDropoff": true,
        "openingstijden": null
      }
    },
    {
      "type": "Feature",
      "geometry": {
        "type": "Point",
        "coordinates": [
          5.3787852,
          52.2517928
        ]
      },
      "properties": {
        "type": "pakketpunt",
        "locatieNaam": "Bruna",
        "straatNaam": "De Ziel 53, 3751 BT, Bunschoten-Spakenburg",
        "straatNr": "",
        "vervoerder": "VintedGo",
        "puntType": "parcel_shop",
        "bezettingsgraad": 50,
        "latitude": 52.2517928,
        "longitude": 5.3787852,
        "canPickup": true,
        "canDropoff": true,
        "openingstijden": null
      }
    },
    {
      "type": "Feature",
      "geometry": {
        "type": "Point",
        "coordinates": [
          5.3675221,
          52.2298521
        ]
      },
      "properties": {
        "type": "pakketpunt",
        "locatieNaam": "Pakkettenwand Vinted.",
        "straatNaam": "Edisonweg 7",
        "straatNr": "",
        "vervoerder": "VintedGo",
        "puntType": "locker",
        "bezettingsgraad": 50,
        "latitude": 52.2298521,
        "longitude": 5.3675221,
        "canPickup": true,
        "canDropoff": true,
        "openingstijden": null
      }
    },
    {
      "type": "Feature",
      "geometry": {
        "type": "Point",
        "coordinates": [
          5.3819908,
          52.2489784
        ]
      },
      "properties": {
        "type": "pakketpunt",
        "locatieNaam": "Pakketpunt Bunschoten",
        "straatNaam": "Zuidwenk 78N",
        "straatNr": "",
        "vervoerder": "VintedGo",
        "puntType": "parcel_shop",
        "bezettingsgraad": 50,
        "latitude": 52.2489784,
        "longitude": 5.3819908,
        "canPickup": true,
        "canDropoff": true,
        "openingstijden": null
      }
    },
    {
      "type": "Feature",
      "geometry": {
        "type": "Point",
        "coordinates": [
          5.36743155,
          52.2299025
        ]
      },
      "properties": {
        "type": "pakketpunt",
        "locatieNaam": "Pakketautomaat",
        "straatNaam": "Edisonweg",
        "straatNr": "7",
        "vervoerder": "GLS",
        "puntType": "locker",
        "bezettingsgraad": 50,
        "latitude": 52.2299025,
        "longitude": 5.36743155,
        "canPickup": true,
        "canDropoff": true,
        "openingstijden": {
          "ma": "00:00 - 23:59",
          "di": "00:00 - 23:59",
          "wo": "00:00 - 23:59",
          "do": "00:00 - 23:59",
          "vr": "00:00 - 23:59",
          "za": "00:00 - 23:59",
          "zo": "00:00 - 23:59"
        }
      }
    },
    {
      "type": "Feature",
      "geometry": {
        "type": "Point",
        "coordinates": [
          5.37875661,
          52.2517262
        ]
      },
      "properties": {
        "type": "pakketpunt",
        "locatieNaam": "Pakketautomaat",
        "straatNaam": "De Ziel",
        "straatNr": "53",
        "vervoerder": "GLS",
        "puntType": "locker",
        "bezettingsgraad": 50,
        "latitude": 52.2517262,
        "longitude": 5.37875661,
        "canPickup": true,
        "canDropoff": true,
        "openingstijden": {
          "ma": "00:00 - 23:59",
          "di": "00:00 - 23:59",
          "wo": "00:00 - 23:59",
          "do": "00:00 - 23:59",
          "vr": "00:00 - 23:59",
          "za": "00:00 - 23:59",
          "zo": "00:00 - 23:59"
        }
      }
    },
    {
      "type": "Feature",
      "geometry": {
        "type": "Point",
        "coordinates": [
          5.37184396753554,
          52.2462362821972
        ]
      },
      "properties": {
        "type": "pakketpunt",
        "locatieNaam": "ViaTim & Liza",
        "straatNaam": "Regerstraat",
        "straatNr": "12",
        "vervoerder": "ViaTim",
        "puntType": "servicepunt",
        "bezettingsgraad": 50,
        "latitude": 52.2462362821972,
        "longitude": 5.37184396753554,
        "canPickup": true,
        "canDropoff": true,
        "openingstijden": {
          "ma": "16:00 - 20:00",
          "di": "16:00 - 20:00",
          "wo": "16:00 - 20:00",
          "do": "16:00 - 20:00",
          "vr": "16:00 - 20:00",
          "za": "gesloten",
          "zo": "gesloten"
        }
      }
    },
    {
      "type": "Feature",
      "geometry": {
        "type": "Point",
        "coordinates": [
          5.37782,
          52.25375
        ]
      },
      "properties": {
        "type": "pakketpunt",
        "locatieNaam": "DE ZUURSTOK",
        "straatNaam": "Oude Schans 1",
        "straatNr": "",
        "vervoerder": "InPost",
        "puntType": "servicepunt",
        "bezettingsgraad": 50,
        "latitude": 52.25375,
        "longitude": 5.37782,
        "canPickup": true,
        "canDropoff": true,
        "openingstijden": null
      }
    },
    {
      "type": "Feature",
      "geometry": {
        "type": "Point",
        "coordinates": [
          5.38157,
          52.2489
        ]
      },
      "properties": {
        "type": "pakketpunt",
        "locatieNaam": "PAKKETPUNT SPAKENBURG",
        "straatNaam": "Zuidwenk 78",
        "straatNr": "",
        "vervoerder": "InPost",
        "puntType": "servicepunt",
        "bezettingsgraad": 50,
        "latitude": 52.2489,
        "longitude": 5.38157,
        "canPickup": true,
        "canDropoff": true,
        "openingstijden": null
      }
    },
    {
      "type": "Feature",
      "geometry": {
        "type": "MultiPolygon",
        "coordinates": [
          [
            [
              [
                5.371579329505709,
                52.22882085900234
              ],
              [
                5.371395173845122,
                52.228581633216706
              ],
              [
                5.37117372156468,
                52.22835464301184
              ],
              [
                5.370917105724977,
                52.22814207422603
              ],
              [
                5.370627797895024,
                52.2279459737941
              ],
              [
                5.370308584341288,
                52.22776823004306
              ],
              [
                5.36996253919161,
                52.22761055451491
              ],
              [
                5.36959299483247,
                52.227474465492406
              ],
              [
                5.3692035098246595,
                52.22736127338562
              ],
              [
                5.368797834645966,
                52.227272068119696
              ],
              [
                5.3683798755903105,
                52.227207708644954
              ],
              [
                5.367953657170272,
                52.22716881467048
              ],
              [
                5.367523283384258,
                52.22715576070003
              ],
              [
                5.3670928982203385,
                52.227168672427865
              ],
              [
                5.3666666457760765,
                52.22720742552929
              ],
              [
                5.366248630377275,
                52.227271646856906
              ],
              [
                5.365842877078692,
                52.22736071803178
              ],
              [
                5.3654532929259915,
                52.227473781394686
              ],
              [
                5.365083629351066,
                52.2276097482602
              ],
              [
                5.3647374460619925,
                52.22776730939452
              ],
              [
                5.364418076774726,
                52.22794494761652
              ],
              [
                5.364417804430955,
                52.22794513201986
              ],
              [
                5.3643275271402935,
                52.227995345254016
              ],
              [
                5.364123810428694,
                52.22813328025826
              ],
              [
                5.363965088172881,
                52.228147706420906
              ],
              [
                5.36354706005331,
                52.22821191817418
              ],
              [
                5.36314129278525,
                52.22830098005086
              ],
              [
                5.362751693548835,
                52.228414034481254
              ],
              [
                5.362382013921141,
                52.22854999286592
              ],
              [
                5.362035813764773,
                52.2287075460528
              ],
              [
                5.361716426958049,
                52.22888517693716
              ],
              [
                5.361426929296335,
                52.22908117506397
              ],
              [
                5.3611701088733,
                52.22929365309161
              ],
              [
                5.360948439227253,
                52.2295205649592
              ],
              [
                5.360764055511286,
                52.22975972558321
              ],
              [
                5.360618733916999,
                52.23000883189285
              ],
              [
                5.36051387455054,
                52.230265485003315
              ],
              [
                5.360450487926548,
                52.23052721331291
              ],
              [
                5.360429185210918,
                52.23079149630133
              ],
              [
                5.360450172307343,
                52.23105578880166
              ],
              [
                5.3605132478456605,
                52.23131754551042
              ],
              [
                5.360617805092435,
                52.23157424550128
              ],
              [
                5.360762837766523,
                52.23182341650543
              ],
              [
                5.360946949704661,
                52.232062658725006
              ],
              [
                5.361168368284946,
                52.23228966795014
              ],
              [
                5.3614249614798455,
                52.232502257756366
              ],
              [
                5.361714258375142,
                52.23269838056893
              ],
              [
                5.362033472957801,
                52.23287614739048
              ],
              [
                5.362379530943927,
                52.23303384600179
              ],
              [
                5.362749099388613,
                52.233169957460284
              ],
              [
                5.362921327975473,
                52.2332200156906
              ],
              [
                5.3628987168935005,
                52.23331339402572
              ],
              [
                5.362877427373582,
                52.233577677322586
              ],
              [
                5.362898430312874,
                52.233841969254826
              ],
              [
                5.36296152418874,
                52.23410372452441
              ],
              [
                5.3630661020912305,
                52.234360422218806
              ],
              [
                5.363211157540346,
                52.234609590091374
              ],
              [
                5.363395294153531,
                52.23484882837434
              ],
              [
                5.363616739071276,
                52.2350758328957
              ],
              [
                5.363873360012397,
                52.23528841727633
              ],
              [
                5.3641626857954465,
                52.23548453399369
              ],
              [
                5.364481930129138,
                52.235662294109055
              ],
              [
                5.364828018442987,
                52.23581998546785
              ],
              [
                5.3651976174999225,
                52.23595608919723
              ],
              [
                5.365587167505537,
                52.23606929434223
              ],
              [
                5.3659929164044184,
                52.23615851049846
              ],
              [
                5.366410956032796,
                52.23622287832048
              ],
              [
                5.366837259778595,
                52.23626177780307
              ],
              [
                5.367267721385338,
                52.236274834256406
              ],
              [
                5.367698194525271,
                52.236261921917105
              ],
              [
                5.368124532759468,
                52.23622316516029
              ],
              [
                5.368542629499044,
                52.23615893730097
              ],
              [
                5.368948457581459,
                52.23606985699617
              ],
              [
                5.369338108079768,
                52.23595678228284
              ],
              [
                5.369707827970034,
                52.23582080230888
              ],
              [
                5.370054056293313,
                52.23566322683735
              ],
              [
                5.370373458463271,
                52.23548557362492
              ],
              [
                5.370662958388432,
                52.23528955379667
              ],
              [
                5.370919768099496,
                52.23507705535819
              ],
              [
                5.371141414596138,
                52.23485012500443
              ],
              [
                5.371325763655041,
                52.23461094840045
              ],
              [
                5.371471040369992,
                52.23436182912442
              ],
              [
                5.371575846226926,
                52.23410516647635
              ],
              [
                5.371639172550074,
                52.233843432365695
              ],
              [
                5.37166041019062,
                52.23357914750151
              ],
              [
                5.3716393553655255,
                52.23331485711407
              ],
              [
                5.371576211591377,
                52.23305310644193
              ],
              [
                5.371471587695686,
                52.23279641622098
              ],
              [
                5.371326491925944,
                52.23254725841077
              ],
              [
                5.371142322214207,
                52.23230803239215
              ],
              [
                5.370920852691939,
                52.23208104186602
              ],
              [
                5.370664216585869,
                52.23186847267365
              ],
              [
                5.370558599715592,
                52.23179688860965
              ],
              [
                5.370626392512682,
                52.23175917825213
              ],
              [
                5.37091586709462,
                52.23156315766989
              ],
              [
                5.371172654104782,
                52.23135065853645
              ],
              [
                5.371394280761447,
                52.23112372755345
              ],
              [
                5.371578613032288,
                52.23088455039194
              ],
              [
                5.371723876172695,
                52.2306354306355
              ],
              [
                5.371828671799222,
                52.23037876758873
              ],
              [
                5.371891991334495,
                52.2301170331649
              ],
              [
                5.371913225694939,
                52.229852748076105
              ],
              [
                5.371892171128963,
                52.22958845755473
              ],
              [
                5.371829031150505,
                52.229326706840666
              ],
              [
                5.371724414550388,
                52.2290700166702
              ],
              [
                5.371579329505709,
                52.22882085900234
              ]
            ]
          ],
          [
            [
              [
                5.37646638569386,
                52.24277357701034
              ],
              [
                5.376060555508033,
                52.24268439693969
              ],
              [
                5.375642441245367,
                52.24262006334515
              ],
              [
                5.375216068912566,
                52.2425811956865
              ],
              [
                5.374785543989674,
                52.24256816821406
              ],
              [
                5.374355011919683,
                52.24258110636709
              ],
              [
                5.373928618214355,
                52.24261988556635
              ],
              [
                5.373510468559402,
                52.24268413241321
              ],
              [
                5.373104589302094,
                52.2427732282831
              ],
              [
                5.372714888700794,
                52.24288631527903
              ],
              [
                5.372345119308606,
                52.2430223044881
              ],
              [
                5.3719988418525615,
                52.24317988646144
              ],
              [
                5.371679390955483,
                52.243357543817254
              ],
              [
                5.371389843030136,
                52.24355356584554
              ],
              [
                5.371387751108693,
                52.24355529651771
              ],
              [
                5.370987941791348,
                52.24359164692944
              ],
              [
                5.370569778764334,
                52.24365588335444
              ],
              [
                5.370163884761142,
                52.24374496910339
              ],
              [
                5.370163842598176,
                52.24374498133721
              ],
              [
                5.370163817228709,
                52.24374498690527
              ],
              [
                5.3697741006493125,
                52.24385806417841
              ],
              [
                5.369404314200917,
                52.243994044156686
              ],
              [
                5.369058018774729,
                52.24415161748012
              ],
              [
                5.368738549166558,
                52.244329266850244
              ],
              [
                5.368448981969293,
                52.24452528163396
              ],
              [
                5.368192105946499,
                52.24473777432934
              ],
              [
                5.367970395172276,
                52.24496469873441
              ],
              [
                5.367785985196227,
                52.24520386964479
              ],
              [
                5.367640652463363,
                52.245452983890736
              ],
              [
                5.3675357971876725,
                52.24570964251103
              ],
              [
                5.367472429845006,
                52.24597137385081
              ],
              [
                5.367451161416187,
                52.2462356573607
              ],
              [
                5.36747219747533,
                52.2464999478686
              ],
              [
                5.367535336181304,
                52.24676170009021
              ],
              [
                5.367639970192868,
                52.24701839314226
              ],
              [
                5.36778509249004,
                52.24726755482272
              ],
              [
                5.367969306046793,
                52.2475067854235
              ],
              [
                5.368190837262836,
                52.24773378084641
              ],
              [
                5.368447553026024,
                52.247946354799865
              ],
              [
                5.368736981241755,
                52.24814245986171
              ],
              [
                5.369056334632201,
                52.24832020720541
              ],
              [
                5.369402537576448,
                52.24847788479928
              ],
              [
                5.369772255733229,
                52.248613973903055
              ],
              [
                5.370161928160801,
                52.24872716370248
              ],
              [
                5.370567801624371,
                52.24881636394104
              ],
              [
                5.370985966760095,
                52.24888071542653
              ],
              [
                5.371412395746705,
                52.24891959831104
              ],
              [
                5.371842981121088,
                52.2489326380646
              ],
              [
                5.372273575363041,
                52.248919709084724
              ],
              [
                5.372700030866873,
                52.248880935906875
              ],
              [
                5.3731182399138975,
                52.248816692004176
              ],
              [
                5.373524174259607,
                52.24872759618825
              ],
              [
                5.37352421642637,
                52.2487275839533
              ],
              [
                5.373524241798257,
                52.248727578384496
              ],
              [
                5.373913991491695,
                52.24861448884155
              ],
              [
                5.374283802553688,
                52.24847849486259
              ],
              [
                5.374630113147128,
                52.24832090634564
              ],
              [
                5.374947619659576,
                52.248144335747305
              ],
              [
                5.375361213679829,
                52.24815684878088
              ],
              [
                5.375791799394479,
                52.24814390697528
              ],
              [
                5.376218244399942,
                52.24810512109128
              ],
              [
                5.376636441078686,
                52.24804086472437
              ],
              [
                5.377042361305383,
                52.24795175680629
              ],
              [
                5.377432095265456,
                52.24783865563992
              ],
              [
                5.377574546453147,
                52.247786264321334
              ],
              [
                5.37751161671607,
                52.24786790424639
              ],
              [
                5.377366329719849,
                52.24811703033516
              ],
              [
                5.377261524252839,
                52.248373697462114
              ],
              [
                5.377198210311401,
                52.24863543389034
              ],
              [
                5.377186105769354,
                52.24878624788021
              ],
              [
                5.377091501885778,
                52.2487890925342
              ],
              [
                5.3766650510872855,
                52.2488278815655
              ],
              [
                5.376246847054418,
                52.24889213802414
              ],
              [
                5.375840916657959,
                52.24898124319304
              ],
              [
                5.3754511686486195,
                52.24909433908564
              ],
              [
                5.375081356035972,
                52.24923033670342
              ],
              [
                5.374735039963222,
                52.24938792651659
              ],
              [
                5.374415555425091,
                52.24956559106784
              ],
              [
                5.374125979158363,
                52.249761619578
              ],
              [
                5.3738691000141,
                52.249974124412965
              ],
              [
                5.373647392096654,
                52.25020105925381
              ],
              [
                5.37346299092833,
                52.25044023879569
              ],
              [
                5.37333975779161,
                52.250651499455074
              ],
              [
                5.3732058386737656,
                52.25078857176727
              ],
              [
                5.373021432697592,
                52.25102775059378
              ],
              [
                5.3728761102482085,
                52.25127687101343
              ],
              [
                5.372771271440824,
                52.25153353400557
              ],
              [
                5.372707926592945,
                52.251795267873106
              ],
              [
                5.372697573832305,
                52.25192408440602
              ],
              [
                5.3726148493323205,
                52.252008752673106
              ],
              [
                5.372430435122862,
                52.25224793052289
              ],
              [
                5.372285105379664,
                52.252497050159064
              ],
              [
                5.372180260288204,
                52.252753712568605
              ],
              [
                5.3721169102265485,
                52.253015446060054
              ],
              [
                5.372095666009389,
                52.25327973006328
              ],
              [
                5.372116732977949,
                52.25354401940144
              ],
              [
                5.372179908993687,
                52.25380576880139
              ],
              [
                5.372284586356278,
                52.25406245740712
              ],
              [
                5.372429757628433,
                52.254311613059244
              ],
              [
                5.372614025312613,
                52.25455083610772
              ],
              [
                5.372835615287338,
                52.254777822527025
              ],
              [
                5.373092393874617,
                52.254990386112254
              ],
              [
                5.3733818883747935,
                52.25518647954104
              ],
              [
                5.373701310871597,
                52.255364214098876
              ],
              [
                5.3740475850784435,
                52.25552187787714
              ],
              [
                5.3744173759675835,
                52.255657952268606
              ],
              [
                5.3748071218966,
                52.2557711266007
              ],
              [
                5.37489311624562,
                52.25579001919792
              ],
              [
                5.374972240957892,
                52.25583404390717
              ],
              [
                5.375318523324555,
                52.255991703947046
              ],
              [
                5.375688322005222,
                52.25612777434894
              ],
              [
                5.376078075282397,
                52.25624094447881
              ],
              [
                5.376484029142368,
                52.256330124269496
              ],
              [
                5.376902273446716,
                52.25639445472575
              ],
              [
                5.3773287796114095,
                52.25643331620223
              ],
              [
                5.377759439429752,
                52.25644633437512
              ],
              [
                5.377789519335426,
                52.25644542989416
              ],
              [
                5.377819443065709,
                52.256446334375475
              ],
              [
                5.3782501082827965,
                52.256433383631524
              ],
              [
                5.3786766305915705,
                52.25639458893448
              ],
              [
                5.379094901629729,
                52.2563303239648
              ],
              [
                5.379500892555577,
                52.25624120773711
              ],
              [
                5.379890692873442,
                52.256128098634356
              ],
              [
                5.380260548116241,
                52.255992086135876
              ],
              [
                5.38060689602137,
                52.255834480318036
              ],
              [
                5.380926400850862,
                52.25565679922988
              ],
              [
                5.381215985524756,
                52.25546075426501
              ],
              [
                5.381472861257889,
                52.25524823367128
              ],
              [
                5.38169455441459,
                52.25502128435701
              ],
              [
                5.381878930322759,
                52.25478209216995
              ],
              [
                5.382024213818308,
                52.25453296083837
              ],
              [
                5.382129006322635,
                52.254276289778375
              ],
              [
                5.38219229928937,
                52.25401455098038
              ],
              [
                5.3822026703948165,
                52.25388516798304
              ],
              [
                5.382484196444251,
                52.25369456423898
              ],
              [
                5.382741055924553,
                52.2534820408182
              ],
              [
                5.382962733813792,
                52.253255089049944
              ],
              [
                5.3831470955868985,
                52.25301589480547
              ],
              [
                5.383292366215891,
                52.252766761832945
              ],
              [
                5.383397147246047,
                52.25251008956414
              ],
              [
                5.383460430241454,
                52.25224835000117
              ],
              [
                5.383481606471328,
                52.251984063905596
              ],
              [
                5.383465511858525,
                52.25178279333976
              ],
              [
                5.3835611692473115,
                52.25180380285147
              ],
              [
                5.383979381240253,
                52.2518681083084
              ],
              [
                5.384405850202136,
                52.251906944269564
              ],
              [
                5.384836468284668,
                52.251919936656954
              ],
              [
                5.3852670876524975,
                52.25190696032438
              ],
              [
                5.385693560457878,
                52.25186814026334
              ],
              [
                5.386111778815473,
                52.25180385039877
              ],
              [
                5.386517714391159,
                52.25171470998487
              ],
              [
                5.386907457222561,
                52.25160157763772
              ],
              [
                5.387277253396463,
                52.25146554306038
              ],
              [
                5.387623541219357,
                52.251307916541954
              ],
              [
                5.387942985532112,
                52.25113021633082
              ],
              [
                5.388232509837761,
                52.25093415400473
              ],
              [
                5.388489325932667,
                52.25072161797866
              ],
              [
                5.388710960755618,
                52.25049465530961
              ],
              [
                5.388895280196366,
                52.250255451973814
              ],
              [
                5.389040509634655,
                52.25000631180688
              ],
              [
                5.389145251012446,
                52.249749634309914
              ],
              [
                5.389208496275681,
                52.24948789153531
              ],
              [
                5.38922963705689,
                52.24922360427547
              ],
              [
                5.389208470506498,
                52.24895931778353
              ],
              [
                5.389145201217625,
                52.24869757726047
              ],
              [
                5.389040439227017,
                52.24844090334421
              ],
              [
                5.388895194112437,
                52.24819176783711
              ],
              [
                5.388710865244414,
                52.24795256990516
              ],
              [
                5.38848922828724,
                52.24772561297851
              ],
              [
                5.388232418080044,
                52.24751308257472
              ],
              [
                5.387942908063519,
                52.24731702525899
              ],
              [
                5.387623486450967,
                52.24713932894283
              ],
              [
                5.387277229373461,
                52.24698170471143
              ],
              [
                5.386907471257854,
                52.24684567035346
              ],
              [
                5.386517772722809,
                52.2467325357525
              ],
              [
                5.386111886301702,
                52.24664339027991
              ],
              [
                5.385693720321987,
                52.246579092310164
              ],
              [
                5.385267301288181,
                52.2465402609602
              ],
              [
                5.385038523911119,
                52.24653335859848
              ],
              [
                5.384655684956891,
                52.246422207241814
              ],
              [
                5.384249805095637,
                52.246333055366264
              ],
              [
                5.38383164472191,
                52.24626875080147
              ],
              [
                5.383405230286272,
                52.2462299127278
              ],
              [
                5.382974667674046,
                52.246216915110665
              ],
              [
                5.382544102691037,
                52.246229883101826
              ],
              [
                5.382344919746368,
                52.246248010993014
              ],
              [
                5.38200089509377,
                52.24621667271398
              ],
              [
                5.381570333020005,
                52.24620366997831
              ],
              [
                5.381139767756247,
                52.246216632850945
              ],
              [
                5.380713345133804,
                52.246255436514716
              ],
              [
                5.3802951711167895,
                52.24631970733537
              ],
              [
                5.379889272287043,
                52.24640882645762
              ],
              [
                5.379499557091416,
                52.24652193576052
              ],
              [
                5.379357112216346,
                52.24657432941272
              ],
              [
                5.379420036739135,
                52.246492688485006
              ],
              [
                5.3795653069372245,
                52.246243559795765
              ],
              [
                5.379670094102266,
                52.24598689052405
              ],
              [
                5.379733389739002,
                52.24572515264319
              ],
              [
                5.379754584994645,
                52.24546086689841
              ],
              [
                5.379733476494822,
                52.245196578528436
              ],
              [
                5.3796702682734745,
                52.24493483275237
              ],
              [
                5.379565569779164,
                52.24467815025882
              ],
              [
                5.379420389978121,
                52.2444290029328
              ],
              [
                5.379236127611907,
                52.24418979005426
              ],
              [
                5.379014557704441,
                52.243962815197264
              ],
              [
                5.378757814449261,
                52.24375026405219
              ],
              [
                5.378468370642446,
                52.24355418338394
              ],
              [
                5.378149013859872,
                52.24337646132903
              ],
              [
                5.377802819608509,
                52.24321880922049
              ],
              [
                5.377433121710415,
                52.24308274511551
              ],
              [
                5.377221817310465,
                52.24302137493603
              ],
              [
                5.376856024016698,
                52.24288674484932
              ],
              [
                5.37646638569386,
                52.24277357701034
              ]
            ]
          ]
        ]
      },
      "properties": {
        "type": "buffer_union_300m",
        "buffer_m": 300
      }
    },
    {
      "type": "Feature",
      "geometry": {
        "type": "MultiPolygon",
        "coordinates": [
          [
            [
              [
                5.3729316970175995,
                52.228477079634
              ],
              [
                5.372686148784895,
                52.228158114645375
              ],
              [
                5.372390873612979,
                52.227855464148874
              ],
              [
                5.372048715792563,
                52.22757204247596
              ],
              [
                5.371662970878313,
                52.22731057874356
              ],
              [
                5.371237353935969,
                52.22707359058604
              ],
              [
                5.370775963759192,
                52.22686335992451
              ],
              [
                5.370283243400957,
                52.226681911006345
              ],
              [
                5.36976393739939,
                52.226530990925305
              ],
              [
                5.369223046109404,
                52.22641205281013
              ],
              [
                5.368665777579059,
                52.22632624184193
              ],
              [
                5.368097497432814,
                52.22627438423552
              ],
              [
                5.367523677242809,
                52.22625697928976
              ],
              [
                5.366949841883676,
                52.226274194583645
              ],
              [
                5.366381516375968,
                52.22632586436408
              ],
              [
                5.365824172728203,
                52.22641149114049
              ],
              [
                5.365283177287479,
                52.226530250471406
              ],
              [
                5.364763739103835,
                52.22668099889706
              ],
              [
                5.364270859803892,
                52.22686228494164
              ],
              [
                5.3638092854550115,
                52.22707236307951
              ],
              [
                5.363383460882262,
                52.22730921053207
              ],
              [
                5.363383188538093,
                52.22730939493303
              ],
              [
                5.363377382892663,
                52.22731262405705
              ],
              [
                5.363122645627853,
                52.227351752897306
              ],
              [
                5.362581631562225,
                52.22747049983087
              ],
              [
                5.362062173268082,
                52.22762123634667
              ],
              [
                5.36156927256559,
                52.22780251108358
              ],
              [
                5.3611076757280935,
                52.228012578624785
              ],
              [
                5.360681827797112,
                52.2282494162939
              ],
              [
                5.360295829789088,
                52.22851074361891
              ],
              [
                5.359953399205437,
                52.228794044279226
              ],
              [
                5.359657834226007,
                52.229096590323515
              ],
              [
                5.359411981930985,
                52.2294154684266
              ],
              [
                5.35921821085784,
                52.22974760793231
              ],
              [
                5.359078388158543,
                52.23008981041369
              ],
              [
                5.358993861578273,
                52.23043878046578
              ],
              [
                5.358965446430707,
                52.23079115743448
              ],
              [
                5.358993417697063,
                52.23114354777727
              ],
              [
                5.359077507326847,
                52.23149255774298
              ],
              [
                5.35921690676829,
                52.2318348260573
              ],
              [
                5.359410274706043,
                52.232167056298074
              ],
              [
                5.359655749933534,
                52.23248604864899
              ],
              [
                5.359950969237694,
                52.23278873072533
              ],
              [
                5.360293090125424,
                52.23307218717518
              ],
              [
                5.360678818174111,
                52.23333368776904
              ],
              [
                5.36110443874378,
                52.233570713708836
              ],
              [
                5.361424660077293,
                52.23371664024441
              ],
              [
                5.361441589364094,
                52.2339297583783
              ],
              [
                5.361525703442607,
                52.23427876642547
              ],
              [
                5.361665130423953,
                52.23462103167825
              ],
              [
                5.361858528727691,
                52.234953257743975
              ],
              [
                5.36210403685488,
                52.23527224484643
              ],
              [
                5.362399291275655,
                52.23557492065151
              ],
              [
                5.362741449158725,
                52.23585836986745
              ],
              [
                5.363127215725147,
                52.2361198623346
              ],
              [
                5.363552875963918,
                52.23635687933306
              ],
              [
                5.3640143304044665,
                52.23656713785504
              ],
              [
                5.364507134601783,
                52.236748612606966
              ],
              [
                5.365026541953701,
                52.236899555529256
              ],
              [
                5.365567549437406,
                52.23701851264452
              ],
              [
                5.366124945823817,
                52.23710433807273
              ],
              [
                5.366693361904192,
                52.23715620507613
              ],
              [
                5.367267322243794,
                52.2371736140289
              ],
              [
                5.367841297962407,
                52.237156397233136
              ],
              [
                5.368409760031546,
                52.23710472053559
              ],
              [
                5.368967232573085,
                52.237019081728825
              ],
              [
                5.36950834564408,
                52.23690030575266
              ],
              [
                5.370027886997517,
                52.23674953674245
              ],
              [
                5.370520852318781,
                52.2365682270001
              ],
              [
                5.370982493452514,
                52.23635812299594
              ],
              [
                5.371408364154137,
                52.23612124853529
              ],
              [
                5.371794362924542,
                52.2358598852531
              ],
              [
                5.372136772514799,
                52.235576550625176
              ],
              [
                5.372432295720289,
                52.2352739737079
              ],
              [
                5.372678087119691,
                52.234955068840875
              ],
              [
                5.372871780453779,
                52.23462290756666
              ],
              [
                5.373011511381246,
                52.23428068903788
              ],
              [
                5.3730959353936925,
                52.23393170919783
              ],
              [
                5.373124240718721,
                52.23357932903128
              ],
              [
                5.373096156088697,
                52.233226942191884
              ],
              [
                5.373011953302128,
                52.232877942318
              ],
              [
                5.37287244455509,
                52.2325356903514
              ],
              [
                5.372678974570238,
                52.23220348217418
              ],
              [
                5.372433407601179,
                52.23188451687513
              ],
              [
                5.3723947205729665,
                52.231844866838266
              ],
              [
                5.372685056264263,
                52.23154757377714
              ],
              [
                5.372930825280928,
                52.231228668167006
              ],
              [
                5.373124500517289,
                52.230896506252456
              ],
              [
                5.373264217806137,
                52.23055428719221
              ],
              [
                5.373348632770195,
                52.230205306934735
              ],
              [
                5.373376933723969,
                52.22985292646871
              ],
              [
                5.373348849441659,
                52.22950053945081
              ],
              [
                5.373264651718175,
                52.22915153952092
              ],
              [
                5.37312515270058,
                52.22880928762147
              ],
              [
                5.3729316970175995,
                52.228477079634
              ]
            ]
          ],
          [
            [
              [
                5.377026871865348,
                52.241943262419596
              ],
              [
                5.376485773908009,
                52.24182435789823
              ],
              [
                5.375928298444385,
                52.24173858143669
              ],
              [
                5.375359813090729,
                52.241686758917496
              ],
              [
                5.374785791394336,
                52.24166938930167
              ],
              [
                5.374211760169364,
                52.24168663982806
              ],
              [
                5.373643246321636,
                52.24173834440442
              ],
              [
                5.373085723672555,
                52.241824005205096
              ],
              [
                5.372544560292312,
                52.24194279746122
              ],
              [
                5.372024966847662,
                52.242093577396076
              ],
              [
                5.371531946460042,
                52.242274893230544
              ],
              [
                5.371070246555327,
                52.2424849991523
              ],
              [
                5.370651309420408,
                52.24271798134472
              ],
              [
                5.3701450814319776,
                52.24279574572822
              ],
              [
                5.36960389839169,
                52.24291452449001
              ],
              [
                5.369603856229357,
                52.242914536723596
              ],
              [
                5.369603830860296,
                52.242914542291544
              ],
              [
                5.3690842161127215,
                52.24306530926287
              ],
              [
                5.368591172984721,
                52.24324661278971
              ],
              [
                5.368129449121018,
                52.2434567071783
              ],
              [
                5.367703490786451,
                52.2436935694937
              ],
              [
                5.367317400060889,
                52.24395491902677
              ],
              [
                5.366974895339075,
                52.24423823924321
              ],
              [
                5.36667927551544,
                52.244540802003435
              ],
              [
                5.366433388199114,
                52.24485969382129
              ],
              [
                5.366239602265749,
                52.24519184390865
              ],
              [
                5.366099785011433,
                52.24553405373669
              ],
              [
                5.3660152841299915,
                52.24588302782959
              ],
              [
                5.3659869146887145,
                52.24623540549431
              ],
              [
                5.366014951229734,
                52.2465877931815
              ],
              [
                5.366099125074954,
                52.246936797165525
              ],
              [
                5.366238626862498,
                52.24727905622949
              ],
              [
                5.366432114292177,
                52.24761127404018
              ],
              [
                5.366677725007271,
                52.24793025090083
              ],
              [
                5.366973094490349,
                52.24823291457579
              ],
              [
                5.36731537880224,
                52.24851634989
              ],
              [
                5.367701281946499,
                52.248777826817545
              ],
              [
                5.36812708759669,
                52.24901482678799
              ],
              [
                5.36858869488158,
                52.24922506695757
              ],
              [
                5.369081657883741,
                52.24940652220928
              ],
              [
                5.369601228471043,
                52.249557444671254
              ],
              [
                5.370142402047932,
                52.24967638056316
              ],
              [
                5.370699965784953,
                52.24976218420925
              ],
              [
                5.371268548860827,
                52.24981402908161
              ],
              [
                5.371842674231663,
                52.24983141576756
              ],
              [
                5.372325461799973,
                52.24981691982571
              ],
              [
                5.37211019087956,
                52.250096128299084
              ],
              [
                5.372011290291255,
                52.25026566678173
              ],
              [
                5.371914500191626,
                52.25036473270484
              ],
              [
                5.371668618204766,
                52.25068363507761
              ],
              [
                5.3714748459787875,
                52.25101579339682
              ],
              [
                5.371335050678224,
                52.25135800905429
              ],
              [
                5.371260293454038,
                52.251666856394216
              ],
              [
                5.371077588108733,
                52.2519038083153
              ],
              [
                5.3708838061572415,
                52.2522359655898
              ],
              [
                5.37074400247737,
                52.252578180470366
              ],
              [
                5.370659524632736,
                52.25292715743255
              ],
              [
                5.370631187469299,
                52.2532795357556
              ],
              [
                5.370659265218838,
                52.25363192188377
              ],
              [
                5.37074348880686,
                52.25398092210634
              ],
              [
                5.370883048392854,
                52.25432317524263
              ],
              [
                5.371076601120327,
                52.25465538501636
              ],
              [
                5.3713222840039645,
                52.25497435180807
              ],
              [
                5.371617731831467,
                52.255277003479016
              ],
              [
                5.371960099909221,
                52.25556042496966
              ],
              [
                5.372346091434022,
                52.25582188638704
              ],
              [
                5.372771989228135,
                52.25605886931021
              ],
              [
                5.373233691532685,
                52.2562690910593
              ],
              [
                5.373726751514826,
                52.25645052669488
              ],
              [
                5.37412557523128,
                52.25656633778414
              ],
              [
                5.374504642526656,
                52.25673892581958
              ],
              [
                5.374997712898041,
                52.25692035613568
              ],
              [
                5.375517391289359,
                52.257071252371524
              ],
              [
                5.376058672066315,
                52.2571901609994
              ],
              [
                5.376616341366499,
                52.25727593660613
              ],
              [
                5.377185027351429,
                52.25732775293388
              ],
              [
                5.377759251985576,
                52.257345110844945
              ],
              [
                5.377789332498871,
                52.25734420636419
              ],
              [
                5.37781925683361,
                52.25734511084545
              ],
              [
                5.378393488666754,
                52.25732784284198
              ],
              [
                5.3789621961791125,
                52.257276115555705
              ],
              [
                5.379519901127603,
                52.25719042726652
              ],
              [
                5.3800612313300595,
                52.25707160339113
              ],
              [
                5.38058097244758,
                52.256920788526266
              ],
              [
                5.381074118241172,
                52.256739435415845
              ],
              [
                5.381535918817169,
                52.25652929094801
              ],
              [
                5.381961926395499,
                52.256292379317934
              ],
              [
                5.382348038159162,
                52.25603098251884
              ],
              [
                5.382690535771628,
                52.25574761834944
              ],
              [
                5.382986121181403,
                52.25544501615069
              ],
              [
                5.383231948369159,
                52.255126090505875
              ],
              [
                5.383425650732234,
                52.25479391315758
              ],
              [
                5.3835653638437355,
                52.25445168341333
              ],
              [
                5.383609445170054,
                52.25426936772406
              ],
              [
                5.38361622039803,
                52.254264780527635
              ],
              [
                5.383958696339913,
                52.25398141258904
              ],
              [
                5.384254261393162,
                52.253678807118476
              ],
              [
                5.384500069734478,
                52.2533598787307
              ],
              [
                5.384693754942668,
                52.25302769919463
              ],
              [
                5.384779760193837,
                52.252817004389044
              ],
              [
                5.384836423803122,
                52.25281871388944
              ],
              [
                5.385410594500967,
                52.252801411766974
              ],
              [
                5.385979236005452,
                52.25274965066132
              ],
              [
                5.386536870709578,
                52.25266392917829
              ],
              [
                5.387078127108082,
                52.2525450730542
              ],
              [
                5.387597791573264,
                52.25239422719649
              ],
              [
                5.388090858604771,
                52.25221284464752
              ],
              [
                5.38855257906786,
                52.25200267257899
              ],
              [
                5.388978505954369,
                52.251765735451905
              ],
              [
                5.389364537224734,
                52.251504315504896
              ],
              [
                5.389706955317882,
                52.251220930759665
              ],
              [
                5.390002462948326,
                52.25091831075527
              ],
              [
                5.390248214845912,
                52.2505993702463
              ],
              [
                5.390441845133102,
                52.25026718111847
              ],
              [
                5.390581490077065,
                52.249924942792546
              ],
              [
                5.390665805998777,
                52.24957595140232
              ],
              [
                5.390693982168064,
                52.249223568043654
              ],
              [
                5.390665748562275,
                52.24887118640065
              ],
              [
                5.390581378415641,
                52.248522200061316
              ],
              [
                5.3904416855368265,
                52.248179969836855
              ],
              [
                5.390248016422375,
                52.24784779139971
              ],
              [
                5.39000223724398,
                52.247528863551885
              ],
              [
                5.389706715836568,
                52.24722625742871
              ],
              [
                5.389364298862214,
                52.24694288693401
              ],
              [
                5.388978284371068,
                52.246681480691564
              ],
              [
                5.38855239002444,
                52.24644455578188
              ],
              [
                5.3880907172866905,
                52.24623439351687
              ],
              [
                5.387597711930918,
                52.246053017485025
              ],
              [
                5.387078121238652,
                52.245902174078246
              ],
              [
                5.386536948305121,
                52.2457833156868
              ],
              [
                5.385979403889268,
                52.245697586724056
              ],
              [
                5.385410856270952,
                52.24564581261529
              ],
              [
                5.385400875208653,
                52.24564551149553
              ],
              [
                5.385216064304905,
                52.245591854353194
              ],
              [
                5.384674900117265,
                52.24547298742465
              ],
              [
                5.384117363175576,
                52.24538724966873
              ],
              [
                5.383548821687773,
                52.24533546659521
              ],
              [
                5.382974749741408,
                52.24531813678541
              ],
              [
                5.3824006746342965,
                52.24533542709496
              ],
              [
                5.382345015452062,
                52.2453404927763
              ],
              [
                5.38214451467368,
                52.24532222828676
              ],
              [
                5.381570443445202,
                52.24530489165239
              ],
              [
                5.381207210837973,
                52.24531582769224
              ],
              [
                5.381190650102935,
                52.24510856396397
              ],
              [
                5.38110636138082,
                52.244759570619415
              ],
              [
                5.3809667531640795,
                52.244417328957326
              ],
              [
                5.380773171133878,
                52.244085134760525
              ],
              [
                5.380527480623296,
                52.24376618698287
              ],
              [
                5.380232048613484,
                52.24346355695175
              ],
              [
                5.379889720905802,
                52.24318015880134
              ],
              [
                5.37950379469102,
                52.24291872142185
              ],
              [
                5.379077986780677,
                52.24268176219365
              ],
              [
                5.378616397807126,
                52.24247156275918
              ],
              [
                5.378123472737231,
                52.24229014706495
              ],
              [
                5.377912171147817,
                52.242228778111524
              ],
              [
                5.377546382279033,
                52.24209415014318
              ],
              [
                5.377026871865348,
                52.241943262419596
              ]
            ]
          ]
        ]
      },
      "properties": {
        "type": "buffer_union_400m",
        "buffer_m": 400
      }
    },
    {
      "type": "Feature",
      "geometry": {
        "type": "Polygon",
        "coordinates": [
          [
            [
              5.312278,
              52.2328288
            ],
            [
              5.3123485,
              52.2328631
            ],
            [
              5.3124931,
              52.2329449
            ],
            [
              5.3125897,
              52.2330032
            ],
            [
              5.3127117,
              52.2330834
            ],
            [
              5.3127657,
              52.2331197
            ],
            [
              5.3128301,
              52.2331818
            ],
            [
              5.3128806,
              52.2332357
            ],
            [
              5.3129107,
              52.2332773
            ],
            [
              5.3129588,
              52.2333443
            ],
            [
              5.3130319,
              52.2334672
            ],
            [
              5.3130763,
              52.2335441
            ],
            [
              5.3131016,
              52.2335906
            ],
            [
              5.3131878,
              52.2337755
            ],
            [
              5.3132427,
              52.233924
            ],
            [
              5.3132827,
              52.2340389
            ],
            [
              5.3133185,
              52.2341554
            ],
            [
              5.3133507,
              52.2342938
            ],
            [
              5.3133707,
              52.23439
            ],
            [
              5.313403,
              52.2346208
            ],
            [
              5.3134239,
              52.2347715
            ],
            [
              5.3134301,
              52.2349024
            ],
            [
              5.3134301,
              52.2349553
            ],
            [
              5.3134292,
              52.2350077
            ],
            [
              5.3134232,
              52.2351006
            ],
            [
              5.3134102,
              52.2352524
            ],
            [
              5.3134023,
              52.2353171
            ],
            [
              5.3133823,
              52.235417
            ],
            [
              5.3133467,
              52.2355511
            ],
            [
              5.3133223,
              52.235635
            ],
            [
              5.3133076,
              52.2356831
            ],
            [
              5.3132467,
              52.235853
            ],
            [
              5.3132189,
              52.2359241
            ],
            [
              5.3131841,
              52.2360175
            ],
            [
              5.3131732,
              52.23604
            ],
            [
              5.3131722,
              52.236042
            ],
            [
              5.3131161,
              52.2361316
            ],
            [
              5.313051,
              52.2362258
            ],
            [
              5.3129785,
              52.236319
            ],
            [
              5.3128809,
              52.2364379
            ],
            [
              5.3128098,
              52.2365257
            ],
            [
              5.3127555,
              52.2365929
            ],
            [
              5.3126796,
              52.2366867
            ],
            [
              5.3125538,
              52.2368412
            ],
            [
              5.3124932,
              52.2369144
            ],
            [
              5.3124133,
              52.2370131
            ],
            [
              5.312363,
              52.2370854
            ],
            [
              5.312298,
              52.2371987
            ],
            [
              5.3122656,
              52.2372609
            ],
            [
              5.3122391,
              52.2373221
            ],
            [
              5.312217,
              52.2373843
            ],
            [
              5.312195,
              52.2374501
            ],
            [
              5.3121907,
              52.237472
            ],
            [
              5.3121777,
              52.2375643
            ],
            [
              5.312172,
              52.2376346
            ],
            [
              5.3121723,
              52.2377022
            ],
            [
              5.3121772,
              52.2377816
            ],
            [
              5.3121894,
              52.2378656
            ],
            [
              5.3122138,
              52.2379807
            ],
            [
              5.3122906,
              52.2381852
            ],
            [
              5.3123899,
              52.2384444
            ],
            [
              5.3124426,
              52.2385795
            ],
            [
              5.3124727,
              52.2386535
            ],
            [
              5.3124893,
              52.2387128
            ],
            [
              5.3124985,
              52.2387658
            ],
            [
              5.3125047,
              52.2388261
            ],
            [
              5.3125049,
              52.2388717
            ],
            [
              5.3125007,
              52.2389247
            ],
            [
              5.3124921,
              52.2389832
            ],
            [
              5.3124716,
              52.2390681
            ],
            [
              5.3124437,
              52.239155
            ],
            [
              5.312401,
              52.2392555
            ],
            [
              5.3123406,
              52.2393826
            ],
            [
              5.3123081,
              52.2394383
            ],
            [
              5.3122535,
              52.2395361
            ],
            [
              5.3121604,
              52.2396851
            ],
            [
              5.3121024,
              52.2397749
            ],
            [
              5.3120392,
              52.2398726
            ],
            [
              5.3119684,
              52.2399771
            ],
            [
              5.3119239,
              52.2400426
            ],
            [
              5.3118844,
              52.2400982
            ],
            [
              5.3118308,
              52.2401734
            ],
            [
              5.3117273,
              52.2403197
            ],
            [
              5.311637,
              52.2404422
            ],
            [
              5.311572,
              52.24053
            ],
            [
              5.31157,
              52.2405329
            ],
            [
              5.3114865,
              52.2406527
            ],
            [
              5.3113781,
              52.2408158
            ],
            [
              5.3113058,
              52.240928
            ],
            [
              5.3112454,
              52.2410273
            ],
            [
              5.3112215,
              52.2410665
            ],
            [
              5.3111551,
              52.2411832
            ],
            [
              5.3110978,
              52.2412945
            ],
            [
              5.3110645,
              52.2413693
            ],
            [
              5.3110235,
              52.2414742
            ],
            [
              5.3109855,
              52.2415809
            ],
            [
              5.3109565,
              52.2416704
            ],
            [
              5.3109381,
              52.2417452
            ],
            [
              5.3109242,
              52.241821
            ],
            [
              5.3109146,
              52.2419086
            ],
            [
              5.3109106,
              52.2420365
            ],
            [
              5.3109115,
              52.2421196
            ],
            [
              5.3109135,
              52.2422484
            ],
            [
              5.3109024,
              52.2425442
            ],
            [
              5.3108908,
              52.2428949
            ],
            [
              5.3108848,
              52.2431068
            ],
            [
              5.3108792,
              52.2432575
            ],
            [
              5.3108772,
              52.2433269
            ],
            [
              5.3108583,
              52.2434574
            ],
            [
              5.3108331,
              52.2436464
            ],
            [
              5.3108207,
              52.2437158
            ],
            [
              5.3107806,
              52.2439011
            ],
            [
              5.3107272,
              52.2440707
            ],
            [
              5.3106998,
              52.2441547
            ],
            [
              5.3106556,
              52.2442962
            ],
            [
              5.3106038,
              52.2444595
            ],
            [
              5.31057,
              52.2445909
            ],
            [
              5.31053,
              52.2447707
            ],
            [
              5.3104973,
              52.2449615
            ],
            [
              5.3104859,
              52.2450261
            ],
            [
              5.3104805,
              52.2450567
            ],
            [
              5.3104737,
              52.2451291
            ],
            [
              5.3104662,
              52.2452092
            ],
            [
              5.3104591,
              52.2452905
            ],
            [
              5.3104564,
              52.2453663
            ],
            [
              5.3104622,
              52.2454161
            ],
            [
              5.3104857,
              52.2456193
            ],
            [
              5.310501,
              52.2457261
            ],
            [
              5.3105361,
              52.2459562
            ],
            [
              5.3105543,
              52.2460292
            ],
            [
              5.3106804,
              52.2463259
            ],
            [
              5.3108199,
              52.2465988
            ],
            [
              5.3108619,
              52.2466819
            ],
            [
              5.3109173,
              52.2467695
            ],
            [
              5.3110221,
              52.2469319
            ],
            [
              5.3110581,
              52.246976
            ],
            [
              5.3111608,
              52.2471018
            ],
            [
              5.3112851,
              52.2472541
            ],
            [
              5.311399,
              52.2473835
            ],
            [
              5.3114274,
              52.2474136
            ],
            [
              5.3114917,
              52.2474903
            ],
            [
              5.3115335,
              52.2475423
            ],
            [
              5.3116532,
              52.2476983
            ],
            [
              5.311743,
              52.2478188
            ],
            [
              5.3117789,
              52.2478671
            ],
            [
              5.3119376,
              52.2480962
            ],
            [
              5.3120499,
              52.2482741
            ],
            [
              5.3122012,
              52.2485342
            ],
            [
              5.3122926,
              52.2486894
            ],
            [
              5.312423,
              52.248923
            ],
            [
              5.3124996,
              52.2490827
            ],
            [
              5.3125822,
              52.2492845
            ],
            [
              5.3126139,
              52.2493785
            ],
            [
              5.3126501,
              52.2495173
            ],
            [
              5.3126514,
              52.2495213
            ],
            [
              5.3127719,
              52.2498967
            ],
            [
              5.3127862,
              52.2499441
            ],
            [
              5.3128276,
              52.2500816
            ],
            [
              5.3128681,
              52.2502126
            ],
            [
              5.3128916,
              52.2502977
            ],
            [
              5.3129319,
              52.2504369
            ],
            [
              5.3129768,
              52.2505706
            ],
            [
              5.3130162,
              52.2506805
            ],
            [
              5.3130432,
              52.2507438
            ],
            [
              5.3130702,
              52.2508043
            ],
            [
              5.313103,
              52.2508731
            ],
            [
              5.3131589,
              52.2509804
            ],
            [
              5.3132269,
              52.2510741
            ],
            [
              5.3133734,
              52.2512607
            ],
            [
              5.3134359,
              52.2513352
            ],
            [
              5.3134598,
              52.2513631
            ],
            [
              5.3135027,
              52.2514133
            ],
            [
              5.3135857,
              52.2515053
            ],
            [
              5.3136732,
              52.2515956
            ],
            [
              5.3137519,
              52.2516747
            ],
            [
              5.3138205,
              52.251742
            ],
            [
              5.3138862,
              52.2518028
            ],
            [
              5.3139156,
              52.2518249
            ],
            [
              5.3139522,
              52.2518535
            ],
            [
              5.3139823,
              52.2518707
            ],
            [
              5.3141291,
              52.2519542
            ],
            [
              5.3142598,
              52.2520129
            ],
            [
              5.3143787,
              52.2520615
            ],
            [
              5.3145303,
              52.2521175
            ],
            [
              5.3146448,
              52.2521552
            ],
            [
              5.3147519,
              52.2521864
            ],
            [
              5.3148738,
              52.2522213
            ],
            [
              5.3149199,
              52.252236
            ],
            [
              5.3149853,
              52.2522535
            ],
            [
              5.3152025,
              52.2523078
            ],
            [
              5.3153051,
              52.2523317
            ],
            [
              5.3154494,
              52.2523621
            ],
            [
              5.3155817,
              52.252387
            ],
            [
              5.3157141,
              52.2524101
            ],
            [
              5.3158986,
              52.2524414
            ],
            [
              5.3161218,
              52.2524729
            ],
            [
              5.3164551,
              52.2525045
            ],
            [
              5.3166397,
              52.2525222
            ],
            [
              5.3166572,
              52.2525237
            ],
            [
              5.3167959,
              52.2525352
            ],
            [
              5.3171278,
              52.2525559
            ],
            [
              5.317252,
              52.2525641
            ],
            [
              5.3176904,
              52.2525897
            ],
            [
              5.3178616,
              52.2525937
            ],
            [
              5.3183305,
              52.2525862
            ],
            [
              5.3195647,
              52.2525773
            ],
            [
              5.319849,
              52.2525787
            ],
            [
              5.3204668,
              52.2525843
            ],
            [
              5.3210861,
              52.252588
            ],
            [
              5.321171,
              52.2525901
            ],
            [
              5.3216919,
              52.2526027
            ],
            [
              5.3222232,
              52.2526411
            ],
            [
              5.3224033,
              52.2526606
            ],
            [
              5.3227574,
              52.252705
            ],
            [
              5.3230446,
              52.2527466
            ],
            [
              5.3230991,
              52.2527563
            ],
            [
              5.3232514,
              52.2527835
            ],
            [
              5.3236604,
              52.2528591
            ],
            [
              5.323714,
              52.2528683
            ],
            [
              5.3239877,
              52.252929
            ],
            [
              5.3242316,
              52.2529833
            ],
            [
              5.3243372,
              52.2530082
            ],
            [
              5.3243952,
              52.2530238
            ],
            [
              5.3244473,
              52.2530376
            ],
            [
              5.3246674,
              52.2531101
            ],
            [
              5.3251089,
              52.2532552
            ],
            [
              5.3252234,
              52.2532938
            ],
            [
              5.3255862,
              52.2534305
            ],
            [
              5.3257972,
              52.253514
            ],
            [
              5.326145,
              52.2536608
            ],
            [
              5.3265582,
              52.2538478
            ],
            [
              5.326634,
              52.2538836
            ],
            [
              5.3267113,
              52.2539193
            ],
            [
              5.3269459,
              52.2540234
            ],
            [
              5.3269491,
              52.2540248
            ],
            [
              5.3271834,
              52.254137
            ],
            [
              5.3271879,
              52.2541388
            ],
            [
              5.3272347,
              52.2541668
            ],
            [
              5.3272618,
              52.254183
            ],
            [
              5.3272754,
              52.2541902
            ],
            [
              5.327292,
              52.2542029
            ],
            [
              5.3273268,
              52.2542254
            ],
            [
              5.3273616,
              52.2542507
            ],
            [
              5.3274751,
              52.2543357
            ],
            [
              5.3275265,
              52.2543746
            ],
            [
              5.3275356,
              52.2543809
            ],
            [
              5.3276203,
              52.2544442
            ],
            [
              5.3277127,
              52.2545148
            ],
            [
              5.3278105,
              52.2545918
            ],
            [
              5.3278172,
              52.2545971
            ],
            [
              5.3279444,
              52.2546957
            ],
            [
              5.3280369,
              52.2547726
            ],
            [
              5.3281173,
              52.2548423
            ],
            [
              5.3281435,
              52.2548695
            ],
            [
              5.3282894,
              52.255021
            ],
            [
              5.3284141,
              52.2551452
            ],
            [
              5.3285344,
              52.2552648
            ],
            [
              5.3285831,
              52.2553175
            ],
            [
              5.3286214,
              52.2553656
            ],
            [
              5.3286221,
              52.2553665
            ],
            [
              5.3286597,
              52.2554208
            ],
            [
              5.3286801,
              52.2554556
            ],
            [
              5.3287291,
              52.2555591
            ],
            [
              5.3287666,
              52.2556443
            ],
            [
              5.3288067,
              52.2557478
            ],
            [
              5.3288425,
              52.2558394
            ],
            [
              5.3288507,
              52.2558888
            ],
            [
              5.3288517,
              52.2559235
            ],
            [
              5.3288551,
              52.2559912
            ],
            [
              5.3288532,
              52.2560231
            ],
            [
              5.3288462,
              52.2560925
            ],
            [
              5.3288348,
              52.2561555
            ],
            [
              5.3288174,
              52.2562249
            ],
            [
              5.3287824,
              52.2563709
            ],
            [
              5.3287275,
              52.2565634
            ],
            [
              5.3286764,
              52.2566892
            ],
            [
              5.3286426,
              52.2567593
            ],
            [
              5.3286202,
              52.2568025
            ],
            [
              5.3286181,
              52.2568064
            ],
            [
              5.3285952,
              52.2568495
            ],
            [
              5.3284735,
              52.2570531
            ],
            [
              5.3283683,
              52.2571702
            ],
            [
              5.3281446,
              52.257361
            ],
            [
              5.3277978,
              52.2576461
            ],
            [
              5.3276279,
              52.2577781
            ],
            [
              5.3274641,
              52.2579173
            ],
            [
              5.3272871,
              52.2580631
            ],
            [
              5.3270114,
              52.2582653
            ],
            [
              5.3268398,
              52.2583854
            ],
            [
              5.3266445,
              52.2585158
            ],
            [
              5.3266425,
              52.2585171
            ],
            [
              5.3265388,
              52.258587
            ],
            [
              5.3264219,
              52.2586633
            ],
            [
              5.3263006,
              52.2587387
            ],
            [
              5.3260686,
              52.2588703
            ],
            [
              5.3258441,
              52.2589937
            ],
            [
              5.3255716,
              52.2591462
            ],
            [
              5.3253247,
              52.259276
            ],
            [
              5.325211,
              52.2593367
            ],
            [
              5.3250987,
              52.2593966
            ],
            [
              5.324798,
              52.2595554
            ],
            [
              5.3245151,
              52.259706
            ],
            [
              5.3242786,
              52.2598313
            ],
            [
              5.3240032,
              52.2599819
            ],
            [
              5.323852,
              52.2600691
            ],
            [
              5.3236708,
              52.2601835
            ],
            [
              5.3235119,
              52.2602953
            ],
            [
              5.323272,
              52.2604717
            ],
            [
              5.3231775,
              52.2605435
            ],
            [
              5.3229884,
              52.2607036
            ],
            [
              5.3228036,
              52.2608746
            ],
            [
              5.3227134,
              52.2609638
            ],
            [
              5.3226413,
              52.2610376
            ],
            [
              5.3225374,
              52.2611578
            ],
            [
              5.3224334,
              52.2612907
            ],
            [
              5.3223354,
              52.2614256
            ],
            [
              5.3222673,
              52.2615349
            ],
            [
              5.3222446,
              52.2615741
            ],
            [
              5.3221961,
              52.2616744
            ],
            [
              5.3221354,
              52.2617957
            ],
            [
              5.3220972,
              52.2619006
            ],
            [
              5.3220879,
              52.2619389
            ],
            [
              5.3220566,
              52.2620959
            ],
            [
              5.3220516,
              52.2621377
            ],
            [
              5.3220405,
              52.2622301
            ],
            [
              5.3220322,
              52.262326
            ],
            [
              5.3220328,
              52.2624192
            ],
            [
              5.3220457,
              52.262632
            ],
            [
              5.3220625,
              52.2627481
            ],
            [
              5.3220796,
              52.2628377
            ],
            [
              5.3220995,
              52.2629455
            ],
            [
              5.3221182,
              52.2630086
            ],
            [
              5.3221335,
              52.2630622
            ],
            [
              5.3221651,
              52.2631407
            ],
            [
              5.322236,
              52.2633077
            ],
            [
              5.3222811,
              52.2634026
            ],
            [
              5.3223308,
              52.2635057
            ],
            [
              5.3223669,
              52.2635778
            ],
            [
              5.3224074,
              52.2636398
            ],
            [
              5.3224718,
              52.263721
            ],
            [
              5.3225422,
              52.2638012
            ],
            [
              5.3226215,
              52.2638814
            ],
            [
              5.3226994,
              52.2639571
            ],
            [
              5.3227338,
              52.263989
            ],
            [
              5.3227802,
              52.2640336
            ],
            [
              5.3228415,
              52.2640911
            ],
            [
              5.3228834,
              52.2641293
            ],
            [
              5.3229597,
              52.264194
            ],
            [
              5.3230539,
              52.2642642
            ],
            [
              5.3231106,
              52.2643052
            ],
            [
              5.3232272,
              52.2643753
            ],
            [
              5.3233466,
              52.2644417
            ],
            [
              5.3234885,
              52.2645191
            ],
            [
              5.3235868,
              52.2645724
            ],
            [
              5.323596,
              52.2645774
            ],
            [
              5.323705,
              52.2646319
            ],
            [
              5.3238289,
              52.2646874
            ],
            [
              5.3239394,
              52.2647384
            ],
            [
              5.3240528,
              52.2647884
            ],
            [
              5.3241633,
              52.2648375
            ],
            [
              5.3242618,
              52.2648811
            ],
            [
              5.3243812,
              52.2649321
            ],
            [
              5.3244946,
              52.2649821
            ],
            [
              5.3247006,
              52.2650721
            ],
            [
              5.3249573,
              52.2651867
            ],
            [
              5.3252589,
              52.2653231
            ],
            [
              5.3255619,
              52.265465
            ],
            [
              5.32575,
              52.2655487
            ],
            [
              5.3259008,
              52.2656242
            ],
            [
              5.3260158,
              52.2656861
            ],
            [
              5.3260763,
              52.2657223
            ],
            [
              5.326328,
              52.2658728
            ],
            [
              5.3263996,
              52.2659192
            ],
            [
              5.3264355,
              52.26594
            ],
            [
              5.3265894,
              52.2660466
            ],
            [
              5.3267285,
              52.2661449
            ],
            [
              5.3267749,
              52.2661851
            ],
            [
              5.3268421,
              52.2662444
            ],
            [
              5.3269036,
              52.2663001
            ],
            [
              5.3269454,
              52.2663419
            ],
            [
              5.3269934,
              52.2663875
            ],
            [
              5.3270501,
              52.2664431
            ],
            [
              5.3270967,
              52.2664959
            ],
            [
              5.327158,
              52.2665634
            ],
            [
              5.3272345,
              52.2666575
            ],
            [
              5.327347,
              52.2667941
            ],
            [
              5.3274084,
              52.2668724
            ],
            [
              5.3274548,
              52.2669354
            ],
            [
              5.3275313,
              52.2670514
            ],
            [
              5.32762,
              52.267179
            ],
            [
              5.3277084,
              52.2673113
            ],
            [
              5.3277806,
              52.2674262
            ],
            [
              5.3278295,
              52.2675055
            ],
            [
              5.3278301,
              52.2675066
            ],
            [
              5.3278911,
              52.2676052
            ],
            [
              5.3279756,
              52.2677431
            ],
            [
              5.3280412,
              52.2678454
            ],
            [
              5.3281065,
              52.2679496
            ],
            [
              5.3281435,
              52.2680145
            ],
            [
              5.3281894,
              52.2680778
            ],
            [
              5.3282075,
              52.2681278
            ],
            [
              5.3286044,
              52.2688297
            ],
            [
              5.3288551,
              52.2692732
            ],
            [
              5.3289403,
              52.2694153
            ],
            [
              5.3290166,
              52.2695448
            ],
            [
              5.329129,
              52.2697334
            ],
            [
              5.3293576,
              52.2701334
            ],
            [
              5.3295298,
              52.2704394
            ],
            [
              5.3296913,
              52.2707302
            ],
            [
              5.3297993,
              52.270915
            ],
            [
              5.3298952,
              52.2710847
            ],
            [
              5.3299715,
              52.2712148
            ],
            [
              5.3299944,
              52.2712541
            ],
            [
              5.3300492,
              52.2713488
            ],
            [
              5.3301817,
              52.2715766
            ],
            [
              5.3302806,
              52.2717433
            ],
            [
              5.3304222,
              52.2719865
            ],
            [
              5.3304303,
              52.2720006
            ],
            [
              5.3305599,
              52.2722242
            ],
            [
              5.3303577,
              52.2722738
            ],
            [
              5.3304567,
              52.2724244
            ],
            [
              5.3306399,
              52.2727026
            ],
            [
              5.33079,
              52.2729299
            ],
            [
              5.3310151,
              52.2732701
            ],
            [
              5.3312703,
              52.273655
            ],
            [
              5.3313932,
              52.2738494
            ],
            [
              5.3314713,
              52.2739729
            ],
            [
              5.3315765,
              52.2741394
            ],
            [
              5.3317253,
              52.2743976
            ],
            [
              5.3323218,
              52.2754277
            ],
            [
              5.3326148,
              52.275925
            ],
            [
              5.3328282,
              52.276289
            ],
            [
              5.3329486,
              52.2764956
            ],
            [
              5.3329574,
              52.2765107
            ],
            [
              5.3332632,
              52.2770164
            ],
            [
              5.3334793,
              52.2773886
            ],
            [
              5.333744,
              52.2778387
            ],
            [
              5.334835,
              52.2796919
            ],
            [
              5.3350438,
              52.2800485
            ],
            [
              5.3355992,
              52.2809907
            ],
            [
              5.3356033,
              52.2809976
            ],
            [
              5.3360738,
              52.2817969
            ],
            [
              5.3362738,
              52.2821401
            ],
            [
              5.3374503,
              52.2841412
            ],
            [
              5.3376621,
              52.2845017
            ],
            [
              5.3382422,
              52.2854857
            ],
            [
              5.3382431,
              52.2854872
            ],
            [
              5.3387966,
              52.2864268
            ],
            [
              5.3389935,
              52.2867633
            ],
            [
              5.3395637,
              52.2877317
            ],
            [
              5.3413271,
              52.2866626
            ],
            [
              5.3432379,
              52.2855041
            ],
            [
              5.3506711,
              52.2809963
            ],
            [
              5.361596,
              52.2743685
            ],
            [
              5.3654789,
              52.2720122
            ],
            [
              5.36582,
              52.2718051
            ],
            [
              5.3725545,
              52.2677174
            ],
            [
              5.3802807,
              52.2630262
            ],
            [
              5.3846795,
              52.2603547
            ],
            [
              5.3932362,
              52.2551566
            ],
            [
              5.3951555,
              52.2540384
            ],
            [
              5.3976144,
              52.2526056
            ],
            [
              5.3979073,
              52.2524349
            ],
            [
              5.3982001,
              52.2522643
            ],
            [
              5.4018477,
              52.2501385
            ],
            [
              5.4028968,
              52.2495271
            ],
            [
              5.4046433,
              52.2496305
            ],
            [
              5.4046087,
              52.2495434
            ],
            [
              5.4042503,
              52.248645
            ],
            [
              5.4041121,
              52.2482941
            ],
            [
              5.4039108,
              52.2477869
            ],
            [
              5.4037227,
              52.247308
            ],
            [
              5.4036622,
              52.2471514
            ],
            [
              5.4036581,
              52.2471408
            ],
            [
              5.4034553,
              52.2466272
            ],
            [
              5.4034095,
              52.2465094
            ],
            [
              5.4033936,
              52.2464684
            ],
            [
              5.4032393,
              52.2460716
            ],
            [
              5.4031505,
              52.2458651
            ],
            [
              5.403132,
              52.2458221
            ],
            [
              5.4029761,
              52.2454556
            ],
            [
              5.402804,
              52.245048
            ],
            [
              5.4027638,
              52.2449512
            ],
            [
              5.4025876,
              52.2445147
            ],
            [
              5.4025339,
              52.2443741
            ],
            [
              5.4023965,
              52.244017
            ],
            [
              5.4022681,
              52.2436819
            ],
            [
              5.4021159,
              52.2432892
            ],
            [
              5.4019934,
              52.2429897
            ],
            [
              5.4018451,
              52.2426861
            ],
            [
              5.4018391,
              52.2426737
            ],
            [
              5.4018242,
              52.2426266
            ],
            [
              5.4018091,
              52.2425637
            ],
            [
              5.4017928,
              52.2425176
            ],
            [
              5.4017815,
              52.2424683
            ],
            [
              5.4017798,
              52.2424584
            ],
            [
              5.4017773,
              52.2424445
            ],
            [
              5.4017721,
              52.2424311
            ],
            [
              5.4017683,
              52.24241
            ],
            [
              5.4017505,
              52.2423573
            ],
            [
              5.4017386,
              52.2423317
            ],
            [
              5.401708,
              52.2422637
            ],
            [
              5.4016942,
              52.2422423
            ],
            [
              5.4016706,
              52.2422011
            ],
            [
              5.4016277,
              52.2421069
            ],
            [
              5.4016026,
              52.242053
            ],
            [
              5.4015841,
              52.2420052
            ],
            [
              5.4015628,
              52.2419511
            ],
            [
              5.4015427,
              52.2419043
            ],
            [
              5.4015273,
              52.2418649
            ],
            [
              5.4015097,
              52.2418261
            ],
            [
              5.4014915,
              52.2417849
            ],
            [
              5.4014779,
              52.2417527
            ],
            [
              5.4014617,
              52.2417187
            ],
            [
              5.4014485,
              52.2416764
            ],
            [
              5.4014341,
              52.2416386
            ],
            [
              5.4014287,
              52.2416206
            ],
            [
              5.4014153,
              52.2415857
            ],
            [
              5.4013896,
              52.24151
            ],
            [
              5.4013607,
              52.2414213
            ],
            [
              5.4013526,
              52.2413982
            ],
            [
              5.4013328,
              52.2413432
            ],
            [
              5.4012986,
              52.2412182
            ],
            [
              5.4012801,
              52.2411704
            ],
            [
              5.4012546,
              52.2411068
            ],
            [
              5.4012338,
              52.2410497
            ],
            [
              5.4012184,
              52.2410194
            ],
            [
              5.4011859,
              52.2409407
            ],
            [
              5.4011286,
              52.2408286
            ],
            [
              5.4010805,
              52.2407381
            ],
            [
              5.4010335,
              52.2406532
            ],
            [
              5.4009997,
              52.2405758
            ],
            [
              5.40099,
              52.2405562
            ],
            [
              5.4009589,
              52.2404941
            ],
            [
              5.4009197,
              52.2404145
            ],
            [
              5.4008807,
              52.2403342
            ],
            [
              5.4008511,
              52.2402742
            ],
            [
              5.4008322,
              52.2402244
            ],
            [
              5.4008208,
              52.2402021
            ],
            [
              5.4008078,
              52.2401674
            ],
            [
              5.400796,
              52.2401336
            ],
            [
              5.4007913,
              52.2401178
            ],
            [
              5.4007818,
              52.2400823
            ],
            [
              5.400772,
              52.2400541
            ],
            [
              5.4007686,
              52.2400368
            ],
            [
              5.4007556,
              52.2399955
            ],
            [
              5.4007355,
              52.2399394
            ],
            [
              5.4007166,
              52.2398889
            ],
            [
              5.4006967,
              52.2398399
            ],
            [
              5.4006784,
              52.2397911
            ],
            [
              5.4006504,
              52.2397134
            ],
            [
              5.4006378,
              52.2396814
            ],
            [
              5.4006164,
              52.2396309
            ],
            [
              5.4005915,
              52.2395799
            ],
            [
              5.4005716,
              52.239534
            ],
            [
              5.4005578,
              52.2394932
            ],
            [
              5.4005392,
              52.2394535
            ],
            [
              5.4005318,
              52.2394308
            ],
            [
              5.4005176,
              52.2393965
            ],
            [
              5.400492,
              52.2393347
            ],
            [
              5.4004732,
              52.2392815
            ],
            [
              5.4004518,
              52.2392222
            ],
            [
              5.4004293,
              52.2391573
            ],
            [
              5.400401,
              52.2390843
            ],
            [
              5.4003805,
              52.2390215
            ],
            [
              5.4003506,
              52.2389458
            ],
            [
              5.4003275,
              52.2388768
            ],
            [
              5.4003005,
              52.2388065
            ],
            [
              5.4002646,
              52.2387187
            ],
            [
              5.4002325,
              52.2386401
            ],
            [
              5.4002044,
              52.2385541
            ],
            [
              5.4001713,
              52.2384754
            ],
            [
              5.4001399,
              52.2384001
            ],
            [
              5.4001182,
              52.2383349
            ],
            [
              5.4000943,
              52.238272
            ],
            [
              5.40007,
              52.2382048
            ],
            [
              5.4000451,
              52.2381327
            ],
            [
              5.4000353,
              52.2381102
            ],
            [
              5.4000238,
              52.2380825
            ],
            [
              5.4000069,
              52.2380512
            ],
            [
              5.3999878,
              52.2380085
            ],
            [
              5.3999612,
              52.2379609
            ],
            [
              5.3999341,
              52.2379031
            ],
            [
              5.3999099,
              52.2378465
            ],
            [
              5.3998903,
              52.2377973
            ],
            [
              5.3998705,
              52.2377377
            ],
            [
              5.3998553,
              52.2376887
            ],
            [
              5.3998493,
              52.2376493
            ],
            [
              5.3998351,
              52.2375762
            ],
            [
              5.3998207,
              52.237556
            ],
            [
              5.3998092,
              52.2375334
            ],
            [
              5.3997912,
              52.2374899
            ],
            [
              5.3997656,
              52.2374312
            ],
            [
              5.3997367,
              52.2373636
            ],
            [
              5.3997117,
              52.2373134
            ],
            [
              5.3996771,
              52.2372595
            ],
            [
              5.3996418,
              52.2371921
            ],
            [
              5.3996191,
              52.237154
            ],
            [
              5.3995692,
              52.2370594
            ],
            [
              5.3995246,
              52.2369562
            ],
            [
              5.39947,
              52.2368042
            ],
            [
              5.3993834,
              52.2365883
            ],
            [
              5.399251,
              52.2362649
            ],
            [
              5.3991602,
              52.2360625
            ],
            [
              5.3991222,
              52.235978
            ],
            [
              5.3990031,
              52.2357034
            ],
            [
              5.3989646,
              52.2356132
            ],
            [
              5.3988967,
              52.2354613
            ],
            [
              5.398875,
              52.2354268
            ],
            [
              5.3988004,
              52.2352649
            ],
            [
              5.3987121,
              52.2350726
            ],
            [
              5.398686,
              52.2350116
            ],
            [
              5.3986758,
              52.2349919
            ],
            [
              5.3986717,
              52.2349822
            ],
            [
              5.3986617,
              52.2349407
            ],
            [
              5.3986561,
              52.2349248
            ],
            [
              5.398652,
              52.2349049
            ],
            [
              5.3986484,
              52.2348825
            ],
            [
              5.3986378,
              52.234851
            ],
            [
              5.398624,
              52.2347992
            ],
            [
              5.3985735,
              52.2346538
            ],
            [
              5.3985262,
              52.2345394
            ],
            [
              5.3984924,
              52.2344549
            ],
            [
              5.398454,
              52.2343561
            ],
            [
              5.3983999,
              52.2342188
            ],
            [
              5.398353,
              52.2340911
            ],
            [
              5.3983054,
              52.2339644
            ],
            [
              5.3982482,
              52.2338278
            ],
            [
              5.3981931,
              52.2336946
            ],
            [
              5.3981472,
              52.2335718
            ],
            [
              5.398101,
              52.2334586
            ],
            [
              5.3980371,
              52.2333045
            ],
            [
              5.3979737,
              52.2331479
            ],
            [
              5.397851,
              52.2328456
            ],
            [
              5.3978184,
              52.2327513
            ],
            [
              5.3977379,
              52.2325627
            ],
            [
              5.3976793,
              52.2324193
            ],
            [
              5.3976263,
              52.2322866
            ],
            [
              5.3975456,
              52.2320928
            ],
            [
              5.3974293,
              52.2318122
            ],
            [
              5.3973226,
              52.2315627
            ],
            [
              5.3972267,
              52.2313323
            ],
            [
              5.3971271,
              52.2310877
            ],
            [
              5.3970337,
              52.2308815
            ],
            [
              5.3969981,
              52.2307909
            ],
            [
              5.3969701,
              52.2307258
            ],
            [
              5.3969564,
              52.2306962
            ],
            [
              5.3969504,
              52.2306829
            ],
            [
              5.3969397,
              52.2306582
            ],
            [
              5.3969243,
              52.2306214
            ],
            [
              5.3968914,
              52.2305591
            ],
            [
              5.3968913,
              52.2305589
            ],
            [
              5.3968502,
              52.230493
            ],
            [
              5.3968076,
              52.2304154
            ],
            [
              5.396805,
              52.2304092
            ],
            [
              5.396796,
              52.2303949
            ],
            [
              5.3967887,
              52.2303772
            ],
            [
              5.3967804,
              52.2303543
            ],
            [
              5.3967708,
              52.2303266
            ],
            [
              5.3967515,
              52.2302717
            ],
            [
              5.3967437,
              52.2302385
            ],
            [
              5.3967159,
              52.2301136
            ],
            [
              5.396696,
              52.2300352
            ],
            [
              5.3966869,
              52.2299974
            ],
            [
              5.3966714,
              52.2299774
            ],
            [
              5.3966607,
              52.2299582
            ],
            [
              5.396655,
              52.2299369
            ],
            [
              5.3966372,
              52.2298708
            ],
            [
              5.3966346,
              52.2298458
            ],
            [
              5.3966056,
              52.2298129
            ],
            [
              5.3965989,
              52.2298033
            ],
            [
              5.3965878,
              52.2297791
            ],
            [
              5.3965589,
              52.2297157
            ],
            [
              5.3965232,
              52.2296237
            ],
            [
              5.396495,
              52.2295487
            ],
            [
              5.3964754,
              52.229487
            ],
            [
              5.3964531,
              52.2294206
            ],
            [
              5.3964515,
              52.2294154
            ],
            [
              5.3964457,
              52.2293854
            ],
            [
              5.396439,
              52.2293473
            ],
            [
              5.3964309,
              52.2293218
            ],
            [
              5.3964142,
              52.2292465
            ],
            [
              5.3963976,
              52.2291839
            ],
            [
              5.3963748,
              52.2290913
            ],
            [
              5.3963522,
              52.2289996
            ],
            [
              5.3963222,
              52.2288718
            ],
            [
              5.396286,
              52.2287111
            ],
            [
              5.3962612,
              52.2285794
            ],
            [
              5.3962425,
              52.2284768
            ],
            [
              5.3962321,
              52.2284541
            ],
            [
              5.3962181,
              52.2284205
            ],
            [
              5.3962025,
              52.2283971
            ],
            [
              5.3961789,
              52.2283626
            ],
            [
              5.3961552,
              52.2283288
            ],
            [
              5.3961347,
              52.228294
            ],
            [
              5.3961031,
              52.2282508
            ],
            [
              5.3960852,
              52.2282236
            ],
            [
              5.3960598,
              52.2281932
            ],
            [
              5.396011,
              52.2281133
            ],
            [
              5.3959577,
              52.2280111
            ],
            [
              5.3959176,
              52.2279159
            ],
            [
              5.3958908,
              52.2278437
            ],
            [
              5.3958131,
              52.2276246
            ],
            [
              5.3957868,
              52.2275506
            ],
            [
              5.3957383,
              52.2273832
            ],
            [
              5.3956985,
              52.2272721
            ],
            [
              5.3956342,
              52.2271514
            ],
            [
              5.3955973,
              52.227075
            ],
            [
              5.3955429,
              52.2269623
            ],
            [
              5.3954806,
              52.2268147
            ],
            [
              5.3954128,
              52.226667
            ],
            [
              5.3953966,
              52.2266256
            ],
            [
              5.3953935,
              52.2266108
            ],
            [
              5.395367,
              52.2265254
            ],
            [
              5.3953327,
              52.22636
            ],
            [
              5.3953254,
              52.2263164
            ],
            [
              5.3953138,
              52.226269
            ],
            [
              5.3953021,
              52.2262461
            ],
            [
              5.3951856,
              52.2260323
            ],
            [
              5.3951677,
              52.2260013
            ],
            [
              5.3951374,
              52.2259434
            ],
            [
              5.3951291,
              52.2259273
            ],
            [
              5.3950257,
              52.2257136
            ],
            [
              5.3949674,
              52.2255849
            ],
            [
              5.3949438,
              52.225519
            ],
            [
              5.3949391,
              52.2254831
            ],
            [
              5.3949166,
              52.225337
            ],
            [
              5.3949009,
              52.2252769
            ],
            [
              5.3948961,
              52.225258
            ],
            [
              5.394857,
              52.2251361
            ],
            [
              5.3948527,
              52.2251187
            ],
            [
              5.3948205,
              52.2250043
            ],
            [
              5.3948006,
              52.2249436
            ],
            [
              5.394792,
              52.2249206
            ],
            [
              5.3947654,
              52.2248428
            ],
            [
              5.3947454,
              52.224784
            ],
            [
              5.3947139,
              52.2246682
            ],
            [
              5.3946975,
              52.224596
            ],
            [
              5.3946871,
              52.224545
            ],
            [
              5.3946849,
              52.2245299
            ],
            [
              5.394683,
              52.2245116
            ],
            [
              5.3946573,
              52.2244286
            ],
            [
              5.3946124,
              52.2242839
            ],
            [
              5.3945995,
              52.2242399
            ],
            [
              5.3945755,
              52.2241336
            ],
            [
              5.3945232,
              52.2240178
            ],
            [
              5.3944984,
              52.2239843
            ],
            [
              5.3944824,
              52.2239651
            ],
            [
              5.3944477,
              52.2239122
            ],
            [
              5.3944162,
              52.2238654
            ],
            [
              5.3943853,
              52.2237977
            ],
            [
              5.3943473,
              52.2237003
            ],
            [
              5.3943158,
              52.2236236
            ],
            [
              5.3942893,
              52.2235617
            ],
            [
              5.3942644,
              52.2234982
            ],
            [
              5.394231,
              52.2233875
            ],
            [
              5.3942085,
              52.2233269
            ],
            [
              5.3941758,
              52.2232382
            ],
            [
              5.3941442,
              52.2231624
            ],
            [
              5.3941162,
              52.2230828
            ],
            [
              5.3940878,
              52.2230052
            ],
            [
              5.3940733,
              52.2229563
            ],
            [
              5.394047,
              52.222882
            ],
            [
              5.3940196,
              52.2228038
            ],
            [
              5.393993,
              52.2227329
            ],
            [
              5.3939651,
              52.2226618
            ],
            [
              5.3939426,
              52.2226059
            ],
            [
              5.393908,
              52.22253
            ],
            [
              5.3938708,
              52.2224507
            ],
            [
              5.3938328,
              52.2223586
            ],
            [
              5.3937955,
              52.2222688
            ],
            [
              5.3937715,
              52.2222015
            ],
            [
              5.3937262,
              52.2220854
            ],
            [
              5.3936808,
              52.2219714
            ],
            [
              5.3936476,
              52.2218928
            ],
            [
              5.3936273,
              52.2218388
            ],
            [
              5.3936081,
              52.2217825
            ],
            [
              5.39358,
              52.2216916
            ],
            [
              5.3935595,
              52.221615
            ],
            [
              5.3935483,
              52.2215824
            ],
            [
              5.3935319,
              52.2215416
            ],
            [
              5.3935163,
              52.2214919
            ],
            [
              5.3934841,
              52.2214213
            ],
            [
              5.3934384,
              52.2213154
            ],
            [
              5.3934012,
              52.2212223
            ],
            [
              5.3933337,
              52.2210708
            ],
            [
              5.393303,
              52.2209923
            ],
            [
              5.3932747,
              52.2209057
            ],
            [
              5.3932572,
              52.2208465
            ],
            [
              5.3932374,
              52.2207857
            ],
            [
              5.3932286,
              52.2207532
            ],
            [
              5.3932195,
              52.2207231
            ],
            [
              5.3932146,
              52.2207034
            ],
            [
              5.393211,
              52.2206885
            ],
            [
              5.3932097,
              52.2206737
            ],
            [
              5.3932097,
              52.220659
            ],
            [
              5.3932113,
              52.2206455
            ],
            [
              5.3932191,
              52.2206269
            ],
            [
              5.3933095,
              52.2204979
            ],
            [
              5.3933486,
              52.2204425
            ],
            [
              5.393378,
              52.2203975
            ],
            [
              5.3934008,
              52.2203593
            ],
            [
              5.3934302,
              52.2203057
            ],
            [
              5.3934631,
              52.22026
            ],
            [
              5.3934984,
              52.2202129
            ],
            [
              5.393525,
              52.2201757
            ],
            [
              5.3935581,
              52.2201397
            ],
            [
              5.3935778,
              52.2201217
            ],
            [
              5.3936421,
              52.2200801
            ],
            [
              5.3939334,
              52.219932
            ],
            [
              5.3941861,
              52.2198089
            ],
            [
              5.3943889,
              52.2197094
            ],
            [
              5.3946255,
              52.2195931
            ],
            [
              5.3950516,
              52.2193866
            ],
            [
              5.395261,
              52.2192824
            ],
            [
              5.3955224,
              52.2191538
            ],
            [
              5.395503,
              52.2190597
            ],
            [
              5.3954937,
              52.219014
            ],
            [
              5.3954473,
              52.2187869
            ],
            [
              5.3953833,
              52.2184737
            ],
            [
              5.3953832,
              52.2184733
            ],
            [
              5.3953042,
              52.2180872
            ],
            [
              5.3950641,
              52.2169133
            ],
            [
              5.3950639,
              52.2169124
            ],
            [
              5.3949831,
              52.2165174
            ],
            [
              5.3949827,
              52.2165156
            ],
            [
              5.3949231,
              52.2162244
            ],
            [
              5.3948644,
              52.2159371
            ],
            [
              5.3947646,
              52.2154493
            ],
            [
              5.3946645,
              52.2149601
            ],
            [
              5.3946534,
              52.2149057
            ],
            [
              5.3945824,
              52.2145587
            ],
            [
              5.3945011,
              52.2141612
            ],
            [
              5.3944201,
              52.2137654
            ],
            [
              5.394385,
              52.2135933
            ],
            [
              5.3942522,
              52.2129442
            ],
            [
              5.3941975,
              52.2126767
            ],
            [
              5.3940573,
              52.2119911
            ],
            [
              5.3940571,
              52.2119903
            ],
            [
              5.3939111,
              52.2112766
            ],
            [
              5.3938288,
              52.210874
            ],
            [
              5.3937458,
              52.2104685
            ],
            [
              5.3936609,
              52.2100529
            ],
            [
              5.3935795,
              52.2096551
            ],
            [
              5.3934951,
              52.2092423
            ],
            [
              5.3934659,
              52.2090994
            ],
            [
              5.3933287,
              52.2084288
            ],
            [
              5.3930797,
              52.2072111
            ],
            [
              5.3929932,
              52.2067879
            ],
            [
              5.3929103,
              52.2063822
            ],
            [
              5.392824,
              52.2059605
            ],
            [
              5.3927355,
              52.2055277
            ],
            [
              5.3920501,
              52.2056046
            ],
            [
              5.3895583,
              52.2058869
            ],
            [
              5.3893314,
              52.2059126
            ],
            [
              5.388849,
              52.2059586
            ],
            [
              5.3887676,
              52.2059676
            ],
            [
              5.3881442,
              52.2060171
            ],
            [
              5.3881409,
              52.2060173
            ],
            [
              5.3881061,
              52.2060201
            ],
            [
              5.3879667,
              52.2060306
            ],
            [
              5.3879692,
              52.2060406
            ],
            [
              5.3879879,
              52.2061152
            ],
            [
              5.3880092,
              52.2062073
            ],
            [
              5.3880206,
              52.2062567
            ],
            [
              5.3879847,
              52.2062487
            ],
            [
              5.3875679,
              52.2061563
            ],
            [
              5.387486,
              52.2061669
            ],
            [
              5.3872038,
              52.2062044
            ],
            [
              5.3871977,
              52.2062052
            ],
            [
              5.3868602,
              52.2062495
            ],
            [
              5.3868158,
              52.2062551
            ],
            [
              5.3867407,
              52.2062646
            ],
            [
              5.3862195,
              52.2063298
            ],
            [
              5.3857422,
              52.2063898
            ],
            [
              5.3853973,
              52.2064332
            ],
            [
              5.3853785,
              52.2065703
            ],
            [
              5.3852793,
              52.2066846
            ],
            [
              5.3850595,
              52.2067535
            ],
            [
              5.3848454,
              52.2067729
            ],
            [
              5.3846476,
              52.2067924
            ],
            [
              5.3842402,
              52.2068313
            ],
            [
              5.3840544,
              52.2068562
            ],
            [
              5.3839547,
              52.2068654
            ],
            [
              5.3834447,
              52.2069099
            ],
            [
              5.3831934,
              52.2069331
            ],
            [
              5.3829481,
              52.2069572
            ],
            [
              5.3824663,
              52.2070025
            ],
            [
              5.381082,
              52.2071313
            ],
            [
              5.3807368,
              52.2071162
            ],
            [
              5.3804988,
              52.2071101
            ],
            [
              5.380112,
              52.2070996
            ],
            [
              5.3792384,
              52.2070755
            ],
            [
              5.3789992,
              52.207069
            ],
            [
              5.3786422,
              52.2070603
            ],
            [
              5.378428,
              52.207055
            ],
            [
              5.3781171,
              52.2070581
            ],
            [
              5.378074,
              52.2070646
            ],
            [
              5.3778659,
              52.2070932
            ],
            [
              5.3778064,
              52.2071006
            ],
            [
              5.3776429,
              52.20713
            ],
            [
              5.3775478,
              52.2071466
            ],
            [
              5.3773114,
              52.207188
            ],
            [
              5.3765875,
              52.207314
            ],
            [
              5.3765578,
              52.2073193
            ],
            [
              5.3764879,
              52.2073315
            ],
            [
              5.3764166,
              52.2073426
            ],
            [
              5.3763645,
              52.2073499
            ],
            [
              5.3762364,
              52.2073689
            ],
            [
              5.376119,
              52.2073864
            ],
            [
              5.376099,
              52.2073893
            ],
            [
              5.3757743,
              52.2074375
            ],
            [
              5.3748571,
              52.2075729
            ],
            [
              5.3744824,
              52.2076309
            ],
            [
              5.3740483,
              52.2076972
            ],
            [
              5.3737123,
              52.2077433
            ],
            [
              5.3736306,
              52.2077544
            ],
            [
              5.3733787,
              52.2077886
            ],
            [
              5.3733392,
              52.207794
            ],
            [
              5.3731191,
              52.2078253
            ],
            [
              5.3731808,
              52.2080199
            ],
            [
              5.3730873,
              52.2080314
            ],
            [
              5.3729117,
              52.208053
            ],
            [
              5.3727541,
              52.2080725
            ],
            [
              5.3726092,
              52.2080901
            ],
            [
              5.3725738,
              52.2080944
            ],
            [
              5.3722964,
              52.2081281
            ],
            [
              5.3722279,
              52.2081359
            ],
            [
              5.3718461,
              52.20818
            ],
            [
              5.3718106,
              52.2081841
            ],
            [
              5.3717659,
              52.2081894
            ],
            [
              5.3717393,
              52.2081924
            ],
            [
              5.3711061,
              52.2082637
            ],
            [
              5.3705215,
              52.2083295
            ],
            [
              5.3695081,
              52.2084414
            ],
            [
              5.3691042,
              52.2084851
            ],
            [
              5.3690941,
              52.2084656
            ],
            [
              5.3690578,
              52.2083953
            ],
            [
              5.3683208,
              52.2085352
            ],
            [
              5.3676104,
              52.2086888
            ],
            [
              5.3672402,
              52.2087793
            ],
            [
              5.3666594,
              52.208919
            ],
            [
              5.3659123,
              52.2090977
            ],
            [
              5.3657959,
              52.2091256
            ],
            [
              5.3654247,
              52.2092154
            ],
            [
              5.3652663,
              52.2092537
            ],
            [
              5.3652514,
              52.2092572
            ],
            [
              5.3651726,
              52.2092763
            ],
            [
              5.3649918,
              52.2093499
            ],
            [
              5.364876,
              52.2093646
            ],
            [
              5.3648002,
              52.2093742
            ],
            [
              5.3647959,
              52.2093934
            ],
            [
              5.3646109,
              52.209394
            ],
            [
              5.3645238,
              52.2093949
            ],
            [
              5.364494,
              52.2093946
            ],
            [
              5.364494,
              52.2093952
            ],
            [
              5.3644339,
              52.209844
            ],
            [
              5.3643715,
              52.2098505
            ],
            [
              5.3642952,
              52.2098577
            ],
            [
              5.3642372,
              52.2098632
            ],
            [
              5.3635126,
              52.2099316
            ],
            [
              5.3631611,
              52.2099662
            ],
            [
              5.3625138,
              52.2100298
            ],
            [
              5.3623555,
              52.2100453
            ],
            [
              5.3622198,
              52.2100586
            ],
            [
              5.3619086,
              52.210089
            ],
            [
              5.3617775,
              52.2101019
            ],
            [
              5.3614378,
              52.2101351
            ],
            [
              5.3608452,
              52.2101931
            ],
            [
              5.3598241,
              52.2102924
            ],
            [
              5.3598202,
              52.2102928
            ],
            [
              5.3591951,
              52.2103536
            ],
            [
              5.3591185,
              52.210361
            ],
            [
              5.3590736,
              52.2103447
            ],
            [
              5.3590126,
              52.210323
            ],
            [
              5.3589639,
              52.2103055
            ],
            [
              5.358927,
              52.2102919
            ],
            [
              5.3587451,
              52.2102247
            ],
            [
              5.3585997,
              52.2101723
            ],
            [
              5.3585342,
              52.2101487
            ],
            [
              5.3583627,
              52.2100859
            ],
            [
              5.3582494,
              52.2100441
            ],
            [
              5.3582236,
              52.2100346
            ],
            [
              5.3582405,
              52.2099976
            ],
            [
              5.3582735,
              52.2099199
            ],
            [
              5.358315,
              52.2098282
            ],
            [
              5.3583497,
              52.2097478
            ],
            [
              5.358364,
              52.2097151
            ],
            [
              5.358245,
              52.2097344
            ],
            [
              5.3581346,
              52.2097515
            ],
            [
              5.3579428,
              52.2097822
            ],
            [
              5.3579413,
              52.2097825
            ],
            [
              5.3575962,
              52.2098353
            ],
            [
              5.3575116,
              52.2098503
            ],
            [
              5.3575101,
              52.2098505
            ],
            [
              5.3565821,
              52.2100141
            ],
            [
              5.3558282,
              52.2101474
            ],
            [
              5.3550859,
              52.2102787
            ],
            [
              5.3549588,
              52.2103012
            ],
            [
              5.3543891,
              52.2104019
            ],
            [
              5.3540247,
              52.2104664
            ],
            [
              5.3533398,
              52.2105875
            ],
            [
              5.3533373,
              52.2105879
            ],
            [
              5.3525758,
              52.2107226
            ],
            [
              5.351174,
              52.2109799
            ],
            [
              5.35061,
              52.2110834
            ],
            [
              5.350415,
              52.2111192
            ],
            [
              5.3500283,
              52.2111913
            ],
            [
              5.3497151,
              52.2112494
            ],
            [
              5.3484474,
              52.2114848
            ],
            [
              5.3475459,
              52.2116502
            ],
            [
              5.3473097,
              52.2116936
            ],
            [
              5.3469528,
              52.2117592
            ],
            [
              5.345891,
              52.2119553
            ],
            [
              5.3450916,
              52.212103
            ],
            [
              5.3450905,
              52.2121032
            ],
            [
              5.3443774,
              52.2122349
            ],
            [
              5.3439037,
              52.2123224
            ],
            [
              5.3433106,
              52.2124319
            ],
            [
              5.3433097,
              52.2124321
            ],
            [
              5.3429617,
              52.2124925
            ],
            [
              5.342935,
              52.2124971
            ],
            [
              5.3426009,
              52.2125583
            ],
            [
              5.3422667,
              52.2126204
            ],
            [
              5.3419892,
              52.21267
            ],
            [
              5.3412162,
              52.2128094
            ],
            [
              5.3410052,
              52.2128482
            ],
            [
              5.3405324,
              52.2129336
            ],
            [
              5.3404079,
              52.2129562
            ],
            [
              5.340212,
              52.2129911
            ],
            [
              5.3400021,
              52.2130298
            ],
            [
              5.3397287,
              52.2130787
            ],
            [
              5.33935,
              52.2131469
            ],
            [
              5.3390801,
              52.2131963
            ],
            [
              5.3390385,
              52.2132037
            ],
            [
              5.3387797,
              52.21325
            ],
            [
              5.3385202,
              52.2132967
            ],
            [
              5.3384767,
              52.2133051
            ],
            [
              5.3383722,
              52.2133246
            ],
            [
              5.3382015,
              52.2133558
            ],
            [
              5.3381084,
              52.2133719
            ],
            [
              5.3378594,
              52.2134175
            ],
            [
              5.3376199,
              52.2134616
            ],
            [
              5.3374745,
              52.2134879
            ],
            [
              5.3373134,
              52.2135169
            ],
            [
              5.3372568,
              52.2135276
            ],
            [
              5.3372168,
              52.2135352
            ],
            [
              5.337087,
              52.2135583
            ],
            [
              5.3369652,
              52.213582
            ],
            [
              5.3369602,
              52.2135829
            ],
            [
              5.3367523,
              52.2136209
            ],
            [
              5.3366555,
              52.2136386
            ],
            [
              5.3365184,
              52.2136636
            ],
            [
              5.3359574,
              52.2137662
            ],
            [
              5.3353534,
              52.2138762
            ],
            [
              5.3345131,
              52.2140291
            ],
            [
              5.3341955,
              52.2140866
            ],
            [
              5.3339901,
              52.2141239
            ],
            [
              5.3336814,
              52.2141798
            ],
            [
              5.3328786,
              52.2143234
            ],
            [
              5.3321061,
              52.2144616
            ],
            [
              5.3321054,
              52.2144618
            ],
            [
              5.3315174,
              52.2145633
            ],
            [
              5.3315132,
              52.214564
            ],
            [
              5.3306068,
              52.2147204
            ],
            [
              5.3305414,
              52.2147317
            ],
            [
              5.3305421,
              52.2147325
            ],
            [
              5.3306073,
              52.2148185
            ],
            [
              5.3307129,
              52.214959
            ],
            [
              5.3308253,
              52.2151092
            ],
            [
              5.3310706,
              52.2154311
            ],
            [
              5.3311613,
              52.2155513
            ],
            [
              5.3313017,
              52.2157365
            ],
            [
              5.3314025,
              52.2158704
            ],
            [
              5.331685,
              52.2162271
            ],
            [
              5.3318078,
              52.2163867
            ],
            [
              5.3318735,
              52.2164811
            ],
            [
              5.3319977,
              52.2166534
            ],
            [
              5.3320509,
              52.2167316
            ],
            [
              5.3321594,
              52.2168909
            ],
            [
              5.3323816,
              52.2172172
            ],
            [
              5.3325378,
              52.2174454
            ],
            [
              5.3327098,
              52.2177157
            ],
            [
              5.3328396,
              52.2179128
            ],
            [
              5.3329526,
              52.2180767
            ],
            [
              5.3330003,
              52.2181428
            ],
            [
              5.3330992,
              52.2182901
            ],
            [
              5.3333906,
              52.2187119
            ],
            [
              5.3336039,
              52.2190322
            ],
            [
              5.333605,
              52.2190338
            ],
            [
              5.3336087,
              52.2190394
            ],
            [
              5.3336808,
              52.219147
            ],
            [
              5.3336885,
              52.2191584
            ],
            [
              5.3336887,
              52.2191587
            ],
            [
              5.3341038,
              52.2197755
            ],
            [
              5.334204,
              52.2199246
            ],
            [
              5.3342542,
              52.2200014
            ],
            [
              5.3343044,
              52.2200847
            ],
            [
              5.3343236,
              52.2201231
            ],
            [
              5.3343456,
              52.2201826
            ],
            [
              5.3343587,
              52.2202456
            ],
            [
              5.3343774,
              52.220358
            ],
            [
              5.3343933,
              52.2204614
            ],
            [
              5.3344279,
              52.2206936
            ],
            [
              5.3344728,
              52.2209532
            ],
            [
              5.3345227,
              52.221264
            ],
            [
              5.3345887,
              52.2216754
            ],
            [
              5.3346106,
              52.2218115
            ],
            [
              5.3346316,
              52.2219424
            ],
            [
              5.3346598,
              52.2221216
            ],
            [
              5.3347489,
              52.2226371
            ],
            [
              5.3347973,
              52.2229303
            ],
            [
              5.3348577,
              52.2232933
            ],
            [
              5.3348881,
              52.2234815
            ],
            [
              5.3348891,
              52.2234868
            ],
            [
              5.3348921,
              52.2235035
            ],
            [
              5.3349089,
              52.2235975
            ],
            [
              5.33491,
              52.2236031
            ],
            [
              5.3349161,
              52.2236434
            ],
            [
              5.3349351,
              52.2237677
            ],
            [
              5.3349924,
              52.2241587
            ],
            [
              5.3350083,
              52.224272
            ],
            [
              5.3350155,
              52.2243414
            ],
            [
              5.3350208,
              52.2244913
            ],
            [
              5.3350318,
              52.224706
            ],
            [
              5.3350372,
              52.2248321
            ],
            [
              5.3350467,
              52.225044
            ],
            [
              5.3350627,
              52.2251482
            ],
            [
              5.3351177,
              52.2255147
            ],
            [
              5.3351408,
              52.2256792
            ],
            [
              5.3351755,
              52.2259058
            ],
            [
              5.3352202,
              52.2262302
            ],
            [
              5.3352203,
              52.2262311
            ],
            [
              5.3353429,
              52.2264561
            ],
            [
              5.3353457,
              52.2264981
            ],
            [
              5.3353461,
              52.2265035
            ],
            [
              5.3353569,
              52.2266443
            ],
            [
              5.3353924,
              52.2270701
            ],
            [
              5.3354102,
              52.2272332
            ],
            [
              5.3354704,
              52.227585
            ],
            [
              5.3355247,
              52.2278792
            ],
            [
              5.3355706,
              52.2279679
            ],
            [
              5.335682,
              52.2280639
            ],
            [
              5.3357292,
              52.2282302
            ],
            [
              5.3357942,
              52.228466
            ],
            [
              5.335803,
              52.2285016
            ],
            [
              5.3358089,
              52.2285418
            ],
            [
              5.3357984,
              52.2285555
            ],
            [
              5.335785,
              52.2285692
            ],
            [
              5.3356898,
              52.2285755
            ],
            [
              5.3356647,
              52.228485
            ],
            [
              5.3356335,
              52.2284649
            ],
            [
              5.3356275,
              52.2284612
            ],
            [
              5.3356052,
              52.2284539
            ],
            [
              5.3355591,
              52.2284511
            ],
            [
              5.3355413,
              52.228452
            ],
            [
              5.3354564,
              52.2284638
            ],
            [
              5.3350159,
              52.228519
            ],
            [
              5.3345456,
              52.2285797
            ],
            [
              5.3343313,
              52.2286069
            ],
            [
              5.3340515,
              52.2286413
            ],
            [
              5.333972,
              52.2286515
            ],
            [
              5.3338287,
              52.2286698
            ],
            [
              5.3335411,
              52.2287065
            ],
            [
              5.3332107,
              52.22875
            ],
            [
              5.3328699,
              52.2287907
            ],
            [
              5.3327061,
              52.2288125
            ],
            [
              5.3326863,
              52.2288153
            ],
            [
              5.3326808,
              52.2288161
            ],
            [
              5.3326822,
              52.2288645
            ],
            [
              5.3326837,
              52.2288782
            ],
            [
              5.3326851,
              52.2288928
            ],
            [
              5.3326954,
              52.2289449
            ],
            [
              5.3326819,
              52.2289787
            ],
            [
              5.332679,
              52.228986
            ],
            [
              5.332673,
              52.228996
            ],
            [
              5.332667,
              52.228997
            ],
            [
              5.332609,
              52.2290051
            ],
            [
              5.332519,
              52.2290182
            ],
            [
              5.332519,
              52.2290184
            ],
            [
              5.332353,
              52.2290414
            ],
            [
              5.3320717,
              52.229084
            ],
            [
              5.3312635,
              52.2291991
            ],
            [
              5.3306399,
              52.2292891
            ],
            [
              5.3300699,
              52.2293713
            ],
            [
              5.3290489,
              52.2295191
            ],
            [
              5.3286284,
              52.2295811
            ],
            [
              5.3281162,
              52.229654
            ],
            [
              5.3278273,
              52.2296963
            ],
            [
              5.3276531,
              52.2297251
            ],
            [
              5.3274327,
              52.2297603
            ],
            [
              5.3270531,
              52.2298124
            ],
            [
              5.3266391,
              52.2298791
            ],
            [
              5.3259809,
              52.2299836
            ],
            [
              5.3253272,
              52.2300854
            ],
            [
              5.3250339,
              52.2301314
            ],
            [
              5.3244642,
              52.2302144
            ],
            [
              5.3242745,
              52.2302421
            ],
            [
              5.3235419,
              52.2303501
            ],
            [
              5.3234243,
              52.230369
            ],
            [
              5.3228838,
              52.2304427
            ],
            [
              5.322696,
              52.2304681
            ],
            [
              5.3226583,
              52.2304731
            ],
            [
              5.3226441,
              52.2304751
            ],
            [
              5.3226307,
              52.2304778
            ],
            [
              5.3225086,
              52.2304948
            ],
            [
              5.3224948,
              52.2304955
            ],
            [
              5.3224339,
              52.2304984
            ],
            [
              5.3224205,
              52.2304984
            ],
            [
              5.3224101,
              52.2304975
            ],
            [
              5.3223997,
              52.2304957
            ],
            [
              5.3223878,
              52.2304938
            ],
            [
              5.3223744,
              52.2304902
            ],
            [
              5.3223654,
              52.2304865
            ],
            [
              5.322358,
              52.2304829
            ],
            [
              5.3223387,
              52.2304737
            ],
            [
              5.3223345,
              52.2304719
            ],
            [
              5.3223238,
              52.2304673
            ],
            [
              5.3223179,
              52.2304636
            ],
            [
              5.3223089,
              52.2304618
            ],
            [
              5.3223,
              52.23046
            ],
            [
              5.3222911,
              52.2304591
            ],
            [
              5.3222792,
              52.2304591
            ],
            [
              5.3222643,
              52.2304609
            ],
            [
              5.3222479,
              52.2304646
            ],
            [
              5.3221646,
              52.2304828
            ],
            [
              5.3219818,
              52.2305238
            ],
            [
              5.3218047,
              52.2305612
            ],
            [
              5.321251,
              52.230678
            ],
            [
              5.3204698,
              52.2308505
            ],
            [
              5.3197831,
              52.2309957
            ],
            [
              5.3189683,
              52.2311693
            ],
            [
              5.3188883,
              52.2311088
            ],
            [
              5.3172048,
              52.2315069
            ],
            [
              5.3168975,
              52.2315813
            ],
            [
              5.316337,
              52.2317176
            ],
            [
              5.3157883,
              52.2318495
            ],
            [
              5.3156231,
              52.2319283
            ],
            [
              5.3154487,
              52.2319889
            ],
            [
              5.3150834,
              52.232102
            ],
            [
              5.3150243,
              52.2321217
            ],
            [
              5.3147049,
              52.232228
            ],
            [
              5.3142816,
              52.2323479
            ],
            [
              5.3142518,
              52.232355
            ],
            [
              5.3140571,
              52.2324013
            ],
            [
              5.314052,
              52.2324025
            ],
            [
              5.3139052,
              52.232436
            ],
            [
              5.3138842,
              52.232441
            ],
            [
              5.3138827,
              52.2324414
            ],
            [
              5.3138516,
              52.2324489
            ],
            [
              5.3138213,
              52.2324562
            ],
            [
              5.3134703,
              52.2325428
            ],
            [
              5.3130908,
              52.2326365
            ],
            [
              5.3130604,
              52.2326434
            ],
            [
              5.3129569,
              52.232667
            ],
            [
              5.3126256,
              52.2327447
            ],
            [
              5.3124109,
              52.2327967
            ],
            [
              5.312278,
              52.2328288
            ]
          ]
        ]
      },
      "properties": {
        "type": "boundary",
        "gemeente": "Bunschoten"
      }
    }
  ]
}