{
  "type": "FeatureCollection",
  "metadata": {
    "gemeente": "Het Hogeland",
    "slug": "het-hogeland",
    "generated_at": "2026-05-19T19:57:13.965409Z",
    "total_points": 89,
    "providers": [
      "Amazon",
      "DHL",
      "DPD",
      "PostNL",
      "VintedGo",
      "GLS",
      "ViaTim",
      "InPost"
    ],
    "bounds": [
      6.21113471031887,
      53.2739303,
      6.72551548214917,
      53.41474525
    ]
  },
  "features": [
    {
      "type": "Feature",
      "geometry": {
        "type": "Point",
        "coordinates": [
          6.514741407,
          53.33160728
        ]
      },
      "properties": {
        "type": "pakketpunt",
        "locatieNaam": "Bruna",
        "straatNaam": "Regnerus Praediniusstraat 5",
        "straatNr": "",
        "vervoerder": "Amazon",
        "puntType": "3p",
        "bezettingsgraad": 50,
        "latitude": 53.33160728,
        "longitude": 6.514741407,
        "canPickup": true,
        "canDropoff": false,
        "openingstijden": null
      }
    },
    {
      "type": "Feature",
      "geometry": {
        "type": "Point",
        "coordinates": [
          6.508759522,
          53.33478137
        ]
      },
      "properties": {
        "type": "pakketpunt",
        "locatieNaam": "Rispens Hengelsport",
        "straatNaam": "Het Aanleg 3",
        "straatNr": "",
        "vervoerder": "Amazon",
        "puntType": "3p",
        "bezettingsgraad": 50,
        "latitude": 53.33478137,
        "longitude": 6.508759522,
        "canPickup": true,
        "canDropoff": false,
        "openingstijden": null
      }
    },
    {
      "type": "Feature",
      "geometry": {
        "type": "Point",
        "coordinates": [
          6.514334544,
          53.36367288
        ]
      },
      "properties": {
        "type": "pakketpunt",
        "locatieNaam": "Plus Baflo",
        "straatNaam": "Heerestraat 16",
        "straatNr": "",
        "vervoerder": "Amazon",
        "puntType": "3p",
        "bezettingsgraad": 50,
        "latitude": 53.36367288,
        "longitude": 6.514334544,
        "canPickup": true,
        "canDropoff": false,
        "openingstijden": null
      }
    },
    {
      "type": "Feature",
      "geometry": {
        "type": "Point",
        "coordinates": [
          6.533332,
          53.294748
        ]
      },
      "properties": {
        "type": "pakketpunt",
        "locatieNaam": "De dorpswinkel of kooplokaal",
        "straatNaam": "Oude Winsumerstraatweg 12",
        "straatNr": "",
        "vervoerder": "Amazon",
        "puntType": "3p",
        "bezettingsgraad": 50,
        "latitude": 53.294748,
        "longitude": 6.533332,
        "canPickup": true,
        "canDropoff": false,
        "openingstijden": null
      }
    },
    {
      "type": "Feature",
      "geometry": {
        "type": "Point",
        "coordinates": [
          6.458252656,
          53.36352937
        ]
      },
      "properties": {
        "type": "pakketpunt",
        "locatieNaam": "Spar Eenrum",
        "straatNaam": "Raadhuisstraat 10",
        "straatNr": "",
        "vervoerder": "Amazon",
        "puntType": "3p",
        "bezettingsgraad": 50,
        "latitude": 53.36352937,
        "longitude": 6.458252656,
        "canPickup": true,
        "canDropoff": false,
        "openingstijden": null
      }
    },
    {
      "type": "Feature",
      "geometry": {
        "type": "Point",
        "coordinates": [
          6.559224179,
          53.39355327
        ]
      },
      "properties": {
        "type": "pakketpunt",
        "locatieNaam": "Spar Dekkers",
        "straatNaam": "Noorderstraat 20",
        "straatNr": "",
        "vervoerder": "Amazon",
        "puntType": "3p",
        "bezettingsgraad": 50,
        "latitude": 53.39355327,
        "longitude": 6.559224179,
        "canPickup": true,
        "canDropoff": false,
        "openingstijden": null
      }
    },
    {
      "type": "Feature",
      "geometry": {
        "type": "Point",
        "coordinates": [
          6.596195034,
          53.30012804
        ]
      },
      "properties": {
        "type": "pakketpunt",
        "locatieNaam": "de Gele Klap",
        "straatNaam": "Herestreek 1",
        "straatNr": "",
        "vervoerder": "Amazon",
        "puntType": "3p",
        "bezettingsgraad": 50,
        "latitude": 53.30012804,
        "longitude": 6.596195034,
        "canPickup": true,
        "canDropoff": false,
        "openingstijden": null
      }
    },
    {
      "type": "Feature",
      "geometry": {
        "type": "Point",
        "coordinates": [
          6.59581201585532,
          53.2971664459051
        ]
      },
      "properties": {
        "type": "pakketpunt",
        "locatieNaam": "Bol Verfcentrum",
        "straatNaam": "Industrieweg 18",
        "straatNr": "",
        "vervoerder": "Amazon",
        "puntType": "3p",
        "bezettingsgraad": 50,
        "latitude": 53.2971664459051,
        "longitude": 6.59581201585532,
        "canPickup": true,
        "canDropoff": false,
        "openingstijden": null
      }
    },
    {
      "type": "Feature",
      "geometry": {
        "type": "Point",
        "coordinates": [
          6.21113471031887,
          53.4039695896215
        ]
      },
      "properties": {
        "type": "pakketpunt",
        "locatieNaam": "Siblu Familieparken Lauwersoog",
        "straatNaam": "Strandweg 1",
        "straatNr": "",
        "vervoerder": "Amazon",
        "puntType": "3p",
        "bezettingsgraad": 50,
        "latitude": 53.4039695896215,
        "longitude": 6.21113471031887,
        "canPickup": true,
        "canDropoff": false,
        "openingstijden": null
      }
    },
    {
      "type": "Feature",
      "geometry": {
        "type": "Point",
        "coordinates": [
          6.216633887,
          53.40220662
        ]
      },
      "properties": {
        "type": "pakketpunt",
        "locatieNaam": "RECRA Lauwersoog+",
        "straatNaam": "Strandweg 1",
        "straatNr": "",
        "vervoerder": "Amazon",
        "puntType": "3p",
        "bezettingsgraad": 50,
        "latitude": 53.40220662,
        "longitude": 6.216633887,
        "canPickup": true,
        "canDropoff": false,
        "openingstijden": null
      }
    },
    {
      "type": "Feature",
      "geometry": {
        "type": "Point",
        "coordinates": [
          6.374384,
          53.360385
        ]
      },
      "properties": {
        "type": "pakketpunt",
        "locatieNaam": "Schoenmode Zuidema",
        "straatNaam": "Hoofdstraat",
        "straatNr": "18-A",
        "vervoerder": "DHL",
        "puntType": "parcelShop",
        "bezettingsgraad": 50,
        "latitude": 53.360385,
        "longitude": 6.374384,
        "canPickup": true,
        "canDropoff": true,
        "openingstijden": {
          "ma": "gesloten",
          "di": "08:30 - 18:00",
          "wo": "08:30 - 18:00",
          "do": "08:30 - 18:00",
          "vr": "08:30 - 18:00",
          "za": "09:00 - 16:00",
          "zo": "gesloten"
        }
      }
    },
    {
      "type": "Feature",
      "geometry": {
        "type": "Point",
        "coordinates": [
          6.422184,
          53.357706
        ]
      },
      "properties": {
        "type": "pakketpunt",
        "locatieNaam": "Shell Wehe den Hoorn",
        "straatNaam": "W.H. Timersmastraat",
        "straatNr": "1",
        "vervoerder": "DHL",
        "puntType": "parcelShop",
        "bezettingsgraad": 50,
        "latitude": 53.357706,
        "longitude": 6.422184,
        "canPickup": true,
        "canDropoff": true,
        "openingstijden": {
          "ma": "07:00 - 21:00",
          "di": "07:00 - 21:00",
          "wo": "07:00 - 21:00",
          "do": "07:00 - 21:00",
          "vr": "07:00 - 21:00",
          "za": "08:00 - 21:00",
          "zo": "09:00 - 21:00"
        }
      }
    },
    {
      "type": "Feature",
      "geometry": {
        "type": "Point",
        "coordinates": [
          6.5076757293123935,
          53.336046820375685
        ]
      },
      "properties": {
        "type": "pakketpunt",
        "locatieNaam": "Pakketautomaat Praxis Winsum",
        "straatNaam": "Het Aanleg",
        "straatNr": "10-PS/67",
        "vervoerder": "DHL",
        "puntType": "packStation",
        "bezettingsgraad": 50,
        "latitude": 53.336046820375685,
        "longitude": 6.5076757293123935,
        "canPickup": true,
        "canDropoff": true,
        "openingstijden": {
          "ma": "00:00 - 23:59",
          "di": "00:00 - 23:59",
          "wo": "00:00 - 23:59",
          "do": "00:00 - 23:59",
          "vr": "00:00 - 23:59",
          "za": "00:00 - 23:59",
          "zo": "00:00 - 23:59"
        }
      }
    },
    {
      "type": "Feature",
      "geometry": {
        "type": "Point",
        "coordinates": [
          6.5104022,
          53.3639096
        ]
      },
      "properties": {
        "type": "pakketpunt",
        "locatieNaam": "Bike Service Baflo",
        "straatNaam": "Eenrumerweg",
        "straatNr": "2",
        "vervoerder": "DHL",
        "puntType": "parcelShop",
        "bezettingsgraad": 50,
        "latitude": 53.3639096,
        "longitude": 6.5104022,
        "canPickup": true,
        "canDropoff": true,
        "openingstijden": {
          "ma": "08:30 - 18:00",
          "di": "08:30 - 18:00",
          "wo": "08:30 - 18:00",
          "do": "08:30 - 18:00",
          "vr": "08:30 - 20:00",
          "za": "09:00 - 16:00",
          "zo": "gesloten"
        }
      }
    },
    {
      "type": "Feature",
      "geometry": {
        "type": "Point",
        "coordinates": [
          6.5153342,
          53.3337067
        ]
      },
      "properties": {
        "type": "pakketpunt",
        "locatieNaam": "Blokker Winsum",
        "straatNaam": "Hoofdstraat Obergun",
        "straatNr": "28",
        "vervoerder": "DHL",
        "puntType": "parcelShop",
        "bezettingsgraad": 50,
        "latitude": 53.3337067,
        "longitude": 6.5153342,
        "canPickup": true,
        "canDropoff": true,
        "openingstijden": {
          "ma": "09:00 - 18:00",
          "di": "09:00 - 18:00",
          "wo": "09:00 - 18:00",
          "do": "09:00 - 18:00",
          "vr": "09:00 - 18:00",
          "za": "09:00 - 17:00",
          "zo": "gesloten"
        }
      }
    },
    {
      "type": "Feature",
      "geometry": {
        "type": "Point",
        "coordinates": [
          6.5165633,
          53.3347825
        ]
      },
      "properties": {
        "type": "pakketpunt",
        "locatieNaam": "Pakketautomaat terStal Winsum",
        "straatNaam": "Obergon",
        "straatNr": "5-PS/73",
        "vervoerder": "DHL",
        "puntType": "packStation",
        "bezettingsgraad": 50,
        "latitude": 53.3347825,
        "longitude": 6.5165633,
        "canPickup": true,
        "canDropoff": true,
        "openingstijden": {
          "ma": "09:00 - 18:00",
          "di": "09:00 - 18:00",
          "wo": "09:00 - 18:00",
          "do": "09:00 - 18:00",
          "vr": "09:00 - 21:00",
          "za": "09:00 - 17:00",
          "zo": "gesloten"
        }
      }
    },
    {
      "type": "Feature",
      "geometry": {
        "type": "Point",
        "coordinates": [
          6.515809,
          53.331003
        ]
      },
      "properties": {
        "type": "pakketpunt",
        "locatieNaam": "Discus Profauna",
        "straatNaam": "Hoofdstraat W",
        "straatNr": "37",
        "vervoerder": "DHL",
        "puntType": "parcelShop",
        "bezettingsgraad": 50,
        "latitude": 53.331003,
        "longitude": 6.515809,
        "canPickup": true,
        "canDropoff": true,
        "openingstijden": {
          "ma": "08:30 - 18:00",
          "di": "08:30 - 18:00",
          "wo": "08:30 - 18:00",
          "do": "08:30 - 18:00",
          "vr": "08:30 - 18:00",
          "za": "08:30 - 17:00",
          "zo": "gesloten"
        }
      }
    },
    {
      "type": "Feature",
      "geometry": {
        "type": "Point",
        "coordinates": [
          6.5954693,
          53.2999812
        ]
      },
      "properties": {
        "type": "pakketpunt",
        "locatieNaam": "Pakketautomaat terStal Bedum",
        "straatNaam": "Noordwolderweg",
        "straatNr": "7-PS/73",
        "vervoerder": "DHL",
        "puntType": "packStation",
        "bezettingsgraad": 50,
        "latitude": 53.2999812,
        "longitude": 6.5954693,
        "canPickup": true,
        "canDropoff": true,
        "openingstijden": {
          "ma": "13:00 - 17:30",
          "di": "09:30 - 17:30",
          "wo": "09:30 - 17:30",
          "do": "09:30 - 17:30",
          "vr": "09:30 - 17:30",
          "za": "10:00 - 17:00",
          "zo": "gesloten"
        }
      }
    },
    {
      "type": "Feature",
      "geometry": {
        "type": "Point",
        "coordinates": [
          6.602862,
          53.301044
        ]
      },
      "properties": {
        "type": "pakketpunt",
        "locatieNaam": "One Way Jeans en Fashion",
        "straatNaam": "Grotestraat",
        "straatNr": "15",
        "vervoerder": "DHL",
        "puntType": "parcelShop",
        "bezettingsgraad": 50,
        "latitude": 53.301044,
        "longitude": 6.602862,
        "canPickup": true,
        "canDropoff": true,
        "openingstijden": {
          "ma": "13:00 - 18:00",
          "di": "09:30 - 18:00",
          "wo": "09:30 - 18:00",
          "do": "09:30 - 18:00",
          "vr": "09:30 - 20:00",
          "za": "09:30 - 17:00",
          "zo": "gesloten"
        }
      }
    },
    {
      "type": "Feature",
      "geometry": {
        "type": "Point",
        "coordinates": [
          6.5582298,
          53.3952456
        ]
      },
      "properties": {
        "type": "pakketpunt",
        "locatieNaam": "Fokkens Dier Tuin Ruitersport",
        "straatNaam": "juffer Marthastraat",
        "straatNr": "9-A",
        "vervoerder": "DHL",
        "puntType": "parcelShop",
        "bezettingsgraad": 50,
        "latitude": 53.3952456,
        "longitude": 6.5582298,
        "canPickup": true,
        "canDropoff": true,
        "openingstijden": {
          "ma": "08:30 - 18:00",
          "di": "08:30 - 18:00",
          "wo": "08:30 - 18:00",
          "do": "08:30 - 18:00",
          "vr": "08:30 - 18:00",
          "za": "08:30 - 17:00",
          "zo": "gesloten"
        }
      }
    },
    {
      "type": "Feature",
      "geometry": {
        "type": "Point",
        "coordinates": [
          6.5946736,
          53.2931368
        ]
      },
      "properties": {
        "type": "pakketpunt",
        "locatieNaam": "Toms Fietsen",
        "straatNaam": "Verbindingsweg",
        "straatNr": "21-C",
        "vervoerder": "DHL",
        "puntType": "parcelShop",
        "bezettingsgraad": 50,
        "latitude": 53.2931368,
        "longitude": 6.5946736,
        "canPickup": true,
        "canDropoff": true,
        "openingstijden": {
          "ma": "08:30 - 18:00",
          "di": "08:30 - 18:00",
          "wo": "08:30 - 18:00",
          "do": "08:30 - 18:00",
          "vr": "08:30 - 18:00",
          "za": "gesloten",
          "zo": "gesloten"
        }
      }
    },
    {
      "type": "Feature",
      "geometry": {
        "type": "Point",
        "coordinates": [
          6.6000459,
          53.2893715
        ]
      },
      "properties": {
        "type": "pakketpunt",
        "locatieNaam": "Hush",
        "straatNaam": "Groningerweg",
        "straatNr": "2",
        "vervoerder": "DHL",
        "puntType": "parcelShop",
        "bezettingsgraad": 50,
        "latitude": 53.2893715,
        "longitude": 6.6000459,
        "canPickup": true,
        "canDropoff": true,
        "openingstijden": {
          "ma": "07:00 - 21:00",
          "di": "07:00 - 21:00",
          "wo": "07:00 - 21:00",
          "do": "07:00 - 21:00",
          "vr": "07:00 - 21:00",
          "za": "08:00 - 19:00",
          "zo": "10:00 - 19:00"
        }
      }
    },
    {
      "type": "Feature",
      "geometry": {
        "type": "Point",
        "coordinates": [
          6.6164765,
          53.4033451
        ]
      },
      "properties": {
        "type": "pakketpunt",
        "locatieNaam": "DHL Buurtpunt ViaTim & Marieke",
        "straatNaam": "John F Kennedy laan",
        "straatNr": "6",
        "vervoerder": "DHL",
        "puntType": "parcelShop",
        "bezettingsgraad": 50,
        "latitude": 53.4033451,
        "longitude": 6.6164765,
        "canPickup": true,
        "canDropoff": true,
        "openingstijden": {
          "ma": "15:00 - 20:00",
          "di": "15:00 - 20:00",
          "wo": "15:00 - 20:00",
          "do": "15:00 - 20:00",
          "vr": "15:00 - 20:00",
          "za": "gesloten",
          "zo": "gesloten"
        }
      }
    },
    {
      "type": "Feature",
      "geometry": {
        "type": "Point",
        "coordinates": [
          6.5359132,
          53.2739341
        ]
      },
      "properties": {
        "type": "pakketpunt",
        "locatieNaam": "DHL Buurtpunt ViaTim & Adorp",
        "straatNaam": "Provinciale Weg",
        "straatNr": "28",
        "vervoerder": "DHL",
        "puntType": "parcelShop",
        "bezettingsgraad": 50,
        "latitude": 53.2739341,
        "longitude": 6.5359132,
        "canPickup": true,
        "canDropoff": true,
        "openingstijden": {
          "ma": "15:30 - 21:00",
          "di": "15:30 - 21:00",
          "wo": "15:30 - 21:00",
          "do": "15:30 - 21:00",
          "vr": "15:30 - 21:00",
          "za": "gesloten",
          "zo": "gesloten"
        }
      }
    },
    {
      "type": "Feature",
      "geometry": {
        "type": "Point",
        "coordinates": [
          6.6608714,
          53.4061184
        ]
      },
      "properties": {
        "type": "pakketpunt",
        "locatieNaam": "DHL Buurtpunt ViaTim & Connie",
        "straatNaam": "Ripperdadrift",
        "straatNr": "170",
        "vervoerder": "DHL",
        "puntType": "parcelShop",
        "bezettingsgraad": 50,
        "latitude": 53.4061184,
        "longitude": 6.6608714,
        "canPickup": true,
        "canDropoff": true,
        "openingstijden": {
          "ma": "15:30 - 20:00",
          "di": "15:30 - 20:00",
          "wo": "15:30 - 20:00",
          "do": "15:30 - 20:00",
          "vr": "15:30 - 20:00",
          "za": "gesloten",
          "zo": "gesloten"
        }
      }
    },
    {
      "type": "Feature",
      "geometry": {
        "type": "Point",
        "coordinates": [
          6.6778,
          53.40475
        ]
      },
      "properties": {
        "type": "pakketpunt",
        "locatieNaam": "Pakketautomaat Lidl Uithuizen",
        "straatNaam": "Molenerf",
        "straatNr": "13-PS/101",
        "vervoerder": "DHL",
        "puntType": "packStation",
        "bezettingsgraad": 50,
        "latitude": 53.40475,
        "longitude": 6.6778,
        "canPickup": true,
        "canDropoff": true,
        "openingstijden": {
          "ma": "08:00 - 21:00",
          "di": "08:00 - 21:00",
          "wo": "08:00 - 21:00",
          "do": "08:00 - 21:00",
          "vr": "08:00 - 21:00",
          "za": "08:00 - 21:00",
          "zo": "10:00 - 18:00"
        }
      }
    },
    {
      "type": "Feature",
      "geometry": {
        "type": "Point",
        "coordinates": [
          6.6732235,
          53.4077362
        ]
      },
      "properties": {
        "type": "pakketpunt",
        "locatieNaam": "Discus Profauna Uithuizen",
        "straatNaam": "Hoofdstraat-Oost",
        "straatNr": "1",
        "vervoerder": "DHL",
        "puntType": "parcelShop",
        "bezettingsgraad": 50,
        "latitude": 53.4077362,
        "longitude": 6.6732235,
        "canPickup": true,
        "canDropoff": true,
        "openingstijden": {
          "ma": "09:00 - 18:00",
          "di": "09:00 - 18:00",
          "wo": "09:00 - 18:00",
          "do": "09:00 - 18:00",
          "vr": "09:00 - 18:00",
          "za": "09:00 - 17:00",
          "zo": "gesloten"
        }
      }
    },
    {
      "type": "Feature",
      "geometry": {
        "type": "Point",
        "coordinates": [
          6.6745869,
          53.4081651
        ]
      },
      "properties": {
        "type": "pakketpunt",
        "locatieNaam": "De Overdekte Markt",
        "straatNaam": "Schoolstraat",
        "straatNr": "10",
        "vervoerder": "DHL",
        "puntType": "parcelShop",
        "bezettingsgraad": 50,
        "latitude": 53.4081651,
        "longitude": 6.6745869,
        "canPickup": true,
        "canDropoff": true,
        "openingstijden": {
          "ma": "gesloten",
          "di": "gesloten",
          "wo": "gesloten",
          "do": "09:00 - 17:30",
          "vr": "09:00 - 17:30",
          "za": "09:00 - 17:00",
          "zo": "gesloten"
        }
      }
    },
    {
      "type": "Feature",
      "geometry": {
        "type": "Point",
        "coordinates": [
          6.72241,
          53.413027
        ]
      },
      "properties": {
        "type": "pakketpunt",
        "locatieNaam": "Meij Style",
        "straatNaam": "Hoofdstraat",
        "straatNr": "85",
        "vervoerder": "DHL",
        "puntType": "parcelShop",
        "bezettingsgraad": 50,
        "latitude": 53.413027,
        "longitude": 6.72241,
        "canPickup": true,
        "canDropoff": true,
        "openingstijden": {
          "ma": "gesloten",
          "di": "08:30 - 17:30",
          "wo": "08:30 - 17:30",
          "do": "08:30 - 17:30",
          "vr": "08:30 - 20:00",
          "za": "08:30 - 17:00",
          "zo": "gesloten"
        }
      }
    },
    {
      "type": "Feature",
      "geometry": {
        "type": "Point",
        "coordinates": [
          6.6942636,
          53.4118706
        ]
      },
      "properties": {
        "type": "pakketpunt",
        "locatieNaam": "Pakketautomaat Uithuizen",
        "straatNaam": "Dingeweg",
        "straatNr": "4-DB/83",
        "vervoerder": "DHL",
        "puntType": "packStation",
        "bezettingsgraad": 50,
        "latitude": 53.4118706,
        "longitude": 6.6942636,
        "canPickup": true,
        "canDropoff": true,
        "openingstijden": {
          "ma": "00:00 - 23:59",
          "di": "00:00 - 23:59",
          "wo": "00:00 - 23:59",
          "do": "00:00 - 23:59",
          "vr": "00:00 - 23:59",
          "za": "00:00 - 23:59",
          "zo": "00:00 - 23:59"
        }
      }
    },
    {
      "type": "Feature",
      "geometry": {
        "type": "Point",
        "coordinates": [
          6.5093498,
          53.3353672
        ]
      },
      "properties": {
        "type": "pakketpunt",
        "locatieNaam": "Sporthuis Winsum",
        "straatNaam": "HET AANLEG",
        "straatNr": "6",
        "vervoerder": "DPD",
        "puntType": "pickup_point",
        "bezettingsgraad": 50,
        "latitude": 53.3353672,
        "longitude": 6.5093498,
        "canPickup": true,
        "canDropoff": true,
        "openingstijden": {
          "ma": "12:30 - 20:00",
          "di": "10:00 - 20:00",
          "wo": "10:00 - 20:00",
          "do": "10:00 - 20:00",
          "vr": "10:00 - 20:00",
          "za": "09:00 - 17:00",
          "zo": "gesloten"
        }
      }
    },
    {
      "type": "Feature",
      "geometry": {
        "type": "Point",
        "coordinates": [
          6.38026,
          53.36048
        ]
      },
      "properties": {
        "type": "pakketpunt",
        "locatieNaam": "Ekster Mode & Wonen",
        "straatNaam": "VALGE",
        "straatNr": "29-31",
        "vervoerder": "DPD",
        "puntType": "pickup_point",
        "bezettingsgraad": 50,
        "latitude": 53.36048,
        "longitude": 6.38026,
        "canPickup": true,
        "canDropoff": true,
        "openingstijden": {
          "ma": "gesloten",
          "di": "09:00 - 17:30",
          "wo": "09:00 - 17:30",
          "do": "09:00 - 17:30",
          "vr": "09:00 - 17:30",
          "za": "09:00 - 17:00",
          "zo": "gesloten"
        }
      }
    },
    {
      "type": "Feature",
      "geometry": {
        "type": "Point",
        "coordinates": [
          6.536209583,
          53.27400208
        ]
      },
      "properties": {
        "type": "pakketpunt",
        "locatieNaam": "ViaTim & Adorp",
        "straatNaam": "PROVINCIALEWEG",
        "straatNr": "28",
        "vervoerder": "DPD",
        "puntType": "pickup_point",
        "bezettingsgraad": 50,
        "latitude": 53.27400208,
        "longitude": 6.536209583,
        "canPickup": true,
        "canDropoff": true,
        "openingstijden": {
          "ma": "16:00 - 21:00",
          "di": "16:00 - 21:00",
          "wo": "16:00 - 21:00",
          "do": "16:00 - 21:00",
          "vr": "16:00 - 21:00",
          "za": "gesloten",
          "zo": "gesloten"
        }
      }
    },
    {
      "type": "Feature",
      "geometry": {
        "type": "Point",
        "coordinates": [
          6.5946736,
          53.2931368
        ]
      },
      "properties": {
        "type": "pakketpunt",
        "locatieNaam": "Toms Fietsen",
        "straatNaam": "VERBINDINGSWEG",
        "straatNr": "21 C",
        "vervoerder": "DPD",
        "puntType": "pickup_point",
        "bezettingsgraad": 50,
        "latitude": 53.2931368,
        "longitude": 6.5946736,
        "canPickup": true,
        "canDropoff": true,
        "openingstijden": {
          "ma": "08:30 - 18:00",
          "di": "08:30 - 18:00",
          "wo": "08:30 - 18:00",
          "do": "08:30 - 18:00",
          "vr": "08:30 - 18:00",
          "za": "gesloten",
          "zo": "gesloten"
        }
      }
    },
    {
      "type": "Feature",
      "geometry": {
        "type": "Point",
        "coordinates": [
          6.6167907715,
          53.403087616
        ]
      },
      "properties": {
        "type": "pakketpunt",
        "locatieNaam": "ViaTim & Marieke",
        "straatNaam": "JOHN F KENNEDY LAAN",
        "straatNr": "6",
        "vervoerder": "DPD",
        "puntType": "pickup_point",
        "bezettingsgraad": 50,
        "latitude": 53.403087616,
        "longitude": 6.6167907715,
        "canPickup": true,
        "canDropoff": true,
        "openingstijden": {
          "ma": "15:00 - 20:00",
          "di": "15:00 - 20:00",
          "wo": "15:00 - 20:00",
          "do": "15:00 - 20:00",
          "vr": "15:00 - 20:00",
          "za": "gesloten",
          "zo": "gesloten"
        }
      }
    },
    {
      "type": "Feature",
      "geometry": {
        "type": "Point",
        "coordinates": [
          6.69407663,
          53.4122605
        ]
      },
      "properties": {
        "type": "pakketpunt",
        "locatieNaam": "Pakketautomaat - De Buren - Zwembad",
        "straatNaam": "DINGEWEG",
        "straatNr": "4",
        "vervoerder": "DPD",
        "puntType": "dpd_box",
        "bezettingsgraad": 50,
        "latitude": 53.4122605,
        "longitude": 6.69407663,
        "canPickup": true,
        "canDropoff": true,
        "openingstijden": {
          "ma": "00:00 - 23:59",
          "di": "00:00 - 23:59",
          "wo": "00:00 - 23:59",
          "do": "00:00 - 23:59",
          "vr": "00:00 - 23:59",
          "za": "00:00 - 23:59",
          "zo": "00:00 - 23:59"
        }
      }
    },
    {
      "type": "Feature",
      "geometry": {
        "type": "Point",
        "coordinates": [
          6.6608714,
          53.4061184
        ]
      },
      "properties": {
        "type": "pakketpunt",
        "locatieNaam": "ViaTim & Connie",
        "straatNaam": "RIPPERDADRIFT",
        "straatNr": "170",
        "vervoerder": "DPD",
        "puntType": "pickup_point",
        "bezettingsgraad": 50,
        "latitude": 53.4061184,
        "longitude": 6.6608714,
        "canPickup": true,
        "canDropoff": true,
        "openingstijden": {
          "ma": "15:30 - 20:00",
          "di": "15:30 - 20:00",
          "wo": "15:30 - 20:00",
          "do": "15:30 - 20:00",
          "vr": "15:30 - 20:00",
          "za": "gesloten",
          "zo": "gesloten"
        }
      }
    },
    {
      "type": "Feature",
      "geometry": {
        "type": "Point",
        "coordinates": [
          6.6026521,
          53.3009268
        ]
      },
      "properties": {
        "type": "pakketpunt",
        "locatieNaam": "DPD Pakketautomaat - Plus Jeroen Ju",
        "straatNaam": "GROTESTRAAT",
        "straatNr": "13",
        "vervoerder": "DPD",
        "puntType": "dpd_box",
        "bezettingsgraad": 50,
        "latitude": 53.3009268,
        "longitude": 6.6026521,
        "canPickup": true,
        "canDropoff": true,
        "openingstijden": {
          "ma": "08:00 - 20:00",
          "di": "08:00 - 20:00",
          "wo": "08:00 - 20:00",
          "do": "08:00 - 20:00",
          "vr": "08:00 - 20:00",
          "za": "08:00 - 20:00",
          "zo": "11:00 - 17:00"
        }
      }
    },
    {
      "type": "Feature",
      "geometry": {
        "type": "Point",
        "coordinates": [
          6.5593297,
          53.3934719
        ]
      },
      "properties": {
        "type": "pakketpunt",
        "locatieNaam": "DPD Pakketautomaat - SPAR Dekkers",
        "straatNaam": "NOORDERSTRAAT",
        "straatNr": "20",
        "vervoerder": "DPD",
        "puntType": "dpd_box",
        "bezettingsgraad": 50,
        "latitude": 53.3934719,
        "longitude": 6.5593297,
        "canPickup": true,
        "canDropoff": true,
        "openingstijden": {
          "ma": "00:00 - 23:59",
          "di": "00:00 - 23:59",
          "wo": "00:00 - 23:59",
          "do": "00:00 - 23:59",
          "vr": "00:00 - 23:59",
          "za": "00:00 - 23:59",
          "zo": "00:00 - 23:59"
        }
      }
    },
    {
      "type": "Feature",
      "geometry": {
        "type": "Point",
        "coordinates": [
          6.6732235,
          53.4077362
        ]
      },
      "properties": {
        "type": "pakketpunt",
        "locatieNaam": "Discus Uithuizen",
        "straatNaam": "HOOFDSTRAAT-OOST",
        "straatNr": "1",
        "vervoerder": "DPD",
        "puntType": "pickup_point",
        "bezettingsgraad": 50,
        "latitude": 53.4077362,
        "longitude": 6.6732235,
        "canPickup": true,
        "canDropoff": true,
        "openingstijden": {
          "ma": "09:00 - 18:00",
          "di": "09:00 - 18:00",
          "wo": "09:00 - 18:00",
          "do": "09:00 - 18:00",
          "vr": "09:00 - 18:00",
          "za": "09:00 - 17:00",
          "zo": "gesloten"
        }
      }
    },
    {
      "type": "Feature",
      "geometry": {
        "type": "Point",
        "coordinates": [
          6.5151946,
          53.3300957
        ]
      },
      "properties": {
        "type": "pakketpunt",
        "locatieNaam": "DPD Pakketautomaat - SPAR Gijzen",
        "straatNaam": "HOOFDSTRAAT",
        "straatNr": "W 44",
        "vervoerder": "DPD",
        "puntType": "dpd_box",
        "bezettingsgraad": 50,
        "latitude": 53.3300957,
        "longitude": 6.5151946,
        "canPickup": true,
        "canDropoff": true,
        "openingstijden": {
          "ma": "00:01 - 23:59",
          "di": "00:01 - 23:59",
          "wo": "00:01 - 23:59",
          "do": "00:01 - 23:59",
          "vr": "00:01 - 23:59",
          "za": "00:01 - 23:59",
          "zo": "00:01 - 23:59"
        }
      }
    },
    {
      "type": "Feature",
      "geometry": {
        "type": "Point",
        "coordinates": [
          6.72241,
          53.41303
        ]
      },
      "properties": {
        "type": "pakketpunt",
        "locatieNaam": "Bloembinderij Meij Style",
        "straatNaam": "HOOFDSTRAAT",
        "straatNr": "85",
        "vervoerder": "DPD",
        "puntType": "pickup_point",
        "bezettingsgraad": 50,
        "latitude": 53.41303,
        "longitude": 6.72241,
        "canPickup": true,
        "canDropoff": true,
        "openingstijden": {
          "ma": "gesloten",
          "di": "08:30 - 17:30",
          "wo": "08:30 - 17:30",
          "do": "08:30 - 17:30",
          "vr": "08:30 - 20:00",
          "za": "08:30 - 17:00",
          "zo": "gesloten"
        }
      }
    },
    {
      "type": "Feature",
      "geometry": {
        "type": "Point",
        "coordinates": [
          6.559224179,
          53.39355327
        ]
      },
      "properties": {
        "type": "pakketpunt",
        "locatieNaam": "Spar Dekkers",
        "straatNaam": "Noorderstraat",
        "straatNr": "20",
        "vervoerder": "PostNL",
        "puntType": "servicepunt",
        "bezettingsgraad": 50,
        "latitude": 53.39355327,
        "longitude": 6.559224179,
        "canPickup": true,
        "canDropoff": true,
        "openingstijden": "08:00 - 20:00 (Na 18:00 open; Zaterdag open; Zondag open)"
      }
    },
    {
      "type": "Feature",
      "geometry": {
        "type": "Point",
        "coordinates": [
          6.55920890516467,
          53.3935444281864
        ]
      },
      "properties": {
        "type": "pakketpunt",
        "locatieNaam": "Pakketautomaat",
        "straatNaam": "Noorderstraat",
        "straatNr": "20PBA",
        "vervoerder": "PostNL",
        "puntType": "automaat",
        "bezettingsgraad": 50,
        "latitude": 53.3935444281864,
        "longitude": 6.55920890516467,
        "canPickup": true,
        "canDropoff": true,
        "openingstijden": "00:00 - 23:59"
      }
    },
    {
      "type": "Feature",
      "geometry": {
        "type": "Point",
        "coordinates": [
          6.514334544,
          53.36367288
        ]
      },
      "properties": {
        "type": "pakketpunt",
        "locatieNaam": "Plus Baflo",
        "straatNaam": "Heerestraat",
        "straatNr": "16",
        "vervoerder": "PostNL",
        "puntType": "servicepunt",
        "bezettingsgraad": 50,
        "latitude": 53.36367288,
        "longitude": 6.514334544,
        "canPickup": true,
        "canDropoff": true,
        "openingstijden": "08:00 - 20:00 (Na 18:00 open; Zaterdag open; Zondag open)"
      }
    },
    {
      "type": "Feature",
      "geometry": {
        "type": "Point",
        "coordinates": [
          6.51431929021231,
          53.3636640361535
        ]
      },
      "properties": {
        "type": "pakketpunt",
        "locatieNaam": "Pakketautomaat",
        "straatNaam": "Heerestraat",
        "straatNr": "16PBA",
        "vervoerder": "PostNL",
        "puntType": "automaat",
        "bezettingsgraad": 50,
        "latitude": 53.3636640361535,
        "longitude": 6.51431929021231,
        "canPickup": true,
        "canDropoff": true,
        "openingstijden": "08:00 - 20:00"
      }
    },
    {
      "type": "Feature",
      "geometry": {
        "type": "Point",
        "coordinates": [
          6.458252656,
          53.36352937
        ]
      },
      "properties": {
        "type": "pakketpunt",
        "locatieNaam": "Spar Eenrum",
        "straatNaam": "Raadhuisstraat",
        "straatNr": "10",
        "vervoerder": "PostNL",
        "puntType": "servicepunt",
        "bezettingsgraad": 50,
        "latitude": 53.36352937,
        "longitude": 6.458252656,
        "canPickup": true,
        "canDropoff": true,
        "openingstijden": "08:00 - 20:00 (Na 18:00 open; Zaterdag open; Zondag open)"
      }
    },
    {
      "type": "Feature",
      "geometry": {
        "type": "Point",
        "coordinates": [
          6.45823741390111,
          53.3635205178227
        ]
      },
      "properties": {
        "type": "pakketpunt",
        "locatieNaam": "Pakket- en briefautomaat",
        "straatNaam": "Raadhuisstraat",
        "straatNr": "10PBA",
        "vervoerder": "PostNL",
        "puntType": "automaat",
        "bezettingsgraad": 50,
        "latitude": 53.3635205178227,
        "longitude": 6.45823741390111,
        "canPickup": true,
        "canDropoff": true,
        "openingstijden": "00:00 - 23:59"
      }
    },
    {
      "type": "Feature",
      "geometry": {
        "type": "Point",
        "coordinates": [
          6.51565153967017,
          53.3348336934639
        ]
      },
      "properties": {
        "type": "pakketpunt",
        "locatieNaam": "Pakketautomaat",
        "straatNaam": "Obergon",
        "straatNr": "2PBA",
        "vervoerder": "PostNL",
        "puntType": "automaat",
        "bezettingsgraad": 50,
        "latitude": 53.3348336934639,
        "longitude": 6.51565153967017,
        "canPickup": true,
        "canDropoff": true,
        "openingstijden": "08:00 - 21:00"
      }
    },
    {
      "type": "Feature",
      "geometry": {
        "type": "Point",
        "coordinates": [
          6.508759522,
          53.33478137
        ]
      },
      "properties": {
        "type": "pakketpunt",
        "locatieNaam": "Rispens Hengelsport",
        "straatNaam": "Het Aanleg",
        "straatNr": "3",
        "vervoerder": "PostNL",
        "puntType": "servicepunt",
        "bezettingsgraad": 50,
        "latitude": 53.33478137,
        "longitude": 6.508759522,
        "canPickup": true,
        "canDropoff": true,
        "openingstijden": "09:00 - 17:00"
      }
    },
    {
      "type": "Feature",
      "geometry": {
        "type": "Point",
        "coordinates": [
          6.67410672702563,
          53.4076108325187
        ]
      },
      "properties": {
        "type": "pakketpunt",
        "locatieNaam": "Pakketautomaat",
        "straatNaam": "Hoofdstraat-Oost",
        "straatNr": "9PBA",
        "vervoerder": "PostNL",
        "puntType": "automaat",
        "bezettingsgraad": 50,
        "latitude": 53.4076108325187,
        "longitude": 6.67410672702563,
        "canPickup": true,
        "canDropoff": true,
        "openingstijden": "08:00 - 21:00"
      }
    },
    {
      "type": "Feature",
      "geometry": {
        "type": "Point",
        "coordinates": [
          6.676978233,
          53.40658265
        ]
      },
      "properties": {
        "type": "pakketpunt",
        "locatieNaam": "Primera Uithuizen",
        "straatNaam": "Oosterstraat",
        "straatNr": "3",
        "vervoerder": "PostNL",
        "puntType": "servicepunt",
        "bezettingsgraad": 50,
        "latitude": 53.40658265,
        "longitude": 6.676978233,
        "canPickup": true,
        "canDropoff": true,
        "openingstijden": "09:00 - 18:00 (Na 18:00 open; Zaterdag open)"
      }
    },
    {
      "type": "Feature",
      "geometry": {
        "type": "Point",
        "coordinates": [
          6.514741407,
          53.33160728
        ]
      },
      "properties": {
        "type": "pakketpunt",
        "locatieNaam": "Bruna",
        "straatNaam": "Regnerus Praediniusstraat",
        "straatNr": "5",
        "vervoerder": "PostNL",
        "puntType": "servicepunt",
        "bezettingsgraad": 50,
        "latitude": 53.33160728,
        "longitude": 6.514741407,
        "canPickup": true,
        "canDropoff": true,
        "openingstijden": "09:00 - 17:30 (Zaterdag open)"
      }
    },
    {
      "type": "Feature",
      "geometry": {
        "type": "Point",
        "coordinates": [
          6.515197136,
          53.33009336
        ]
      },
      "properties": {
        "type": "pakketpunt",
        "locatieNaam": "Spar Gijzen",
        "straatNaam": "Hoofdstraat W",
        "straatNr": "44",
        "vervoerder": "PostNL",
        "puntType": "servicepunt",
        "bezettingsgraad": 50,
        "latitude": 53.33009336,
        "longitude": 6.515197136,
        "canPickup": true,
        "canDropoff": true,
        "openingstijden": "08:00 - 20:00"
      }
    },
    {
      "type": "Feature",
      "geometry": {
        "type": "Point",
        "coordinates": [
          6.51519713641324,
          53.3300933637731
        ]
      },
      "properties": {
        "type": "pakketpunt",
        "locatieNaam": "Pakket- en briefautomaat",
        "straatNaam": "Hoofdstraat W",
        "straatNr": "44PBA",
        "vervoerder": "PostNL",
        "puntType": "automaat",
        "bezettingsgraad": 50,
        "latitude": 53.3300933637731,
        "longitude": 6.51519713641324,
        "canPickup": true,
        "canDropoff": true,
        "openingstijden": "00:00 - 23:59"
      }
    },
    {
      "type": "Feature",
      "geometry": {
        "type": "Point",
        "coordinates": [
          6.396369417,
          53.38757103
        ]
      },
      "properties": {
        "type": "pakketpunt",
        "locatieNaam": "Kapsalon de Kolk",
        "straatNaam": "Hoofdstraat",
        "straatNr": "44C",
        "vervoerder": "PostNL",
        "puntType": "servicepunt",
        "bezettingsgraad": 50,
        "latitude": 53.38757103,
        "longitude": 6.396369417,
        "canPickup": true,
        "canDropoff": true,
        "openingstijden": "08:00 - 12:00, 13:00 - 18:00"
      }
    },
    {
      "type": "Feature",
      "geometry": {
        "type": "Point",
        "coordinates": [
          6.37561674307476,
          53.3613163408426
        ]
      },
      "properties": {
        "type": "pakketpunt",
        "locatieNaam": "Jumbo",
        "straatNaam": "De Nije Nering",
        "straatNr": "2",
        "vervoerder": "PostNL",
        "puntType": "servicepunt",
        "bezettingsgraad": 50,
        "latitude": 53.3613163408426,
        "longitude": 6.37561674307476,
        "canPickup": true,
        "canDropoff": true,
        "openingstijden": "08:00 - 20:00 (Na 18:00 open; Zaterdag open; Zondag open)"
      }
    },
    {
      "type": "Feature",
      "geometry": {
        "type": "Point",
        "coordinates": [
          6.725248199,
          53.41474525
        ]
      },
      "properties": {
        "type": "pakketpunt",
        "locatieNaam": "PLUS Verstraete",
        "straatNaam": "Johan van Veenplein",
        "straatNr": "6-14",
        "vervoerder": "PostNL",
        "puntType": "servicepunt",
        "bezettingsgraad": 50,
        "latitude": 53.41474525,
        "longitude": 6.725248199,
        "canPickup": true,
        "canDropoff": true,
        "openingstijden": "08:00 - 20:00 (Na 18:00 open; Zaterdag open)"
      }
    },
    {
      "type": "Feature",
      "geometry": {
        "type": "Point",
        "coordinates": [
          6.37564497636873,
          53.3608669399026
        ]
      },
      "properties": {
        "type": "pakketpunt",
        "locatieNaam": "Pakketautomaat",
        "straatNaam": "De Nije Nering",
        "straatNr": "2PBA",
        "vervoerder": "PostNL",
        "puntType": "automaat",
        "bezettingsgraad": 50,
        "latitude": 53.3608669399026,
        "longitude": 6.37564497636873,
        "canPickup": true,
        "canDropoff": true,
        "openingstijden": "08:00 - 20:00"
      }
    },
    {
      "type": "Feature",
      "geometry": {
        "type": "Point",
        "coordinates": [
          6.72551548214917,
          53.4146344503212
        ]
      },
      "properties": {
        "type": "pakketpunt",
        "locatieNaam": "Pakketautomaat",
        "straatNaam": "Johan van Veenplein",
        "straatNr": "2PBA",
        "vervoerder": "PostNL",
        "puntType": "automaat",
        "bezettingsgraad": 50,
        "latitude": 53.4146344503212,
        "longitude": 6.72551548214917,
        "canPickup": true,
        "canDropoff": true,
        "openingstijden": "00:00 - 23:59"
      }
    },
    {
      "type": "Feature",
      "geometry": {
        "type": "Point",
        "coordinates": [
          6.596195034,
          53.30012804
        ]
      },
      "properties": {
        "type": "pakketpunt",
        "locatieNaam": "de Gele Klap",
        "straatNaam": "Herestreek",
        "straatNr": "1",
        "vervoerder": "PostNL",
        "puntType": "servicepunt",
        "bezettingsgraad": 50,
        "latitude": 53.30012804,
        "longitude": 6.596195034,
        "canPickup": true,
        "canDropoff": true,
        "openingstijden": "08:00 - 18:00 (Na 18:00 open; Zaterdag open)"
      }
    },
    {
      "type": "Feature",
      "geometry": {
        "type": "Point",
        "coordinates": [
          6.60268573822136,
          53.3010330601729
        ]
      },
      "properties": {
        "type": "pakketpunt",
        "locatieNaam": "Pakketautomaat",
        "straatNaam": "Grotestraat",
        "straatNr": "13PBA",
        "vervoerder": "PostNL",
        "puntType": "automaat",
        "bezettingsgraad": 50,
        "latitude": 53.3010330601729,
        "longitude": 6.60268573822136,
        "canPickup": true,
        "canDropoff": true,
        "openingstijden": "08:00 - 20:00"
      }
    },
    {
      "type": "Feature",
      "geometry": {
        "type": "Point",
        "coordinates": [
          6.533332,
          53.294748
        ]
      },
      "properties": {
        "type": "pakketpunt",
        "locatieNaam": "De dorpswinkel of kooplokaal",
        "straatNaam": "Oude Winsumerstraatweg",
        "straatNr": "12",
        "vervoerder": "PostNL",
        "puntType": "servicepunt",
        "bezettingsgraad": 50,
        "latitude": 53.294748,
        "longitude": 6.533332,
        "canPickup": true,
        "canDropoff": true,
        "openingstijden": "08:30 - 18:30"
      }
    },
    {
      "type": "Feature",
      "geometry": {
        "type": "Point",
        "coordinates": [
          6.59581201585532,
          53.2971664459051
        ]
      },
      "properties": {
        "type": "pakketpunt",
        "locatieNaam": "Bol Verfcentrum",
        "straatNaam": "Industrieweg",
        "straatNr": "18",
        "vervoerder": "PostNL",
        "puntType": "servicepunt",
        "bezettingsgraad": 50,
        "latitude": 53.2971664459051,
        "longitude": 6.59581201585532,
        "canPickup": true,
        "canDropoff": true,
        "openingstijden": "08:00 - 18:00"
      }
    },
    {
      "type": "Feature",
      "geometry": {
        "type": "Point",
        "coordinates": [
          6.599986305,
          53.28932435
        ]
      },
      "properties": {
        "type": "pakketpunt",
        "locatieNaam": "Pakket- en briefautomaat",
        "straatNaam": "Groningerweg",
        "straatNr": "2PBA",
        "vervoerder": "PostNL",
        "puntType": "automaat",
        "bezettingsgraad": 50,
        "latitude": 53.28932435,
        "longitude": 6.599986305,
        "canPickup": true,
        "canDropoff": true,
        "openingstijden": "00:00 - 23:59"
      }
    },
    {
      "type": "Feature",
      "geometry": {
        "type": "Point",
        "coordinates": [
          6.31897438,
          53.36034886
        ]
      },
      "properties": {
        "type": "pakketpunt",
        "locatieNaam": "Van der Spek boerderijwinkel",
        "straatNaam": "Elensterweg",
        "straatNr": "29",
        "vervoerder": "PostNL",
        "puntType": "servicepunt",
        "bezettingsgraad": 50,
        "latitude": 53.36034886,
        "longitude": 6.31897438,
        "canPickup": true,
        "canDropoff": true,
        "openingstijden": "08:30 - 17:30 (Zaterdag open)"
      }
    },
    {
      "type": "Feature",
      "geometry": {
        "type": "Point",
        "coordinates": [
          6.3751685,
          53.3610633
        ]
      },
      "properties": {
        "type": "pakketpunt",
        "locatieNaam": "Drogisterij Van Duinen",
        "straatNaam": "De Nije Nering 10",
        "straatNr": "",
        "vervoerder": "VintedGo",
        "puntType": "parcel_shop",
        "bezettingsgraad": 50,
        "latitude": 53.3610633,
        "longitude": 6.3751685,
        "canPickup": true,
        "canDropoff": true,
        "openingstijden": null
      }
    },
    {
      "type": "Feature",
      "geometry": {
        "type": "Point",
        "coordinates": [
          6.5158093,
          53.3310033
        ]
      },
      "properties": {
        "type": "pakketpunt",
        "locatieNaam": "Discus Profauna",
        "straatNaam": "Hoofdstraat W 37",
        "straatNr": "",
        "vervoerder": "VintedGo",
        "puntType": "parcel_shop",
        "bezettingsgraad": 50,
        "latitude": 53.3310033,
        "longitude": 6.5158093,
        "canPickup": true,
        "canDropoff": true,
        "openingstijden": null
      }
    },
    {
      "type": "Feature",
      "geometry": {
        "type": "Point",
        "coordinates": [
          6.60287,
          53.30104
        ]
      },
      "properties": {
        "type": "pakketpunt",
        "locatieNaam": "Nice4us",
        "straatNaam": "Grotestraat 15c",
        "straatNr": "",
        "vervoerder": "VintedGo",
        "puntType": "parcel_shop",
        "bezettingsgraad": 50,
        "latitude": 53.30104,
        "longitude": 6.60287,
        "canPickup": true,
        "canDropoff": true,
        "openingstijden": null
      }
    },
    {
      "type": "Feature",
      "geometry": {
        "type": "Point",
        "coordinates": [
          6.50899,
          53.36225
        ]
      },
      "properties": {
        "type": "pakketpunt",
        "locatieNaam": "Bloemisterij De Dageraad ",
        "straatNaam": "Maarhuizerweg 1A",
        "straatNr": "",
        "vervoerder": "VintedGo",
        "puntType": "parcel_shop",
        "bezettingsgraad": 50,
        "latitude": 53.36225,
        "longitude": 6.50899,
        "canPickup": true,
        "canDropoff": true,
        "openingstijden": null
      }
    },
    {
      "type": "Feature",
      "geometry": {
        "type": "Point",
        "coordinates": [
          6.5151946,
          53.3300956
        ]
      },
      "properties": {
        "type": "pakketpunt",
        "locatieNaam": "Spar Winsum",
        "straatNaam": "Hoofdstraat Winsum 44",
        "straatNr": "",
        "vervoerder": "VintedGo",
        "puntType": "locker",
        "bezettingsgraad": 50,
        "latitude": 53.3300956,
        "longitude": 6.5151946,
        "canPickup": true,
        "canDropoff": true,
        "openingstijden": null
      }
    },
    {
      "type": "Feature",
      "geometry": {
        "type": "Point",
        "coordinates": [
          6.67326244,
          53.4079041
        ]
      },
      "properties": {
        "type": "pakketpunt",
        "locatieNaam": "Discus Uithuizen",
        "straatNaam": "Hoofdstraat Oost 1",
        "straatNr": "",
        "vervoerder": "VintedGo",
        "puntType": "parcel_shop",
        "bezettingsgraad": 50,
        "latitude": 53.4079041,
        "longitude": 6.67326244,
        "canPickup": true,
        "canDropoff": true,
        "openingstijden": null
      }
    },
    {
      "type": "Feature",
      "geometry": {
        "type": "Point",
        "coordinates": [
          6.6758432,
          53.4057998
        ]
      },
      "properties": {
        "type": "pakketpunt",
        "locatieNaam": "Mitra Marcel Dob",
        "straatNaam": "Havenweg 1-A",
        "straatNr": "",
        "vervoerder": "VintedGo",
        "puntType": "parcel_shop",
        "bezettingsgraad": 50,
        "latitude": 53.4057998,
        "longitude": 6.6758432,
        "canPickup": true,
        "canDropoff": true,
        "openingstijden": null
      }
    },
    {
      "type": "Feature",
      "geometry": {
        "type": "Point",
        "coordinates": [
          6.6025876,
          53.3009808
        ]
      },
      "properties": {
        "type": "pakketpunt",
        "locatieNaam": "Plus Jeroen Juch",
        "straatNaam": "grotestraat 13",
        "straatNr": "",
        "vervoerder": "VintedGo",
        "puntType": "locker",
        "bezettingsgraad": 50,
        "latitude": 53.3009808,
        "longitude": 6.6025876,
        "canPickup": true,
        "canDropoff": true,
        "openingstijden": null
      }
    },
    {
      "type": "Feature",
      "geometry": {
        "type": "Point",
        "coordinates": [
          6.5358835,
          53.2739303
        ]
      },
      "properties": {
        "type": "pakketpunt",
        "locatieNaam": "BSG Bouw",
        "straatNaam": "Provincialeweg",
        "straatNr": "28",
        "vervoerder": "GLS",
        "puntType": "parcel_shop",
        "bezettingsgraad": 50,
        "latitude": 53.2739303,
        "longitude": 6.5358835,
        "canPickup": true,
        "canDropoff": true,
        "openingstijden": {
          "ma": "16:00 - 21:00",
          "di": "16:00 - 21:00",
          "wo": "16:00 - 21:00",
          "do": "16:00 - 21:00",
          "vr": "16:00 - 21:00",
          "za": "00:00 - 00:00",
          "zo": "00:00 - 00:00"
        }
      }
    },
    {
      "type": "Feature",
      "geometry": {
        "type": "Point",
        "coordinates": [
          6.5999863,
          53.2893243
        ]
      },
      "properties": {
        "type": "pakketpunt",
        "locatieNaam": "Pakketautomaat",
        "straatNaam": "Groningerweg",
        "straatNr": "2",
        "vervoerder": "GLS",
        "puntType": "locker",
        "bezettingsgraad": 50,
        "latitude": 53.2893243,
        "longitude": 6.5999863,
        "canPickup": true,
        "canDropoff": true,
        "openingstijden": {
          "ma": "00:00 - 23:59",
          "di": "00:00 - 23:59",
          "wo": "00:00 - 23:59",
          "do": "00:00 - 23:59",
          "vr": "00:00 - 23:59",
          "za": "00:00 - 23:59",
          "zo": "00:00 - 23:59"
        }
      }
    },
    {
      "type": "Feature",
      "geometry": {
        "type": "Point",
        "coordinates": [
          6.6029827,
          53.3007896
        ]
      },
      "properties": {
        "type": "pakketpunt",
        "locatieNaam": "Nice4us",
        "straatNaam": "Grotestraat",
        "straatNr": "15c",
        "vervoerder": "GLS",
        "puntType": "parcel_shop",
        "bezettingsgraad": 50,
        "latitude": 53.3007896,
        "longitude": 6.6029827,
        "canPickup": true,
        "canDropoff": true,
        "openingstijden": {
          "ma": "00:00 - 00:00",
          "di": "10:00 - 17:00",
          "wo": "10:00 - 17:00",
          "do": "10:00 - 17:00",
          "vr": "10:00 - 17:00",
          "za": "10:00 - 16:00",
          "zo": "00:00 - 00:00"
        }
      }
    },
    {
      "type": "Feature",
      "geometry": {
        "type": "Point",
        "coordinates": [
          6.60268573,
          53.301033
        ]
      },
      "properties": {
        "type": "pakketpunt",
        "locatieNaam": "Pakketautomaat",
        "straatNaam": "Grotestraat",
        "straatNr": "13",
        "vervoerder": "GLS",
        "puntType": "locker",
        "bezettingsgraad": 50,
        "latitude": 53.301033,
        "longitude": 6.60268573,
        "canPickup": true,
        "canDropoff": true,
        "openingstijden": {
          "ma": "08:00 - 20:00",
          "di": "08:00 - 20:00",
          "wo": "08:00 - 20:00",
          "do": "08:00 - 20:00",
          "vr": "08:00 - 20:00",
          "za": "08:00 - 20:00",
          "zo": "11:00 - 17:00"
        }
      }
    },
    {
      "type": "Feature",
      "geometry": {
        "type": "Point",
        "coordinates": [
          6.51519713,
          53.3300933
        ]
      },
      "properties": {
        "type": "pakketpunt",
        "locatieNaam": "Pakketautomaat",
        "straatNaam": "Hoofdstraat W",
        "straatNr": "44",
        "vervoerder": "GLS",
        "puntType": "locker",
        "bezettingsgraad": 50,
        "latitude": 53.3300933,
        "longitude": 6.51519713,
        "canPickup": true,
        "canDropoff": true,
        "openingstijden": {
          "ma": "00:00 - 23:59",
          "di": "00:00 - 23:59",
          "wo": "00:00 - 23:59",
          "do": "00:00 - 23:59",
          "vr": "00:00 - 23:59",
          "za": "00:00 - 23:59",
          "zo": "00:00 - 23:59"
        }
      }
    },
    {
      "type": "Feature",
      "geometry": {
        "type": "Point",
        "coordinates": [
          6.61599066,
          53.40212797
        ]
      },
      "properties": {
        "type": "pakketpunt",
        "locatieNaam": "ViaTim en Michelle",
        "straatNaam": "H Kiewietstraat",
        "straatNr": "29",
        "vervoerder": "ViaTim",
        "puntType": "servicepunt",
        "bezettingsgraad": 50,
        "latitude": 53.40212797,
        "longitude": 6.61599066,
        "canPickup": true,
        "canDropoff": true,
        "openingstijden": {
          "ma": "16:30 - 20:30",
          "di": "16:30 - 20:30",
          "wo": "16:30 - 20:30",
          "do": "16:30 - 20:30",
          "vr": "10:00 - 17:00",
          "za": "gesloten",
          "zo": "gesloten"
        }
      }
    },
    {
      "type": "Feature",
      "geometry": {
        "type": "Point",
        "coordinates": [
          6.61647661389285,
          53.4033451061989
        ]
      },
      "properties": {
        "type": "pakketpunt",
        "locatieNaam": "ViaTim en Marieke",
        "straatNaam": "John F Kennedy-laan",
        "straatNr": "6",
        "vervoerder": "ViaTim",
        "puntType": "servicepunt",
        "bezettingsgraad": 50,
        "latitude": 53.4033451061989,
        "longitude": 6.61647661389285,
        "canPickup": true,
        "canDropoff": true,
        "openingstijden": {
          "ma": "15:00 - 20:00",
          "di": "15:00 - 20:00",
          "wo": "15:00 - 20:00",
          "do": "15:00 - 20:00",
          "vr": "15:00 - 20:00",
          "za": "gesloten",
          "zo": "gesloten"
        }
      }
    },
    {
      "type": "Feature",
      "geometry": {
        "type": "Point",
        "coordinates": [
          6.66087149555077,
          53.4061184506557
        ]
      },
      "properties": {
        "type": "pakketpunt",
        "locatieNaam": "ViaTim en Connie",
        "straatNaam": "Ripperdadrift",
        "straatNr": "170",
        "vervoerder": "ViaTim",
        "puntType": "servicepunt",
        "bezettingsgraad": 50,
        "latitude": 53.4061184506557,
        "longitude": 6.66087149555077,
        "canPickup": true,
        "canDropoff": true,
        "openingstijden": {
          "ma": "15:30 - 20:00",
          "di": "15:30 - 20:00",
          "wo": "15:30 - 20:00",
          "do": "15:30 - 20:00",
          "vr": "15:30 - 20:00",
          "za": "gesloten",
          "zo": "gesloten"
        }
      }
    },
    {
      "type": "Feature",
      "geometry": {
        "type": "Point",
        "coordinates": [
          6.53591327422774,
          53.2739340717055
        ]
      },
      "properties": {
        "type": "pakketpunt",
        "locatieNaam": "ViaTim & Adorp",
        "straatNaam": "Provincialeweg",
        "straatNr": "28",
        "vervoerder": "ViaTim",
        "puntType": "servicepunt",
        "bezettingsgraad": 50,
        "latitude": 53.2739340717055,
        "longitude": 6.53591327422774,
        "canPickup": true,
        "canDropoff": true,
        "openingstijden": {
          "ma": "15:30 - 21:00",
          "di": "15:30 - 21:00",
          "wo": "15:30 - 21:00",
          "do": "15:30 - 21:00",
          "vr": "15:30 - 21:00",
          "za": "gesloten",
          "zo": "gesloten"
        }
      }
    },
    {
      "type": "Feature",
      "geometry": {
        "type": "Point",
        "coordinates": [
          6.60142,
          53.30058
        ]
      },
      "properties": {
        "type": "pakketpunt",
        "locatieNaam": "NICE4US BEDUM",
        "straatNaam": "GROTESTRAAT 15C",
        "straatNr": "",
        "vervoerder": "InPost",
        "puntType": "servicepunt",
        "bezettingsgraad": 50,
        "latitude": 53.30058,
        "longitude": 6.60142,
        "canPickup": true,
        "canDropoff": true,
        "openingstijden": "Ma 10-18,Me 10-14,J/V 10-18,S 10-16"
      }
    },
    {
      "type": "Feature",
      "geometry": {
        "type": "Point",
        "coordinates": [
          6.3754,
          53.36108
        ]
      },
      "properties": {
        "type": "pakketpunt",
        "locatieNaam": "DROGISTERIJ VAN DUINEN",
        "straatNaam": "DE NIJE NERING 10",
        "straatNr": "",
        "vervoerder": "InPost",
        "puntType": "servicepunt",
        "bezettingsgraad": 50,
        "latitude": 53.36108,
        "longitude": 6.3754,
        "canPickup": true,
        "canDropoff": true,
        "openingstijden": "L/Ma/Me/J 8:30-18,V 8:30-20,S 8:30-17"
      }
    },
    {
      "type": "Feature",
      "geometry": {
        "type": "Point",
        "coordinates": [
          6.51501,
          53.3335
        ]
      },
      "properties": {
        "type": "pakketpunt",
        "locatieNaam": "MIDIA MARKET",
        "straatNaam": "HOOFDSTRAAT OBERGUM 22",
        "straatNr": "",
        "vervoerder": "InPost",
        "puntType": "servicepunt",
        "bezettingsgraad": 50,
        "latitude": 53.3335,
        "longitude": 6.51501,
        "canPickup": true,
        "canDropoff": true,
        "openingstijden": "L/Ma/Me/J/V 10-18,S 10-17"
      }
    },
    {
      "type": "Feature",
      "geometry": {
        "type": "Point",
        "coordinates": [
          6.50856,
          53.36211
        ]
      },
      "properties": {
        "type": "pakketpunt",
        "locatieNaam": "BLOEMISTERIJ DE DAGERAAD",
        "straatNaam": "MAARHUIZERWEG 1A",
        "straatNr": "",
        "vervoerder": "InPost",
        "puntType": "servicepunt",
        "bezettingsgraad": 50,
        "latitude": 53.36211,
        "longitude": 6.50856,
        "canPickup": true,
        "canDropoff": true,
        "openingstijden": "L 13-17:30,Ma/Me/J/V 9-17:30,S 9-17"
      }
    },
    {
      "type": "Feature",
      "geometry": {
        "type": "Point",
        "coordinates": [
          6.67328,
          53.40781
        ]
      },
      "properties": {
        "type": "pakketpunt",
        "locatieNaam": "DISCUS PROFAUNA",
        "straatNaam": "HOOFDSTRAAT OOST 1",
        "straatNr": "",
        "vervoerder": "InPost",
        "puntType": "servicepunt",
        "bezettingsgraad": 50,
        "latitude": 53.40781,
        "longitude": 6.67328,
        "canPickup": true,
        "canDropoff": true,
        "openingstijden": "L/Ma/Me/J/V 9-18,S 9-17"
      }
    },
    {
      "type": "Feature",
      "geometry": {
        "type": "Point",
        "coordinates": [
          6.69375,
          53.41176
        ]
      },
      "properties": {
        "type": "pakketpunt",
        "locatieNaam": "",
        "straatNaam": "Dingeweg",
        "straatNr": "",
        "vervoerder": "InPost",
        "puntType": "automaat",
        "bezettingsgraad": 50,
        "latitude": 53.41176,
        "longitude": 6.69375,
        "canPickup": true,
        "canDropoff": true,
        "openingstijden": "24/7"
      }
    },
    {
      "type": "Feature",
      "geometry": {
        "type": "MultiPolygon",
        "coordinates": [
          [
            [
              [
                6.518901152017711,
                53.328560787530456
              ],
              [
                6.518632393897394,
                53.32835082643174
              ],
              [
                6.518330556338861,
                53.328157646124026
              ],
              [
                6.517998546252174,
                53.327983106805206
              ],
              [
                6.517639560969606,
                53.32782888915217
              ],
              [
                6.517257057457678,
                53.327696478143864
              ],
              [
                6.516854719034593,
                53.32758714876861
              ],
              [
                6.516436419913224,
                53.327501953753
              ],
              [
                6.516006187910553,
                53.32744171343047
              ],
              [
                6.515568165681877,
                53.32740700784617
              ],
              [
                6.515126570852213,
                53.32739817117499
              ],
              [
                6.514685655427776,
                53.327415288505385
              ],
              [
                6.514249664877337,
                53.327458195020526
              ],
              [
                6.513822797276291,
                53.32752647758433
              ],
              [
                6.5134091629057975,
                53.32761947871716
              ],
              [
                6.513012744694914,
                53.32773630292316
              ],
              [
                6.51263735988573,
                53.32787582530843
              ],
              [
                6.512286623289749,
                53.328036702407225
              ],
              [
                6.511963912488717,
                53.32821738511199
              ],
              [
                6.511672335314472,
                53.32841613358358
              ],
              [
                6.511414699920733,
                53.328631033997624
              ],
              [
                6.511413757207017,
                53.32863200983323
              ],
              [
                6.511412169803507,
                53.32863333391951
              ],
              [
                6.511190957592576,
                53.32886231688428
              ],
              [
                6.5110082993848515,
                53.32910317737625
              ],
              [
                6.510865954804707,
                53.32935359595225
              ],
              [
                6.510765295340445,
                53.329611161085786
              ],
              [
                6.510707291111832,
                53.32987339238588
              ],
              [
                6.510692501499874,
                53.33013776448069
              ],
              [
                6.510692505180938,
                53.33013779849347
              ],
              [
                6.5106925014894275,
                53.33013786448081
              ],
              [
                6.510720501099092,
                53.330396577385464
              ],
              [
                6.5105549695731195,
                53.330614842485154
              ],
              [
                6.510412617426917,
                53.330865260414114
              ],
              [
                6.510311951786809,
                53.33112282505031
              ],
              [
                6.51025394283209,
                53.33138505600749
              ],
              [
                6.510239149989344,
                53.33164942791714
              ],
              [
                6.510267716515319,
                53.33191339474684
              ],
              [
                6.510339368086799,
                53.332174414319255
              ],
              [
                6.51038106746497,
                53.33226785510561
              ],
              [
                6.50999933228105,
                53.33219009290738
              ],
              [
                6.50956906224446,
                53.33212982975103
              ],
              [
                6.509130997337797,
                53.33209510088673
              ],
              [
                6.508689355596935,
                53.332086240713544
              ],
              [
                6.508248389479693,
                53.33210333454622
              ],
              [
                6.507812344942813,
                53.33214621779411
              ],
              [
                6.507385420581374,
                53.33221447754523
              ],
              [
                6.50697172722291,
                53.33230745653954
              ],
              [
                6.506575248364317,
                53.3324242594944
              ],
              [
                6.506199801831498,
                53.33256376172059
              ],
              [
                6.505849003030165,
                53.33272461994649
              ],
              [
                6.5055262301409185,
                53.33290528524631
              ],
              [
                6.505234591593367,
                53.333104017948465
              ],
              [
                6.504976896132158,
                53.33331890438063
              ],
              [
                6.504755625763178,
                53.33354787529046
              ],
              [
                6.504572911840553,
                53.33378872576503
              ],
              [
                6.504430514525239,
                53.33403913645778
              ],
              [
                6.504356070733972,
                53.33422952448872
              ],
              [
                6.504150736957422,
                53.334369437454704
              ],
              [
                6.503893028551613,
                53.3345843215047
              ],
              [
                6.503671745958976,
                53.33481329035256
              ],
              [
                6.503489020651365,
                53.33505413910522
              ],
              [
                6.503346612899384,
                53.335304548432674
              ],
              [
                6.503245894799802,
                53.335562106897605
              ],
              [
                6.503187837037217,
                53.33582433417326
              ],
              [
                6.503172999508396,
                53.33608870492666
              ],
              [
                6.50320152590061,
                53.33635267313653
              ],
              [
                6.503273142277366,
                53.33661369661235
              ],
              [
                6.50338715968625,
                53.336869261478405
              ],
              [
                6.5035424807650015,
                53.33711690638655
              ],
              [
                6.5037376102832924,
                53.33735424622502
              ],
              [
                6.5039706695196555,
                53.337578995094304
              ],
              [
                6.5042394143360704,
                53.3377889883289
              ],
              [
                6.504541256776785,
                53.337982203352205
              ],
              [
                6.504873289983906,
                53.33815677916388
              ],
              [
                6.505232316190101,
                53.33831103427102
              ],
              [
                6.505614877518934,
                53.33844348289122
              ],
              [
                6.506017289296001,
                53.338552849269696
              ],
              [
                6.506435675549716,
                53.33863807997321
              ],
              [
                6.5068660063592665,
                53.33869835404221
              ],
              [
                6.507304136689258,
                53.338733090902274
              ],
              [
                6.507745846336136,
                53.33874195595949
              ],
              [
                6.50818688060061,
                53.33872486382493
              ],
              [
                6.5086229912932465,
                53.33868197913765
              ],
              [
                6.5090499776771695,
                53.338613714977576
              ],
              [
                6.509463726952372,
                53.33852072888473
              ],
              [
                6.50986025389065,
                53.33840391652203
              ],
              [
                6.5102357392384835,
                53.33826440304344
              ],
              [
                6.510586566517042,
                53.338103532251175
              ],
              [
                6.510909356864315,
                53.33792285364585
              ],
              [
                6.510975942687603,
                53.33787747785203
              ],
              [
                6.511137865086258,
                53.337841084016276
              ],
              [
                6.511534381201299,
                53.33772426613499
              ],
              [
                6.511909855180608,
                53.33758474742697
              ],
              [
                6.5122606706549,
                53.33742387174471
              ],
              [
                6.5125834488758825,
                53.337243188635966
              ],
              [
                6.512875081263289,
                53.337044438411944
              ],
              [
                6.5129460257133855,
                53.336985271143824
              ],
              [
                6.513208615302208,
                53.33709806904178
              ],
              [
                6.5135911901603665,
                53.33723049230522
              ],
              [
                6.513993610628751,
                53.33733983201377
              ],
              [
                6.5144120006519595,
                53.33742503499115
              ],
              [
                6.514842330272792,
                53.337485280544776
              ],
              [
                6.51528045446726,
                53.33751998837506
              ],
              [
                6.5157221530909,
                53.337528824167634
              ],
              [
                6.516163171550613,
                53.33751170281551
              ],
              [
                6.516530455385774,
                53.337475560263954
              ],
              [
                6.516633970349401,
                53.337477630060945
              ],
              [
                6.517074987897348,
                53.33746050536687
              ],
              [
                6.51751107670465,
                53.337417588486964
              ],
              [
                6.51793803624532,
                53.337349292811254
              ],
              [
                6.5183517539780205,
                53.337256276183346
              ],
              [
                6.518748244978519,
                53.337139434560235
              ],
              [
                6.519123690339601,
                53.33699989337781
              ],
              [
                6.519474473967761,
                53.336838996705
              ],
              [
                6.519797217421589,
                53.33665829429174
              ],
              [
                6.520088812455825,
                53.336459526635196
              ],
              [
                6.520346450957345,
                53.33624460820878
              ],
              [
                6.520567651984736,
                53.336015609015796
              ],
              [
                6.520750285651179,
                53.33577473464583
              ],
              [
                6.52089259362105,
                53.33552430502578
              ],
              [
                6.5209932060234195,
                53.33526673207108
              ],
              [
                6.521051154620335,
                53.335004496451994
              ],
              [
                6.521065882104023,
                53.334740123699795
              ],
              [
                6.521037247434519,
                53.33447615988211
              ],
              [
                6.520965527167454,
                53.334215147082254
              ],
              [
                6.52085141276038,
                53.33395959891906
              ],
              [
                6.520696003884765,
                53.33371197634222
              ],
              [
                6.520500797809143,
                53.33347466393644
              ],
              [
                6.5202676749566875,
                53.333249946962795
              ],
              [
                6.519998880777214,
                53.33303998935749
              ],
              [
                6.519697004108835,
                53.332846812900165
              ],
              [
                6.51955074713596,
                53.33276993669893
              ],
              [
                6.519466831760143,
                53.33263621838427
              ],
              [
                6.519434497747926,
                53.332596907366366
              ],
              [
                6.519592092746003,
                53.33246543482301
              ],
              [
                6.519813278544408,
                53.332236436759715
              ],
              [
                6.519995900578897,
                53.33199556325219
              ],
              [
                6.520138200625745,
                53.33174513421904
              ],
              [
                6.520238808890184,
                53.33148756156998
              ],
              [
                6.520296757173965,
                53.33122532597236
              ],
              [
                6.520311488172172,
                53.330960952957334
              ],
              [
                6.5202828608108305,
                53.330696988594916
              ],
              [
                6.520211151575031,
                53.33043597497382
              ],
              [
                6.520097051815949,
                53.33018042572069
              ],
              [
                6.519941661063856,
                53.32993280179577
              ],
              [
                6.519746476412635,
                53.329695487796776
              ],
              [
                6.519746219122247,
                53.32969523975713
              ],
              [
                6.519746176394475,
                53.32969518780651
              ],
              [
                6.5196090630062855,
                53.329563003779825
              ],
              [
                6.519598896936309,
                53.3295259974386
              ],
              [
                6.519484803254454,
                53.329270447507575
              ],
              [
                6.519329419335993,
                53.329022822694846
              ],
              [
                6.519134242208981,
                53.32878550760685
              ],
              [
                6.518901152017711,
                53.328560787530456
              ]
            ]
          ],
          [
            [
              [
                6.425625239091786,
                53.3559661866897
              ],
              [
                6.4253236228580635,
                53.35577277430836
              ],
              [
                6.4249917744258385,
                53.35559797953493
              ],
              [
                6.424632889572737,
                53.35544348550613
              ],
              [
                6.424250424299946,
                53.35531077986225
              ],
              [
                6.423848061558838,
                53.35520114042852
              ],
              [
                6.423429675797482,
                53.355115622917005
              ],
              [
                6.422999295667752,
                53.355055050766126
              ],
              [
                6.422561065251475,
                53.35502000721603
              ],
              [
                6.422119204178093,
                53.35501082969561
              ],
              [
                6.421677967016884,
                53.35502760657507
              ],
              [
                6.4212416023336445,
                53.35507017631556
              ],
              [
                6.420814311805006,
                53.35513812902359
              ],
              [
                6.42040020978296,
                53.35523081039564
              ],
              [
                6.42000328369787,
                53.3553473280149
              ],
              [
                6.419627355680348,
                53.35548655993963
              ],
              [
                6.419276045770677,
                53.355647165501196
              ],
              [
                6.418952737069335,
                53.355827598207036
              ],
              [
                6.4186605431638535,
                53.35602612062573
              ],
              [
                6.418402278145241,
                53.356240821110255
              ],
              [
                6.41818042950276,
                53.356469632199406
              ],
              [
                6.417997134158235,
                53.356710350519855
              ],
              [
                6.417854157871018,
                53.35696065799841
              ],
              [
                6.417752878212591,
                53.35721814417911
              ],
              [
                6.417694271275549,
                53.35748032943214
              ],
              [
                6.417678902245836,
                53.35774468882993
              ],
              [
                6.417706919930152,
                53.35800867646132
              ],
              [
                6.41777805529233,
                53.35826974994944
              ],
              [
                6.417891624013954,
                53.358525394937516
              ],
              [
                6.418046533055758,
                53.35877314930634
              ],
              [
                6.4182412911576625,
                53.35901062689048
              ],
              [
                6.418474023177429,
                53.35923554046429
              ],
              [
                6.418742488130652,
                53.359445723776155
              ],
              [
                6.419044100759145,
                53.35963915241904
              ],
              [
                6.419375956420447,
                53.35981396333517
              ],
              [
                6.419734859059122,
                53.359968472767406
              ],
              [
                6.420117351990501,
                53.36010119248362
              ],
              [
                6.420519751200293,
                53.36021084411771
              ],
              [
                6.420938180838962,
                53.3602963714888
              ],
              [
                6.421368610568463,
                53.360356950779575
              ],
              [
                6.421806894400873,
                53.36039199847542
              ],
              [
                6.422248810653991,
                53.36040117698827
              ],
              [
                6.422690102638023,
                53.36038439790968
              ],
              [
                6.423126519680352,
                53.360341822863
              ],
              [
                6.423553858092224,
                53.360273861945686
              ],
              [
                6.423968001681522,
                53.36018116977671
              ],
              [
                6.424364961420471,
                53.36006463918789
              ],
              [
                6.424740913885157,
                53.3599253926192
              ],
              [
                6.425092238095819,
                53.35976477130214
              ],
              [
                6.425415550402388,
                53.35958432233476
              ],
              [
                6.425707737078791,
                53.35938578377337
              ],
              [
                6.425965984311831,
                53.35917106788536
              ],
              [
                6.4261878052957275,
                53.35894224272393
              ],
              [
                6.4263710641715655,
                53.35870151220302
              ],
              [
                6.426513996581466,
                53.35845119486495
              ],
              [
                6.4266152266401235,
                53.358193701544366
              ],
              [
                6.426673780161037,
                53.35793151214556
              ],
              [
                6.426689094011011,
                53.35766715175534
              ],
              [
                6.426661021503875,
                53.35740316632311
              ],
              [
                6.426589833782606,
                53.35714209814116
              ],
              [
                6.426476217177744,
                53.35688646136237
              ],
              [
                6.426321266568693,
                53.356638717790474
              ],
              [
                6.426126474812929,
                53.35640125317595
              ],
              [
                6.425893718345998,
                53.356176354246095
              ],
              [
                6.425625239091786,
                53.3559661866897
              ]
            ]
          ],
          [
            [
              [
                6.322688009794769,
                53.35882239085598
              ],
              [
                6.322420016511645,
                53.35861199220514
              ],
              [
                6.322118843896879,
                53.358418320366816
              ],
              [
                6.3217873924617995,
                53.35824324027263
              ],
              [
                6.321428854163315,
                53.358088437807
              ],
              [
                6.32104668166753,
                53.35795540358026
              ],
              [
                6.320644555108435,
                53.35784541858173
              ],
              [
                6.3202263466614275,
                53.357759541850776
              ],
              [
                6.319796083272245,
                53.35769860028469
              ],
              [
                6.319357907899496,
                53.3576631806804
              ],
              [
                6.318916039643093,
                53.35765362408758
              ],
              [
                6.318474733141552,
                53.35767002252631
              ],
              [
                6.318038237628001,
                53.35771221810136
              ],
              [
                6.317610756038096,
                53.35777980452203
              ],
              [
                6.317196404562445,
                53.35787213101136
              ],
              [
                6.316799173031983,
                53.35798830856976
              ],
              [
                6.31642288651679,
                53.358127218529944
              ],
              [
                6.316071168507271,
                53.35828752332354
              ],
              [
                6.315747406031591,
                53.35846767935439
              ],
              [
                6.315454717044746,
                53.35866595185547
              ],
              [
                6.31519592040308,
                53.35888043158686
              ],
              [
                6.314973508713236,
                53.3591090532135
              ],
              [
                6.314789624317281,
                53.35934961518728
              ],
              [
                6.314646038645561,
                53.35959980094116
              ],
              [
                6.314544135136762,
                53.35985720119218
              ],
              [
                6.314484895890441,
                53.36011933713897
              ],
              [
                6.314468892181456,
                53.36038368432953
              ],
              [
                6.314496278928752,
                53.36064769697114
              ],
              [
                6.3145667931728875,
                53.360908832446995
              ],
              [
                6.314679756578097,
                53.36116457580409
              ],
              [
                6.314834081936042,
                53.3614124639767
              ],
              [
                6.315028283609644,
                53.36165010951138
              ],
              [
                6.3152604918175195,
                53.361875223565534
              ],
              [
                6.3155284706222545,
                53.36208563795722
              ],
              [
                6.3158296394500875,
                53.362279326054214
              ],
              [
                6.316161097935222,
                53.362454422300004
              ],
              [
                6.3165196538498165,
                53.36260924018953
              ],
              [
                6.3169018538507915,
                53.362742288519726
              ],
              [
                6.317304016747147,
                53.362852285759296
              ],
              [
                6.317722268967066,
                53.36293817239846
              ],
              [
                6.318152581882642,
                53.36299912115914
              ],
              [
                6.318590810631994,
                53.36303454496787
              ],
              [
                6.319032734063977,
                53.36304410261351
              ],
              [
                6.319474095419711,
                53.36302770203545
              ],
              [
                6.319910643358046,
                53.362985501211085
              ],
              [
                6.320338172928677,
                53.36291790663302
              ],
              [
                6.3207525660971235,
                53.362825569391504
              ],
              [
                6.321149831430213,
                53.36270937889947
              ],
              [
                6.3215261425588585,
                53.36257045432116
              ],
              [
                6.321877875046765,
                53.362410133786696
              ],
              [
                6.32220164130938,
                53.36222996149722
              ],
              [
                6.3224943232461674,
                53.36203167284446
              ],
              [
                6.322753102271723,
                53.36181717768918
              ],
              [
                6.322975486456376,
                53.36158854195907
              ],
              [
                6.32315933451507,
                53.36134796774425
              ],
              [
                6.32330287641388,
                53.36109777208221
              ],
              [
                6.323404730396286,
                53.36084036463656
              ],
              [
                6.323463916266006,
                53.36057822448536
              ],
              [
                6.32347986479941,
                53.36031387624198
              ],
              [
                6.323452423197919,
                53.360049865739725
              ],
              [
                6.323381856529002,
                53.35978873551311
              ],
              [
                6.323268845143065,
                53.35953300031349
              ],
              [
                6.323114478092326,
                53.35928512289304
              ],
              [
                6.322920242616093,
                53.359047490292006
              ],
              [
                6.322688009794769,
                53.35882239085598
              ]
            ]
          ],
          [
            [
              [
                6.375632631215738,
                53.35779511370778
              ],
              [
                6.375202290451885,
                53.35773437051519
              ],
              [
                6.374764070565613,
                53.357699152844646
              ],
              [
                6.37432219108516,
                53.35768979980155
              ],
              [
                6.373880906757041,
                53.35770640144607
              ],
              [
                6.373444466601022,
                53.357748797926554
              ],
              [
                6.373017073020082,
                53.357816581017744
              ],
              [
                6.3726028413579545,
                53.35790909804932
              ],
              [
                6.372205760292627,
                53.358025458186724
              ],
              [
                6.371829653446232,
                53.358164541004804
              ],
              [
                6.3714781425801235,
                53.35832500727065
              ],
              [
                6.371154612728912,
                53.358505311833106
              ],
              [
                6.370862179608704,
                53.35870371849486
              ],
              [
                6.370603659613084,
                53.358918316723695
              ],
              [
                6.370381542685784,
                53.35914704004333
              ],
              [
                6.37019796833136,
                53.35938768592605
              ],
              [
                6.370054704995348,
                53.35963793699642
              ],
              [
                6.369953133013022,
                53.35989538334208
              ],
              [
                6.369894231291777,
                53.36015754571727
              ],
              [
                6.369878567856294,
                53.360421899415094
              ],
              [
                6.369906294348592,
                53.36068589857968
              ],
              [
                6.369977144537112,
                53.360947000723485
              ],
              [
                6.37009043685032,
                53.36120269121416
              ],
              [
                6.370245080911611,
                53.36145050749468
              ],
              [
                6.370439588013698,
                53.361688062803566
              ],
              [
                6.370672085432637,
                53.361913069166896
              ],
              [
                6.370940334444502,
                53.362123359439636
              ],
              [
                6.371118984842298,
                53.36223807626977
              ],
              [
                6.371224049915566,
                53.36236638830609
              ],
              [
                6.3714565551118065,
                53.362591393081374
              ],
              [
                6.371724812193159,
                53.362801681535736
              ],
              [
                6.372026237904538,
                53.362995228249616
              ],
              [
                6.372329380258835,
                53.36315511172608
              ],
              [
                6.372474482778304,
                53.36324828062465
              ],
              [
                6.3728061780487115,
                53.363423220142884
              ],
              [
                6.373164944581092,
                53.363577868618975
              ],
              [
                6.373547327002625,
                53.363710736481565
              ],
              [
                6.373949642364239,
                53.36382054393764
              ],
              [
                6.374368015624684,
                53.36390623330541
              ],
              [
                6.374798416989462,
                53.36396697920701
              ],
              [
                6.375236700744204,
                53.36400219652311
              ],
              [
                6.375678645207616,
                53.36401154603155
              ],
              [
                6.376119993418143,
                53.363994937676736
              ],
              [
                6.376556494161377,
                53.36395253143758
              ],
              [
                6.376983942941942,
                53.36388473578535
              ],
              [
                6.377398222504096,
                53.36379220374714
              ],
              [
                6.377795342509673,
                53.36367582661227
              ],
              [
                6.378171477990278,
                53.36353672534278
              ],
              [
                6.378523006202479,
                53.363376239770645
              ],
              [
                6.3788465415303754,
                53.363195915686475
              ],
              [
                6.379028645892696,
                53.36307234926085
              ],
              [
                6.3794419755960385,
                53.36313067000213
              ],
              [
                6.379880254516601,
                53.363165870423174
              ],
              [
                6.380322191286458,
                53.363175202894624
              ],
              [
                6.380763529018171,
                53.36315857752494
              ],
              [
                6.381200016598296,
                53.36311615445697
              ],
              [
                6.381627449658304,
                53.36304834232399
              ],
              [
                6.382041711093937,
                53.36295579431199
              ],
              [
                6.382438810741701,
                53.362839401864086
              ],
              [
                6.38281492382937,
                53.36270028608975
              ],
              [
                6.383166427829295,
                53.36253978696072
              ],
              [
                6.383489937358876,
                53.36235945039822
              ],
              [
                6.383782336791607,
                53.362161013376046
              ],
              [
                6.384040810264295,
                53.36194638718372
              ],
              [
                6.384262868791385,
                53.36171763901079
              ],
              [
                6.384446374225424,
                53.36147697203
              ],
              [
                6.384589559833324,
                53.36122670417186
              ],
              [
                6.38469104729079,
                53.36096924579489
              ],
              [
                6.384749859932071,
                53.36070707646706
              ],
              [
                6.384765432128342,
                53.36044272108243
              ],
              [
                6.3847376147054575,
                53.36017872554241
              ],
              [
                6.384666676350057,
                53.35991763223701
              ],
              [
                6.3845533009916,
                53.35966195556143
              ],
              [
                6.38439858118679,
                53.35941415770382
              ],
              [
                6.384204007571128,
                53.35917662493781
              ],
              [
                6.383971454480254,
                53.35895164464724
              ],
              [
                6.3837031618804465,
                53.35874138330454
              ],
              [
                6.383401713782943,
                53.35854786561463
              ],
              [
                6.383070013350578,
                53.35837295502453
              ],
              [
                6.382711254936696,
                53.35821833578635
              ],
              [
                6.382328893325764,
                53.35808549674593
              ],
              [
                6.381926610471704,
                53.357975717013126
              ],
              [
                6.381508280053952,
                53.35789005365087
              ],
              [
                6.3810779301919345,
                53.357829331501925
              ],
              [
                6.38063970467635,
                53.35779413525067
              ],
              [
                6.380197823089609,
                53.35778480379624
              ],
              [
                6.379756540198493,
                53.35780142699095
              ],
              [
                6.379320105008947,
                53.35784384477567
              ],
              [
                6.378892719876167,
                53.35791164872005
              ],
              [
                6.3784785000625925,
                53.3580041859529
              ],
              [
                6.378081434132201,
                53.35812056544523
              ],
              [
                6.377705345561481,
                53.3582596665855
              ],
              [
                6.377416870429839,
                53.35839137892655
              ],
              [
                6.377400760324481,
                53.358386981883356
              ],
              [
                6.3771942956630765,
                53.3582780915422
              ],
              [
                6.376835559027932,
                53.35812345472401
              ],
              [
                6.376453216267409,
                53.35799059695837
              ],
              [
                6.376050949154027,
                53.35788079753548
              ],
              [
                6.375632631215738,
                53.35779511370778
              ]
            ]
          ],
          [
            [
              [
                6.508931710714026,
                53.359423756437465
              ],
              [
                6.508489788642815,
                53.35941489637332
              ],
              [
                6.508048542627963,
                53.35943199006687
              ],
              [
                6.507612221320636,
                53.35947487292887
              ],
              [
                6.507185025980271,
                53.359543132051066
              ],
              [
                6.506771070043071,
                53.359636110179515
              ],
              [
                6.506374339533845,
                53.35975291204011
              ],
              [
                6.505998654701319,
                53.35989241295421
              ],
              [
                6.505647633245652,
                53.36005326966294
              ],
              [
                6.505324655491429,
                53.3602339332553
              ],
              [
                6.505032831841146,
                53.36043266407637
              ],
              [
                6.504774972822242,
                53.36064754847204
              ],
              [
                6.504553562016119,
                53.360876517209654
              ],
              [
                6.504370732129977,
                53.36111736539741
              ],
              [
                6.504228244442315,
                53.36136777371087
              ],
              [
                6.504127471820613,
                53.361625330722404
              ],
              [
                6.504069385475552,
                53.361887556119555
              ],
              [
                6.504054545580233,
                53.36215192458728
              ],
              [
                6.504083095845824,
                53.36241589012639
              ],
              [
                6.504154762107007,
                53.36267691057204
              ],
              [
                6.504268854931986,
                53.362932472077695
              ],
              [
                6.504424276233148,
                53.36318011332739
              ],
              [
                6.504619529815772,
                53.363417449244515
              ],
              [
                6.504852735764244,
                53.3636421939673
              ],
              [
                6.505121648528084,
                53.36385218286998
              ],
              [
                6.505423678534375,
                53.364045393417534
              ],
              [
                6.505755917118906,
                53.364219964652484
              ],
              [
                6.5059491124760545,
                53.36430291743585
              ],
              [
                6.505996802884252,
                53.36447657810018
              ],
              [
                6.506110911482917,
                53.36473213765496
              ],
              [
                6.506266349939697,
                53.36497977632232
              ],
              [
                6.50646162189468,
                53.36521710905041
              ],
              [
                6.50669484725532,
                53.36544185000813
              ],
              [
                6.506963780284185,
                53.36565183460594
              ],
              [
                6.507265831213166,
                53.36584504035029
              ],
              [
                6.507598091176512,
                53.36601960632993
              ],
              [
                6.507957360222886,
                53.366173851146726
              ],
              [
                6.508340178136716,
                53.366306289117155
              ],
              [
                6.508742857771888,
                53.36641564458871
              ],
              [
                6.509161520576365,
                53.366500864233316
              ],
              [
                6.509592133965019,
                53.366561127197734
              ],
              [
                6.510030550179971,
                53.36659585301446
              ],
              [
                6.510472546263281,
                53.36660470719592
              ],
              [
                6.510913864755943,
                53.36658760445796
              ],
              [
                6.511350254730085,
                53.366544709541685
              ],
              [
                6.511777512758108,
                53.3664764356258
              ],
              [
                6.512191523422937,
                53.36638344034425
              ],
              [
                6.512588298978211,
                53.366266619448545
              ],
              [
                6.512771605436629,
                53.36619854978294
              ],
              [
                6.5130941083383975,
                53.3662641843389
              ],
              [
                6.513524724755533,
                53.366324433224435
              ],
              [
                6.513963141621782,
                53.3663591447116
              ],
              [
                6.514405135972918,
                53.366367984450854
              ],
              [
                6.514846450366614,
                53.36635086729714
              ],
              [
                6.515282833914505,
                53.36630795813043
              ],
              [
                6.515710083250918,
                53.36623967026665
              ],
              [
                6.516124083042538,
                53.36614666147418
              ],
              [
                6.516520845647798,
                53.36602982763461
              ],
              [
                6.516896549542995,
                53.365890294109
              ],
              [
                6.5172475761442135,
                53.36572940489276
              ],
              [
                6.5175705446697165,
                53.365548709664125
              ],
              [
                6.51786234470655,
                53.36534994885115
              ],
              [
                6.518120166167409,
                53.36513503686151
              ],
              [
                6.5183415263492295,
                53.36490604363677
              ],
              [
                6.518524293833015,
                53.364665174709174
              ],
              [
                6.5186667089951795,
                53.364414749953255
              ],
              [
                6.518767400933408,
                53.364157181237665
              ],
              [
                6.5188254006448485,
                53.36389494919213
              ],
              [
                6.518840150330641,
                53.363630579313465
              ],
              [
                6.518811508738212,
                53.36336661764158
              ],
              [
                6.518739752491083,
                53.363105606239216
              ],
              [
                6.518625573394495,
                53.362850058711714
              ],
              [
                6.51847007174399,
                53.362602436002454
              ],
              [
                6.518274745702525,
                53.36236512269745
              ],
              [
                6.518041476849406,
                53.362140404066366
              ],
              [
                6.517772512041088,
                53.3619304440611
              ],
              [
                6.517470441759305,
                53.361737264484276
              ],
              [
                6.517462460710939,
                53.36173307208368
              ],
              [
                6.517455188019277,
                53.361728421029305
              ],
              [
                6.517122921545508,
                53.36155388202858
              ],
              [
                6.516763658550486,
                53.36139966431688
              ],
              [
                6.516380858674814,
                53.36126725287349
              ],
              [
                6.515978208090138,
                53.36115792269079
              ],
              [
                6.515559584014702,
                53.36107272650306
              ],
              [
                6.515129017393854,
                53.36101248465479
              ],
              [
                6.514690654104175,
                53.36097777720584
              ],
              [
                6.51424871505392,
                53.3609689383489
              ],
              [
                6.5138074555629295,
                53.36098605319358
              ],
              [
                6.5133711244120995,
                53.36102895694691
              ],
              [
                6.513044417478502,
                53.361081174629014
              ],
              [
                6.51293023547334,
                53.36094241700291
              ],
              [
                6.512697002206178,
                53.36071768780058
              ],
              [
                6.512428072315298,
                53.36050771564754
              ],
              [
                6.512126035946268,
                53.36031452246327
              ],
              [
                6.5117938019240516,
                53.3601399685696
              ],
              [
                6.511434569737511,
                53.359985734783514
              ],
              [
                6.511051798730693,
                53.359853306239245
              ],
              [
                6.510933877364456,
                53.35982128031632
              ],
              [
                6.510621816078778,
                53.35971331344447
              ],
              [
                6.51021919453867,
                53.35960396384802
              ],
              [
                6.509800596843667,
                53.35951874750217
              ],
              [
                6.509370053685203,
                53.35945848494558
              ],
              [
                6.508931710714026,
                53.359423756437465
              ]
            ]
          ],
          [
            [
              [
                6.459050595247284,
                53.360869335323244
              ],
              [
                6.458612277250646,
                53.36083442341533
              ],
              [
                6.458170349798365,
                53.360825378515294
              ],
              [
                6.4577290680986845,
                53.36084228771647
              ],
              [
                6.4572926811462,
                53.360884988205925
              ],
              [
                6.456865390832076,
                53.36095306883135
              ],
              [
                6.456451311506474,
                53.361045874057524
              ],
              [
                6.456054430381608,
                53.361162510275115
              ],
              [
                6.455678569155674,
                53.36130185440053
              ],
              [
                6.455327347226416,
                53.36146256468455
              ],
              [
                6.455004146847845,
                53.36164309362637
              ],
              [
                6.454712080565176,
                53.36184170286773
              ],
              [
                6.45445396124127,
                53.36205647992542
              ],
              [
                6.454232274963227,
                53.36228535660076
              ],
              [
                6.454049157090118,
                53.36252612888873
              ],
              [
                6.453906371672999,
                53.362776478196125
              ],
              [
                6.453805294445918,
                53.36303399366395
              ],
              [
                6.45374689955257,
                53.36329619538011
              ],
              [
                6.453731750137277,
                53.363560558258214
              ],
              [
                6.453759992892032,
                53.363824536353206
              ],
              [
                6.453831356613242,
                53.36408558737983
              ],
              [
                6.453945154783209,
                53.364341197197284
              ],
              [
                6.454100292152705,
                53.36458890402483
              ],
              [
                6.45429527526231,
                53.3648263221546
              ],
              [
                6.454528226802266,
                53.3650511649333
              ],
              [
                6.454796903673357,
                53.365261266790995
              ],
              [
                6.455098718575688,
                53.365454604105
              ],
              [
                6.455106682937372,
                53.36545879468719
              ],
              [
                6.4551139607196815,
                53.36546345667388
              ],
              [
                6.455446007192005,
                53.36563816722295
              ],
              [
                6.455805087209781,
                53.365792568255685
              ],
              [
                6.456187742379143,
                53.36592517258399
              ],
              [
                6.456590287122443,
                53.366034702953165
              ],
              [
                6.457008844187733,
                53.36612010435033
              ],
              [
                6.457439382009018,
                53.36618055417159
              ],
              [
                6.457877753556781,
                53.366215470149484
              ],
              [
                6.458319736303595,
                53.36622451596471
              ],
              [
                6.458761072918985,
                53.366207604487116
              ],
              [
                6.4591975123004,
                53.366164898615416
              ],
              [
                6.459624850543999,
                53.366096809707194
              ],
              [
                6.460038971459536,
                53.36600399361447
              ],
              [
                6.460435886238012,
                53.36588734436263
              ],
              [
                6.460811771889089,
                53.36574798553478
              ],
              [
                6.461163008077171,
                53.36558725944365
              ],
              [
                6.461486212000704,
                53.36540671419636
              ],
              [
                6.461778270978309,
                53.365208088776626
              ],
              [
                6.462036372427536,
                53.364993296288176
              ],
              [
                6.462258030947525,
                53.36476440552195
              ],
              [
                6.462441112244891,
                53.36452362102359
              ],
              [
                6.462583853672784,
                53.364273261854954
              ],
              [
                6.462684881185903,
                53.36401573925338
              ],
              [
                6.462743222549006,
                53.3637535334049
              ],
              [
                6.46275831667256,
                53.36348916955452
              ],
              [
                6.462730018986783,
                53.36322519368458
              ],
              [
                6.462658602803372,
                53.362964147995
              ],
              [
                6.462544756653019,
                53.36270854642171
              ],
              [
                6.462389577625524,
                53.36246085042913
              ],
              [
                6.462194560777751,
                53.36222344530931
              ],
              [
                6.461961584712417,
                53.36199861721639
              ],
              [
                6.4616928934675535,
                53.36178853115674
              ],
              [
                6.461391074891699,
                53.36159521014703
              ],
              [
                6.461383110638791,
                53.36159101997491
              ],
              [
                6.461375832838013,
                53.361586358361215
              ],
              [
                6.461043793790024,
                53.36141166391122
              ],
              [
                6.460684731751811,
                53.36125727823091
              ],
              [
                6.460302104429989,
                53.361124687916984
              ],
              [
                6.459899596335655,
                53.361015169684244
              ],
              [
                6.4594810833158585,
                53.36092977807762
              ],
              [
                6.459050595247284,
                53.360869335323244
              ]
            ]
          ],
          [
            [
              [
                6.4000826264049975,
                53.386042187971086
              ],
              [
                6.399814085475271,
                53.38583196517504
              ],
              [
                6.399512374544792,
                53.3856384903467
              ],
              [
                6.3991803993072836,
                53.385463626520135
              ],
              [
                6.398821356762062,
                53.38530905749689
              ],
              [
                6.3984387044291795,
                53.38517627163926
              ],
              [
                6.398036127061438,
                53.38506654754476
              ],
              [
                6.397617501173534,
                53.384980941740444
              ],
              [
                6.397186857729281,
                53.38492027851489
              ],
              [
                6.396748343345515,
                53.38488514198497
              ],
              [
                6.396306180385399,
                53.384875870474765
              ],
              [
                6.395864626324317,
                53.384892553259505
              ],
              [
                6.395427932778646,
                53.38493502970628
              ],
              [
                6.395000304590733,
                53.38500289081994
              ],
              [
                6.394585859362984,
                53.385095483178944
              ],
              [
                6.394188587829647,
                53.38521191522363
              ],
              [
                6.393812315446902,
                53.3853510658365
              ],
              [
                6.393460665570297,
                53.38551159513195
              ],
              [
                6.393137024573434,
                53.38569195735206
              ],
              [
                6.3928445092432895,
                53.38589041574431
              ],
              [
                6.392585936765883,
                53.38610505927856
              ],
              [
                6.392363797591272,
                53.38633382104226
              ],
              [
                6.392180231439319,
                53.38657449813739
              ],
              [
                6.39203700667775,
                53.38682477288793
              ],
              [
                6.391935503271602,
                53.38708223515355
              ],
              [
                6.391876699469122,
                53.38734440553492
              ],
              [
                6.391861162353232,
                53.38760875924797
              ],
              [
                6.3918890423506145,
                53.38787275043649
              ],
              [
                6.391960071752448,
                53.38813383668955
              ],
              [
                6.392073567262182,
                53.38838950352761
              ],
              [
                6.392228436547037,
                53.38863728862122
              ],
              [
                6.3924231887312075,
                53.38887480550896
              ],
              [
                6.392655948730727,
                53.389099766586746
              ],
              [
                6.392924475292885,
                53.3893100051454
              ],
              [
                6.393226182567121,
                53.38950349624576
              ],
              [
                6.39355816500022,
                53.389678376228375
              ],
              [
                6.393917225316341,
                53.38983296067079
              ],
              [
                6.394299905312515,
                53.389965760618225
              ],
              [
                6.3947025191728475,
                53.39007549693165
              ],
              [
                6.395121188980252,
                53.390161112614486
              ],
              [
                6.39555188208312,
                53.39022178299856
              ],
              [
                6.395990449956251,
                53.39025692369181
              ],
              [
                6.3964326681809265,
                53.39026619621018
              ],
              [
                6.396874277157973,
                53.390249511239794
              ],
              [
                6.397311023160623,
                53.390207029497425
              ],
              [
                6.397738699330636,
                53.3901391601818
              ],
              [
                6.398153186221684,
                53.3900465570297
              ],
              [
                6.398550491498421,
                53.38993011201545
              ],
              [
                6.398926788407924,
                53.38979094675501
              ],
              [
                6.399278452652099,
                53.38963040169692
              ],
              [
                6.399602097305205,
                53.3894500232048
              ],
              [
                6.3998946054397585,
                53.38925154865651
              ],
              [
                6.400153160146259,
                53.38903688970306
              ],
              [
                6.400375271657583,
                53.388808113849606
              ],
              [
                6.400558801316943,
                53.38856742453549
              ],
              [
                6.40070198215901,
                53.388317139906405
              ],
              [
                6.400803435906548,
                53.388059670482306
              ],
              [
                6.400862186219662,
                53.38779749593759
              ],
              [
                6.400877668070994,
                53.387533141216394
              ],
              [
                6.400849733157645,
                53.38726915221354
              ],
              [
                6.400778651298834,
                53.38700807125605
              ],
              [
                6.400665107807,
                53.38675241261992
              ],
              [
                6.400510196858845,
                53.38650463831951
              ],
              [
                6.400315410931277,
                53.38626713440127
              ],
              [
                6.4000826264049975,
                53.386042187971086
              ]
            ]
          ],
          [
            [
              [
                6.2200870145181,
                53.40047269536121
              ],
              [
                6.219786007256983,
                53.400278769998906
              ],
              [
                6.219454647449109,
                53.40010341048205
              ],
              [
                6.219096126171315,
                53.3999483053858
              ],
              [
                6.218713895927682,
                53.399814948234464
              ],
              [
                6.218311637409718,
                53.39970462312663
              ],
              [
                6.217893224064442,
                53.3996183923764
              ],
              [
                6.217462684811059,
                53.39955708628962
              ],
              [
                6.217024165264463,
                53.39952129517286
              ],
              [
                6.2165818878381245,
                53.39951136365289
              ],
              [
                6.21614011110949,
                53.3995273873595
              ],
              [
                6.215703088838145,
                53.399569212005616
              ],
              [
                6.215275029030204,
                53.39963643487194
              ],
              [
                6.2148600534419955,
                53.39972840868227
              ],
              [
                6.214462157911964,
                53.39984424783283
              ],
              [
                6.214085173901721,
                53.39998283691517
              ],
              [
                6.213732731615823,
                53.40014284145092
              ],
              [
                6.213408225054638,
                53.40032272073551
              ],
              [
                6.213114779336403,
                53.40052074266746
              ],
              [
                6.212855220602846,
                53.40073500042012
              ],
              [
                6.212632048798076,
                53.40096343079686
              ],
              [
                6.212447413583114,
                53.40120383409192
              ],
              [
                6.212348682478497,
                53.40137490442339
              ],
              [
                6.211963880576381,
                53.40132009470639
              ],
              [
                6.211525347508408,
                53.40128428360797
              ],
              [
                6.211083053104758,
                53.401274331924945
              ],
              [
                6.2106412561063244,
                53.40129033548154
              ],
              [
                6.210204210467801,
                53.40133214018462
              ],
              [
                6.209776124420227,
                53.40139934350679
              ],
              [
                6.209361119972505,
                53.40149129836013
              ],
              [
                6.208963193240855,
                53.40160711932338
              ],
              [
                6.208586175987231,
                53.401745691163185
              ],
              [
                6.208233698736176,
                53.401905679567285
              ],
              [
                6.207909155824636,
                53.402085543986466
              ],
              [
                6.207615672720786,
                53.40228355246232
              ],
              [
                6.207356075926259,
                53.40249779829794
              ],
              [
                6.20713286575161,
                53.40272621841137
              ],
              [
                6.206948192227293,
                53.40296661319574
              ],
              [
                6.206803834382541,
                53.40321666769503
              ],
              [
                6.206701183092285,
                53.40347397389122
              ],
              [
                6.206641227658055,
                53.40373605388951
              ],
              [
                6.206624546253062,
                53.40400038377782
              ],
              [
                6.206651300324494,
                53.40426441793088
              ],
              [
                6.206721233008094,
                53.40452561352564
              ],
              [
                6.206833671571477,
                53.4047814550309
              ],
              [
                6.2069875338637805,
                53.40502947843638
              ],
              [
                6.207181338710694,
                53.405267294986785
              ],
              [
                6.207413220155784,
                53.40549261419292
              ],
              [
                6.207680945411817,
                53.40570326589728
              ],
              [
                6.207981936349974,
                53.40589722118221
              ],
              [
                6.208313294320484,
                53.40607261191789
              ],
              [
                6.208671828066003,
                53.4062277487628
              ],
              [
                6.209054084458954,
                53.40636113744154
              ],
              [
                6.2094563817667074,
                53.40647149314455
              ],
              [
                6.209874845123843,
                53.406557752908945
              ],
              [
                6.2103054438692915,
                53.40661908586251
              ],
              [
                6.2107440303880415,
                53.40665490123077
              ],
              [
                6.21118638008236,
                53.40666485403076
              ],
              [
                6.211628232086572,
                53.406648848395385
              ],
              [
                6.212065330332137,
                53.40660703849764
              ],
              [
                6.212493464566354,
                53.4065398270645
              ],
              [
                6.212908510928541,
                53.40644786149567
              ],
              [
                6.213306471691726,
                53.406332027624096
              ],
              [
                6.2136835137861395,
                53.40619344117926
              ],
              [
                6.214036005732627,
                53.40603343703475
              ],
              [
                6.2143605526295,
                53.40585355634455
              ],
              [
                6.214654028855431,
                53.405655531692396
              ],
              [
                6.214913608173104,
                53.405441270396864
              ],
              [
                6.2151367909435855,
                53.405212836134034
              ],
              [
                6.215321428189552,
                53.40497242905447
              ],
              [
                6.215420155633881,
                53.404801356512124
              ],
              [
                6.21580499306319,
                53.40485615504228
              ],
              [
                6.216243566058103,
                53.40489195042556
              ],
              [
                6.216685898770611,
                53.404901883059296
              ],
              [
                6.217127730498645,
                53.40488585727081
              ],
              [
                6.217564805369024,
                53.40484402742709
              ],
              [
                6.217992913354288,
                53.40477679644736
              ],
              [
                6.2184079308466735,
                53.404684811919545
              ],
              [
                6.218805860397389,
                53.40456895985922
              ],
              [
                6.21918286923742,
                53.404430356171076
              ],
              [
                6.219535326208021,
                53.404270335894694
              ],
              [
                6.219859836744499,
                53.4040904403395
              ],
              [
                6.220153275575841,
                53.40389240223236
              ],
              [
                6.2204128168249895,
                53.40367812902143
              ],
              [
                6.2206359612197435,
                53.40344968449748
              ],
              [
                6.220820560152439,
                53.40320926890986
              ],
              [
                6.220964836357035,
                53.40295919776909
              ],
              [
                6.221067401005057,
                53.40270187954044
              ],
              [
                6.2211272670565645,
                53.40243979244357
              ],
              [
                6.221143858738437,
                53.40217546058192
              ],
              [
                6.2211170170598225,
                53.40191142963179
              ],
              [
                6.221047001312681,
                53.40165024232552
              ],
              [
                6.220934486544267,
                53.401394413964866
              ],
              [
                6.220780557026924,
                53.40114640819984
              ],
              [
                6.220586695789317,
                53.40090861330727
              ],
              [
                6.220354770310868,
                53.40068331919599
              ],
              [
                6.2200870145181,
                53.40047269536121
              ]
            ]
          ],
          [
            [
              [
                6.5345097528699645,
                53.271363663293855
              ],
              [
                6.534096700993332,
                53.27145673576401
              ],
              [
                6.533700854034219,
                53.27157362883413
              ],
              [
                6.533326023735088,
                53.27171321694696
              ],
              [
                6.532975819568725,
                53.27187415600352
              ],
              [
                6.532653613990385,
                53.272054896299345
              ],
              [
                6.532362509967001,
                53.2722536974403
              ],
              [
                6.5321053110957985,
                53.27246864509457
              ],
              [
                6.531884494600034,
                53.272697669419806
              ],
              [
                6.531702187462094,
                53.27293856498829
              ],
              [
                6.531560145924176,
                53.27318901201874
              ],
              [
                6.531459738554551,
                53.273446598710244
              ],
              [
                6.531401933043282,
                53.27370884446401
              ],
              [
                6.531387286855461,
                53.27397322376872
              ],
              [
                6.531415941833075,
                53.27423719052046
              ],
              [
                6.5314876227985845,
                53.27449820254262
              ],
              [
                6.531601640174843,
                53.27475374606957
              ],
              [
                6.531756896597292,
                53.275001359958736
              ],
              [
                6.531951897455832,
                53.275238659397104
              ],
              [
                6.532184765265912,
                53.27546335887439
              ],
              [
                6.532453257731263,
                53.27567329420097
              ],
              [
                6.532754789325062,
                53.27586644335815
              ],
              [
                6.533086456182159,
                53.27604094598024
              ],
              [
                6.533445064063029,
                53.27619512127961
              ],
              [
                6.533827159120117,
                53.27632748424289
              ],
              [
                6.534229061170169,
                53.27643675994047
              ],
              [
                6.534476783975778,
                53.27648723449903
              ],
              [
                6.534555160422647,
                53.276508544325836
              ],
              [
                6.534972999734791,
                53.276593679058365
              ],
              [
                6.53540275017011,
                53.27665385388854
              ],
              [
                6.535840272284572,
                53.2766884891982
              ],
              [
                6.536281351734419,
                53.27669725137162
              ],
              [
                6.536721739892069,
                53.276680056011
              ],
              [
                6.537157194793146,
                53.276637068749665
              ],
              [
                6.5375835220191085,
                53.27656870365562
              ],
              [
                6.537996615120624,
                53.276475619240856
              ],
              [
                6.538392495191243,
                53.27635871211515
              ],
              [
                6.5387673492092855,
                53.276219108344996
              ],
              [
                6.53911756677777,
                53.276058152601934
              ],
              [
                6.539439774907885,
                53.275877395204475
              ],
              [
                6.539730870510483,
                53.27567857717895
              ],
              [
                6.5399880502823775,
                53.275463613483495
              ],
              [
                6.540208837699605,
                53.27523457455709
              ],
              [
                6.540391106857779,
                53.27499366637153
              ],
              [
                6.540533102930359,
                53.274743209179036
              ],
              [
                6.540633459048413,
                53.27448561516018
              ],
              [
                6.540691209440063,
                53.27422336518788
              ],
              [
                6.540705798704004,
                53.27395898493144
              ],
              [
                6.540677087128877,
                53.27369502053045
              ],
              [
                6.540605352008346,
                53.27343401407381
              ],
              [
                6.54049128494043,
                53.273178479119174
              ],
              [
                6.5403359851382294,
                53.27293087648902
              ],
              [
                6.540140948817596,
                53.27269359057613
              ],
              [
                6.539908054764927,
                53.2724689063866
              ],
              [
                6.539639546225,
                53.272258987541086
              ],
              [
                6.539338009283933,
                53.27206585544626
              ],
              [
                6.539006347956011,
                53.27189136983595
              ],
              [
                6.538647756214562,
                53.27173721087019
              ],
              [
                6.538265687236361,
                53.27160486296302
              ],
              [
                6.537863820155544,
                53.27149560049541
              ],
              [
                6.537679571149547,
                53.271458060373845
              ],
              [
                6.5375675260445325,
                53.27142759618327
              ],
              [
                6.537149731771435,
                53.27134247020194
              ],
              [
                6.536720031885891,
                53.27128230137331
              ],
              [
                6.53671350178905,
                53.27128178442784
              ],
              [
                6.536690259420065,
                53.271278529859565
              ],
              [
                6.536252791515986,
                53.27124389743198
              ],
              [
                6.535811767803831,
                53.271235134982845
              ],
              [
                6.5353714347919825,
                53.27125232688602
              ],
              [
                6.534936032342673,
                53.27129530760657
              ],
              [
                6.5345097528699645,
                53.271363663293855
              ]
            ]
          ],
          [
            [
              [
                6.602421973707431,
                53.2870581560713
              ],
              [
                6.602039574842845,
                53.28692601270659
              ],
              [
                6.601637405122689,
                53.286816965085976
              ],
              [
                6.60121933713468,
                53.286732063223276
              ],
              [
                6.60078939646993,
                53.28667212462932
              ],
              [
                6.600351722978609,
                53.28663772644433
              ],
              [
                6.599910530928321,
                53.286629199883414
              ],
              [
                6.599470068447881,
                53.28664662704927
              ],
              [
                6.5990345766459635,
                53.28668984014186
              ],
              [
                6.598608248797067,
                53.28675842307318
              ],
              [
                6.598195189986804,
                53.28685171547132
              ],
              [
                6.597799377603983,
                53.2869688190359
              ],
              [
                6.59742462305898,
                53.28710860618282
              ],
              [
                6.597074535096197,
                53.287269730896625
              ],
              [
                6.596752485053182,
                53.28745064168511
              ],
              [
                6.596461574400558,
                53.28764959651231
              ],
              [
                6.596204604874972,
                53.287864679566326
              ],
              [
                6.595984051492695,
                53.28809381970072
              ],
              [
                6.595802038703916,
                53.28833481037234
              ],
              [
                6.595660319917721,
                53.28858533088358
              ],
              [
                6.595560260595605,
                53.28884296872567
              ],
              [
                6.595502825077026,
                53.28910524280658
              ],
              [
                6.595488567264881,
                53.28936962734173
              ],
              [
                6.595488572427254,
                53.28936967423456
              ],
              [
                6.595488572259673,
                53.289369677341924
              ],
              [
                6.595517630256492,
                53.28963362617661
              ],
              [
                6.595589725003845,
                53.28989459730607
              ],
              [
                6.595704162939722,
                53.290150077358085
              ],
              [
                6.595859842649082,
                53.2903976058008
              ],
              [
                6.595995819933697,
                53.29056264744718
              ],
              [
                6.595907063897676,
                53.29054461985768
              ],
              [
                6.595477092421508,
                53.29048466242152
              ],
              [
                6.59503938430641,
                53.29045024503032
              ],
              [
                6.594598154153307,
                53.29044169908408
              ],
              [
                6.594157650457832,
                53.29045910687218
              ],
              [
                6.593722114725388,
                53.29050230078112
              ],
              [
                6.593295740653356,
                53.29057086490761
              ],
              [
                6.592882633772298,
                53.290664139060844
              ],
              [
                6.592486771933765,
                53.290781225116106
              ],
              [
                6.592111967024213,
                53.29092099565794
              ],
              [
                6.591761828272887,
                53.29108210483081
              ],
              [
                6.591439727506289,
                53.29126300129213
              ],
              [
                6.591148766683397,
                53.291461943143986
              ],
              [
                6.590891748023914,
                53.29167701469943
              ],
              [
                6.590671147017221,
                53.291906144922834
              ],
              [
                6.59048908857212,
                53.292147127366476
              ],
              [
                6.590347326537405,
                53.29239764141211
              ],
              [
                6.590247226791121,
                53.292655274613175
              ],
              [
                6.590189754062115,
                53.29291754592254
              ],
              [
                6.590175462611769,
                53.293181929582275
              ],
              [
                6.590204490866654,
                53.2934458794461
              ],
              [
                6.590276560054958,
                53.293706853499486
              ],
              [
                6.59039097686102,
                53.29396233834208
              ],
              [
                6.5905466400734944,
                53.294209873395836
              ],
              [
                6.590742051164303,
                53.294447074606595
              ],
              [
                6.590975328697434,
                53.29467165740968
              ],
              [
                6.591244226429783,
                53.294881458738764
              ],
              [
                6.591546154930347,
                53.29507445786544
              ],
              [
                6.591878206510118,
                53.2952487958687
              ],
              [
                6.592237183222906,
                53.295402793546394
              ],
              [
                6.592356449220692,
                53.29544401248339
              ],
              [
                6.592286808048182,
                53.295491625827324
              ],
              [
                6.59202977123477,
                53.29570669957528
              ],
              [
                6.591809155854823,
                53.295935831615964
              ],
              [
                6.591627086955671,
                53.2961768154841
              ],
              [
                6.591485318486912,
                53.29642733054783
              ],
              [
                6.59138521638871,
                53.29668496435071
              ],
              [
                6.591327745412738,
                53.29694723583984
              ],
              [
                6.591313459803657,
                53.29721161925554
              ],
              [
                6.591342497931952,
                53.29747556845393
              ],
              [
                6.591414580930896,
                53.2977365414268
              ],
              [
                6.591529015351975,
                53.297992024784186
              ],
              [
                6.591684699814331,
                53.2982395579624
              ],
              [
                6.591823045588084,
                53.298407467520306
              ],
              [
                6.591686819284893,
                53.298521444967946
              ],
              [
                6.591466187801588,
                53.29875057620621
              ],
              [
                6.5912841052273565,
                53.298991559363515
              ],
              [
                6.591142325643584,
                53.299242073814796
              ],
              [
                6.5910422150975565,
                53.29949970710956
              ],
              [
                6.590984738422406,
                53.29976197819975
              ],
              [
                6.590970449917797,
                53.30002636132961
              ],
              [
                6.590999487982214,
                53.30029031035797
              ],
              [
                6.5910715737496695,
                53.30055128327829
              ],
              [
                6.591186013745092,
                53.300806766701044
              ],
              [
                6.591341706534057,
                53.30105430006199
              ],
              [
                6.59153715330384,
                53.30129149932316
              ],
              [
                6.591770472274991,
                53.301516079938615
              ],
              [
                6.592039416805434,
                53.301725878863095
              ],
              [
                6.592341397013531,
                53.30191887539125
              ],
              [
                6.5926735047123,
                53.302093210627085
              ],
              [
                6.593032541415033,
                53.30224720539507
              ],
              [
                6.593415049142602,
                53.302379376420305
              ],
              [
                6.593817343735658,
                53.30248845062185
              ],
              [
                6.59423555035052,
                53.30257337738115
              ],
              [
                6.594398521719277,
                53.30259609832114
              ],
              [
                6.594543114454762,
                53.302635300365495
              ],
              [
                6.594961323904771,
                53.30272022458665
              ],
              [
                6.595391416804675,
                53.302780183264275
              ],
              [
                6.595829250410669,
                53.302814598862206
              ],
              [
                6.59627060737771,
                53.30282313988118
              ],
              [
                6.5967112364043885,
                53.30280572405372
              ],
              [
                6.597146893205743,
                53.30276251913684
              ],
              [
                6.5975733814182815,
                53.30269394129521
              ],
              [
                6.597986593042094,
                53.302600651090266
              ],
              [
                6.598284194321454,
                53.30251263547616
              ],
              [
                6.59829232244224,
                53.3025178292172
              ],
              [
                6.598624458695141,
                53.30269214788831
              ],
              [
                6.598983521506005,
                53.30284612476932
              ],
              [
                6.59936605264413,
                53.3029782767577
              ],
              [
                6.599768367724571,
                53.303087330955904
              ],
              [
                6.599787165006547,
                53.30309114713545
              ],
              [
                6.599890229961929,
                53.30314523708165
              ],
              [
                6.600249301047054,
                53.303299210132806
              ],
              [
                6.600631840061541,
                53.303431358048734
              ],
              [
                6.601034162544547,
                53.30354040797099
              ],
              [
                6.601452393383632,
                53.30362530951485
              ],
              [
                6.601882504154431,
                53.30368524489144
              ],
              [
                6.602320351940928,
                53.30371963678887
              ],
              [
                6.6023693844012845,
                53.30372058305761
              ],
              [
                6.602496624617844,
                53.3037305771099
              ],
              [
                6.602937992079858,
                53.30373909360957
              ],
              [
                6.603378627568374,
                53.30372165332315
              ],
              [
                6.603814286736189,
                53.303678424243266
              ],
              [
                6.604240773197032,
                53.30360982276742
              ],
              [
                6.604653978967924,
                53.30351650968466
              ],
              [
                6.605049924057608,
                53.30339938380744
              ],
              [
                6.605424794818892,
                53.30325957330942
              ],
              [
                6.605774980694563,
                53.30309842485339
              ],
              [
                6.6057781204650245,
                53.30309666130687
              ],
              [
                6.605782980802339,
                53.30309442466192
              ],
              [
                6.606105109046665,
                53.3029134904012
              ],
              [
                6.606396077403896,
                53.30271451308882
              ],
              [
                6.606653083798114,
                53.30249940921705
              ],
              [
                6.606873653377041,
                53.30227025057481
              ],
              [
                6.607055662336216,
                53.30202924428664
              ],
              [
                6.607197358356974,
                53.30177871154934
              ],
              [
                6.607260709153644,
                53.301615522122326
              ],
              [
                6.60731003509363,
                53.30152830762299
              ],
              [
                6.607410052956255,
                53.3012706612321
              ],
              [
                6.60746743161465,
                53.30100838271458
              ],
              [
                6.607481619249026,
                53.3007439980139
              ],
              [
                6.607452480017164,
                53.30048005331202
              ],
              [
                6.607380295332172,
                53.30021909050749
              ],
              [
                6.607265761122143,
                53.299963622737096
              ],
              [
                6.607109981099129,
                53.299716110175645
              ],
              [
                6.606914456103498,
                53.29947893634802
              ],
              [
                6.606681069627187,
                53.299254385180404
              ],
              [
                6.606412069656261,
                53.29904461901207
              ],
              [
                6.606110047008243,
                53.29885165777888
              ],
              [
                6.605777910373421,
                53.29867735956919
              ],
              [
                6.60541885830077,
                53.29852340273805
              ],
              [
                6.605036348398346,
                53.29839126975293
              ],
              [
                6.604634064044599,
                53.29828223292518
              ],
              [
                6.604215878930855,
                53.29819734216465
              ],
              [
                6.603785819775786,
                53.29813741487525
              ],
              [
                6.603348027570213,
                53.298103028088235
              ],
              [
                6.603170894442547,
                53.298099610457214
              ],
              [
                6.603071447139752,
                53.29807265397609
              ],
              [
                6.602653267092548,
                53.29798775775685
              ],
              [
                6.602223212155106,
                53.297927824858576
              ],
              [
                6.601785423277655,
                53.29789343236663
              ],
              [
                6.601344115838561,
                53.297884911441244
              ],
              [
                6.600903539077434,
                53.29790234413095
              ],
              [
                6.600467935203059,
                53.29794556258248
              ],
              [
                6.600080941840745,
                53.29800780667246
              ],
              [
                6.600138866212118,
                53.29790541406622
              ],
              [
                6.600238918736498,
                53.29764777322495
              ],
              [
                6.600296336390451,
                53.2973854976942
              ],
              [
                6.600310566978451,
                53.29712111338891
              ],
              [
                6.6002814742444365,
                53.2968571664872
              ],
              [
                6.600209339153608,
                53.29659619890893
              ],
              [
                6.60009485715634,
                53.29634072383689
              ],
              [
                6.599939131461813,
                53.296093201516285
              ],
              [
                6.599743662387184,
                53.29585601556597
              ],
              [
                6.5995103328859,
                53.29563145002899
              ],
              [
                6.599241390395416,
                53.29542166738304
              ],
              [
                6.598939425179823,
                53.295228687722776
              ],
              [
                6.5986073453764815,
                53.295054369313846
              ],
              [
                6.598248348987245,
                53.29490039070601
              ],
              [
                6.598129078914537,
                53.29485917762122
              ],
              [
                6.598198712595125,
                53.29481156090317
              ],
              [
                6.598455713244281,
                53.294596474000535
              ],
              [
                6.598676286426133,
                53.294367329777074
              ],
              [
                6.598858308301169,
                53.294126335218465
              ],
              [
                6.599000026425967,
                53.293875811408576
              ],
              [
                6.599100076609918,
                53.29361817116918
              ],
              [
                6.599157496028816,
                53.29335589581794
              ],
              [
                6.599171732469964,
                53.293091511268024
              ],
              [
                6.599142649620768,
                53.29282756369999
              ],
              [
                6.5990705283510644,
                53.292566595040114
              ],
              [
                6.598956063977969,
                53.2923111184815
              ],
              [
                6.598800359540808,
                53.2920635942838
              ],
              [
                6.598699049984342,
                53.29194064698813
              ],
              [
                6.598812723997996,
                53.291963732037274
              ],
              [
                6.59924271477119,
                53.292023677450246
              ],
              [
                6.599680442089172,
                53.29205807945457
              ],
              [
                6.600121689630923,
                53.29206660668199
              ],
              [
                6.6005622071493075,
                53.292049176997885
              ],
              [
                6.600997751433711,
                53.29200595829276
              ],
              [
                6.6014241272047,
                53.29193736686407
              ],
              [
                6.601837227545683,
                53.29184406340413
              ],
              [
                6.6022330734810755,
                53.291726946632586
              ],
              [
                6.602607852318832,
                53.291587144635436
              ],
              [
                6.6029579543871675,
                53.291426003993486
              ],
              [
                6.603280007810993,
                53.291245076806184
              ],
              [
                6.603570910992628,
                53.29104610573507
              ],
              [
                6.603827862483708,
                53.29083100721232
              ],
              [
                6.60404838796046,
                53.29060185297515
              ],
              [
                6.604230364042843,
                53.29036085010577
              ],
              [
                6.604372038728437,
                53.290110319767884
              ],
              [
                6.604472048244926,
                53.2898526748462
              ],
              [
                6.604529430159678,
                53.28959039670337
              ],
              [
                6.604543632621058,
                53.28932601127947
              ],
              [
                6.604514519643566,
                53.2890620647633
              ],
              [
                6.6044423723870125,
                53.28880109907103
              ],
              [
                6.604327886418592,
                53.288545627367185
              ],
              [
                6.60417216498539,
                53.28829810986462
              ],
              [
                6.603976708363211,
                53.288060930135835
              ],
              [
                6.603743399385291,
                53.28783637216385
              ],
              [
                6.603687658356357,
                53.28779289006541
              ],
              [
                6.603683797489607,
                53.28778917397895
              ],
              [
                6.603414883980269,
                53.287579400030175
              ],
              [
                6.603112955357805,
                53.28738643023653
              ],
              [
                6.602780919407034,
                53.28721212276882
              ],
              [
                6.602421973707431,
                53.2870581560713
              ]
            ]
          ],
          [
            [
              [
                6.536763723071156,
                53.29300499705379
              ],
              [
                6.536462053224889,
                53.29281185946461
              ],
              [
                6.536130243327875,
                53.2926373675507
              ],
              [
                6.535771488784201,
                53.29248320153267
              ],
              [
                6.535389244338294,
                53.292350845892415
              ],
              [
                6.534987190813771,
                53.292241575085285
              ],
              [
                6.534569199680424,
                53.29215644127403
              ],
              [
                6.534139295790048,
                53.29209626420295
              ],
              [
                6.533701618639182,
                53.29206162330825
              ],
              [
                6.533260382530875,
                53.292052852141936
              ],
              [
                6.532819836018127,
                53.29207003516194
              ],
              [
                6.532384221018421,
                53.29211300691885
              ],
              [
                6.531957731991956,
                53.29218135364832
              ],
              [
                6.531544475575527,
                53.29227441725281
              ],
              [
                6.531148431059709,
                53.29239130163483
              ],
              [
                6.5307734120889664,
                53.292530881320914
              ],
              [
                6.530423029952653,
                53.29269181229336
              ],
              [
                6.530100658819685,
                53.29287254492557
              ],
              [
                6.5298094032512655,
                53.29307133889739
              ],
              [
                6.529552068304131,
                53.2932862799462
              ],
              [
                6.529331132512247,
                53.29351529829328
              ],
              [
                6.529148724007279,
                53.29375618856867
              ],
              [
                6.529006600008176,
                53.29400663104214
              ],
              [
                6.528906129878016,
                53.29426421395678
              ],
              [
                6.528848281912033,
                53.29452645675016
              ],
              [
                6.5288336139850145,
                53.294790833939516
              ],
              [
                6.528862268149182,
                53.29505479944151
              ],
              [
                6.528933969235705,
                53.29531581109136
              ],
              [
                6.529048027474516,
                53.295571355127144
              ],
              [
                6.5292033451083045,
                53.295818970401285
              ],
              [
                6.52939842693818,
                53.29605627208741
              ],
              [
                6.5296313947003775,
                53.29628097465351
              ],
              [
                6.529900005136473,
                53.29649091388002
              ],
              [
                6.530201671583797,
                53.29668406771069
              ],
              [
                6.530533488878614,
                53.29685857573469
              ],
              [
                6.530892261332546,
                53.29701275711227
              ],
              [
                6.531274533512881,
                53.2971451267713
              ],
              [
                6.531676623530187,
                53.29725440971771
              ],
              [
                6.532094658512274,
                53.29733955332218
              ],
              [
                6.532524611922264,
                53.29739973746417
              ],
              [
                6.532962342360608,
                53.297434382435696
              ],
              [
                6.533403633476447,
                53.29744315452797
              ],
              [
                6.533844234602876,
                53.29742596924767
              ],
              [
                6.534279901723634,
                53.297382992130906
              ],
              [
                6.53470643837554,
                53.29731463714813
              ],
              [
                6.535119736091584,
                53.29722156271394
              ],
              [
                6.535515813994068,
                53.29710466534211
              ],
              [
                6.535890857155493,
                53.29696507100516
              ],
              [
                6.536241253356877,
                53.296804124284
              ],
              [
                6.536563627888787,
                53.29662337541029
              ],
              [
                6.536854876059404,
                53.29642456532837
              ],
              [
                6.5371121930962826,
                53.29620960892003
              ],
              [
                6.537333101153733,
                53.29598057655413
              ],
              [
                6.537515473165915,
                53.2957396741395
              ],
              [
                6.537657553316278,
                53.29548922187281
              ],
              [
                6.537757973926828,
                53.29523163188728
              ],
              [
                6.537815768605335,
                53.294969385017154
              ],
              [
                6.537830381524822,
                53.29470500690169
              ],
              [
                6.537801672746974,
                53.2944410436601
              ],
              [
                6.537729919539399,
                53.29418003737006
              ],
              [
                6.5376158136751465,
                53.29392450158758
              ],
              [
                6.537460454741745,
                53.29367689714313
              ],
              [
                6.537265339525202,
                53.29343960844683
              ],
              [
                6.537032347572322,
                53.293214920531575
              ],
              [
                6.536763723071156,
                53.29300499705379
              ]
            ]
          ],
          [
            [
              [
                6.563037578175203,
                53.39193805126838
              ],
              [
                6.562768207112113,
                53.391728195246614
              ],
              [
                6.562465725391716,
                53.3915351318705
              ],
              [
                6.56213304612675,
                53.391360720211566
              ],
              [
                6.56177337309257,
                53.39120663971692
              ],
              [
                6.561390169877184,
                53.39107437404444
              ],
              [
                6.560987126535005,
                53.39096519678263
              ],
              [
                6.560568124065042,
                53.39088015919318
              ],
              [
                6.560137197055102,
                53.39082008009342
              ],
              [
                6.559698494850872,
                53.39078553797609
              ],
              [
                6.559256241623027,
                53.39077686544205
              ],
              [
                6.558814695715773,
                53.390794145999386
              ],
              [
                6.558378108667266,
                53.39083721325977
              ],
              [
                6.557950684295333,
                53.390905652539445
              ],
              [
                6.557536538241386,
                53.39099880485002
              ],
              [
                6.557139658361009,
                53.39111577324029
              ],
              [
                6.556763866341686,
                53.391255431428256
              ],
              [
                6.556412780916411,
                53.39141643464076
              ],
              [
                6.556089783026741,
                53.391597232556165
              ],
              [
                6.556049441039565,
                53.391624724408665
              ],
              [
                6.555968987942508,
                53.39166975754
              ],
              [
                6.555677187135846,
                53.391868608914905
              ],
              [
                6.555419394773677,
                53.392083599260204
              ],
              [
                6.555198093797119,
                53.392312658322965
              ],
              [
                6.555015415857425,
                53.392553580341406
              ],
              [
                6.554873120771619,
                53.39280404527988
              ],
              [
                6.554772579554157,
                53.39306164116525
              ],
              [
                6.554714761188928,
                53.393323887310274
              ],
              [
                6.554701367830508,
                53.393567444566855
              ],
              [
                6.55469797967598,
                53.393569753298024
              ],
              [
                6.5544401722720425,
                53.393784741458376
              ],
              [
                6.554218857383332,
                53.394013798621394
              ],
              [
                6.554036166795108,
                53.39425471904357
              ],
              [
                6.553893860446232,
                53.394505182704606
              ],
              [
                6.55379330945967,
                53.39476277764379
              ],
              [
                6.553735482913453,
                53.39502502318288
              ],
              [
                6.553720938480354,
                53.39528939381269
              ],
              [
                6.553749817027563,
                53.39555334351269
              ],
              [
                6.5538218412294444,
                53.39581433027022
              ],
              [
                6.55393631820796,
                53.39606984056254
              ],
              [
                6.554092146176467,
                53.39631741356664
              ],
              [
                6.554287825024034,
                53.39655466486273
              ],
              [
                6.554521470739356,
                53.39677930940342
              ],
              [
                6.554790833536242,
                53.396989183527516
              ],
              [
                6.555093319506849,
                53.39718226580504
              ],
              [
                6.5554260155946125,
                53.39735669651374
              ],
              [
                6.5557857176466845,
                53.39751079555788
              ],
              [
                6.556168961275839,
                53.39764307865788
              ],
              [
                6.556572055234369,
                53.397752271652855
              ],
              [
                6.556991116978293,
                53.39783732277946
              ],
              [
                6.557422110078678,
                53.397897412807694
              ],
              [
                6.557860883119091,
                53.397931962935786
              ],
              [
                6.558303209703577,
                53.397940640368496
              ],
              [
                6.558744829188811,
                53.39792336152423
              ],
              [
                6.559181487747061,
                53.39788029284056
              ],
              [
                6.559608979363246,
                53.397811849170004
              ],
              [
                6.560023186370173,
                53.39771868978187
              ],
              [
                6.560420119130414,
                53.39760171200848
              ],
              [
                6.5607959544816525,
                53.39746204259744
              ],
              [
                6.561147072574403,
                53.397301026853064
              ],
              [
                6.561470091746549,
                53.39712021567239
              ],
              [
                6.561761901098407,
                53.396921350600365
              ],
              [
                6.562019690454259,
                53.39670634704893
              ],
              [
                6.562240977421713,
                53.39647727584138
              ],
              [
                6.562423631288509,
                53.39623634326093
              ],
              [
                6.56256589352697,
                53.395985869795105
              ],
              [
                6.562666394709264,
                53.395728267781486
              ],
              [
                6.562724167671316,
                53.39546601817008
              ],
              [
                6.562736420033794,
                53.39524245930251
              ],
              [
                6.562756179098644,
                53.395228992714074
              ],
              [
                6.562818181454916,
                53.39517727770232
              ],
              [
                6.562861697477929,
                53.39514761967349
              ],
              [
                6.563119470754161,
                53.39493261367662
              ],
              [
                6.5633407427951935,
                53.39470354034507
              ],
              [
                6.563523383032497,
                53.39446260598251
              ],
              [
                6.56366563306963,
                53.39421213109361
              ],
              [
                6.563766123596221,
                53.393954528029596
              ],
              [
                6.563823887550758,
                53.39369227775065
              ],
              [
                6.563838369406355,
                53.393427905928874
              ],
              [
                6.563809430491125,
                53.39316395862259
              ],
              [
                6.563737350293072,
                53.39290297775573
              ],
              [
                6.56362282373807,
                53.39264747663911
              ],
              [
                6.5634669544684,
                53.39239991576888
              ],
              [
                6.563271244187582,
                53.39216267913506
              ],
              [
                6.563037578175203,
                53.39193805126838
              ]
            ]
          ],
          [
            [
              [
                6.6191247485168105,
                53.400189737707635
              ],
              [
                6.618791773563501,
                53.400015484106014
              ],
              [
                6.6184318263424196,
                53.3998615742447
              ],
              [
                6.618048373080664,
                53.399729490138306
              ],
              [
                6.617645106239298,
                53.39962050362697
              ],
              [
                6.617225908968448,
                53.39953566413569
              ],
              [
                6.616794817730777,
                53.39947578857434
              ],
              [
                6.616355983452632,
                53.39944145347585
              ],
              [
                6.615913631575907,
                53.39943298944787
              ],
              [
                6.615472021394406,
                53.39945047799088
              ],
              [
                6.615035405065109,
                53.399493750714065
              ],
              [
                6.614607986687961,
                53.399562390955374
              ],
              [
                6.614193881847046,
                53.39965573779149
              ],
              [
                6.613797078001735,
                53.399772892398275
              ],
              [
                6.613421396108166,
                53.3999127267006
              ],
              [
                6.613070453839905,
                53.40007389422951
              ],
              [
                6.612747630761124,
                53.4002548430811
              ],
              [
                6.61245603578733,
                53.400453830853486
              ],
              [
                6.6121984772466105,
                53.400668941418076
              ],
              [
                6.611977435829731,
                53.400898103363986
              ],
              [
                6.611795040689678,
                53.401139109938505
              ],
              [
                6.611653048921278,
                53.40138964029132
              ],
              [
                6.611552828619027,
                53.401647281818995
              ],
              [
                6.611495345677194,
                53.40190955339433
              ],
              [
                6.6114811544601055,
                53.40217392925677
              ],
              [
                6.611510392433665,
                53.402437863335045
              ],
              [
                6.61158277881085,
                53.40269881376639
              ],
              [
                6.61169761722548,
                53.402954267377424
              ],
              [
                6.611853802409589,
                53.403201763890635
              ],
              [
                6.611969514650273,
                53.40334175325604
              ],
              [
                6.611966867478549,
                53.40339107780904
              ],
              [
                6.611996109322136,
                53.4036550116435
              ],
              [
                6.612068500755106,
                53.403915961654675
              ],
              [
                6.612183345362637,
                53.40417141467336
              ],
              [
                6.61233953781716,
                53.40441891042762
              ],
              [
                6.612535574496815,
                53.40465606524114
              ],
              [
                6.612769567943208,
                53.40488059499555
              ],
              [
                6.6130392650201335,
                53.40509033713468
              ],
              [
                6.613342068599099,
                53.40528327149962
              ],
              [
                6.6136750625633365,
                53.405457539792344
              ],
              [
                6.614035039889789,
                53.40561146348151
              ],
              [
                6.61441853353866,
                53.405743559976244
              ],
              [
                6.614821849852973,
                53.4058525569131
              ],
              [
                6.615241104146003,
                53.405937404417145
              ],
              [
                6.6156722581333,
                53.4059972852197
              ],
              [
                6.616111158848043,
                53.406031622534385
              ],
              [
                6.616111204726252,
                53.406031623412076
              ],
              [
                6.6161112727479665,
                53.40603162873362
              ],
              [
                6.616553692564006,
                53.40604009181479
              ],
              [
                6.616995369939567,
                53.40602259914603
              ],
              [
                6.617432050489258,
                53.40597931922468
              ],
              [
                6.617859527986376,
                53.40591066893806
              ],
              [
                6.618273684900151,
                53.40581730954579
              ],
              [
                6.618670532076305,
                53.405700140306706
              ],
              [
                6.619046247177717,
                53.40556028981264
              ],
              [
                6.61939721151415,
                53.405399105112075
              ],
              [
                6.619720044905596,
                53.405218138729424
              ],
              [
                6.620011638242994,
                53.40501913370442
              ],
              [
                6.6202691834324785,
                53.40480400679669
              ],
              [
                6.620279739215937,
                53.40479306136671
              ],
              [
                6.620325786751211,
                53.40476163446095
              ],
              [
                6.620583328831287,
                53.404546506870616
              ],
              [
                6.620804342841668,
                53.404317329502426
              ],
              [
                6.620986700700263,
                53.404076309661896
              ],
              [
                6.621128646731455,
                53.40382576867645
              ],
              [
                6.621228814553826,
                53.40356811953363
              ],
              [
                6.621286240214675,
                53.403305843636915
              ],
              [
                6.621300371445846,
                53.40304146690467
              ],
              [
                6.621271072952641,
                53.402777535442
              ],
              [
                6.621198627686194,
                53.40251659101984
              ],
              [
                6.62108373408811,
                53.40226114659753
              ],
              [
                6.620927499335097,
                53.40201366212469
              ],
              [
                6.620731428649818,
                53.40177652085524
              ],
              [
                6.620497410781835,
                53.401552006401275
              ],
              [
                6.620341759833351,
                53.40143097347748
              ],
              [
                6.62028354254117,
                53.40130152908574
              ],
              [
                6.620127315918118,
                53.401054043465756
              ],
              [
                6.6199312540551745,
                53.40081690078585
              ],
              [
                6.619697245616922,
                53.40059238467176
              ],
              [
                6.619427544580827,
                53.40038265712453
              ],
              [
                6.6191247485168105,
                53.400189737707635
              ]
            ]
          ],
          [
            [
              [
                6.681234567942794,
                53.40300293173818
              ],
              [
                6.680931477427169,
                53.40281016893629
              ],
              [
                6.680598233169283,
                53.40263608734404
              ],
              [
                6.6802380443826355,
                53.40248236322984
              ],
              [
                6.679854379619214,
                53.402350476819784
              ],
              [
                6.679450933375551,
                53.40224169805032
              ],
              [
                6.679031590528267,
                53.402157074345986
              ],
              [
                6.6786003889409855,
                53.40209742053901
              ],
              [
                6.678161480601983,
                53.40206331102719
              ],
              [
                6.677719091665911,
                53.402055074246114
              ],
              [
                6.677277481783266,
                53.40207278950829
              ],
              [
                6.676840903108267,
                53.402116286239924
              ],
              [
                6.676413559378633,
                53.4021851456223
              ],
              [
                6.675999565460258,
                53.40227870462196
              ],
              [
                6.6756029077452235,
                53.4023960623719
              ],
              [
                6.675227405783549,
                53.40253608884104
              ],
              [
                6.674876675517315,
                53.40269743570998
              ],
              [
                6.674554094470492,
                53.402878549347776
              ],
              [
                6.674262769229248,
                53.403077685765616
              ],
              [
                6.674005505525567,
                53.40329292740329
              ],
              [
                6.673942789453345,
                53.4033580731054
              ],
              [
                6.673646160427068,
                53.40344582737771
              ],
              [
                6.673270642900766,
                53.40358584773885
              ],
              [
                6.6729198967123,
                53.40374718889552
              ],
              [
                6.67259729953892,
                53.403928297271776
              ],
              [
                6.672305958122051,
                53.40412742892948
              ],
              [
                6.6720486783494195,
                53.40434266635438
              ],
              [
                6.67182793822858,
                53.40457193691364
              ],
              [
                6.6716458640122696,
                53.40481303280829
              ],
              [
                6.67150420970587,
                53.40506363232751
              ],
              [
                6.6714265216914965,
                53.40526408823937
              ],
              [
                6.671423201397698,
                53.40526483839304
              ],
              [
                6.671026503579681,
                53.40538218106225
              ],
              [
                6.670650960591797,
                53.40552219323349
              ],
              [
                6.670300188771073,
                53.40568352672502
              ],
              [
                6.66997756604153,
                53.40586462803472
              ],
              [
                6.669686199390634,
                53.40606375329257
              ],
              [
                6.66942889494908,
                53.40627898504588
              ],
              [
                6.669208130961961,
                53.406508250716556
              ],
              [
                6.669026033911842,
                53.406749342552644
              ],
              [
                6.66888435802402,
                53.406999938882436
              ],
              [
                6.668784468351958,
                53.40725762646681
              ],
              [
                6.66872732760662,
                53.407519923734505
              ],
              [
                6.668713486857386,
                53.40778430467716
              ],
              [
                6.668743080195283,
                53.40804822317397
              ],
              [
                6.668776695912983,
                53.40816879596346
              ],
              [
                6.6687820030012634,
                53.4082161246572
              ],
              [
                6.668854746745906,
                53.40847703895432
              ],
              [
                6.668969940725867,
                53.40873243625239
              ],
              [
                6.669126476248368,
                53.4089798568157
              ],
              [
                6.669322846386806,
                53.40921691769174
              ],
              [
                6.669557160470361,
                53.409441335666415
              ],
              [
                6.669827162273692,
                53.40965094925991
              ],
              [
                6.670130251732289,
                53.40984373955112
              ],
              [
                6.67046350997477,
                53.41001784962943
              ],
              [
                6.670823727431474,
                53.41017160248729
              ],
              [
                6.671207434748605,
                53.41030351717911
              ],
              [
                6.671610936210095,
                53.41041232309252
              ],
              [
                6.672030345344946,
                53.41049697219259
              ],
              [
                6.672461622376477,
                53.41055664912171
              ],
              [
                6.672522852362027,
                53.410561409629736
              ],
              [
                6.672531956524947,
                53.41056453937231
              ],
              [
                6.672935463756755,
                53.41067334081868
              ],
              [
                6.6733548780113345,
                53.41075798528097
              ],
              [
                6.673786159462671,
                53.410817657446245
              ],
              [
                6.67422515391557,
                53.410851782537826
              ],
              [
                6.674667632840476,
                53.41086003185484
              ],
              [
                6.675109334126231,
                53.41084232593956
              ],
              [
                6.675546003157179,
                53.410798835343485
              ],
              [
                6.675973433817837,
                53.4107299789834
              ],
              [
                6.676387509029072,
                53.410636420103835
              ],
              [
                6.676784240424276,
                53.410519059885296
              ],
              [
                6.677159806782422,
                53.41037902875907
              ],
              [
                6.67751059084699,
                53.41021767551358
              ],
              [
                6.67783321417546,
                53.41003655429651
              ],
              [
                6.678124569683266,
                53.409837409638726
              ],
              [
                6.678381851568456,
                53.409622159644606
              ],
              [
                6.678602582328827,
                53.40939287751063
              ],
              [
                6.678784636611519,
                53.40915177155095
              ],
              [
                6.678852175795177,
                53.409032260351175
              ],
              [
                6.679175622354757,
                53.4089365674164
              ],
              [
                6.679551167076454,
                53.40879652881856
              ],
              [
                6.679901929241952,
                53.40863516858251
              ],
              [
                6.6802245306197126,
                53.408454040923274
              ],
              [
                6.68051586433663,
                53.408254890433774
              ],
              [
                6.680773124800655,
                53.408039635274484
              ],
              [
                6.680993834715925,
                53.40781034869175
              ],
              [
                6.681175868930343,
                53.40756923904234
              ],
              [
                6.681317474886406,
                53.40731862851849
              ],
              [
                6.6814172894788335,
                53.40706093077698
              ],
              [
                6.681474352157535,
                53.40679862768883
              ],
              [
                6.681488114150578,
                53.4065342454338
              ],
              [
                6.6814636529539575,
                53.40631666599096
              ],
              [
                6.681594757110559,
                53.406206960742416
              ],
              [
                6.68181545330661,
                53.40597767254613
              ],
              [
                6.6819974752314675,
                53.40573656153506
              ],
              [
                6.682139070445939,
                53.405485949914414
              ],
              [
                6.682238875948149,
                53.40522825135158
              ],
              [
                6.682295931275483,
                53.40496594772546
              ],
              [
                6.682309687726742,
                53.40470156522108
              ],
              [
                6.68228001361673,
                53.404437649998535
              ],
              [
                6.682207195513833,
                53.404176743671805
              ],
              [
                6.682091935449816,
                53.40392135883295
              ],
              [
                6.681935344129941,
                53.403673954857304
              ],
              [
                6.681738930209819,
                53.403436914223136
              ],
              [
                6.6815045857433555,
                53.40321251957305
              ],
              [
                6.681234567942794,
                53.40300293173818
              ]
            ]
          ],
          [
            [
              [
                6.6625233748292025,
                53.40361032828928
              ],
              [
                6.66210405143087,
                53.403525645601256
              ],
              [
                6.661672859077331,
                53.40346593116163
              ],
              [
                6.661233949668085,
                53.403431759952014
              ],
              [
                6.6607915493681285,
                53.403423461002006
              ],
              [
                6.660349917937375,
                53.40344111422277
              ],
              [
                6.659913307737433,
                53.40348454963779
              ],
              [
                6.659485922809439,
                53.40355334901873
              ],
              [
                6.659071878415773,
                53.403646849909954
              ],
              [
                6.658675161434296,
                53.403764152003866
              ],
              [
                6.658299591985418,
                53.40390412580536
              ],
              [
                6.657948786660739,
                53.40406542350215
              ],
              [
                6.6576261237066605,
                53.40424649193684
              ],
              [
                6.657334710497726,
                53.40444558755597
              ],
              [
                6.657077353612678,
                53.40466079319228
              ],
              [
                6.656856531801364,
                53.404890036519205
              ],
              [
                6.656674372102916,
                53.40513111000009
              ],
              [
                6.656532629345684,
                53.40538169214004
              ],
              [
                6.656432669226888,
                53.40563936983664
              ],
              [
                6.656375455135722,
                53.40590166161394
              ],
              [
                6.656361538847793,
                53.40616604151658
              ],
              [
                6.65639105518151,
                53.40642996343391
              ],
              [
                6.656463720669115,
                53.40669088561993
              ],
              [
                6.656578836256213,
                53.40694629517301
              ],
              [
                6.656735294005092,
                53.40719373223939
              ],
              [
                6.656931587738298,
                53.407430813707805
              ],
              [
                6.657165827521044,
                53.407655256165924
              ],
              [
                6.6574357578438,
                53.40786489789818
              ],
              [
                6.657738779330732,
                53.408057719712396
              ],
              [
                6.657738868568527,
                53.408057766353046
              ],
              [
                6.657738874882159,
                53.40805777037057
              ],
              [
                6.658072069317586,
                53.40823191505246
              ],
              [
                6.658432227745876,
                53.40838570526141
              ],
              [
                6.658815881382036,
                53.40851765969212
              ],
              [
                6.659219335027279,
                53.40862650734939
              ],
              [
                6.65963870267139,
                53.408711199796244
              ],
              [
                6.660069944937518,
                53.4087709212576
              ],
              [
                6.6605089080080715,
                53.40880509648193
              ],
              [
                6.660951363655897,
                53.408813396285346
              ],
              [
                6.6613930499941105,
                53.40879574072392
              ],
              [
                6.661829712551048,
                53.40875229986408
              ],
              [
                6.662257145273542,
                53.40868349214338
              ],
              [
                6.662671231062504,
                53.408589980338014
              ],
              [
                6.663067981449283,
                53.408472665174855
              ],
              [
                6.663443575029728,
                53.40833267665138
              ],
              [
                6.66379439428488,
                53.40817136314552
              ],
              [
                6.664117060432997,
                53.40799027842229
              ],
              [
                6.664408465976796,
                53.407791166661056
              ],
              [
                6.664665804632086,
                53.407575945649384
              ],
              [
                6.664886598349585,
                53.40734668830471
              ],
              [
                6.665068721169783,
                53.40710560270244
              ],
              [
                6.6652104196815225,
                53.40685501080317
              ],
              [
                6.665310329887911,
                53.40659732608443
              ],
              [
                6.6653674903178395,
                53.40633503029206
              ],
              [
                6.6653813512578655,
                53.40607064953565
              ],
              [
                6.6653517800165405,
                53.405806729958634
              ],
              [
                6.665279062171687,
                53.40554581321715
              ],
              [
                6.66516389878973,
                53.405290412003595
              ],
              [
                6.6650073996451,
                53.4050429858512
              ],
              [
                6.664811072506033,
                53.40480591745182
              ],
              [
                6.664576808591073,
                53.40458148971562
              ],
              [
                6.66430686433711,
                53.40437186379235
              ],
              [
                6.664003839655327,
                53.404179058266664
              ],
              [
                6.664003750418862,
                53.40417901163063
              ],
              [
                6.664003744105219,
                53.4041790076134
              ],
              [
                6.663670557335607,
                53.40400487907309
              ],
              [
                6.663310417137655,
                53.403851104239045
              ],
              [
                6.662926791595804,
                53.40371916382557
              ],
              [
                6.6625233748292025,
                53.40361032828928
              ]
            ]
          ],
          [
            [
              [
                6.694110538430708,
                53.409073272858095
              ],
              [
                6.693668074808579,
                53.4090650949438
              ],
              [
                6.693226400030794,
                53.40908286887328
              ],
              [
                6.6927897668763,
                53.40912642350774
              ],
              [
                6.692362379607345,
                53.409195339470955
              ],
              [
                6.6919483535090745,
                53.40928895318485
              ],
              [
                6.691551675283528,
                53.40940636325552
              ],
              [
                6.691176164678394,
                53.409546439148095
              ],
              [
                6.690825437719238,
                53.40970783206733
              ],
              [
                6.690502871898498,
                53.40988898793883
              ],
              [
                6.690211573656089,
                53.41008816236712
              ],
              [
                6.689954348464434,
                53.41030343742596
              ],
              [
                6.6897336738059545,
                53.41053274012019
              ],
              [
                6.689551675303472,
                53.41077386234128
              ],
              [
                6.68941010623371,
                53.411024482124716
              ],
              [
                6.689310330621875,
                53.411282186005444
              ],
              [
                6.689253310080841,
                53.41154449225504
              ],
              [
                6.689239594522656,
                53.41180887477856
              ],
              [
                6.689269316832887,
                53.41207278743978
              ],
              [
                6.689342191560218,
                53.41233368858159
              ],
              [
                6.689457517635121,
                53.41258906550477
              ],
              [
                6.689614185092547,
                53.41283645866956
              ],
              [
                6.68973633478618,
                53.412983800730416
              ],
              [
                6.689784104137495,
                53.41308957713708
              ],
              [
                6.689940775320634,
                53.41333696982095
              ],
              [
                6.6901372800719985,
                53.413573995950316
              ],
              [
                6.69037172642406,
                53.41379837264562
              ],
              [
                6.690641856877267,
                53.41400793882442
              ],
              [
                6.6909450701276665,
                53.41420067602208
              ],
              [
                6.691278446111188,
                53.41437472783948
              ],
              [
                6.691638774123704,
                53.41452841783001
              ],
              [
                6.692022583746143,
                53.41466026565364
              ],
              [
                6.692426178276637,
                53.41476900134197
              ],
              [
                6.692845670347361,
                53.41485357753658
              ],
              [
                6.693277019382449,
                53.41491317958201
              ],
              [
                6.693716070535467,
                53.414947233377134
              ],
              [
                6.694158594730515,
                53.41495541090773
              ],
              [
                6.6946003294202585,
                53.414937633407675
              ],
              [
                6.695037019667238,
                53.41489407211796
              ],
              [
                6.695464459151649,
                53.41482514663639
              ],
              [
                6.695878530709485,
                53.414731520873374
              ],
              [
                6.696275246009519,
                53.414614096653594
              ],
              [
                6.696650783986021,
                53.41447400502488
              ],
              [
                6.697001527656175,
                53.41431259535839
              ],
              [
                6.697324098966918,
                53.41413142234519
              ],
              [
                6.697615391335129,
                53.413932231015096
              ],
              [
                6.697872599567432,
                53.413716939921926
              ],
              [
                6.698093246871474,
                53.41348762265794
              ],
              [
                6.698275208698642,
                53.413246487875526
              ],
              [
                6.698416733189037,
                53.41299585800872
              ],
              [
                6.698489101522929,
                53.41280884248279
              ],
              [
                6.698603666899084,
                53.41260595148596
              ],
              [
                6.698703389726217,
                53.412348240193374
              ],
              [
                6.698760353579923,
                53.412085929723595
              ],
              [
                6.698774010640339,
                53.41182154632752
              ],
              [
                6.698744230179785,
                53.41155763617367
              ],
              [
                6.698671299791094,
                53.411296740827055
              ],
              [
                6.698555922587561,
                53.41104137277381
              ],
              [
                6.698399210402609,
                53.410793991227514
              ],
              [
                6.698202673055792,
                53.41055697845031
              ],
              [
                6.697968203789535,
                53.410332616816405
              ],
              [
                6.697698061017711,
                53.410123066838835
              ],
              [
                6.697394846562584,
                53.409930346370736
              ],
              [
                6.697061480590149,
                53.40975631118098
              ],
              [
                6.6967011734856285,
                53.40960263709121
              ],
              [
                6.696317394939986,
                53.40947080384558
              ],
              [
                6.695913840545024,
                53.409362080868675
              ],
              [
                6.695504229757141,
                53.40927949764685
              ],
              [
                6.69540026638968,
                53.40925148772808
              ],
              [
                6.6949808241387405,
                53.409166920108106
              ],
              [
                6.694549530527722,
                53.409107323870295
              ],
              [
                6.694110538430708,
                53.409073272858095
              ]
            ]
          ],
          [
            [
              [
                6.725540053069567,
                53.41108601910114
              ],
              [
                6.7252065648557995,
                53.4109120623175
              ],
              [
                6.724846148180825,
                53.410758472881476
              ],
              [
                6.724462273790137,
                53.41062672972214
              ],
              [
                6.724058638197945,
                53.41051810139655
              ],
              [
                6.72363912810331,
                53.41043363388065
              ],
              [
                6.723207782979581,
                53.41037414050273
              ],
              [
                6.72276875619657,
                53.41034019411591
              ],
              [
                6.7223262750489745,
                53.41033212158512
              ],
              [
                6.721884600074933,
                53.41035000064146
              ],
              [
                6.721447984055339,
                53.410393659134044
              ],
              [
                6.721020631087602,
                53.41046267668665
              ],
              [
                6.720606656126862,
                53.41055638874301
              ],
              [
                6.72021004538312,
                53.41067389296234
              ],
              [
                6.719834617954733,
                53.41081405790325
              ],
              [
                6.719483989066853,
                53.41097553391299
              ],
              [
                6.719161535268132,
                53.411156766117074
              ],
              [
                6.71887036192038,
                53.411356009384804
              ],
              [
                6.718613273293936,
                53.41157134512706
              ],
              [
                6.718392745556741,
                53.41180069976415
              ],
              [
                6.7182109029173285,
                53.41204186468714
              ],
              [
                6.718069497151957,
                53.41229251752026
              ],
              [
                6.717969890713602,
                53.41255024447984
              ],
              [
                6.717913043586268,
                53.41281256361504
              ],
              [
                6.717899504012168,
                53.413076948706575
              ],
              [
                6.7178996096032675,
                53.41307788071188
              ],
              [
                6.717899503697374,
                53.41307994870754
              ],
              [
                6.717929402869593,
                53.41334385359396
              ],
              [
                6.718002453634278,
                53.41360473669301
              ],
              [
                6.718117953226367,
                53.41386008547903
              ],
              [
                6.71827479000942,
                53.41410744068302
              ],
              [
                6.718471454154864,
                53.41434441998166
              ],
              [
                6.71870605215956,
                53.41456874094617
              ],
              [
                6.718976325062825,
                53.414778243030874
              ],
              [
                6.719279670188139,
                53.414970908388284
              ],
              [
                6.719613166200695,
                53.41514488131112
              ],
              [
                6.719973601239698,
                53.41529848611253
              ],
              [
                6.720357503854662,
                53.415430243273065
              ],
              [
                6.7207611764475175,
                53.41553888369759
              ],
              [
                6.720957987110639,
                53.41557851172944
              ],
              [
                6.721112896386318,
                53.415822787795214
              ],
              [
                6.721309584073788,
                53.41605976223719
              ],
              [
                6.72154420628633,
                53.416284077456496
              ],
              [
                6.721814503830099,
                53.41649357296268
              ],
              [
                6.7221178737912215,
                53.41668623097173
              ],
              [
                6.722451394595634,
                53.41686019584699
              ],
              [
                6.722811854143705,
                53.41701379197918
              ],
              [
                6.723195780748825,
                53.41714553993232
              ],
              [
                6.723599476581777,
                53.41725417069994
              ],
              [
                6.72401905329848,
                53.41733863793409
              ],
              [
                6.724450469507319,
                53.41739812802909
              ],
              [
                6.724889569714509,
                53.41743206796199
              ],
              [
                6.725332124371425,
                53.41744013081545
              ],
              [
                6.725773870637224,
                53.41742223892803
              ],
              [
                6.726210553462966,
                53.41737856464264
              ],
              [
                6.726637966600485,
                53.417309528645454
              ],
              [
                6.727051993139815,
                53.41721579591146
              ],
              [
                6.727448645183741,
                53.417098269295785
              ],
              [
                6.7278241022762915,
                53.4169580808325
              ],
              [
                6.72795029538708,
                53.41689995924686
              ],
              [
                6.728091392443872,
                53.41684727550071
              ],
              [
                6.728442036470054,
                53.41668577471501
              ],
              [
                6.728764492181411,
                53.41650451800879
              ],
              [
                6.729055654108883,
                53.416305251217764
              ],
              [
                6.729312718316129,
                53.41608989362252
              ],
              [
                6.729533209398618,
                53.41586051945571
              ],
              [
                6.729715004312973,
                53.41561933791752
              ],
              [
                6.729856352807419,
                53.4153686718922
              ],
              [
                6.729955894257193,
                53.41511093557073
              ],
              [
                6.730012670743555,
                53.41484861119536
              ],
              [
                6.730026136251407,
                53.41458422515054
              ],
              [
                6.729996161897979,
                53.414320323630115
              ],
              [
                6.729923037143408,
                53.414059448115644
              ],
              [
                6.729807466972684,
                53.41380411090209
              ],
              [
                6.729650565077305,
                53.41355677090569
              ],
              [
                6.7294538431033954,
                53.41331980998826
              ],
              [
                6.7292191960708765,
                53.41309551002443
              ],
              [
                6.728948884104949,
                53.41288603093322
              ],
              [
                6.728645510656556,
                53.41269338988491
              ],
              [
                6.728311997422107,
                53.41251944188356
              ],
              [
                6.7279515562042365,
                53.41236586191116
              ],
              [
                6.7275676579846975,
                53.41223412880558
              ],
              [
                6.7271639995070815,
                53.412125511026986
              ],
              [
                6.726744467690748,
                53.412041054449865
              ],
              [
                6.7265895755690535,
                53.41201969615304
              ],
              [
                6.72654500746766,
                53.41194942686214
              ],
              [
                6.72634831000556,
                53.411712460655814
              ],
              [
                6.726113687974978,
                53.41148815443068
              ],
              [
                6.725843401260373,
                53.41127866816598
              ],
              [
                6.725540053069567,
                53.41108601910114
              ]
            ]
          ]
        ]
      },
      "properties": {
        "type": "buffer_union_300m",
        "buffer_m": 300
      }
    },
    {
      "type": "Feature",
      "geometry": {
        "type": "MultiPolygon",
        "coordinates": [
          [
            [
              [
                6.520135766421331,
                53.3280499231221
              ],
              [
                6.519777419124537,
                53.32776997849251
              ],
              [
                6.519374968284296,
                53.327512408360796
              ],
              [
                6.518932289809906,
                53.32727969285208
              ],
              [
                6.518453646747945,
                53.32707407273122
              ],
              [
                6.517943648234068,
                53.32689752783882
              ],
              [
                6.517407205122158,
                53.326751758039535
              ],
              [
                6.516849482717403,
                53.326638166865074
              ],
              [
                6.516275851067542,
                53.32655784800944
              ],
              [
                6.51569183328954,
                53.326511574805906
              ],
              [
                6.515103052427722,
                53.326499792785924
              ],
              [
                6.51451517735327,
                53.32652261539281
              ],
              [
                6.513933868224069,
                53.32657982289008
              ],
              [
                6.5133647220281095,
                53.32667086447518
              ],
              [
                6.51281321873277,
                53.32679486357912
              ],
              [
                6.512284668556679,
                53.32695062629992
              ],
              [
                6.511784160870119,
                53.327136652889926
              ],
              [
                6.51131651521453,
                53.327351152186594
              ],
              [
                6.510886234911562,
                53.32759205884776
              ],
              [
                6.510497463707541,
                53.327857053226616
              ],
              [
                6.510153945870311,
                53.328143583695166
              ],
              [
                6.510153003138551,
                53.328144559521085
              ],
              [
                6.5101514157140175,
                53.328145883591034
              ],
              [
                6.5098564599327835,
                53.32845119109146
              ],
              [
                6.509612907538303,
                53.32877233571232
              ],
              [
                6.509423105008259,
                53.32910622496657
              ],
              [
                6.5092888813685805,
                53.32944964356931
              ],
              [
                6.509211530535746,
                53.32979928439314
              ],
              [
                6.509191798806889,
                53.33015178031059
              ],
              [
                6.509191802486768,
                53.33015181432343
              ],
              [
                6.509191798792961,
                53.33015188031069
              ],
              [
                6.509200279830563,
                53.3302302696882
              ],
              [
                6.509159532126883,
                53.330283995856014
              ],
              [
                6.508969719508083,
                53.3306178842474
              ],
              [
                6.508835487633134,
                53.33096130218686
              ],
              [
                6.508784834236129,
                53.33119024709027
              ],
              [
                6.508665968077187,
                53.33118786216882
              ],
              [
                6.508078025415692,
                53.33121065344618
              ],
              [
                6.50749664430828,
                53.331267829921124
              ],
              [
                6.506927422435698,
                53.33135884108979
              ],
              [
                6.506375840493689,
                53.331482810676114
              ],
              [
                6.5058472094578335,
                53.33163854506224
              ],
              [
                6.505346619476696,
                53.331824544773454
              ],
              [
                6.50487889088384,
                53.3320390189061
              ],
              [
                6.5044485277992825,
                53.33227990236027
              ],
              [
                6.504059674766267,
                53.332544875712834
              ],
              [
                6.5037160768404565,
                53.33283138753817
              ],
              [
                6.503421043515786,
                53.33313667896458
              ],
              [
                6.503177416834632,
                53.333457810228104
              ],
              [
                6.5029875439901135,
                53.33379168897039
              ],
              [
                6.502981896792047,
                53.33380613036857
              ],
              [
                6.502975799485816,
                53.33381028492868
              ],
              [
                6.502632184300669,
                53.33409679357771
              ],
              [
                6.502337134677741,
                53.33440208225468
              ],
              [
                6.50209349281637,
                53.334723211222126
              ],
              [
                6.501903606055901,
                53.33505708814389
              ],
              [
                6.501769304233598,
                53.335400497854046
              ],
              [
                6.501691882019126,
                53.335750133310846
              ],
              [
                6.501672086397419,
                53.336102627438756
              ],
              [
                6.501710109422255,
                53.33645458555066
              ],
              [
                6.5018055863124795,
                53.33680261804027
              ],
              [
                6.501957598911164,
                53.33714337302744
              ],
              [
                6.502164684476565,
                53.337473568644256
              ],
              [
                6.502424849722109,
                53.33779002464935
              ],
              [
                6.502735589972069,
                53.338089693065726
              ],
              [
                6.50309391324998,
                53.338369687547484
              ],
              [
                6.503496369069082,
                53.33862731119128
              ],
              [
                6.5039390816484515,
                53.3388600825243
              ],
              [
                6.504417787235491,
                53.33906575941849
              ],
              [
                6.5049278751754,
                53.339242360699124
              ],
              [
                6.505464432331937,
                53.33938818523989
              ],
              [
                6.506022290430897,
                53.33950182835929
              ],
              [
                6.506596075869372,
                53.339582195360705
              ],
              [
                6.5071802615097205,
                53.33962851208433
              ],
              [
                6.5077692199577335,
                53.33964033237001
              ],
              [
                6.508357277810082,
                53.33961754235773
              ],
              [
                6.508938770346549,
                53.33956036158539
              ],
              [
                6.509508096138263,
                53.33946934087205
              ],
              [
                6.510059771043951,
                53.33934535700816
              ],
              [
                6.5105884810722205,
                53.339189604303435
              ],
              [
                6.511089133598938,
                53.339003583074195
              ],
              [
                6.511556906444981,
                53.338789085181915
              ],
              [
                6.511825553171371,
                53.33863871142634
              ],
              [
                6.512262627256498,
                53.33850994391208
              ],
              [
                6.5127632646244065,
                53.3383239157102
              ],
              [
                6.513219023861961,
                53.338114913339275
              ],
              [
                6.513440924001496,
                53.3381752045403
              ],
              [
                6.513998787127701,
                53.3382888106906
              ],
              [
                6.514572570981877,
                53.338369139670604
              ],
              [
                6.5151567484415525,
                53.338415417686825
              ],
              [
                6.515745692191311,
                53.33842719895186
              ],
              [
                6.516333728969443,
                53.33840436998178
              ],
              [
                6.516627985432222,
                53.33837541394345
              ],
              [
                6.516657528427551,
                53.33837600463092
              ],
              [
                6.517245563989913,
                53.33835317120486
              ],
              [
                6.517827027344018,
                53.338295947507945
              ],
              [
                6.518396317342265,
                53.338204884772814
              ],
              [
                6.518947950188375,
                53.33808086019475
              ],
              [
                6.519476612296336,
                53.337925068475506
              ],
              [
                6.5199772115039085,
                53.337739010307374
              ],
              [
                6.520444926145853,
                53.33752447790755
              ],
              [
                6.520875251513076,
                53.33728353774383
              ],
              [
                6.521264043249348,
                53.337018510618
              ],
              [
                6.521607557267036,
                53.33673194929897
              ],
              [
                6.521902485797468,
                53.33642661392251
              ],
              [
                6.5221459892288705,
                53.33610544539464
              ],
              [
                6.522335723426031,
                53.33577153705502
              ],
              [
                6.522469862269626,
                53.33542810487451
              ],
              [
                6.522547115199521,
                53.33507845647414
              ],
              [
                6.522566739594721,
                53.33472595926375
              ],
              [
                6.522528547872699,
                53.33437400800808
              ],
              [
                6.522432909241679,
                53.334025992132375
              ],
              [
                6.522280746091122,
                53.333685263082586
              ],
              [
                6.522073525057232,
                53.33335510205441
              ],
              [
                6.521813242851503,
                53.33303868840166
              ],
              [
                6.521502406990597,
                53.33273906902812
              ],
              [
                6.52123618099485,
                53.33253112233015
              ],
              [
                6.521391475791969,
                53.33232628354118
              ],
              [
                6.521581199427237,
                53.33199237598415
              ],
              [
                6.521715332755941,
                53.33164894421123
              ],
              [
                6.5217925852707825,
                53.33129929583952
              ],
              [
                6.521812214354485,
                53.33094679827861
              ],
              [
                6.5217740323790805,
                53.33059484629653
              ],
              [
                6.521678408458654,
                53.33024682932557
              ],
              [
                6.521526264840732,
                53.32990609882229
              ],
              [
                6.521319067973187,
                53.32957593599637
              ],
              [
                6.521058814334587,
                53.32925952021902
              ],
              [
                6.521058557039285,
                53.32925927218217
              ],
              [
                6.521058514310371,
                53.329259220232046
              ],
              [
                6.521011014222934,
                53.32921342931821
              ],
              [
                6.520913990095033,
                53.328996127872244
              ],
              [
                6.5207068023392845,
                53.32866596386256
              ],
              [
                6.520446558733131,
                53.32834954663307
              ],
              [
                6.520135766421331,
                53.3280499231221
              ]
            ]
          ],
          [
            [
              [
                6.426772256019219,
                53.355386225415536
              ],
              [
                6.426370100241348,
                53.355128345853984
              ],
              [
                6.425927637272649,
                53.35489528974302
              ],
              [
                6.42544912808813,
                53.35468930112734
              ],
              [
                6.4249391805374225,
                53.354512363395635
              ],
              [
                6.42440270498617,
                53.35436618019481
              ],
              [
                6.4238448670537425,
                53.35425215903681
              ],
              [
                6.423271037901358,
                53.3541713977554
              ],
              [
                6.422686742548009,
                53.35412467394303
              ],
              [
                6.422097606710289,
                53.35411243746961
              ],
              [
                6.421509302676182,
                53.3541348061536
              ],
              [
                6.420927494732073,
                53.35419156462865
              ],
              [
                6.420357784666491,
                53.354282166415366
              ],
              [
                6.419805657873293,
                53.354405739179114
              ],
              [
                6.419276430571404,
                53.35456109312299
              ],
              [
                6.4187751986476185,
                53.354746732435494
              ],
              [
                6.418306788613498,
                53.35496086968333
              ],
              [
                6.41787571114751,
                53.35520144301101
              ],
              [
                6.417486117668777,
                53.35546613598211
              ],
              [
                6.417141760360235,
                53.3557523998718
              ],
              [
                6.416845956025963,
                53.3560574781966
              ],
              [
                6.416601554131073,
                53.35637843324573
              ],
              [
                6.416410909332638,
                53.356712174358975
              ],
              [
                6.416275858767204,
                53.35705548767935
              ],
              [
                6.416197704315014,
                53.35740506709481
              ],
              [
                6.416177200013437,
                53.35775754607067
              ],
              [
                6.4162145447426076,
                53.358109530067175
              ],
              [
                6.416309380255859,
                53.35845762922983
              ],
              [
                6.416460794575859,
                53.35879849103768
              ],
              [
                6.4166673307259545,
                53.359128832595054
              ],
              [
                6.416927000714517,
                53.359445472255764
              ],
              [
                6.417237304639453,
                53.359745360274914
              ],
              [
                6.417595254730529,
                53.36002560819196
              ],
              [
                6.417997404099106,
                53.360283516662946
              ],
              [
                6.4184398799194975,
                53.36051660147199
              ],
              [
                6.418918420722815,
                53.360722617471644
              ],
              [
                6.419428417444335,
                53.36089958022083
              ],
              [
                6.419964957828805,
                53.36104578511117
              ],
              [
                6.420522873765354,
                53.36115982379729
              ],
              [
                6.42109679109511,
                53.361240597771854
              ],
              [
                6.421681181410468,
                53.36128732895446
              ],
              [
                6.422270415345501,
                53.36129956719214
              ],
              [
                6.4228588168424015,
                53.3612771945986
              ],
              [
                6.4234407178693385,
                53.36122042669037
              ],
              [
                6.42401051306067,
                53.36112981030934
              ],
              [
                6.424562713751201,
                53.36100621835108
              ],
              [
                6.425092000882168,
                53.36085084135005
              ],
              [
                6.4255932762675885,
                53.36066517600393
              ],
              [
                6.426061711725686,
                53.360451010746374
              ],
              [
                6.426492795600968,
                53.360210408509246
              ],
              [
                6.426882376228007,
                53.359945686840085
              ],
              [
                6.427226701917746,
                53.35965939556644
              ],
              [
                6.427522457081205,
                53.35935429222416
              ],
              [
                6.427766794142875,
                53.3590333154855
              ],
              [
                6.42795736093719,
                53.358699556844165
              ],
              [
                6.4280923233252585,
                53.35835623083064
              ],
              [
                6.428170382815439,
                53.35800664404485
              ],
              [
                6.428190789019705,
                53.357654163304744
              ],
              [
                6.428153346827744,
                53.35730218321782
              ],
              [
                6.428058418231664,
                53.356954093488355
              ],
              [
                6.427906918785915,
                53.356613246274804
              ],
              [
                6.427700308738485,
                53.356282923911934
              ],
              [
                6.427440578920847,
                53.35596630730835
              ],
              [
                6.427130231534273,
                53.35566644532289
              ],
              [
                6.426772256019219,
                53.355386225415536
              ]
            ]
          ],
          [
            [
              [
                6.323925826896988,
                53.35831354073437
              ],
              [
                6.323568499303968,
                53.35803301269784
              ],
              [
                6.323166934977664,
                53.35777478719297
              ],
              [
                6.322725001298718,
                53.35754135065636
              ],
              [
                6.322246954149368,
                53.35733495079607
              ],
              [
                6.321737396933932,
                53.35715757496085
              ],
              [
                6.321201236262835,
                53.35701093101597
              ],
              [
                6.32064363472634,
                53.35689643090955
              ],
              [
                6.320069961211716,
                53.35681517708662
              ],
              [
                6.319485739240961,
                53.35676795188172
              ],
              [
                6.318896593824959,
                53.3567552099919
              ],
              [
                6.318308197344043,
                53.35677707410151
              ],
              [
                6.3177262149741145,
                53.35683333370203
              ],
              [
                6.3171562501818315,
                53.35692344711699
              ],
              [
                6.31660379081172,
                53.357046546713825
              ],
              [
                6.316074156282388,
                53.35720144725122
              ],
              [
                6.315572446398642,
                53.35738665728335
              ],
              [
                6.3151034922708105,
                53.35760039351046
              ],
              [
                6.3146718098127375,
                53.357840597938804
              ],
              [
                6.314281556265302,
                53.358104957684496
              ],
              [
                6.31393649016368,
                53.358390927232094
              ],
              [
                6.313639935133675,
                53.358695752933336
              ],
              [
                6.313394747866089,
                53.35901649951115
              ],
              [
                6.31320329057819,
                53.359350078314
              ],
              [
                6.313067408228569,
                53.35969327704937
              ],
              [
                6.312988410706135,
                53.3600427907101
              ],
              [
                6.31296706016646,
                53.36039525339618
              ],
              [
                6.313003563639317,
                53.360747270726414
              ],
              [
                6.313097570980585,
                53.36109545252672
              ],
              [
                6.313248178190372,
                53.361436445481765
              ],
              [
                6.313453936067431,
                53.36176696543419
              ],
              [
                6.313712864118531,
                53.362083829020975
              ],
              [
                6.314022469590665,
                53.362383984341534
              ],
              [
                6.314379771444323,
                53.36266454036179
              ],
              [
                6.314781329038302,
                53.36292279477088
              ],
              [
                6.315223275250676,
                53.363156260021526
              ],
              [
                6.3157013537175555,
                53.36336268730207
              ],
              [
                6.316210959831107,
                53.36354008821017
              ],
              [
                6.316747185101779,
                53.36368675391685
              ],
              [
                6.317304864456781,
                53.363801271637826
              ],
              [
                6.317878626018328,
                53.36388253825111
              ],
              [
                6.318462942880825,
                53.36392977093064
              ],
              [
                6.31905218638675,
                53.3639425146921
              ],
              [
                6.319640680386227,
                53.36392064677921
              ],
              [
                6.320222755955775,
                53.36386437784675
              ],
              [
                6.320792806047124,
                53.363774249929634
              ],
              [
                6.321345339537761,
                53.363651131217836
              ],
              [
                6.321875034160652,
                53.36349620768726
              ],
              [
                6.322376787801643,
                53.36331097166733
              ],
              [
                6.322845767668832,
                53.363097207456484
              ],
              [
                6.323277456859233,
                53.36285697412394
              ],
              [
                6.323667697873238,
                53.36259258566422
              ],
              [
                6.3240127326573266,
                53.362306588696356
              ],
              [
                6.3243092387892155,
                53.36200173792227
              ],
              [
                6.324554361457227,
                53.361680969582615
              ],
              [
                6.324745740926615,
                53.3613473731652
              ],
              [
                6.324881535229316,
                53.36100416163945
              ],
              [
                6.324960437860011,
                53.36065464050415
              ],
              [
                6.324981690309766,
                53.36030217594639
              ],
              [
                6.324945089318351,
                53.35995016241941
              ],
              [
                6.324850988777464,
                53.35960198995112
              ],
              [
                6.324700296268609,
                53.35926101149819
              ],
              [
                6.324494464271032,
                53.35893051066071
              ],
              [
                6.324235476126366,
                53.35861367006711
              ],
              [
                6.323925826896988,
                53.35831354073437
              ]
            ]
          ],
          [
            [
              [
                6.374890749553485,
                53.35680386810758
              ],
              [
                6.374301589173544,
                53.35679139761012
              ],
              [
                6.373713222254408,
                53.356813532653675
              ],
              [
                6.373131313687603,
                53.35687006012121
              ],
              [
                6.3725614662298184,
                53.356960435757415
              ],
              [
                6.372009166596824,
                53.35708378940504
              ],
              [
                6.371479732670517,
                53.35723893337675
              ],
              [
                6.370978262325763,
                53.35742437388289
              ],
              [
                6.370509584368237,
                53.35763832540448
              ],
              [
                6.3700782120545085,
                53.357878727874485
              ],
              [
                6.3696882996410995,
                53.3581432665019
              ],
              [
                6.369343602380348,
                53.35842939404846
              ],
              [
                6.369047440348284,
                53.35873435534399
              ],
              [
                6.368802666453085,
                53.359055213805156
              ],
              [
                6.368611638932902,
                53.35938887970238
              ],
              [
                6.368476198608955,
                53.359732139903734
              ],
              [
                6.368397651114303,
                53.36008168880929
              ],
              [
                6.36837675427116,
                53.36043416017896
              ],
              [
                6.368413710740123,
                53.36078615954695
              ],
              [
                6.368508166014158,
                53.36113429691142
              ],
              [
                6.368659211778733,
                53.36147521938412
              ],
              [
                6.368865394607832,
                53.361805643485816
              ],
              [
                6.369124729914072,
                53.36212238677595
              ],
              [
                6.369434721020372,
                53.362422398511924
              ],
              [
                6.369792383171123,
                53.36270278904212
              ],
              [
                6.369869583874478,
                53.36275236296276
              ],
              [
                6.369909179113556,
                53.36280072077905
              ],
              [
                6.37021918058967,
                53.3631007303977
              ],
              [
                6.3705768534999185,
                53.363381118503504
              ],
              [
                6.370978753627189,
                53.36363918440241
              ],
              [
                6.371281896659087,
                53.36379907048054
              ],
              [
                6.371426999099663,
                53.363892240621645
              ],
              [
                6.371869261047782,
                53.364125496901266
              ],
              [
                6.3723476203595615,
                53.3643316982949
              ],
              [
                6.372857469720039,
                53.3645088585759
              ],
              [
                6.373393898294808,
                53.364655271233175
              ],
              [
                6.373951739051189,
                53.364769525919826
              ],
              [
                6.374525618555386,
                53.36485052204781
              ],
              [
                6.375110008764767,
                53.3648974793966
              ],
              [
                6.375699280314704,
                53.3649099456345
              ],
              [
                6.376287756784993,
                53.36488780067866
              ],
              [
                6.376869769421236,
                53.364831257852735
              ],
              [
                6.377439711781988,
                53.3647408618303
              ],
              [
                6.377992093783454,
                53.36461748338402
              ],
              [
                6.378521594619153,
                53.36446231099182
              ],
              [
                6.379023114043175,
                53.36427683938029
              ],
              [
                6.379491821521527,
                53.36406285511718
              ],
              [
                6.379527460869622,
                53.36404299124253
              ],
              [
                6.3797536614943136,
                53.364061158211854
              ],
              [
                6.380342922785745,
                53.36407360173314
              ],
              [
                6.380931385283505,
                53.364051434090186
              ],
              [
                6.381513380367836,
                53.363994868825245
              ],
              [
                6.382083301766464,
                53.363904450828045
              ],
              [
                6.382635659597624,
                53.363781051082945
              ],
              [
                6.383165133287795,
                53.36362585827301
              ],
              [
                6.383666622852706,
                53.36344036732154
              ],
              [
                6.384135298046125,
                53.36322636498252
              ],
              [
                6.384566644901904,
                53.36298591261873
              ],
              [
                6.384956509220059,
                53.36272132633416
              ],
              [
                6.3853011365776,
                53.36243515465278
              ],
              [
                6.385597208478594,
                53.362130153958915
              ],
              [
                6.3858418742956475,
                53.36180926193653
              ],
              [
                6.386032778695821,
                53.361475569263945
              ],
              [
                6.3861680842879105,
                53.36113228983694
              ],
              [
                6.386246489274392,
                53.36078272980723
              ],
              [
                6.386267239939628,
                53.36043025573575
              ],
              [
                6.386230137856048,
                53.360078262166375
              ],
              [
                6.3861355417407895,
                53.359730138933884
              ],
              [
                6.385984363947137,
                53.359389238519945
              ],
              [
                6.385778061626519,
                53.35905884377228
              ],
              [
                6.385518622648226,
                53.35874213629689
              ],
              [
                6.385208546414226,
                53.358442165828265
              ],
              [
                6.3848508197554095,
                53.35816182087137
              ],
              [
                6.384448888142693,
                53.35790380089824
              ],
              [
                6.384006622491132,
                53.357670590366055
              ],
              [
                6.383528281877308,
                53.35746443480643
              ],
              [
                6.383018472529139,
                53.35728731921562
              ],
              [
                6.3824821034828405,
                53.35714094895323
              ],
              [
                6.3819243393333505,
                53.357026733332034
              ],
              [
                6.381350550532306,
                53.35694577205818
              ],
              [
                6.3807662617107415,
                53.356898844649635
              ],
              [
                6.3801770985226245,
                53.3568864029363
              ],
              [
                6.379588733519256,
                53.3569085667127
              ],
              [
                6.379006831573737,
                53.35696512258516
              ],
              [
                6.3784369953790705,
                53.357055526024915
              ],
              [
                6.377884711542679,
                53.357178906607
              ],
              [
                6.377461171095767,
                53.35730304547462
              ],
              [
                6.377142903113334,
                53.357192452829075
              ],
              [
                6.376606555052834,
                53.35704605631361
              ],
              [
                6.376048807541186,
                53.356931813405836
              ],
              [
                6.375475030869955,
                53.356850824074435
              ],
              [
                6.374890749553485,
                53.35680386810758
              ]
            ]
          ],
          [
            [
              [
                6.509055603304456,
                53.35852833958032
              ],
              [
                6.508466386141278,
                53.358516526370764
              ],
              [
                6.507878070300658,
                53.35853931746235
              ],
              [
                6.507296320182881,
                53.358596493422006
              ],
              [
                6.5067267370205135,
                53.35868750375094
              ],
              [
                6.506174804986937,
                53.3588114721813
              ],
              [
                6.505645838427766,
                53.35896720510649
              ],
              [
                6.505144930721581,
                53.3591532030662
              ],
              [
                6.5046769052609035,
                53.35936767517373
              ],
              [
                6.504246269024215,
                53.35960855634905
              ],
              [
                6.503857169185231,
                53.359873527191084
              ],
              [
                6.503513353176761,
                53.36016003629889
              ],
              [
                6.503218132593653,
                53.360465324827025
              ],
              [
                6.502974351282708,
                53.36078645303973
              ],
              [
                6.502784357927573,
                53.36112032860821
              ],
              [
                6.502649983393662,
                53.36146373637969
              ],
              [
                6.502572523052683,
                53.361813369331394
              ],
              [
                6.502552724258634,
                53.36216586041166
              ],
              [
                6.5025907790978215,
                53.36251781496305
              ],
              [
                6.502686322484629,
                53.362865843413225
              ],
              [
                6.502838435623576,
                53.36320659392101
              ],
              [
                6.503045654806329,
                53.36353678466151
              ],
              [
                6.503305985460958,
                53.36385323544
              ],
              [
                6.503616921319909,
                53.36415289832974
              ],
              [
                6.503975468523715,
                53.36443288703776
              ],
              [
                6.50437817442955,
                53.36469050471604
              ],
              [
                6.504588892836568,
                53.36480122628199
              ],
              [
                6.504680444351054,
                53.365006281356024
              ],
              [
                6.504887686407559,
                53.36533646865371
              ],
              [
                6.5051480415585266,
                53.365652915180384
              ],
              [
                6.505459003300499,
                53.36595257305027
              ],
              [
                6.505817577524736,
                53.36623255601865
              ],
              [
                6.506220311328143,
                53.36649016729283
              ],
              [
                6.506663326252659,
                53.36672292551892
              ],
              [
                6.50714235563353,
                53.36692858869472
              ],
              [
                6.507652785696857,
                53.36710517577749
              ],
              [
                6.50818970001039,
                53.36725098577727
              ],
              [
                6.508747926858828,
                53.367364614152606
              ],
              [
                6.509322089086267,
                53.367444966348565
              ],
              [
                6.509906655924437,
                53.36749126834805
              ],
              [
                6.510495996305927,
                53.36750307413244
              ],
              [
                6.511084433147081,
                53.367480269981634
              ],
              [
                6.5116662980757525,
                53.36742307556956
              ],
              [
                6.512235986074783,
                53.36733204184692
              ],
              [
                6.512788009512905,
                53.36720804572957
              ],
              [
                6.5129378218142895,
                53.367163937301164
              ],
              [
                6.513254762146649,
                53.36720828105196
              ],
              [
                6.513839329853455,
                53.36725456394484
              ],
              [
                6.514428667925315,
                53.36726635047247
              ],
              [
                6.515017099300824,
                53.3672435271001
              ],
              [
                6.51559895566051,
                53.36718631368698
              ],
              [
                6.516168632069818,
                53.367095261366714
              ],
              [
                6.516720641009192,
                53.366971247234446
              ],
              [
                6.5172496652689444,
                53.36681546589153
              ],
              [
                6.51775060919772,
                53.366629417930405
              ],
              [
                6.518218647809383,
                53.36641489547037
              ],
              [
                6.51864927327419,
                53.366173964883664
              ],
              [
                6.519038338345563,
                53.36590894688011
              ],
              [
                6.519382096303714,
                53.36562239414107
              ],
              [
                6.519677237031291,
                53.365317066720046
              ],
              [
                6.519920918873963,
                53.36499590544657
              ],
              [
                6.520110795979679,
                53.364662003590716
              ],
              [
                6.520245040854507,
                53.364318577061155
              ],
              [
                6.520322361919078,
                53.36396893342457
              ],
              [
                6.520342015898302,
                53.36361644004507
              ],
              [
                6.520303814926902,
                53.36326449165058
              ],
              [
                6.520208128304347,
                53.362916477638734
              ],
              [
                6.520055878884371,
                53.36257574943746
              ],
              [
                6.519848534135927,
                53.36224558823421
              ],
              [
                6.519588091963643,
                53.36192917338433
              ],
              [
                6.5192770614261315,
                53.361629551802864
              ],
              [
                6.518918438539439,
                53.36134960863397
              ],
              [
                6.518515677399864,
                53.36109203947961
              ],
              [
                6.518507696370333,
                53.36108784714738
              ],
              [
                6.5185004236757615,
                53.361083196155136
              ],
              [
                6.518057403354553,
                53.36085048107342
              ],
              [
                6.517578390016137,
                53.36064486087705
              ],
              [
                6.5170679963613525,
                53.36046831540708
              ],
              [
                6.5165311370482595,
                53.36032254453346
              ],
              [
                6.515972981388652,
                53.36020895179791
              ],
              [
                6.515398903600769,
                53.36012863090937
              ],
              [
                6.5148144310958696,
                53.36008235522039
              ],
              [
                6.51422519129512,
                53.360070570286375
              ],
              [
                6.513780119277516,
                53.36008783325087
              ],
              [
                6.513574033579826,
                53.35992693074689
              ],
              [
                6.513171317655232,
                53.35966934344913
              ],
              [
                6.51272834060057,
                53.35943660851008
              ],
              [
                6.512249368337856,
                53.35923096688135
              ],
              [
                6.5117390131726145,
                53.359054398610404
              ],
              [
                6.511621093493014,
                53.359022373347656
              ],
              [
                6.51130903630341,
                53.358914408217245
              ],
              [
                6.510772215714043,
                53.35876861145898
              ],
              [
                6.510214095226178,
                53.3586549918465
              ],
              [
                6.509640048719571,
                53.358574643347495
              ],
              [
                6.509055603304456,
                53.35852833958032
              ]
            ]
          ],
          [
            [
              [
                6.4593216327558824,
                53.35998560456368
              ],
              [
                6.458737220636013,
                53.359939056269894
              ],
              [
                6.458147996297783,
                53.35992699661901
              ],
              [
                6.457559632880941,
                53.35994954172721
              ],
              [
                6.456977795243543,
                53.36000647452963
              ],
              [
                6.4564080854601915,
                53.36009724686854
              ],
              [
                6.455855988922462,
                53.3602209847673
              ],
              [
                6.45532682155865,
                53.36037649683908
              ],
              [
                6.454825678679331,
                53.36056228574992
              ],
              [
                6.4543573859397885,
                53.3607765626261
              ],
              [
                6.453926452890332,
                53.36101726426758
              ],
              [
                6.453537029560869,
                53.36128207300234
              ],
              [
                6.4531928664973774,
                53.36156843899063
              ],
              [
                6.452897278634919,
                53.36187360476566
              ],
              [
                6.452653113355493,
                53.362194631774166
              ],
              [
                6.452462723038941,
                53.36252842866265
              ],
              [
                6.452327942372346,
                53.36287178103655
              ],
              [
                6.45225007063779,
                53.36322138240727
              ],
              [
                6.452229859150745,
                53.363573866028155
              ],
              [
                6.452267503971937,
                53.363925837314255
              ],
              [
                6.452362643964857,
                53.36427390653283
              ],
              [
                6.452514364219761,
                53.36461472145084
              ],
              [
                6.452721204813245,
                53.364944999623624
              ],
              [
                6.452981174820967,
                53.36526156001511
              ],
              [
                6.453291771450473,
                53.3655613536433
              ],
              [
                6.45365000411135,
                53.36584149295648
              ],
              [
                6.454052423192212,
                53.36609927965641
              ],
              [
                6.454060387572263,
                53.36610347030686
              ],
              [
                6.454067665351206,
                53.36610813235582
              ],
              [
                6.454510395600776,
                53.36634108334194
              ],
              [
                6.454989172924145,
                53.366546954807895
              ],
              [
                6.455499385977091,
                53.36672376370458
              ],
              [
                6.45603612041934,
                53.366869806905655
              ],
              [
                6.456594206269637,
                53.36698367762313
              ],
              [
                6.457168267731407,
                53.36706427896767
              ],
              [
                6.457752775007868,
                53.3671108345219
              ],
              [
                6.458342097605851,
                53.3671228958248
              ],
              [
                6.45893055861314,
                53.367100346694464
              ],
              [
                6.459512489424561,
                53.36704340434824
              ],
              [
                6.460082284387742,
                53.36695261730846
              ],
              [
                6.460634454840122,
                53.36682886011464
              ],
              [
                6.461163682014897,
                53.36667332489309
              ],
              [
                6.461664868304517,
                53.36648750986554
              ],
              [
                6.462133186386512,
                53.36627320490749
              ],
              [
                6.46256412573725,
                53.366032474296425
              ],
              [
                6.46295353608474,
                53.3657676368162
              ],
              [
                6.463297667381481,
                53.36548124340972
              ],
              [
                6.463593205912288,
                53.36517605259635
              ],
              [
                6.4638373061895615,
                53.364855003890376
              ],
              [
                6.464027618329609,
                53.364521189478396
              ],
              [
                6.464162310647338,
                53.364177824427614
              ],
              [
                6.464240087253138,
                53.363828215713404
              ],
              [
                6.464260200484157,
                53.36347573036436
              ],
              [
                6.464222458052106,
                53.36312376303187
              ],
              [
                6.464127224840799,
                53.362775703296776
              ],
              [
                6.463975419338182,
                53.36243490302824
              ],
              [
                6.463768504739299,
                53.36210464410835
              ],
              [
                6.463508474807873,
                53.361788106834275
              ],
              [
                6.463197834634417,
                53.36148833930055
              ],
              [
                6.462839576477818,
                53.361208228057215
              ],
              [
                6.462437150924267,
                53.36095047032526
              ],
              [
                6.462429186689776,
                53.36094628022136
              ],
              [
                6.46242190888568,
                53.3609416186699
              ],
              [
                6.4619791917771074,
                53.360708696323506
              ],
              [
                6.461500446360332,
                53.36050285217133
              ],
              [
                6.460990282758357,
                53.360326068210995
              ],
              [
                6.46045361341589,
                53.36018004660874
              ],
              [
                6.45989560581711,
                53.36006619332048
              ],
              [
                6.4593216327558824,
                53.35998560456368
              ]
            ]
          ],
          [
            [
              [
                6.401320303212577,
                53.385532546910134
              ],
              [
                6.400962245448714,
                53.38525225335157
              ],
              [
                6.400559963397167,
                53.38499429052962
              ],
              [
                6.400117331347319,
                53.38476114235082
              ],
              [
                6.399638611903381,
                53.384555053746006
              ],
              [
                6.399128414940273,
                53.38437800906654
              ],
              [
                6.3985916532254885,
                53.38423171298881
              ],
              [
                6.398033495133698,
                53.38411757411132
              ],
              [
                6.397459314908354,
                53.38403669140107
              ],
              [
                6.396874640947964,
                53.38398984361954
              ],
              [
                6.396285102613445,
                53.38397748182995
              ],
              [
                6.395696376066864,
                53.38399972505732
              ],
              [
                6.395114129661262,
                53.38405635914305
              ],
              [
                6.3945439694052775,
                53.384146838805556
              ],
              [
                6.393991385025819,
                53.38427029288608
              ],
              [
                6.393461697146166,
                53.38442553273059
              ],
              [
                6.392960006086425,
                53.38461106362645
              ],
              [
                6.392491142777861,
                53.384825099184546
              ],
              [
                6.392059622262511,
                53.385065578528895
              ],
              [
                6.391669600225005,
                53.385330186128485
              ],
              [
                6.391324832974674,
                53.38561637408096
              ],
              [
                6.3910286412631825,
                53.385921386634614
              ],
              [
                6.390783878286419,
                53.386242286712466
              ],
              [
                6.390592902179481,
                53.386575984184205
              ],
              [
                6.390457553270673,
                53.38691926561365
              ],
              [
                6.390379136314963,
                53.38726882519631
              ],
              [
                6.3903584078796385,
                53.38762129658903
              ],
              [
                6.390395569005538,
                53.387973285325394
              ],
              [
                6.390490263216573,
                53.38832140150564
              ],
              [
                6.390641579898747,
                53.388662292445176
              ],
              [
                6.3908480630182325,
                53.38899267496802
              ],
              [
                6.391107725096577,
                53.389309367033555
              ],
              [
                6.391418066310164,
                53.38960931839208
              ],
              [
                6.391776098531683,
                53.38988963997318
              ],
              [
                6.392178374083239,
                53.390147631723124
              ],
              [
                6.392621018925246,
                53.390380808623775
              ],
              [
                6.3930997699619,
                53.39058692464047
              ],
              [
                6.393610016104193,
                53.39076399436849
              ],
              [
                6.394146842694693,
                53.39091031216876
              ],
              [
                6.394705078865595,
                53.39102446860809
              ],
              [
                6.395279347372919,
                53.391105364044506
              ],
              [
                6.395864116425518,
                53.391152219227536
              ],
              [
                6.396453753008144,
                53.39116458280949
              ],
              [
                6.397042577183103,
                53.391142335696486
              ],
              [
                6.397624916845558,
                53.391085692196356
              ],
              [
                6.398195162403055,
                53.39099519795261
              ],
              [
                6.3987478208506,
                53.39087172468429
              ],
              [
                6.399277568718519,
                53.3907164617828
              ],
              [
                6.399779303381385,
                53.390530904846834
              ],
              [
                6.400248192232294,
                53.390316841266284
              ],
              [
                6.4006797192476315,
                53.390076332993914
              ],
              [
                6.401069728492974,
                53.38981169667249
              ],
              [
                6.401414464150587,
                53.38952548130811
              ],
              [
                6.4017106066829,
                53.38922044370591
              ],
              [
                6.4019553047839475,
                53.388899521905486
              ],
              [
                6.402146202811768,
                53.388565806871924
              ],
              [
                6.402281463438602,
                53.38822251271631
              ],
              [
                6.402359785302101,
                53.387872945732134
              ],
              [
                6.402380415489323,
                53.38752047254708
              ],
              [
                6.4023431567350455,
                53.38716848769637
              ],
              [
                6.40224836926716,
                53.38682038093047
              ],
              [
                6.402096967283473,
                53.386479504572186
              ],
              [
                6.401890410095899,
                53.38614914123715
              ],
              [
                6.401630688029291,
                53.385832472228614
              ],
              [
                6.401320303212577,
                53.385532546910134
              ]
            ]
          ],
          [
            [
              [
                6.2212379942416325,
                53.39989469679933
              ],
              [
                6.2208366503450145,
                53.399636133265105
              ],
              [
                6.2203948387994314,
                53.399402324170254
              ],
              [
                6.219916814315081,
                53.39919552081006
              ],
              [
                6.219407180081373,
                53.39901771441841
              ],
              [
                6.218870843452902,
                53.39887061700591
              ],
              [
                6.218312968715899,
                53.39875564488653
              ],
              [
                6.217738927389028,
                53.398673905049485
              ],
              [
                6.2171542465357446,
                53.39862618450847
              ],
              [
                6.216564555584395,
                53.39861294272928
              ],
              [
                6.21597553216628,
                53.39863430720881
              ],
              [
                6.215392847491342,
                53.39869007224888
              ],
              [
                6.214822111785353,
                53.398779700934575
              ],
              [
                6.214268820312129,
                53.398902330300366
              ],
              [
                6.21373830049848,
                53.39905677963267
              ],
              [
                6.213235660669404,
                53.39924156183037
              ],
              [
                6.212765740885573,
                53.39945489771376
              ],
              [
                6.212333066355348,
                53.39969473314446
              ],
              [
                6.21194180386898,
                53.39995875879265
              ],
              [
                6.211595721674108,
                53.40024443236105
              ],
              [
                6.211458631706153,
                53.40038474887406
              ],
              [
                6.211065834824562,
                53.4003759105509
              ],
              [
                6.2104767843814646,
                53.40039724816447
              ],
              [
                6.209894068552061,
                53.40045298661435
              ],
              [
                6.209323297861971,
                53.400542589241745
              ],
              [
                6.208769967911675,
                53.40066519333199
              ],
              [
                6.2082394064982855,
                53.40081961841487
              ],
              [
                6.207736722347141,
                53.40100437762279
              ],
              [
                6.2072667559454855,
                53.4012176919973
              ],
              [
                6.206834032950353,
                53.401457507607326
              ],
              [
                6.206442720618496,
                53.401721515313874
              ],
              [
                6.206096587677339,
                53.40200717299242
              ],
              [
                6.205798968023385,
                53.40231172999915
              ],
              [
                6.205552728597749,
                53.40263225364578
              ],
              [
                6.2053602417490525,
                53.402965657429164
              ],
              [
                6.205223362350746,
                53.4033087307438
              ],
              [
                6.205143409894629,
                53.40365816979207
              ],
              [
                6.205121155734713,
                53.40401060939421
              ],
              [
                6.205156815606067,
                53.40436265539292
              ],
              [
                6.205250047492801,
                53.404710917339656
              ],
              [
                6.205399954867728,
                53.40505204114861
              ],
              [
                6.205605095274666,
                53.40538274140336
              ],
              [
                6.205863494172639,
                53.40569983300546
              ],
              [
                6.206172663910532,
                53.406000261859035
              ],
              [
                6.206529627651016,
                53.4062811342961
              ],
              [
                6.206930948014658,
                53.40653974495857
              ],
              [
                6.207372760169268,
                53.406773602867815
              ],
              [
                6.207850809046422,
                53.406980455430215
              ],
              [
                6.208360490326818,
                53.40715831014658
              ],
              [
                6.208896894799589,
                53.40730545381655
              ],
              [
                6.209454855667645,
                53.40742046905128
              ],
              [
                6.210028998342442,
                53.40750224793595
              ],
              [
                6.210613792247286,
                53.407550002709364
              ],
              [
                6.211203604128572,
                53.407563273357574
              ],
              [
                6.2117927523597185,
                53.407541932048396
              ],
              [
                6.212375561712748,
                53.4074861843635
              ],
              [
                6.212946418067986,
                53.40739656731661
              ],
              [
                6.213499822532885,
                53.40727394417654
              ],
              [
                6.214030444446781,
                53.40711949614562
              ],
              [
                6.214533172759329,
                53.40693471097327
              ],
              [
                6.215003165286197,
                53.4067213686157
              ],
              [
                6.215435895366364,
                53.40648152407939
              ],
              [
                6.215827195470816,
                53.406217487615024
              ],
              [
                6.216173297342004,
                53.405931802452194
              ],
              [
                6.216310389479598,
                53.405791480844
              ],
              [
                6.216703236828256,
                53.405800301936814
              ],
              [
                6.217292358023078,
                53.40577893375607
              ],
              [
                6.21787513620742,
                53.40572315947598
              ],
              [
                6.218445957561978,
                53.405633516366414
              ],
              [
                6.218999323531522,
                53.40551086794725
              ],
              [
                6.219529903826383,
                53.405356395664356
              ],
              [
                6.220032587797307,
                53.405171587500675
              ],
              [
                6.220502533687275,
                53.40495822363391
              ],
              [
                6.220935215284685,
                53.40471835927776
              ],
              [
                6.221326465527691,
                53.40445430487362
              ],
              [
                6.221672516639168,
                53.40416860382392
              ],
              [
                6.221970036405667,
                53.40386400798167
              ],
              [
                6.222216160251227,
                53.40354345113348
              ],
              [
                6.222408518797804,
                53.403210020731734
              ],
              [
                6.222545260647961,
                53.40286692814845
              ],
              [
                6.22262507017176,
                53.40251747773851
              ],
              [
                6.222647180128222,
                53.40216503500944
              ],
              [
                6.222611379001689,
                53.40181299420593
              ],
              [
                6.222518012984449,
                53.40146474561992
              ],
              [
                6.222367982588599,
                53.401123642942544
              ],
              [
                6.222162733921909,
                53.400792970971295
              ],
              [
                6.221904244713627,
                53.40047591398362
              ],
              [
                6.22159500522668,
                53.40017552508116
              ],
              [
                6.2212379942416325,
                53.39989469679933
              ]
            ]
          ],
          [
            [
              [
                6.534051872737244,
                53.270508112107706
              ],
              [
                6.533501146067693,
                53.27063220632924
              ],
              [
                6.532973357532109,
                53.270788060871034
              ],
              [
                6.532473589169041,
                53.27097417510084
              ],
              [
                6.5320066534025205,
                53.271188757011785
              ],
              [
                6.531577046719548,
                53.27142974046563
              ],
              [
                6.531188906380299,
                53.27169480507546
              ],
              [
                6.5308459705773965,
                53.27198139853632
              ],
              [
                6.530551542427839,
                53.27228676118952
              ],
              [
                6.530308458144587,
                53.27260795258444
              ],
              [
                6.53011905969506,
                53.27294187978294
              ],
              [
                6.529985172210883,
                53.273285327134154
              ],
              [
                6.529908086367797,
                53.27363498723336
              ],
              [
                6.529888545907102,
                53.27398749276689
              ],
              [
                6.529926740420675,
                53.2743394489376
              ],
              [
                6.530022303471041,
                53.27468746615733
              ],
              [
                6.530174316066687,
                53.27502819269289
              ],
              [
                6.530381315461238,
                53.27535834695036
              ],
              [
                6.530641309193667,
                53.27567474908664
              ],
              [
                6.530951794236185,
                53.27597435164392
              ],
              [
                6.531309781066937,
                53.2762542689108
              ],
              [
                6.531711822436912,
                53.27651180472801
              ],
              [
                6.532154046555023,
                53.27674447846925
              ],
              [
                6.532632194372184,
                53.276950048946894
              ],
              [
                6.53314166060555,
                53.27712653601182
              ],
              [
                6.533677538107504,
                53.27727223963845
              ],
              [
                6.533925265079921,
                53.27732271530858
              ],
              [
                6.534003642777681,
                53.27734402548574
              ],
              [
                6.534560771595782,
                53.27745754063763
              ],
              [
                6.535133783170518,
                53.277537775315
              ],
              [
                6.535717157820596,
                53.277583956633165
              ],
              [
                6.536305275966265,
                53.27759563973641
              ],
              [
                6.536892472301327,
                53.27757271208648
              ],
              [
                6.537473090407238,
                53.27751539454697
              ],
              [
                6.538041537281185,
                53.27742423925442
              ],
              [
                6.538592337251018,
                53.27730012429537
              ],
              [
                6.539120184755783,
                53.27714424524195
              ],
              [
                6.539619995481763,
                53.27695810362703
              ],
              [
                6.540086955360021,
                53.276743492471226
              ],
              [
                6.540516566952268,
                53.27650247900023
              ],
              [
                6.540904692777456,
                53.27623738472116
              ],
              [
                6.541247595161317,
                53.275950763049174
              ],
              [
                6.541541972224876,
                53.27564537470055
              ],
              [
                6.541784989665753,
                53.275324161090744
              ],
              [
                6.541974308026731,
                53.27499021599295
              ],
              [
                6.542108105190123,
                53.274646755731524
              ],
              [
                6.542185093882643,
                53.27429708819735
              ],
              [
                6.542204534023868,
                53.27394458098408
              ],
              [
                6.542166239801238,
                53.27359262895255
              ],
              [
                6.542070581405483,
                53.273244621535106
              ],
              [
                6.541918481411814,
                53.272903910096296
              ],
              [
                6.541711405843822,
                53.27257377566222
              ],
              [
                6.541451350008092,
                53.27225739733078
              ],
              [
                6.541140819237758,
                53.27195782166585
              ],
              [
                6.540782804732,
                53.271677933369986
              ],
              [
                6.540380754725424,
                53.271420427517505
              ],
              [
                6.5399385412658875,
                53.27118778361507
              ],
              [
                6.539460422921257,
                53.270982241738444
              ],
              [
                6.538951003774351,
                53.270805780975444
              ],
              [
                6.538415189100736,
                53.270660100381015
              ],
              [
                6.538230943193573,
                53.270622561086
              ],
              [
                6.538118899876624,
                53.27059209739621
              ],
              [
                6.537561850578685,
                53.270478598262414
              ],
              [
                6.536988928389018,
                53.27039837472758
              ],
              [
                6.536982398422865,
                53.27039785779619
              ],
              [
                6.5369591565104574,
                53.2703946032777
              ],
              [
                6.536375877798625,
                53.27034842761265
              ],
              [
                6.535787858390848,
                53.270336744552445
              ],
              [
                6.535200759829225,
                53.27035966658767
              ],
              [
                6.5346202347977,
                53.270416973024496
              ],
              [
                6.534051872737244,
                53.270508112107706
              ]
            ]
          ],
          [
            [
              [
                6.603233807231262,
                53.28630276203602
              ],
              [
                6.602723948262295,
                53.28612657399317
              ],
              [
                6.602187730094724,
                53.28598117985685
              ],
              [
                6.6016303158665925,
                53.28586797954199
              ],
              [
                6.601057072657864,
                53.28578806297985
              ],
              [
                6.600473519845693,
                53.28574219963048
              ],
              [
                6.599885275998518,
                53.28573083107965
              ],
              [
                6.599298004818603,
                53.28575406679006
              ],
              [
                6.598717360651544,
                53.285811683047896
              ],
              [
                6.5981489340855175,
                53.28590312511527
              ],
              [
                6.597598198162034,
                53.28602751256708
              ],
              [
                6.5970704557143245,
                53.28618364776206
              ],
              [
                6.59657078833868,
                53.28637002736591
              ],
              [
                6.596104007488654,
                53.28658485681654
              ],
              [
                6.5956746081618025,
                53.28682606759211
              ],
              [
                6.595286725624148,
                53.28709133711676
              ],
              [
                6.594944095588554,
                53.287378111112126
              ],
              [
                6.594650018230396,
                53.287683628180645
              ],
              [
                6.594407326387393,
                53.28800494638424
              ],
              [
                6.594218358250458,
                53.28833897156308
              ],
              [
                6.594084934809728,
                53.28868248712194
              ],
              [
                6.594008342274242,
                53.28903218499837
              ],
              [
                6.593989319636321,
                53.28938469751416
              ],
              [
                6.5939893247970645,
                53.28938474440703
              ],
              [
                6.593989324629379,
                53.289384747514454
              ],
              [
                6.594009229275289,
                53.289565609357695
              ],
              [
                6.593985680826273,
                53.289566539886415
              ],
              [
                6.593404978088198,
                53.289624130566644
              ],
              [
                6.592836489894512,
                53.289715547561315
              ],
              [
                6.592285689879862,
                53.28983991068689
              ],
              [
                6.591757881494346,
                53.28999602253627
              ],
              [
                6.591258146968912,
                53.29018238000003
              ],
              [
                6.590791298403455,
                53.290397188729195
              ],
              [
                6.590361831447372,
                53.29063838040163
              ],
              [
                6.589973882017735,
                53.290903632625394
              ],
              [
                6.589631186471416,
                53.29119039128881
              ],
              [
                6.589337045614568,
                53.29149589514204
              ],
              [
                6.589094292896368,
                53.29181720237434
              ],
              [
                6.588905267094009,
                53.29215121893155
              ],
              [
                6.588771789753058,
                53.29249472830175
              ],
              [
                6.588695147601796,
                53.29284442248197
              ],
              [
                6.588676080110588,
                53.29319693382978
              ],
              [
                6.5887147723179496,
                53.293548867491104
              ],
              [
                6.588810852994401,
                53.29389683409356
              ],
              [
                6.588963398163912,
                53.294237482390656
              ],
              [
                6.589170939951034,
                53.294567531541055
              ],
              [
                6.589431480670524,
                53.29488380271311
              ],
              [
                6.589742512025583,
                53.29518324970955
              ],
              [
                6.590101039231319,
                53.295462988316615
              ],
              [
                6.590385051404657,
                53.295644538285565
              ],
              [
                6.590232152129681,
                53.29584690455772
              ],
              [
                6.590043117746243,
                53.29618092247228
              ],
              [
                6.589909637266855,
                53.2965244326448
              ],
              [
                6.589832997450317,
                53.29687412706479
              ],
              [
                6.589813937744819,
                53.2972266380874
              ],
              [
                6.589852643114197,
                53.2975785708616
              ],
              [
                6.589948742202506,
                53.297926536023624
              ],
              [
                6.59010131085667,
                53.29826718234083
              ],
              [
                6.590141213651186,
                53.298330630163285
              ],
              [
                6.590131866677535,
                53.298340336845335
              ],
              [
                6.589889081783974,
                53.29866164502884
              ],
              [
                6.589700032579133,
                53.298995662126636
              ],
              [
                6.589566540834386,
                53.299339171621526
              ],
              [
                6.589489893417208,
                53.299688865509516
              ],
              [
                6.589470829849189,
                53.30004137615095
              ],
              [
                6.589509535131562,
                53.30039330869842
              ],
              [
                6.589605637909444,
                53.300741273790365
              ],
              [
                6.589758213994423,
                53.30108192019483
              ],
              [
                6.589965795213741,
                53.3014119670886
              ],
              [
                6.590226383502767,
                53.30172823566172
              ],
              [
                6.590537470106853,
                53.30202767974189
              ],
              [
                6.590896059709223,
                53.30230741514337
              ],
              [
                6.591298699253763,
                53.302564747457886
              ],
              [
                6.591741511186076,
                53.302797198018624
              ],
              [
                6.59222023079319,
                53.30300252778726
              ],
              [
                6.592730247282447,
                53.30317875893279
              ],
              [
                6.593266648203672,
                53.30332419389455
              ],
              [
                6.593824266786133,
                53.30343743174396
              ],
              [
                6.593915211323083,
                53.30345011103148
              ],
              [
                6.59399243116297,
                53.303471046886266
              ],
              [
                6.5945500535258725,
                53.303584281351476
              ],
              [
                6.595123521745536,
                53.30366422781943
              ],
              [
                6.595707311739992,
                53.303710116181634
              ],
              [
                6.596295799926921,
                53.303721504404606
              ],
              [
                6.596883317434317,
                53.30369828279077
              ],
              [
                6.597464204748994,
                53.303640675035815
              ],
              [
                6.5980328662745515,
                53.30354923607202
              ],
              [
                6.598043736386312,
                53.30354678196679
              ],
              [
                6.598171304249052,
                53.30360148695619
              ],
              [
                6.598681351954582,
                53.30377769271894
              ],
              [
                6.598980478429739,
                53.30385877661841
              ],
              [
                6.599437097562609,
                53.30405458071704
              ],
              [
                6.5999471557705265,
                53.30423078104977
              ],
              [
                6.600483593880906,
                53.30437618363853
              ],
              [
                6.601041244764572,
                53.30448938786675
              ],
              [
                6.601614736813728,
                53.304569303265794
              ],
              [
                6.602198545716729,
                53.30461516002664
              ],
              [
                6.602247579193233,
                53.30461610634181
              ],
              [
                6.6023748220266905,
                53.30462610051228
              ],
              [
                6.602963324207661,
                53.30463745604197
              ],
              [
                6.6035508503310725,
                53.30461420181536
              ],
              [
                6.604131740800739,
                53.30455656184225
              ],
              [
                6.604700399989898,
                53.30446509136535
              ],
              [
                6.60525135018146,
                53.30434067150761
              ],
              [
                6.605779284368224,
                53.30418450077843
              ],
              [
                6.606279117402841,
                53.30399808352055
              ],
              [
                6.606746035003335,
                53.303783215409744
              ],
              [
                6.606749174783503,
                53.30378145183819
              ],
              [
                6.606754035147022,
                53.30377921515449
              ],
              [
                6.607183540199994,
                53.30353796586296
              ],
              [
                6.60757149633657,
                53.303272659200374
              ],
              [
                6.607914167519906,
                53.30298585062732
              ],
              [
                6.608208254101111,
                53.30268030266002
              ],
              [
                6.608450924578911,
                53.302358958250785
              ],
              [
                6.608639842841112,
                53.30202491243211
              ],
              [
                6.608703188527175,
                53.301861722273514
              ],
              [
                6.608752511822664,
                53.30177450719727
              ],
              [
                6.608885857951805,
                53.30143097711332
              ],
              [
                6.608962350976577,
                53.30108127152655
              ],
              [
                6.608981255592808,
                53.30072875839621
              ],
              [
                6.608942391147514,
                53.30037683263903
              ],
              [
                6.6088461333245565,
                53.30002888343347
              ],
              [
                6.608693410472867,
                53.29968826158224
              ],
              [
                6.608485694614721,
                53.29935824724777
              ],
              [
                6.60822498722255,
                53.29904201837039
              ],
              [
                6.60791379990316,
                53.298742620073874
              ],
              [
                6.607555130176831,
                53.298462935351864
              ],
              [
                6.607152432585911,
                53.29820565731774
              ],
              [
                6.606709585411984,
                53.29797326328379
              ],
              [
                6.606230853322682,
                53.2977679909193
              ],
              [
                6.605720846308043,
                53.297591816716626
              ],
              [
                6.605184475301514,
                53.29744643697123
              ],
              [
                6.604626904912391,
                53.297333251459605
              ],
              [
                6.604053503723786,
                53.29725334997018
              ],
              [
                6.603481952401772,
                53.297208456948674
              ],
              [
                6.603064322459532,
                53.29712367224867
              ],
              [
                6.602490926894042,
                53.29704376328096
              ],
              [
                6.601907220240919,
                53.29699790752236
              ],
              [
                6.601797934035031,
                53.296995797595436
              ],
              [
                6.601771278184449,
                53.29675403490761
              ],
              [
                6.601675086488345,
                53.29640607933601
              ],
              [
                6.601522433254288,
                53.2960654477483
              ],
              [
                6.601314789834024,
                53.295735420400675
              ],
              [
                6.601054157002385,
                53.295419175358944
              ],
              [
                6.600743045648202,
                53.29511975790259
              ],
              [
                6.600384452560355,
                53.294840051209924
              ],
              [
                6.6001004038204165,
                53.29465852493343
              ],
              [
                6.600253252529059,
                53.294456146172585
              ],
              [
                6.600442200269342,
                53.29412211225669
              ],
              [
                6.600575589499474,
                53.29377859037398
              ],
              [
                6.600652136877217,
                53.293428889008105
              ],
              [
                6.600671106574299,
                53.29307637607777
              ],
              [
                6.600656605280951,
                53.292944808569864
              ],
              [
                6.600734323092089,
                53.292941733386996
              ],
              [
                6.601315060377064,
                53.29288410724754
              ],
              [
                6.601883571973765,
                53.29279265016767
              ],
              [
                6.6024343815871775,
                53.2926682431413
              ],
              [
                6.602962183564518,
                53.292512084554055
              ],
              [
                6.60346189403211,
                53.29232567863173
              ],
              [
                6.6039286998886375,
                53.29211082094069
              ],
              [
                6.604358105181604,
                53.29186958108142
              ],
              [
                6.604745974419529,
                53.291604282741524
              ],
              [
                6.605088572402208,
                53.29131748130121
              ],
              [
                6.605382600185308,
                53.29101193920804
              ],
              [
                6.605625226833258,
                53.29069059935769
              ],
              [
                6.60581411665529,
                53.29035655673855
              ],
              [
                6.605947451663432,
                53.290013028613565
              ],
              [
                6.606023949037486,
                53.28966332352635
              ],
              [
                6.606042873430536,
                53.28931080943131
              ],
              [
                6.60600404399827,
                53.28895888125464
              ],
              [
                6.6059078360865255,
                53.28861092819801
              ],
              [
                6.605755177562804,
                53.28827030110144
              ],
              [
                6.605547539829191,
                53.287940280177864
              ],
              [
                6.6052869236051865,
                53.287624043431215
              ],
              [
                6.604975839619184,
                53.28732463606112
              ],
              [
                6.604920098018229,
                53.2872811545286
              ],
              [
                6.604916237091813,
                53.28727743848134
              ],
              [
                6.604557682648348,
                53.286997743384404
              ],
              [
                6.604155110424101,
                53.2867404539353
              ],
              [
                6.603712397493388,
                53.2865080475564
              ],
              [
                6.603233807231262,
                53.28630276203602
              ]
            ]
          ],
          [
            [
              [
                6.537907568127393,
                53.29242397269949
              ],
              [
                6.537505340911952,
                53.29216645952293
              ],
              [
                6.537062929361016,
                53.29193380721752
              ],
              [
                6.5365845939500895,
                53.29172825593972
              ],
              [
                6.536074940852082,
                53.29155178486762
              ],
              [
                6.535538877594956,
                53.29140609315533
              ],
              [
                6.534981565826848,
                53.291292583583
              ],
              [
                6.5344083716424555,
                53.291212349059215
              ],
              [
                6.5338248139477395,
                53.2911661621054
              ],
              [
                6.533236511358528,
                53.291154467422786
              ],
              [
                6.532649128142569,
                53.291177377613906
              ],
              [
                6.532068319723622,
                53.29123467209886
              ],
              [
                6.5314996782703325,
                53.291325799237725
              ],
              [
                6.53094867889183,
                53.291449881637405
              ],
              [
                6.530420626956278,
                53.29160572459391
              ],
              [
                6.529920607037874,
                53.29179182758667
              ],
              [
                6.529453433982481,
                53.29200639871712
              ],
              [
                6.529023606561815,
                53.29224737195109
              ],
              [
                6.528635264161665,
                53.29251242700031
              ],
              [
                6.528292146920717,
                53.292799011652086
              ],
              [
                6.5279975597037065,
                53.29310436633272
              ],
              [
                6.527754340256195,
                53.29342555066864
              ],
              [
                6.527564831848251,
                53.29375947178981
              ],
              [
                6.527430860671631,
                53.29410291410415
              ],
              [
                6.52735371820943,
                53.29445257025537
              ],
              [
                6.5273341487497,
                53.294805072968124
              ],
              [
                6.527372342165144,
                53.295157027472285
              ],
              [
                6.527467932030417,
                53.29550504419593
              ],
              [
                6.527619999097283,
                53.29584577141054
              ],
              [
                6.527827080096172,
                53.29617592751561
              ],
              [
                6.528087181781411,
                53.296492332650104
              ],
              [
                6.5283978000866005,
                53.296791939327136
              ],
              [
                6.528755944207274,
                53.297071861795594
              ],
              [
                6.529158165380149,
                53.29732940384587
              ],
              [
                6.529600590082735,
                53.29756208479145
              ],
              [
                6.53007895733412,
                53.29776766337512
              ],
              [
                6.530588659737779,
                53.297944159369486
              ],
              [
                6.531124787870964,
                53.2980898726627
              ],
              [
                6.531682177592388,
                53.29820339964524
              ],
              [
                6.532255459811649,
                53.298283646739456
              ],
              [
                6.5328391122396585,
                53.298329840940916
              ],
              [
                6.5334275126200385,
                53.298341537269806
              ],
              [
                6.534014992926982,
                53.298318623060304
              ],
              [
                6.534595894005576,
                53.298261319046745
              ],
              [
                6.53516462012632,
                53.29817017723533
              ],
              [
                6.5357156929263605,
                53.298046075582846
              ],
              [
                6.536243804215984,
                53.297890209533314
              ],
              [
                6.536743867140048,
                53.29770408049469
              ],
              [
                6.537211065200012,
                53.297489481366426
              ],
              [
                6.537640898663242,
                53.29724847925871
              ],
              [
                6.538029227911737,
                53.29698339556937
              ],
              [
                6.538372313312226,
                53.296696783611715
              ],
              [
                6.538666851223585,
                53.296391404008766
              ],
              [
                6.538910005795037,
                53.29607019809195
              ],
              [
                6.539099436249665,
                53.29573625956053
              ],
              [
                6.539233319391416,
                53.295392804675764
              ],
              [
                6.5393103671203265,
                53.295043141276906
              ],
              [
                6.5393298387888885,
                53.29469063691792
              ],
              [
                6.539291548282462,
                53.2943386864321
              ],
              [
                6.539195865757542,
                53.293990679237034
              ],
              [
                6.539043714023225,
                53.29364996669504
              ],
              [
                6.538836559602798,
                53.29331982984273
              ],
              [
                6.538576398563488,
                53.29300344780128
              ],
              [
                6.538265737252635,
                53.29270386717012
              ],
              [
                6.537907568127393,
                53.29242397269949
              ]
            ]
          ],
          [
            [
              [
                6.564273477721377,
                53.391426741404956
              ],
              [
                6.5639143131737425,
                53.391146936884574
              ],
              [
                6.563511003465756,
                53.39088952266745
              ],
              [
                6.563067432776389,
                53.390656977376466
              ],
              [
                6.562587872742112,
                53.39045154013667
              ],
              [
                6.562076941326095,
                53.390275189027115
              ],
              [
                6.561539558362445,
                53.39012962204591
              ],
              [
                6.560980898202993,
                53.39001624077164
              ],
              [
                6.560406339921566,
                53.38993613687691
              ],
              [
                6.559821415553932,
                53.389890081625126
              ],
              [
                6.559231756870257,
                53.389878518449265
              ],
              [
                6.558643041190742,
                53.38990155868567
              ],
              [
                6.558060936764305,
                53.38995898050262
              ],
              [
                6.5574910482342155,
                53.39005023103457
              ],
              [
                6.556938862713826,
                53.390174431700984
              ],
              [
                6.556409696989713,
                53.39033038665967
              ],
              [
                6.555908646358914,
                53.390516594312544
              ],
              [
                6.5554405355914245,
                53.39073126175414
              ],
              [
                6.555009872488885,
                53.390972322023764
              ],
              [
                6.554969530391602,
                53.39099981352072
              ],
              [
                6.554889077321973,
                53.39104484594011
              ],
              [
                6.5545000079187234,
                53.391309977518866
              ],
              [
                6.554156280760455,
                53.39159662789252
              ],
              [
                6.553861206589274,
                53.39190203685523
              ],
              [
                6.553617627845119,
                53.39222326351114
              ],
              [
                6.553427891264088,
                53.39255721458331
              ],
              [
                6.553293825241988,
                53.39290067419132
              ],
              [
                6.553216722182514,
                53.39325033481253
              ],
              [
                6.553215896462757,
                53.39326534104827
              ],
              [
                6.553177019152792,
                53.39329776021774
              ],
              [
                6.552881926431842,
                53.39360316664723
              ],
              [
                6.552638330822527,
                53.393924391174615
              ],
              [
                6.552448579223413,
                53.3942583405434
              ],
              [
                6.5523145001750125,
                53.39460179888961
              ],
              [
                6.552237386206573,
                53.394951458702785
              ],
              [
                6.55221798133933,
                53.39530395267212
              ],
              [
                6.552256473868483,
                53.3956558861115
              ],
              [
                6.55235249449539,
                53.39600386965121
              ],
              [
                6.552505119830127,
                53.39634455188164
              ],
              [
                6.5527128812326625,
                53.39667465163474
              ],
              [
                6.552973778909576,
                53.39699098959128
              ],
              [
                6.553285301132307,
                53.39729051891029
              ],
              [
                6.553644448393474,
                53.39757035458457
              ],
              [
                6.554047762269831,
                53.39782780123937
              ],
              [
                6.554491358714896,
                53.39806037910589
              ],
              [
                6.554970965461097,
                53.39826584791868
              ],
              [
                6.555481963171371,
                53.3984422285067
              ],
              [
                6.556019429943674,
                53.39858782186889
              ],
              [
                6.556578188739037,
                53.39870122555022
              ],
              [
                6.55715285727543,
                53.39878134716018
              ],
              [
                6.557737899905479,
                53.39882741490276
              ],
              [
                6.5583276809768085,
                53.398838985016106
              ],
              [
                6.558916519159188,
                53.39881594605032
              ],
              [
                6.559498742213279,
                53.39875851994158
              ],
              [
                6.560068741671457,
                53.39866725987274
              ],
              [
                6.560621026901975,
                53.398543044940176
              ],
              [
                6.561150278033842,
                53.39838707167989
              ],
              [
                6.561651397230932,
                53.3982008425333
              ],
              [
                6.562119557819918,
                53.39798615136495
              ],
              [
                6.562550250797669,
                53.39774506617257
              ],
              [
                6.562939328269245,
                53.39747990915506
              ],
              [
                6.563283043397724,
                53.39719323433294
              ],
              [
                6.56357808648088,
                53.396887802935396
              ],
              [
                6.563821616807657,
                53.39656655679331
              ],
              [
                6.564011289988255,
                53.39623258999383
              ],
              [
                6.564145280495738,
                53.39588911907081
              ],
              [
                6.564218548455188,
                53.39555648064971
              ],
              [
                6.564382783790939,
                53.39541948983771
              ],
              [
                6.564677806972418,
                53.39511405560838
              ],
              [
                6.56492131912699,
                53.394792807090354
              ],
              [
                6.565110976039816,
                53.394458838393646
              ],
              [
                6.565244952340549,
                53.394115366070295
              ],
              [
                6.565321959039247,
                53.39376569812755
              ],
              [
                6.5653412558910205,
                53.39341320216298
              ],
              [
                6.565302658472291,
                53.393061272928726
              ],
              [
                6.565206539902485,
                53.392713299637265
              ],
              [
                6.565053827196681,
                53.39237263332359
              ],
              [
                6.564845992286441,
                53.39204255457841
              ],
              [
                6.564585037797256,
                53.39172624196226
              ],
              [
                6.564273477721377,
                53.391426741404956
              ]
            ]
          ],
          [
            [
              [
                6.61972541600542,
                53.399311305933644
              ],
              [
                6.619245490411439,
                53.399106096203184
              ],
              [
                6.618734225622274,
                53.398929987178654
              ],
              [
                6.6181965446800675,
                53.398784674527114
              ],
              [
                6.6176376248040025,
                53.39867155737823
              ],
              [
                6.617062847567053,
                53.39859172486176
              ],
              [
                6.616477747111952,
                53.398545945628136
              ],
              [
                6.615887956903397,
                53.39853466045294
              ],
              [
                6.615299155527452,
                53.398557977996205
              ],
              [
                6.614717012058041,
                53.39861567375635
              ],
              [
                6.614147131514664,
                53.398707192230404
              ],
              [
                6.6135950009344775,
                53.39883165225824
              ],
              [
                6.613065936576166,
                53.398987855500515
              ],
              [
                6.6125650327622125,
                53.39917429796868
              ],
              [
                6.612097112850692,
                53.399389184496265
              ],
              [
                6.611666682807509,
                53.39963044601298
              ],
              [
                6.6112778878252785,
                53.39989575945536
              ],
              [
                6.610934472406085,
                53.4001825701231
              ],
              [
                6.61063974429244,
                53.4004881162665
              ],
              [
                6.610396542594111,
                53.400809455668224
              ],
              [
                6.610207210418371,
                53.40114349396501
              ],
              [
                6.610073572268456,
                53.40148701443577
              ],
              [
                6.609996916429117,
                53.40183670897101
              ],
              [
                6.6099779825107206,
                53.402189209924764
              ],
              [
                6.610016954273641,
                53.40254112254265
              ],
              [
                6.610113457804116,
                53.40288905765469
              ],
              [
                6.610266565061223,
                53.403229664316946
              ],
              [
                6.610474802762896,
                53.403559662088156
              ],
              [
                6.610481533939635,
                53.40356780585812
              ],
              [
                6.610502630122873,
                53.40375827695242
              ],
              [
                6.610599140393705,
                53.40410621150444
              ],
              [
                6.610752255907424,
                53.40444681737692
              ],
              [
                6.610960503302506,
                53.404776814136326
              ],
              [
                6.611221878103867,
                53.40509302345464
              ],
              [
                6.611533863986256,
                53.40539239972913
              ],
              [
                6.611893456974889,
                53.40567205942606
              ],
              [
                6.612297194351535,
                53.40592930886519
              ],
              [
                6.612741187988578,
                53.40616167017675
              ],
              [
                6.613221161790586,
                53.406366905181066
              ],
              [
                6.613732492882861,
                53.406543036958844
              ],
              [
                6.614270256150132,
                53.40668836890565
              ],
              [
                6.614829271695647,
                53.406801501084544
              ],
              [
                6.615404154762655,
                53.4068813437204
              ],
              [
                6.615989367636044,
                53.4069271277046
              ],
              [
                6.615989413515202,
                53.40692712858233
              ],
              [
                6.615989481538322,
                53.40692713390394
              ],
              [
                6.616579386925029,
                53.40693841820767
              ],
              [
                6.617168302296627,
                53.40691509413497
              ],
              [
                6.617750554670174,
                53.40685738636864
              ],
              [
                6.618320535295958,
                53.406765850804774
              ],
              [
                6.618872753724402,
                53.406641369193906
              ],
              [
                6.619401890729147,
                53.40648514064087
              ],
              [
                6.619902849574901,
                53.4062986700463
              ],
              [
                6.620370805134716,
                53.40608375360052
              ],
              [
                6.620801250382384,
                53.405842461471046
              ],
              [
                6.6211900398113395,
                53.40557711784992
              ],
              [
                6.621472064181741,
                53.40534153831553
              ],
              [
                6.621504185285493,
                53.40531961559165
              ],
              [
                6.621847570689573,
                53.4050327753862
              ],
              [
                6.6221422498075695,
                53.4047272024445
              ],
              [
                6.622385385436186,
                53.40440583996015
              ],
              [
                6.622574636989148,
                53.40407178314022
              ],
              [
                6.622708183002102,
                53.403728249384855
              ],
              [
                6.622784738630783,
                53.40337854729213
              ],
              [
                6.622803567975716,
                53.403026044787715
              ],
              [
                6.622764491116541,
                53.40267413668586
              ],
              [
                6.62266788579032,
                53.40232621199465
              ],
              [
                6.622514683699696,
                53.401985621280204
              ],
              [
                6.622306361488587,
                53.40165564440436
              ],
              [
                6.622044926474282,
                53.40133945894592
              ],
              [
                6.621732897275109,
                53.40104010960948
              ],
              [
                6.621714173221802,
                53.40102555032332
              ],
              [
                6.621506154102994,
                53.40069603485978
              ],
              [
                6.621244730851925,
                53.40037984752061
              ],
              [
                6.6209327142257175,
                53.40008049597055
              ],
              [
                6.620573109734128,
                53.39980086275221
              ],
              [
                6.620169380923145,
                53.3995436404818
              ],
              [
                6.61972541600542,
                53.399311305933644
              ]
            ]
          ],
          [
            [
              [
                6.682379360835784,
                53.40242055227644
              ],
              [
                6.681975239446745,
                53.4021635388267
              ],
              [
                6.68153091548047,
                53.40193143362339
              ],
              [
                6.681050667822497,
                53.401726471553395
              ],
              [
                6.680539121052848,
                53.40155062612004
              ],
              [
                6.68000120092679,
                53.401405590452384
              ],
              [
                6.679442086964764,
                53.40129276101321
              ],
              [
                6.678867162607057,
                53.40121322416205
              ],
              [
                6.67828196341187,
                53.40116774570289
              ],
              [
                6.677692123793935,
                53.40115676351554
              ],
              [
                6.677103322814797,
                53.401180383343004
              ],
              [
                6.676521229544748,
                53.4012383777735
              ],
              [
                6.675951448520575,
                53.401330188428474
              ],
              [
                6.67539946582226,
                53.40145493133488
              ],
              [
                6.674870596286014,
                53.40161140542976
              ],
              [
                6.67436993236018,
                53.40179810411666
              ],
              [
                6.673902295095009,
                53.40201322976206
              ],
              [
                6.673472187737023,
                53.402254710993056
              ],
              [
                6.673083752373969,
                53.40252022263024
              ],
              [
                6.672916080596414,
                53.40266050377413
              ],
              [
                6.6729138665300685,
                53.402661158771245
              ],
              [
                6.672413181852389,
                53.40284784931418
              ],
              [
                6.671945523358486,
                53.403062967343175
              ],
              [
                6.671515394499233,
                53.403304441558745
              ],
              [
                6.671126937569339,
                53.40356994684903
              ],
              [
                6.670783893817984,
                53.40385692666611
              ],
              [
                6.670489567410963,
                53.40416261763095
              ],
              [
                6.67024679359185,
                53.40448407613122
              ],
              [
                6.670152890826096,
                53.4046501897346
              ],
              [
                6.669793505445558,
                53.40478417664065
              ],
              [
                6.669325812776625,
                53.40499928444937
              ],
              [
                6.668895649843575,
                53.40524074924272
              ],
              [
                6.668507159269156,
                53.405506245999625
              ],
              [
                6.668164082626456,
                53.405793218254345
              ],
              [
                6.667869724397966,
                53.40609890270071
              ],
              [
                6.667626920133691,
                53.40642035578918
              ],
              [
                6.6674380091156245,
                53.406754482060954
              ],
              [
                6.667304811792898,
                53.40709806394713
              ],
              [
                6.667228612206371,
                53.40744779274605
              ],
              [
                6.667210145573501,
                53.40780030048074
              ],
              [
                6.6672495911550165,
                53.40815219233092
              ],
              [
                6.667283202771097,
                53.40827276554551
              ],
              [
                6.667288508229434,
                53.40832009430833
              ],
              [
                6.667385488253673,
                53.40866798124861
              ],
              [
                6.667539069606019,
                53.409008512833545
              ],
              [
                6.667747774437667,
                53.40933840934414
              ],
              [
                6.668009593866718,
                53.40965449341722
              ],
              [
                6.668322007284067,
                53.40995372065567
              ],
              [
                6.668682006595381,
                53.41023320896064
              ],
              [
                6.6690861251669205,
                53.41049026630218
              ],
              [
                6.66953047119742,
                53.41072241666056
              ],
              [
                6.670010765195103,
                53.4109274238877
              ],
              [
                6.670522381199093,
                53.41110331325816
              ],
              [
                6.6710603913478685,
                53.4112483905024
              ],
              [
                6.671619613364933,
                53.41136125813697
              ],
              [
                6.672063036724962,
                53.411422616072635
              ],
              [
                6.672384941411011,
                53.41150941413778
              ],
              [
                6.67294417025483,
                53.41162227558854
              ],
              [
                6.673519223286636,
                53.41170184003471
              ],
              [
                6.674104561152991,
                53.411747341047544
              ],
              [
                6.674694545355965,
                53.411758340324845
              ],
              [
                6.675283492607781,
                53.41173473191587
              ],
              [
                6.675865729618468,
                53.41167674324264
              ],
              [
                6.676435647786799,
                53.411584932907374
              ],
              [
                6.6769877572657075,
                53.41146018530757
              ],
              [
                6.677516739879557,
                53.411303702110374
              ],
              [
                6.678017500381808,
                53.4111169906693
              ],
              [
                6.678485215557864,
                53.410901849494714
              ],
              [
                6.6789153806989985,
                53.41066035091846
              ],
              [
                6.679303852998831,
                53.41039482112096
              ],
              [
                6.679646891453903,
                53.410107817712564
              ],
              [
                6.679941192884011,
                53.409802105086584
              ],
              [
                6.680039178991852,
                53.409672331075186
              ],
              [
                6.680408869769747,
                53.4095344740816
              ],
              [
                6.680876555745877,
                53.40931932358628
              ],
              [
                6.681306691618409,
                53.409077816420634
              ],
              [
                6.681695134862935,
                53.40881227884766
              ],
              [
                6.682038144755919,
                53.40852526855265
              ],
              [
                6.682332418392278,
                53.40821954999517
              ],
              [
                6.682575122476202,
                53.407898067770724
              ],
              [
                6.682763920579638,
                53.40756391823903
              ],
              [
                6.6828969956070345,
                53.40722031969232
              ],
              [
                6.682973067251393,
                53.40687058135189
              ],
              [
                6.682989330468555,
                53.40655793849604
              ],
              [
                6.683153987507016,
                53.406386865135964
              ],
              [
                6.683396675205419,
                53.406065381096106
              ],
              [
                6.683585458987501,
                53.40573123010221
              ],
              [
                6.683718521895547,
                53.4053876304606
              ],
              [
                6.683794583739171,
                53.40503789140302
              ],
              [
                6.683812913375123,
                53.40468538121032
              ],
              [
                6.683773335695802,
                53.40433349476985
              ],
              [
                6.68367623326117,
                53.40398562088011
              ],
              [
                6.683522542560514,
                53.403645109617166
              ],
              [
                6.683313744942038,
                53.403315240076935
              ],
              [
                6.6830518522997195,
                53.40299918880376
              ],
              [
                6.682739387656977,
                53.40269999920945
              ],
              [
                6.682379360835784,
                53.40242055227644
              ]
            ]
          ],
          [
            [
              [
                6.66307398950909,
                53.40277429742906
              ],
              [
                6.662514901475722,
                53.40266138934675
              ],
              [
                6.661939989427616,
                53.40258177165413
              ],
              [
                6.661354788804648,
                53.40253621093339
              ],
              [
                6.660764934035398,
                53.4025251458564
              ],
              [
                6.66017610432726,
                53.40254868296413
              ],
              [
                6.659593969026996,
                53.40260659564117
              ],
              [
                6.65902413307582,
                53.40269832629613
              ],
              [
                6.65847208308221,
                53.40282299172612
              ],
              [
                6.657943134529883,
                53.40297939161418
              ],
              [
                6.657442380627475,
                53.403166020078395
              ],
              [
                6.65697464329103,
                53.40338108016137
              ],
              [
                6.656544426730041,
                53.40362250112157
              ],
              [
                6.656155874083173,
                53.403887958360045
              ],
              [
                6.655812727520741,
                53.40417489579173
              ],
              [
                6.655518292198029,
                53.40448055044578
              ],
              [
                6.655275404406969,
                53.40480197905965
              ],
              [
                6.655086404233449,
                53.405136086410415
              ],
              [
                6.6549531129847965,
                53.40547965511153
              ],
              [
                6.654876815606074,
                53.40582937658839
              ],
              [
                6.6548582482562715,
                53.406181882934824
              ],
              [
                6.654897591165922,
                53.40653377934397
              ],
              [
                6.654994466846945,
                53.4068816768013
              ],
              [
                6.655147943674015,
                53.40722222472467
              ],
              [
                6.655356544805132,
                53.40755214323813
              ],
              [
                6.655618262357362,
                53.40786825476659
              ],
              [
                6.655930576703101,
                53.408167514648795
              ],
              [
                6.656290480702566,
                53.408447040471515
              ],
              [
                6.656694508640437,
                53.40870413984359
              ],
              [
                6.656694597878453,
                53.40870418648501
              ],
              [
                6.6566946041920865,
                53.408704190502576
              ],
              [
                6.657138865141536,
                53.40893638699917
              ],
              [
                6.6576190804297,
                53.409141444028094
              ],
              [
                6.658130624854277,
                53.40931738638442
              ],
              [
                6.658668571243649,
                53.40946251928813
              ],
              [
                6.659227737935869,
                53.40957544471963
              ],
              [
                6.659802738717189,
                53.40965507489547
              ],
              [
                6.660388034737776,
                53.409700642753606
              ],
              [
                6.660977987903001,
                53.40971170934794
              ],
              [
                6.661566915224185,
                53.40968816807924
              ],
              [
                6.662149143603369,
                53.40963024572265
              ],
              [
                6.662719064522394,
                53.40953850024162
              ],
              [
                6.663271188107518,
                53.409413815408776
              ],
              [
                6.663800196046958,
                53.40925739228669
              ],
              [
                6.664300992849872,
                53.4090707376502
              ],
              [
                6.664768754951579,
                53.40885564946237
              ],
              [
                6.665198977190873,
                53.40861419954486
              ],
              [
                6.665587516210872,
                53.40834871360938
              ],
              [
                6.665930630364932,
                53.408061748843835
              ],
              [
                6.666225015743194,
                53.40775606926943
              ],
              [
                6.666467837973068,
                53.40743461910644
              ],
              [
                6.666656759488109,
                53.40710049440584
              ],
              [
                6.666789962003794,
                53.40675691322099
              ],
              [
                6.666866163984996,
                53.40640718460624
              ],
              [
                6.6668846329387765,
                53.40605467674195
              ],
              [
                6.6668451924158845,
                53.40570278449336
              ],
              [
                6.666748223655605,
                53.40535489671524
              ],
              [
                6.666594661860213,
                53.40501436361756
              ],
              [
                6.666385987136966,
                53.404684464506715
              ],
              [
                6.66612421019688,
                53.404368376212034
              ],
              [
                6.665811852949774,
                53.40406914250201
              ],
              [
                6.6654519241840635,
                53.40378964478407
              ],
              [
                6.665047890566804,
                53.403532574369265
              ],
              [
                6.66504780133056,
                53.40353252773399
              ],
              [
                6.665047795016918,
                53.40353252371686
              ],
              [
                6.664603547695234,
                53.40330035591657
              ],
              [
                6.664123364816224,
                53.403095326220864
              ],
              [
                6.663611870336745,
                53.40291940878423
              ],
              [
                6.66307398950909,
                53.40277429742906
              ]
            ]
          ],
          [
            [
              [
                6.6942307072062714,
                53.408177694809794
              ],
              [
                6.693640768011869,
                53.4081667911095
              ],
              [
                6.693051880509547,
                53.40819048915784
              ],
              [
                6.692469714602445,
                53.40824856078991
              ],
              [
                6.69189987552662,
                53.40834044688404
              ],
              [
                6.691347849921032,
                53.40846526274075
              ],
              [
                6.6908189530352,
                53.408621806594844
              ],
              [
                6.690318277581115,
                53.40880857117819
              ],
              [
                6.689850644720473,
                53.40902375822288
              ],
              [
                6.689420557657939,
                53.40926529576476
              ],
              [
                6.689032158286498,
                53.40953085808231
              ],
              [
                6.688689187301863,
                53.40981788807835
              ],
              [
                6.688394948169955,
                53.41012362189057
              ],
              [
                6.688152275294771,
                53.41044511549387
              ],
              [
                6.68796350669384,
                53.410779273039125
              ],
              [
                6.687830461445549,
                53.41112287665601
              ],
              [
                6.687754422126867,
                53.41147261743331
              ],
              [
                6.68773612241231,
                53.411825127278476
              ],
              [
                6.687775739955451,
                53.4121770113505
              ],
              [
                6.687872894623545,
                53.41252488075307
              ],
              [
                6.688026652104384,
                53.41286538517388
              ],
              [
                6.688235532852733,
                53.41319524515533
              ],
              [
                6.688324771270576,
                53.41330289263674
              ],
              [
                6.688353224105928,
                53.41336590068314
              ],
              [
                6.688562109821733,
                53.41369576002351
              ],
              [
                6.68882410873949,
                53.41401179776957
              ],
              [
                6.689136698520968,
                53.41431096997034
              ],
              [
                6.689496869372639,
                53.414590395056706
              ],
              [
                6.689901153007912,
                53.414847381607444
              ],
              [
                6.690345656034947,
                53.415079454284594
              ],
              [
                6.690826097449031,
                53.415284377688074
              ],
              [
                6.691337849868579,
                53.41546017789986
              ],
              [
                6.6918759841173445,
                53.41560516150916
              ],
              [
                6.692435316722761,
                53.41571793193451
              ],
              [
                6.693010459871971,
                53.415797402885445
              ],
              [
                6.693595873342993,
                53.41584280883393
              ],
              [
                6.694185917909264,
                53.415853712393506
              ],
              [
                6.694774909701315,
                53.41583000853556
              ],
              [
                6.69535717500005,
                53.41577192560166
              ],
              [
                6.69592710493181,
                53.41568002310206
              ],
              [
                6.696479209536421,
                53.41555518632217
              ],
              [
                6.697008170685548,
                53.41539861778819
              ],
              [
                6.697508893339882,
                53.41521182567571
              ],
              [
                6.697976554649988,
                53.41499660927211
              ],
              [
                6.698406650426669,
                53.41475504163391
              ],
              [
                6.698795038532424,
                53.414489449606656
              ],
              [
                6.699137978775552,
                53.41420239140008
              ],
              [
                6.699432168922609,
                53.41389663193504
              ],
              [
                6.699674776482717,
                53.41357511620101
              ],
              [
                6.69986346595826,
                53.413240940880215
              ],
              [
                6.699935828392785,
                53.41305392451972
              ],
              [
                6.7000503875706015,
                53.41285103218358
              ],
              [
                6.700183340238206,
                53.41250741557062
              ],
              [
                6.700259280110862,
                53.412157667390154
              ],
              [
                6.700277477220669,
                53.411805156010615
              ],
              [
                6.7002377577369066,
                53.411453276330604
              ],
              [
                6.700140505585619,
                53.411105417083235
              ],
              [
                6.6999866586982035,
                53.41076492820332
              ],
              [
                6.699777699927118,
                53.41043508857089
              ],
              [
                6.699515642718231,
                53.4101190744421
              ],
              [
                6.699203011679555,
                53.409819928870796
              ],
              [
                6.698842818235105,
                53.4095405324153
              ],
              [
                6.698438531599579,
                53.40928357541136
              ],
              [
                6.697994045354287,
                53.40905153207838
              ],
              [
                6.697513639946786,
                53.40884663670738
              ],
              [
                6.697001941475444,
                53.40867086215942
              ],
              [
                6.696463877155573,
                53.40852590088093
              ],
              [
                6.69605427330938,
                53.40844331948399
              ],
              [
                6.695950311614775,
                53.40841531002659
              ],
              [
                6.695391065121971,
                53.40830255536521
              ],
              [
                6.694816018072805,
                53.40822309527133
              ],
              [
                6.6942307072062714,
                53.408177694809794
              ]
            ]
          ],
          [
            [
              [
                6.726138691042377,
                53.410207066944935
              ],
              [
                6.725658139551597,
                53.41000228444449
              ],
              [
                6.7251463132967455,
                53.409826630009775
              ],
              [
                6.724608140722623,
                53.40968179493065
              ],
              [
                6.724048803778963,
                53.40956917373846
              ],
              [
                6.723473688051791,
                53.40948985078781
              ],
              [
                6.722888330940858,
                53.40944458982314
              ],
              [
                6.722298368380605,
                53.40943382663044
              ],
              [
                6.721709480615845,
                53.40945766484423
              ],
              [
                6.7211273375523275,
                53.40951587495022
              ],
              [
                6.720557544206455,
                53.4096078964936
              ],
              [
                6.720005586777365,
                53.40973284347075
              ],
              [
                6.719476779858786,
                53.40988951285411
              ],
              [
                6.718976215297256,
                53.41007639616683
              ],
              [
                6.718508713187634,
                53.41029169399783
              ],
              [
                6.718078775476622,
                53.410533333316145
              ],
              [
                6.717690542620143,
                53.410798987420065
              ],
              [
                6.717347753711585,
                53.411086098328425
              ],
              [
                6.717053710464626,
                53.41139190139962
              ],
              [
                6.716811245397945,
                53.41171345194124
              ],
              [
                6.716622694528791,
                53.412047653555625
              ],
              [
                6.71648987483953,
                53.41239128794769
              ],
              [
                6.716414066735518,
                53.412741045909364
              ],
              [
                6.716396001664964,
                53.413093559182286
              ],
              [
                6.716396107223513,
                53.41309449118903
              ],
              [
                6.7163960012452355,
                53.41309655918361
              ],
              [
                6.716435854605125,
                53.41344843289287
              ],
              [
                6.716533243992625,
                53.413796278242
              ],
              [
                6.71668723283472,
                53.41413674514987
              ],
              [
                6.716896339357455,
                53.414466554519784
              ],
              [
                6.717158550809236,
                53.41478252982717
              ],
              [
                6.717471342804025,
                53.41508162772194
              ],
              [
                6.717831703599743,
                53.41536096735047
              ],
              [
                6.718236163079308,
                53.41561785811452
              ],
              [
                6.718680826156126,
                53.415849825598386
              ],
              [
                6.719161410282843,
                53.41605463541519
              ],
              [
                6.719673286702245,
                53.41623031474108
              ],
              [
                6.71980369905234,
                53.41626541305074
              ],
              [
                6.71999665769236,
                53.416497902834394
              ],
              [
                6.720309481964798,
                53.41679699306914
              ],
              [
                6.720669875615321,
                53.417076323926615
              ],
              [
                6.721074368210343,
                53.417333204892934
              ],
              [
                6.721519064344234,
                53.41756516164683
              ],
              [
                6.721999681151132,
                53.4177699599047
              ],
              [
                6.7225115895589385,
                53.41794562695396
              ],
              [
                6.723049858887841,
                53.41809047066637
              ],
              [
                6.7236093043632055,
                53.418203095808046
              ],
              [
                6.724184537084176,
                53.41828241748808
              ],
              [
                6.724770015965375,
                53.418327671616424
              ],
              [
                6.725360101149764,
                53.41833842226918
              ],
              [
                6.725949108376441,
                53.41831456589072
              ],
              [
                6.726531363777676,
                53.41825633229197
              ],
              [
                6.727101258575417,
                53.41816428243463
              ],
              [
                6.72765330314841,
                53.418039303023576
              ],
              [
                6.728182179947255,
                53.41788259795909
              ],
              [
                6.728682794745995,
                53.41769567673192
              ],
              [
                6.728808988844229,
                53.41763755425854
              ],
              [
                6.7289500872527945,
                53.417584869515665
              ],
              [
                6.7294176156927135,
                53.41736953161867
              ],
              [
                6.729847557324649,
                53.41712785238933
              ],
              [
                6.730235771496998,
                53.41686215974793
              ],
              [
                6.730578519694564,
                53.416575012873025
              ],
              [
                6.7308725015348125,
                53.41626917753947
              ],
              [
                6.731114886534285,
                53.41594759946702
              ],
              [
                6.73130334133992,
                53.41561337593803
              ],
              [
                6.7314360521641134,
                53.41526972595681
              ],
              [
                6.731511742208849,
                53.414919959239406
              ],
              [
                6.731529683912765,
                53.414567444332306
              ],
              [
                6.731489705905115,
                53.414215576167585
              ],
              [
                6.731392194601677,
                53.413867743366986
              ],
              [
                6.7312380904293585,
                53.41352729561024
              ],
              [
                6.731028878717866,
                53.41319751138084
              ],
              [
                6.730766575348239,
                53.41288156640106
              ],
              [
                6.7304537072981505,
                53.41258250305854
              ],
              [
                6.730093288272977,
                53.41230320111934
              ],
              [
                6.729688789658572,
                53.41204635000896
              ],
              [
                6.729244107076314,
                53.41181442292686
              ],
              [
                6.728763522863171,
                53.411609653044536
              ],
              [
                6.728251664838101,
                53.411434012014695
              ],
              [
                6.727713461751692,
                53.41128919099808
              ],
              [
                6.7276653948601535,
                53.411279514721315
              ],
              [
                6.72766102527634,
                53.41127425073146
              ],
              [
                6.727348190561522,
                53.4109751790402
              ],
              [
                6.726987805203867,
                53.410695867536184
              ],
              [
                6.7265833402650825,
                53.41043900573693
              ],
              [
                6.726138691042377,
                53.410207066944935
              ]
            ]
          ]
        ]
      },
      "properties": {
        "type": "buffer_union_400m",
        "buffer_m": 400
      }
    },
    {
      "type": "Feature",
      "geometry": {
        "type": "Polygon",
        "coordinates": [
          [
            [
              6.175717,
              53.367525
            ],
            [
              6.176298,
              53.366913
            ],
            [
              6.177726,
              53.365568
            ],
            [
              6.178588,
              53.364828
            ],
            [
              6.18015,
              53.364067
            ],
            [
              6.180826,
              53.363833
            ],
            [
              6.182747,
              53.363447
            ],
            [
              6.183767,
              53.363224
            ],
            [
              6.185189,
              53.362789
            ],
            [
              6.187714,
              53.362078
            ],
            [
              6.189373,
              53.361744
            ],
            [
              6.190821,
              53.361507
            ],
            [
              6.193609,
              53.361066
            ],
            [
              6.196484,
              53.360644
            ],
            [
              6.199145,
              53.360348
            ],
            [
              6.201923,
              53.360037
            ],
            [
              6.205358,
              53.359643
            ],
            [
              6.206329,
              53.359516
            ],
            [
              6.20803,
              53.359294
            ],
            [
              6.21081,
              53.358968
            ],
            [
              6.213283,
              53.358643
            ],
            [
              6.213577,
              53.358605
            ],
            [
              6.215037,
              53.358398
            ],
            [
              6.216339,
              53.358146
            ],
            [
              6.217582,
              53.357863
            ],
            [
              6.218892,
              53.357407
            ],
            [
              6.221158,
              53.356464
            ],
            [
              6.223119,
              53.355578
            ],
            [
              6.224002,
              53.355105
            ],
            [
              6.224972,
              53.354307
            ],
            [
              6.226222,
              53.352721
            ],
            [
              6.226478,
              53.352279
            ],
            [
              6.226597,
              53.351701
            ],
            [
              6.226938,
              53.35098
            ],
            [
              6.227302,
              53.350065
            ],
            [
              6.227471,
              53.349388
            ],
            [
              6.22787,
              53.348417
            ],
            [
              6.228586,
              53.34742
            ],
            [
              6.229621,
              53.345926
            ],
            [
              6.229943,
              53.345445
            ],
            [
              6.230154,
              53.34517
            ],
            [
              6.230465,
              53.344766
            ],
            [
              6.23048,
              53.344746
            ],
            [
              6.231437,
              53.343971
            ],
            [
              6.232419,
              53.343439
            ],
            [
              6.233595,
              53.3431
            ],
            [
              6.234953,
              53.342837
            ],
            [
              6.236569,
              53.342738
            ],
            [
              6.237918,
              53.342781
            ],
            [
              6.239299,
              53.343039
            ],
            [
              6.240357,
              53.343409
            ],
            [
              6.241886,
              53.344132
            ],
            [
              6.24301,
              53.344861
            ],
            [
              6.244317,
              53.345675
            ],
            [
              6.245467,
              53.346358
            ],
            [
              6.246539,
              53.346983
            ],
            [
              6.247577,
              53.347472
            ],
            [
              6.248853,
              53.347894
            ],
            [
              6.248996,
              53.347927
            ],
            [
              6.250437,
              53.348255
            ],
            [
              6.251438,
              53.348432
            ],
            [
              6.252849,
              53.348594
            ],
            [
              6.254047,
              53.348593
            ],
            [
              6.25566,
              53.348388
            ],
            [
              6.257022,
              53.348089
            ],
            [
              6.25996,
              53.347324
            ],
            [
              6.262879,
              53.346621
            ],
            [
              6.264478,
              53.346259
            ],
            [
              6.265672,
              53.346105
            ],
            [
              6.266884,
              53.345977
            ],
            [
              6.268654,
              53.345841
            ],
            [
              6.270932,
              53.345707
            ],
            [
              6.272489,
              53.345498
            ],
            [
              6.27368,
              53.345272
            ],
            [
              6.274724,
              53.344944
            ],
            [
              6.275793,
              53.34454
            ],
            [
              6.277894,
              53.343542
            ],
            [
              6.280016,
              53.342648
            ],
            [
              6.281319,
              53.342287
            ],
            [
              6.28256,
              53.34199
            ],
            [
              6.284171,
              53.341708
            ],
            [
              6.286981,
              53.341382
            ],
            [
              6.28742,
              53.341139
            ],
            [
              6.29127,
              53.339005
            ],
            [
              6.291479,
              53.338894
            ],
            [
              6.292087,
              53.338558
            ],
            [
              6.295488,
              53.336678
            ],
            [
              6.295827,
              53.336513
            ],
            [
              6.295944,
              53.336456
            ],
            [
              6.296091,
              53.336385
            ],
            [
              6.300507,
              53.334242
            ],
            [
              6.302972,
              53.333515
            ],
            [
              6.304692,
              53.33306
            ],
            [
              6.305195,
              53.33285
            ],
            [
              6.305667,
              53.332631
            ],
            [
              6.307943,
              53.33151
            ],
            [
              6.310204,
              53.330598
            ],
            [
              6.311143,
              53.330154
            ],
            [
              6.312303,
              53.329441
            ],
            [
              6.312905,
              53.329042
            ],
            [
              6.313222,
              53.328823
            ],
            [
              6.313587,
              53.328559
            ],
            [
              6.313868,
              53.328326
            ],
            [
              6.314066,
              53.32813
            ],
            [
              6.314075,
              53.32812
            ],
            [
              6.314368,
              53.327803
            ],
            [
              6.314641,
              53.327487
            ],
            [
              6.31494,
              53.327052
            ],
            [
              6.315132,
              53.326762
            ],
            [
              6.315335,
              53.326402
            ],
            [
              6.315631,
              53.32575
            ],
            [
              6.315867,
              53.325266
            ],
            [
              6.315948,
              53.325071
            ],
            [
              6.315981,
              53.324923
            ],
            [
              6.315976,
              53.32477
            ],
            [
              6.315962,
              53.324588
            ],
            [
              6.315903,
              53.323939
            ],
            [
              6.315864,
              53.323759
            ],
            [
              6.315786,
              53.323537
            ],
            [
              6.315776,
              53.323326
            ],
            [
              6.315789,
              53.322626
            ],
            [
              6.31585,
              53.321855
            ],
            [
              6.315882,
              53.321442
            ],
            [
              6.315912,
              53.321123
            ],
            [
              6.316054,
              53.320555
            ],
            [
              6.316177,
              53.320114
            ],
            [
              6.316312,
              53.319763
            ],
            [
              6.316531,
              53.319395
            ],
            [
              6.316756,
              53.319153
            ],
            [
              6.316898,
              53.319007
            ],
            [
              6.317723,
              53.318172
            ],
            [
              6.318763,
              53.317431
            ],
            [
              6.319341,
              53.317159
            ],
            [
              6.319907,
              53.316921
            ],
            [
              6.320885,
              53.316547
            ],
            [
              6.322078,
              53.316197
            ],
            [
              6.322956,
              53.315951
            ],
            [
              6.324354,
              53.315648
            ],
            [
              6.325237,
              53.315507
            ],
            [
              6.326394,
              53.315368
            ],
            [
              6.326847,
              53.315303
            ],
            [
              6.326913,
              53.315293
            ],
            [
              6.327451,
              53.315248
            ],
            [
              6.328032,
              53.315221
            ],
            [
              6.329199,
              53.315144
            ],
            [
              6.33009,
              53.315135
            ],
            [
              6.330426,
              53.315154
            ],
            [
              6.33126,
              53.315236
            ],
            [
              6.33164,
              53.315299
            ],
            [
              6.332312,
              53.315439
            ],
            [
              6.332733,
              53.315552
            ],
            [
              6.333401,
              53.315764
            ],
            [
              6.3341,
              53.316021
            ],
            [
              6.335431,
              53.31655
            ],
            [
              6.336125,
              53.316825
            ],
            [
              6.336635,
              53.317059
            ],
            [
              6.337671,
              53.317483
            ],
            [
              6.338656,
              53.317839
            ],
            [
              6.339529,
              53.318156
            ],
            [
              6.339898,
              53.318327
            ],
            [
              6.340424,
              53.318497
            ],
            [
              6.341228,
              53.318734
            ],
            [
              6.341657,
              53.318822
            ],
            [
              6.342373,
              53.318945
            ],
            [
              6.342708,
              53.31899
            ],
            [
              6.343424,
              53.319063
            ],
            [
              6.343866,
              53.319079
            ],
            [
              6.344744,
              53.319058
            ],
            [
              6.345067,
              53.319035
            ],
            [
              6.345372,
              53.319004
            ],
            [
              6.345688,
              53.318959
            ],
            [
              6.346028,
              53.318891
            ],
            [
              6.346494,
              53.318777
            ],
            [
              6.347295,
              53.318542
            ],
            [
              6.347796,
              53.318375
            ],
            [
              6.348489,
              53.318134
            ],
            [
              6.349104,
              53.317887
            ],
            [
              6.349257,
              53.317818
            ],
            [
              6.349798,
              53.317527
            ],
            [
              6.350145,
              53.317324
            ],
            [
              6.351608,
              53.316403
            ],
            [
              6.353548,
              53.314764
            ],
            [
              6.35367,
              53.314668
            ],
            [
              6.353755,
              53.314601
            ],
            [
              6.353915,
              53.314494
            ],
            [
              6.35409,
              53.314384
            ],
            [
              6.354262,
              53.314305
            ],
            [
              6.354415,
              53.314234
            ],
            [
              6.354543,
              53.314169
            ],
            [
              6.35476,
              53.314088
            ],
            [
              6.355017,
              53.313996
            ],
            [
              6.355281,
              53.313906
            ],
            [
              6.355439,
              53.313862
            ],
            [
              6.355837,
              53.313838
            ],
            [
              6.35605,
              53.313836
            ],
            [
              6.356325,
              53.313838
            ],
            [
              6.356328,
              53.313838
            ],
            [
              6.356445,
              53.313839
            ],
            [
              6.356456,
              53.31384
            ],
            [
              6.356635,
              53.313846
            ],
            [
              6.356745,
              53.313848
            ],
            [
              6.356862,
              53.313854
            ],
            [
              6.357127,
              53.313883
            ],
            [
              6.357377,
              53.313924
            ],
            [
              6.357668,
              53.313978
            ],
            [
              6.357831,
              53.314016
            ],
            [
              6.358671,
              53.314341
            ],
            [
              6.359198,
              53.314582
            ],
            [
              6.360396,
              53.315295
            ],
            [
              6.361409,
              53.31628
            ],
            [
              6.361908,
              53.316845
            ],
            [
              6.362339,
              53.317426
            ],
            [
              6.362792,
              53.31808
            ],
            [
              6.363124,
              53.318588
            ],
            [
              6.363405,
              53.319038
            ],
            [
              6.363644,
              53.319363
            ],
            [
              6.363924,
              53.319736
            ],
            [
              6.364289,
              53.320203
            ],
            [
              6.364759,
              53.320665
            ],
            [
              6.365142,
              53.320935
            ],
            [
              6.365353,
              53.321081
            ],
            [
              6.365658,
              53.321238
            ],
            [
              6.365926,
              53.321327
            ],
            [
              6.367009,
              53.321572
            ],
            [
              6.367591,
              53.321622
            ],
            [
              6.368538,
              53.321533
            ],
            [
              6.368705,
              53.321515
            ],
            [
              6.369517,
              53.32139
            ],
            [
              6.370428,
              53.321224
            ],
            [
              6.371411,
              53.321038
            ],
            [
              6.371587,
              53.320994
            ],
            [
              6.372236,
              53.320853
            ],
            [
              6.372921,
              53.320715
            ],
            [
              6.373754,
              53.320555
            ],
            [
              6.374804,
              53.320355
            ],
            [
              6.375004,
              53.32033
            ],
            [
              6.375453,
              53.320274
            ],
            [
              6.37618,
              53.320184
            ],
            [
              6.376987,
              53.320093
            ],
            [
              6.377617,
              53.320036
            ],
            [
              6.378529,
              53.319984
            ],
            [
              6.379602,
              53.319927
            ],
            [
              6.380699,
              53.319917
            ],
            [
              6.381932,
              53.319907
            ],
            [
              6.382741,
              53.319913
            ],
            [
              6.38399,
              53.319922
            ],
            [
              6.385108,
              53.319944
            ],
            [
              6.386038,
              53.319955
            ],
            [
              6.386872,
              53.319965
            ],
            [
              6.387646,
              53.319964
            ],
            [
              6.388112,
              53.319957
            ],
            [
              6.388837,
              53.319943
            ],
            [
              6.389616,
              53.319924
            ],
            [
              6.390441,
              53.319872
            ],
            [
              6.391277,
              53.319813
            ],
            [
              6.391952,
              53.319754
            ],
            [
              6.392603,
              53.319686
            ],
            [
              6.393885,
              53.319555
            ],
            [
              6.39423,
              53.319518
            ],
            [
              6.394625,
              53.319469
            ],
            [
              6.395084,
              53.319419
            ],
            [
              6.395459,
              53.319343
            ],
            [
              6.396041,
              53.319295
            ],
            [
              6.396725,
              53.319233
            ],
            [
              6.397346,
              53.319176
            ],
            [
              6.39799,
              53.319133
            ],
            [
              6.398568,
              53.319105
            ],
            [
              6.398833,
              53.319099
            ],
            [
              6.399688,
              53.31911
            ],
            [
              6.400079,
              53.319109
            ],
            [
              6.400545,
              53.319106
            ],
            [
              6.401138,
              53.319135
            ],
            [
              6.401707,
              53.319205
            ],
            [
              6.402342,
              53.319306
            ],
            [
              6.403131,
              53.319444
            ],
            [
              6.403781,
              53.319593
            ],
            [
              6.403984,
              53.319649
            ],
            [
              6.404707,
              53.319823
            ],
            [
              6.404751,
              53.319834
            ],
            [
              6.405082,
              53.31992
            ],
            [
              6.405751,
              53.320075
            ],
            [
              6.40653,
              53.320326
            ],
            [
              6.406808,
              53.320424
            ],
            [
              6.406992,
              53.320495
            ],
            [
              6.407444,
              53.320676
            ],
            [
              6.407925,
              53.320871
            ],
            [
              6.408249,
              53.320995
            ],
            [
              6.408601,
              53.321135
            ],
            [
              6.408837,
              53.321246
            ],
            [
              6.408957,
              53.32131
            ],
            [
              6.409088,
              53.321391
            ],
            [
              6.409167,
              53.321447
            ],
            [
              6.409214,
              53.321483
            ],
            [
              6.409264,
              53.321522
            ],
            [
              6.409387,
              53.32161
            ],
            [
              6.409619,
              53.321775
            ],
            [
              6.40983,
              53.32199
            ],
            [
              6.410393,
              53.322612
            ],
            [
              6.410745,
              53.323
            ],
            [
              6.411114,
              53.323399
            ],
            [
              6.411314,
              53.323656
            ],
            [
              6.411756,
              53.324314
            ],
            [
              6.411968,
              53.324817
            ],
            [
              6.412276,
              53.32532
            ],
            [
              6.413082,
              53.326534
            ],
            [
              6.413373,
              53.326827
            ],
            [
              6.413508,
              53.327016
            ],
            [
              6.413675,
              53.327218
            ],
            [
              6.413819,
              53.327385
            ],
            [
              6.413928,
              53.327515
            ],
            [
              6.413987,
              53.327566
            ],
            [
              6.41405,
              53.327622
            ],
            [
              6.414148,
              53.327731
            ],
            [
              6.414286,
              53.327824
            ],
            [
              6.414449,
              53.32794
            ],
            [
              6.414605,
              53.328029
            ],
            [
              6.41478,
              53.328106
            ],
            [
              6.414967,
              53.328165
            ],
            [
              6.415123,
              53.328217
            ],
            [
              6.415253,
              53.328252
            ],
            [
              6.415409,
              53.328285
            ],
            [
              6.41556,
              53.328308
            ],
            [
              6.4159,
              53.328308
            ],
            [
              6.416201,
              53.328287
            ],
            [
              6.416595,
              53.328252
            ],
            [
              6.41688,
              53.328204
            ],
            [
              6.417753,
              53.327993
            ],
            [
              6.419868,
              53.327452
            ],
            [
              6.420141,
              53.327389
            ],
            [
              6.420396,
              53.327345
            ],
            [
              6.420581,
              53.327303
            ],
            [
              6.420771,
              53.327264
            ],
            [
              6.421383,
              53.327151
            ],
            [
              6.421608,
              53.327122
            ],
            [
              6.421838,
              53.327098
            ],
            [
              6.422049,
              53.327088
            ],
            [
              6.422263,
              53.327085
            ],
            [
              6.422807,
              53.327086
            ],
            [
              6.423218,
              53.327087
            ],
            [
              6.423632,
              53.327071
            ],
            [
              6.423956,
              53.327082
            ],
            [
              6.424268,
              53.327118
            ],
            [
              6.424518,
              53.32716
            ],
            [
              6.424752,
              53.32721
            ],
            [
              6.424989,
              53.327286
            ],
            [
              6.4253,
              53.327353
            ],
            [
              6.425388,
              53.327372
            ],
            [
              6.425964,
              53.327496
            ],
            [
              6.42642,
              53.32756
            ],
            [
              6.426844,
              53.327674
            ],
            [
              6.426881,
              53.327683
            ],
            [
              6.42741,
              53.32785
            ],
            [
              6.427414,
              53.327853
            ],
            [
              6.428422,
              53.328177
            ],
            [
              6.428911,
              53.32829
            ],
            [
              6.429329,
              53.328431
            ],
            [
              6.430001,
              53.328525
            ],
            [
              6.430366,
              53.328485
            ],
            [
              6.431097,
              53.328206
            ],
            [
              6.431673,
              53.327878
            ],
            [
              6.43213,
              53.32754
            ],
            [
              6.432815,
              53.326951
            ],
            [
              6.43295,
              53.3268
            ],
            [
              6.433491,
              53.326194
            ],
            [
              6.433679,
              53.325939
            ],
            [
              6.435145,
              53.324307
            ],
            [
              6.435743,
              53.32371
            ],
            [
              6.435825,
              53.323621
            ],
            [
              6.436652,
              53.322602
            ],
            [
              6.437275,
              53.321727
            ],
            [
              6.437364,
              53.321586
            ],
            [
              6.437435,
              53.32145
            ],
            [
              6.437502,
              53.321311
            ],
            [
              6.437582,
              53.321138
            ],
            [
              6.437863,
              53.320275
            ],
            [
              6.437909,
              53.320042
            ],
            [
              6.43793,
              53.31994
            ],
            [
              6.437936,
              53.319825
            ],
            [
              6.437956,
              53.319614
            ],
            [
              6.437988,
              53.319293
            ],
            [
              6.438006,
              53.31888
            ],
            [
              6.438009,
              53.318729
            ],
            [
              6.437996,
              53.318544
            ],
            [
              6.438005,
              53.318368
            ],
            [
              6.438026,
              53.318184
            ],
            [
              6.438033,
              53.318077
            ],
            [
              6.43805,
              53.317971
            ],
            [
              6.438077,
              53.317858
            ],
            [
              6.438098,
              53.317715
            ],
            [
              6.438136,
              53.317528
            ],
            [
              6.438144,
              53.317499
            ],
            [
              6.438172,
              53.317402
            ],
            [
              6.438327,
              53.317161
            ],
            [
              6.438427,
              53.317046
            ],
            [
              6.438482,
              53.316992
            ],
            [
              6.438538,
              53.316936
            ],
            [
              6.438593,
              53.316889
            ],
            [
              6.43869,
              53.316846
            ],
            [
              6.438826,
              53.316799
            ],
            [
              6.438939,
              53.316768
            ],
            [
              6.439224,
              53.316726
            ],
            [
              6.439426,
              53.316694
            ],
            [
              6.439558,
              53.31667
            ],
            [
              6.439691,
              53.316649
            ],
            [
              6.439839,
              53.316646
            ],
            [
              6.439871,
              53.316645
            ],
            [
              6.440084,
              53.31665
            ],
            [
              6.440345,
              53.316665
            ],
            [
              6.440756,
              53.316724
            ],
            [
              6.440905,
              53.316752
            ],
            [
              6.441106,
              53.31677
            ],
            [
              6.441293,
              53.316807
            ],
            [
              6.442226,
              53.317162
            ],
            [
              6.443097,
              53.317586
            ],
            [
              6.443448,
              53.317796
            ],
            [
              6.44399,
              53.318121
            ],
            [
              6.444136,
              53.31823
            ],
            [
              6.44505,
              53.31891
            ],
            [
              6.44589,
              53.319566
            ],
            [
              6.446509,
              53.320049
            ],
            [
              6.44656,
              53.320085
            ],
            [
              6.446829,
              53.320271
            ],
            [
              6.447049,
              53.320397
            ],
            [
              6.447663,
              53.320727
            ],
            [
              6.448256,
              53.320961
            ],
            [
              6.448973,
              53.32122
            ],
            [
              6.449216,
              53.321302
            ],
            [
              6.449508,
              53.321412
            ],
            [
              6.449916,
              53.321644
            ],
            [
              6.450237,
              53.321915
            ],
            [
              6.450253,
              53.321938
            ],
            [
              6.450355,
              53.322204
            ],
            [
              6.450374,
              53.322406
            ],
            [
              6.450366,
              53.322443
            ],
            [
              6.450358,
              53.322548
            ],
            [
              6.450328,
              53.322658
            ],
            [
              6.450286,
              53.322732
            ],
            [
              6.450185,
              53.322844
            ],
            [
              6.449955,
              53.323004
            ],
            [
              6.449352,
              53.323392
            ],
            [
              6.449219,
              53.323468
            ],
            [
              6.448977,
              53.323606
            ],
            [
              6.448475,
              53.32389
            ],
            [
              6.448161,
              53.324069
            ],
            [
              6.447817,
              53.324294
            ],
            [
              6.447597,
              53.324444
            ],
            [
              6.447163,
              53.32483
            ],
            [
              6.447046,
              53.325018
            ],
            [
              6.446936,
              53.325186
            ],
            [
              6.446888,
              53.325294
            ],
            [
              6.446767,
              53.325538
            ],
            [
              6.446764,
              53.325772
            ],
            [
              6.446781,
              53.325908
            ],
            [
              6.446801,
              53.326084
            ],
            [
              6.446809,
              53.326145
            ],
            [
              6.446891,
              53.326322
            ],
            [
              6.447011,
              53.326654
            ],
            [
              6.44713,
              53.326813
            ],
            [
              6.44737,
              53.32705
            ],
            [
              6.447588,
              53.327224
            ],
            [
              6.447684,
              53.327301
            ],
            [
              6.447811,
              53.327369
            ],
            [
              6.448098,
              53.327513
            ],
            [
              6.448507,
              53.327681
            ],
            [
              6.448557,
              53.327702
            ],
            [
              6.449013,
              53.327863
            ],
            [
              6.449612,
              53.328042
            ],
            [
              6.450609,
              53.328292
            ],
            [
              6.450922,
              53.328363
            ],
            [
              6.451566,
              53.328511
            ],
            [
              6.451914,
              53.328584
            ],
            [
              6.452361,
              53.328679
            ],
            [
              6.452741,
              53.328771
            ],
            [
              6.452936,
              53.328802
            ],
            [
              6.453011,
              53.328811
            ],
            [
              6.453273,
              53.328842
            ],
            [
              6.453629,
              53.328889
            ],
            [
              6.453952,
              53.32891
            ],
            [
              6.45425,
              53.328929
            ],
            [
              6.454415,
              53.328931
            ],
            [
              6.454643,
              53.328932
            ],
            [
              6.45521,
              53.328944
            ],
            [
              6.455515,
              53.328951
            ],
            [
              6.455934,
              53.328944
            ],
            [
              6.456255,
              53.32892
            ],
            [
              6.457266,
              53.328792
            ],
            [
              6.45781,
              53.328685
            ],
            [
              6.45813,
              53.328622
            ],
            [
              6.458766,
              53.328455
            ],
            [
              6.459164,
              53.328351
            ],
            [
              6.459512,
              53.328236
            ],
            [
              6.459917,
              53.328079
            ],
            [
              6.46032,
              53.327944
            ],
            [
              6.460999,
              53.327662
            ],
            [
              6.461323,
              53.327421
            ],
            [
              6.461389,
              53.327368
            ],
            [
              6.461552,
              53.327269
            ],
            [
              6.461797,
              53.327092
            ],
            [
              6.462069,
              53.326829
            ],
            [
              6.462302,
              53.32651
            ],
            [
              6.462437,
              53.326264
            ],
            [
              6.462559,
              53.325937
            ],
            [
              6.46259,
              53.32579
            ],
            [
              6.462604,
              53.325598
            ],
            [
              6.462598,
              53.325438
            ],
            [
              6.462584,
              53.325356
            ],
            [
              6.462563,
              53.325307
            ],
            [
              6.462454,
              53.325106
            ],
            [
              6.462375,
              53.32499
            ],
            [
              6.462284,
              53.324857
            ],
            [
              6.462247,
              53.324813
            ],
            [
              6.461061,
              53.323639
            ],
            [
              6.460908,
              53.323406
            ],
            [
              6.460901,
              53.323387
            ],
            [
              6.460894,
              53.323361
            ],
            [
              6.460864,
              53.323235
            ],
            [
              6.460851,
              53.323131
            ],
            [
              6.46085,
              53.323041
            ],
            [
              6.460868,
              53.322921
            ],
            [
              6.460916,
              53.322799
            ],
            [
              6.460964,
              53.322679
            ],
            [
              6.461004,
              53.322586
            ],
            [
              6.461054,
              53.322498
            ],
            [
              6.461101,
              53.322431
            ],
            [
              6.46118,
              53.32235
            ],
            [
              6.46133,
              53.322232
            ],
            [
              6.461519,
              53.322115
            ],
            [
              6.461613,
              53.322065
            ],
            [
              6.461665,
              53.322041
            ],
            [
              6.461702,
              53.322024
            ],
            [
              6.462676,
              53.321661
            ],
            [
              6.464278,
              53.321282
            ],
            [
              6.465907,
              53.320981
            ],
            [
              6.46695,
              53.320822
            ],
            [
              6.46806,
              53.320723
            ],
            [
              6.46825,
              53.320706
            ],
            [
              6.469344,
              53.320674
            ],
            [
              6.47023,
              53.320754
            ],
            [
              6.471461,
              53.320974
            ],
            [
              6.471808,
              53.32105
            ],
            [
              6.471929,
              53.321089
            ],
            [
              6.471948,
              53.321096
            ],
            [
              6.472204,
              53.321194
            ],
            [
              6.472436,
              53.321292
            ],
            [
              6.472511,
              53.321328
            ],
            [
              6.472628,
              53.321407
            ],
            [
              6.472753,
              53.321497
            ],
            [
              6.472913,
              53.321636
            ],
            [
              6.47306,
              53.321764
            ],
            [
              6.473109,
              53.321816
            ],
            [
              6.473246,
              53.321965
            ],
            [
              6.473495,
              53.322404
            ],
            [
              6.473668,
              53.322821
            ],
            [
              6.473689,
              53.322904
            ],
            [
              6.473693,
              53.32292
            ],
            [
              6.473735,
              53.323078
            ],
            [
              6.473769,
              53.323175
            ],
            [
              6.473818,
              53.323274
            ],
            [
              6.47387,
              53.323362
            ],
            [
              6.473925,
              53.32344
            ],
            [
              6.473962,
              53.32348
            ],
            [
              6.474055,
              53.323567
            ],
            [
              6.474149,
              53.323634
            ],
            [
              6.474283,
              53.323709
            ],
            [
              6.474383,
              53.323756
            ],
            [
              6.474461,
              53.323789
            ],
            [
              6.474544,
              53.323819
            ],
            [
              6.474627,
              53.32384
            ],
            [
              6.474737,
              53.323859
            ],
            [
              6.474752,
              53.323863
            ],
            [
              6.474954,
              53.3239
            ],
            [
              6.475289,
              53.323923
            ],
            [
              6.4759,
              53.32391
            ],
            [
              6.476657,
              53.323833
            ],
            [
              6.477426,
              53.323723
            ],
            [
              6.478091,
              53.323572
            ],
            [
              6.478932,
              53.323318
            ],
            [
              6.479918,
              53.322979
            ],
            [
              6.480067,
              53.322923
            ],
            [
              6.480069,
              53.322922
            ],
            [
              6.480668,
              53.322695
            ],
            [
              6.480848,
              53.322599
            ],
            [
              6.481095,
              53.322457
            ],
            [
              6.481322,
              53.322333
            ],
            [
              6.481685,
              53.322148
            ],
            [
              6.48214,
              53.321904
            ],
            [
              6.482533,
              53.321688
            ],
            [
              6.482818,
              53.321433
            ],
            [
              6.482922,
              53.321322
            ],
            [
              6.482979,
              53.321261
            ],
            [
              6.48302,
              53.321208
            ],
            [
              6.483124,
              53.321055
            ],
            [
              6.483249,
              53.32083
            ],
            [
              6.483298,
              53.320716
            ],
            [
              6.483337,
              53.320627
            ],
            [
              6.483397,
              53.32048
            ],
            [
              6.483484,
              53.320273
            ],
            [
              6.483593,
              53.319927
            ],
            [
              6.483607,
              53.319845
            ],
            [
              6.483614,
              53.319754
            ],
            [
              6.48364,
              53.319515
            ],
            [
              6.483617,
              53.319355
            ],
            [
              6.483591,
              53.319256
            ],
            [
              6.483529,
              53.319117
            ],
            [
              6.483393,
              53.318917
            ],
            [
              6.482714,
              53.318286
            ],
            [
              6.482297,
              53.317924
            ],
            [
              6.482244,
              53.317867
            ],
            [
              6.482153,
              53.31776
            ],
            [
              6.482038,
              53.317605
            ],
            [
              6.481948,
              53.31747
            ],
            [
              6.481893,
              53.317374
            ],
            [
              6.481862,
              53.317246
            ],
            [
              6.481863,
              53.317125
            ],
            [
              6.481892,
              53.316996
            ],
            [
              6.481933,
              53.316906
            ],
            [
              6.482001,
              53.316819
            ],
            [
              6.482155,
              53.31668
            ],
            [
              6.482243,
              53.316616
            ],
            [
              6.48255,
              53.316415
            ],
            [
              6.483188,
              53.316014
            ],
            [
              6.483605,
              53.315685
            ],
            [
              6.483877,
              53.315463
            ],
            [
              6.484191,
              53.315253
            ],
            [
              6.484818,
              53.314749
            ],
            [
              6.48534,
              53.314246
            ],
            [
              6.485827,
              53.313777
            ],
            [
              6.487345,
              53.312227
            ],
            [
              6.489074,
              53.310439
            ],
            [
              6.489102,
              53.310414
            ],
            [
              6.491026,
              53.308707
            ],
            [
              6.493058,
              53.306874
            ],
            [
              6.494166,
              53.305813
            ],
            [
              6.494695,
              53.305254
            ],
            [
              6.494736,
              53.305217
            ],
            [
              6.495727,
              53.304325
            ],
            [
              6.498508,
              53.301766
            ],
            [
              6.49974,
              53.300585
            ],
            [
              6.500951,
              53.299423
            ],
            [
              6.501639,
              53.298701
            ],
            [
              6.50197,
              53.298355
            ],
            [
              6.503118,
              53.297065
            ],
            [
              6.503946,
              53.296105
            ],
            [
              6.504107,
              53.295908
            ],
            [
              6.504224,
              53.295737
            ],
            [
              6.504303,
              53.295581
            ],
            [
              6.504374,
              53.295349
            ],
            [
              6.504403,
              53.295097
            ],
            [
              6.504367,
              53.294596
            ],
            [
              6.504345,
              53.294317
            ],
            [
              6.504278,
              53.293949
            ],
            [
              6.50418,
              53.293456
            ],
            [
              6.504076,
              53.293083
            ],
            [
              6.503966,
              53.29285
            ],
            [
              6.503803,
              53.29246
            ],
            [
              6.503729,
              53.29228
            ],
            [
              6.503673,
              53.29213
            ],
            [
              6.503664,
              53.292103
            ],
            [
              6.503612,
              53.291931
            ],
            [
              6.503539,
              53.291683
            ],
            [
              6.503455,
              53.291266
            ],
            [
              6.503359,
              53.290801
            ],
            [
              6.503288,
              53.290364
            ],
            [
              6.503266,
              53.290031
            ],
            [
              6.503256,
              53.289718
            ],
            [
              6.503274,
              53.289534
            ],
            [
              6.503277,
              53.289508
            ],
            [
              6.503366,
              53.289259
            ],
            [
              6.503458,
              53.289047
            ],
            [
              6.503637,
              53.288744
            ],
            [
              6.503974,
              53.288252
            ],
            [
              6.50412,
              53.288076
            ],
            [
              6.504215,
              53.287942
            ],
            [
              6.504283,
              53.28782
            ],
            [
              6.504353,
              53.287668
            ],
            [
              6.504392,
              53.287582
            ],
            [
              6.504427,
              53.287455
            ],
            [
              6.504455,
              53.287323
            ],
            [
              6.504477,
              53.287174
            ],
            [
              6.504491,
              53.286902
            ],
            [
              6.504542,
              53.28629
            ],
            [
              6.504521,
              53.285736
            ],
            [
              6.504473,
              53.285496
            ],
            [
              6.504427,
              53.285387
            ],
            [
              6.504359,
              53.285299
            ],
            [
              6.504277,
              53.285223
            ],
            [
              6.504056,
              53.285042
            ],
            [
              6.503773,
              53.284837
            ],
            [
              6.503336,
              53.28457
            ],
            [
              6.502992,
              53.284377
            ],
            [
              6.502603,
              53.284113
            ],
            [
              6.502312,
              53.283849
            ],
            [
              6.502139,
              53.283647
            ],
            [
              6.502037,
              53.283479
            ],
            [
              6.501856,
              53.283129
            ],
            [
              6.501764,
              53.28282
            ],
            [
              6.501748,
              53.282731
            ],
            [
              6.50174,
              53.282288
            ],
            [
              6.501741,
              53.281981
            ],
            [
              6.501747,
              53.281542
            ],
            [
              6.501751,
              53.281248
            ],
            [
              6.501759,
              53.280956
            ],
            [
              6.501759,
              53.280951
            ],
            [
              6.501787,
              53.280692
            ],
            [
              6.501811,
              53.280415
            ],
            [
              6.501834,
              53.280259
            ],
            [
              6.501875,
              53.280071
            ],
            [
              6.501913,
              53.279903
            ],
            [
              6.501955,
              53.279772
            ],
            [
              6.501978,
              53.279714
            ],
            [
              6.502044,
              53.279555
            ],
            [
              6.502154,
              53.279317
            ],
            [
              6.502276,
              53.279097
            ],
            [
              6.502483,
              53.278734
            ],
            [
              6.502837,
              53.278162
            ],
            [
              6.503339,
              53.277296
            ],
            [
              6.503747,
              53.276645
            ],
            [
              6.504161,
              53.275827
            ],
            [
              6.504543,
              53.274926
            ],
            [
              6.505012,
              53.273868
            ],
            [
              6.505471,
              53.273017
            ],
            [
              6.506818,
              53.270745
            ],
            [
              6.506857,
              53.270621
            ],
            [
              6.506891,
              53.270329
            ],
            [
              6.506884,
              53.270241
            ],
            [
              6.506875,
              53.270192
            ],
            [
              6.506839,
              53.270074
            ],
            [
              6.506808,
              53.269987
            ],
            [
              6.506801,
              53.269965
            ],
            [
              6.5068,
              53.26996
            ],
            [
              6.506748,
              53.269773
            ],
            [
              6.50668,
              53.269571
            ],
            [
              6.506552,
              53.269304
            ],
            [
              6.50646,
              53.268906
            ],
            [
              6.506449,
              53.268874
            ],
            [
              6.506413,
              53.268767
            ],
            [
              6.506404,
              53.268676
            ],
            [
              6.506414,
              53.268493
            ],
            [
              6.506422,
              53.268401
            ],
            [
              6.506482,
              53.268094
            ],
            [
              6.506522,
              53.267884
            ],
            [
              6.506565,
              53.267641
            ],
            [
              6.506687,
              53.267076
            ],
            [
              6.506766,
              53.266715
            ],
            [
              6.506811,
              53.266491
            ],
            [
              6.506855,
              53.266258
            ],
            [
              6.5069,
              53.266016
            ],
            [
              6.506944,
              53.265786
            ],
            [
              6.506969,
              53.265655
            ],
            [
              6.506996,
              53.265439
            ],
            [
              6.50705,
              53.265036
            ],
            [
              6.507064,
              53.264913
            ],
            [
              6.507096,
              53.264664
            ],
            [
              6.507126,
              53.26442
            ],
            [
              6.507152,
              53.264209
            ],
            [
              6.507162,
              53.264154
            ],
            [
              6.507327,
              53.263024
            ],
            [
              6.507645,
              53.261083
            ],
            [
              6.507786,
              53.260287
            ],
            [
              6.507811,
              53.260153
            ],
            [
              6.508052,
              53.258842
            ],
            [
              6.508127,
              53.258437
            ],
            [
              6.508143,
              53.25835
            ],
            [
              6.508184,
              53.258012
            ],
            [
              6.50824,
              53.257589
            ],
            [
              6.50824,
              53.257574
            ],
            [
              6.50944,
              53.25721
            ],
            [
              6.510825,
              53.256788
            ],
            [
              6.51099,
              53.25684
            ],
            [
              6.511028,
              53.256852
            ],
            [
              6.511053,
              53.25686
            ],
            [
              6.511101,
              53.256875
            ],
            [
              6.511185,
              53.256902
            ],
            [
              6.512131,
              53.257202
            ],
            [
              6.512224,
              53.257232
            ],
            [
              6.512269,
              53.257241
            ],
            [
              6.512803,
              53.257344
            ],
            [
              6.513162,
              53.257398
            ],
            [
              6.513191,
              53.257403
            ],
            [
              6.51337,
              53.25743
            ],
            [
              6.513382,
              53.25741
            ],
            [
              6.513427,
              53.257417
            ],
            [
              6.5144,
              53.257589
            ],
            [
              6.514665,
              53.257638
            ],
            [
              6.514632,
              53.257677
            ],
            [
              6.515843,
              53.257902
            ],
            [
              6.516087,
              53.257947
            ],
            [
              6.516195,
              53.257967
            ],
            [
              6.517121,
              53.258145
            ],
            [
              6.518091,
              53.258331
            ],
            [
              6.51892,
              53.258488
            ],
            [
              6.518996,
              53.258493
            ],
            [
              6.519038,
              53.25849
            ],
            [
              6.519054,
              53.258489
            ],
            [
              6.519088,
              53.258479
            ],
            [
              6.519115,
              53.258457
            ],
            [
              6.519139,
              53.25843
            ],
            [
              6.519149,
              53.258393
            ],
            [
              6.519168,
              53.258183
            ],
            [
              6.519178,
              53.258146
            ],
            [
              6.519203,
              53.258101
            ],
            [
              6.519227,
              53.258075
            ],
            [
              6.519275,
              53.258046
            ],
            [
              6.519325,
              53.258026
            ],
            [
              6.519404,
              53.258007
            ],
            [
              6.519545,
              53.257986
            ],
            [
              6.51962,
              53.257981
            ],
            [
              6.519774,
              53.257975
            ],
            [
              6.519894,
              53.257975
            ],
            [
              6.520103,
              53.257984
            ],
            [
              6.520206,
              53.257985
            ],
            [
              6.520301,
              53.257984
            ],
            [
              6.520383,
              53.25798
            ],
            [
              6.520512,
              53.257967
            ],
            [
              6.520788,
              53.257927
            ],
            [
              6.521132,
              53.257869
            ],
            [
              6.521313,
              53.257834
            ],
            [
              6.521621,
              53.257762
            ],
            [
              6.52172,
              53.257742
            ],
            [
              6.521815,
              53.257725
            ],
            [
              6.521924,
              53.257714
            ],
            [
              6.52203,
              53.257711
            ],
            [
              6.522346,
              53.257723
            ],
            [
              6.522411,
              53.257719
            ],
            [
              6.522438,
              53.257718
            ],
            [
              6.522452,
              53.257714
            ],
            [
              6.522478,
              53.257707
            ],
            [
              6.522555,
              53.257661
            ],
            [
              6.523169,
              53.257242
            ],
            [
              6.523667,
              53.256901
            ],
            [
              6.523826,
              53.256788
            ],
            [
              6.524025,
              53.256642
            ],
            [
              6.524087,
              53.256594
            ],
            [
              6.52424,
              53.256476
            ],
            [
              6.524292,
              53.256436
            ],
            [
              6.524468,
              53.256522
            ],
            [
              6.524737,
              53.256674
            ],
            [
              6.524961,
              53.256813
            ],
            [
              6.525151,
              53.256934
            ],
            [
              6.525337,
              53.257062
            ],
            [
              6.525412,
              53.25712
            ],
            [
              6.525457,
              53.257167
            ],
            [
              6.525484,
              53.257204
            ],
            [
              6.52551,
              53.257252
            ],
            [
              6.525613,
              53.257512
            ],
            [
              6.52565,
              53.257588
            ],
            [
              6.525736,
              53.257734
            ],
            [
              6.525819,
              53.257855
            ],
            [
              6.525863,
              53.25794
            ],
            [
              6.525883,
              53.258001
            ],
            [
              6.526014,
              53.257958
            ],
            [
              6.526038,
              53.257976
            ],
            [
              6.526096,
              53.258019
            ],
            [
              6.526116,
              53.258032
            ],
            [
              6.526262,
              53.258125
            ],
            [
              6.526433,
              53.258215
            ],
            [
              6.526594,
              53.258266
            ],
            [
              6.526732,
              53.258297
            ],
            [
              6.526931,
              53.258317
            ],
            [
              6.527209,
              53.258319
            ],
            [
              6.527495,
              53.258301
            ],
            [
              6.528001,
              53.25825
            ],
            [
              6.528439,
              53.258214
            ],
            [
              6.528543,
              53.258215
            ],
            [
              6.528642,
              53.258226
            ],
            [
              6.528743,
              53.258241
            ],
            [
              6.528832,
              53.258264
            ],
            [
              6.52895,
              53.258299
            ],
            [
              6.529225,
              53.2584
            ],
            [
              6.529283,
              53.258421
            ],
            [
              6.529291,
              53.258408
            ],
            [
              6.529343,
              53.258371
            ],
            [
              6.52949,
              53.258291
            ],
            [
              6.529565,
              53.258268
            ],
            [
              6.529683,
              53.258241
            ],
            [
              6.529799,
              53.258226
            ],
            [
              6.529928,
              53.258225
            ],
            [
              6.53031,
              53.258238
            ],
            [
              6.53029,
              53.258278
            ],
            [
              6.530258,
              53.258343
            ],
            [
              6.530228,
              53.258433
            ],
            [
              6.530212,
              53.25849
            ],
            [
              6.530222,
              53.258516
            ],
            [
              6.530256,
              53.258538
            ],
            [
              6.530312,
              53.258561
            ],
            [
              6.530828,
              53.258783
            ],
            [
              6.53141,
              53.259042
            ],
            [
              6.531718,
              53.258762
            ],
            [
              6.531785,
              53.258704
            ],
            [
              6.533057,
              53.259191
            ],
            [
              6.533375,
              53.259316
            ],
            [
              6.534154,
              53.259609
            ],
            [
              6.534268,
              53.259641
            ],
            [
              6.534253,
              53.259839
            ],
            [
              6.534238,
              53.259935
            ],
            [
              6.534226,
              53.259977
            ],
            [
              6.534231,
              53.260023
            ],
            [
              6.534266,
              53.26006
            ],
            [
              6.53448,
              53.260085
            ],
            [
              6.535851,
              53.260187
            ],
            [
              6.53584,
              53.259953
            ],
            [
              6.536583,
              53.260027
            ],
            [
              6.53704,
              53.260087
            ],
            [
              6.537216,
              53.260106
            ],
            [
              6.537625,
              53.26016
            ],
            [
              6.538929,
              53.260315
            ],
            [
              6.539112,
              53.260337
            ],
            [
              6.539308,
              53.26036
            ],
            [
              6.53923,
              53.260573
            ],
            [
              6.539016,
              53.261175
            ],
            [
              6.538653,
              53.262184
            ],
            [
              6.538597,
              53.262314
            ],
            [
              6.538484,
              53.262664
            ],
            [
              6.538557,
              53.262743
            ],
            [
              6.538644,
              53.262864
            ],
            [
              6.538645,
              53.2629
            ],
            [
              6.538613,
              53.262978
            ],
            [
              6.538592,
              53.263017
            ],
            [
              6.538492,
              53.263125
            ],
            [
              6.538418,
              53.263221
            ],
            [
              6.538319,
              53.263365
            ],
            [
              6.538265,
              53.263479
            ],
            [
              6.538211,
              53.263628
            ],
            [
              6.538172,
              53.263717
            ],
            [
              6.538126,
              53.263798
            ],
            [
              6.537972,
              53.264029
            ],
            [
              6.537926,
              53.264097
            ],
            [
              6.538007,
              53.264097
            ],
            [
              6.538127,
              53.26409
            ],
            [
              6.538269,
              53.26407
            ],
            [
              6.538831,
              53.263978
            ],
            [
              6.540118,
              53.263756
            ],
            [
              6.540622,
              53.263658
            ],
            [
              6.540774,
              53.263629
            ],
            [
              6.540861,
              53.263621
            ],
            [
              6.540967,
              53.263624
            ],
            [
              6.541065,
              53.263635
            ],
            [
              6.541444,
              53.2637
            ],
            [
              6.542496,
              53.263849
            ],
            [
              6.543702,
              53.263994
            ],
            [
              6.544573,
              53.264104
            ],
            [
              6.545006,
              53.264158
            ],
            [
              6.545124,
              53.264175
            ],
            [
              6.545531,
              53.264235
            ],
            [
              6.545533,
              53.264243
            ],
            [
              6.545801,
              53.264277
            ],
            [
              6.545916,
              53.264291
            ],
            [
              6.546214,
              53.264276
            ],
            [
              6.546431,
              53.264264
            ],
            [
              6.546435,
              53.264264
            ],
            [
              6.546523,
              53.264274
            ],
            [
              6.546536,
              53.264275
            ],
            [
              6.546566,
              53.264279
            ],
            [
              6.546606,
              53.264289
            ],
            [
              6.546739,
              53.264308
            ],
            [
              6.546877,
              53.264334
            ],
            [
              6.546894,
              53.264337
            ],
            [
              6.546879,
              53.264375
            ],
            [
              6.546909,
              53.264379
            ],
            [
              6.546913,
              53.26438
            ],
            [
              6.546972,
              53.26439
            ],
            [
              6.547223,
              53.264423
            ],
            [
              6.547252,
              53.264426
            ],
            [
              6.547305,
              53.264435
            ],
            [
              6.547333,
              53.264439
            ],
            [
              6.54742,
              53.264452
            ],
            [
              6.547571,
              53.264473
            ],
            [
              6.547749,
              53.264499
            ],
            [
              6.547952,
              53.264528
            ],
            [
              6.548148,
              53.264553
            ],
            [
              6.548326,
              53.264574
            ],
            [
              6.548493,
              53.26459
            ],
            [
              6.548639,
              53.264609
            ],
            [
              6.548699,
              53.264619
            ],
            [
              6.548773,
              53.264634
            ],
            [
              6.548799,
              53.264642
            ],
            [
              6.548815,
              53.264648
            ],
            [
              6.54883,
              53.264655
            ],
            [
              6.54884,
              53.264661
            ],
            [
              6.548853,
              53.26467
            ],
            [
              6.548899,
              53.264709
            ],
            [
              6.548938,
              53.264734
            ],
            [
              6.548957,
              53.264742
            ],
            [
              6.548972,
              53.264748
            ],
            [
              6.548989,
              53.264751
            ],
            [
              6.549021,
              53.264756
            ],
            [
              6.549126,
              53.264767
            ],
            [
              6.549289,
              53.264779
            ],
            [
              6.549401,
              53.264783
            ],
            [
              6.549494,
              53.264789
            ],
            [
              6.54957,
              53.264795
            ],
            [
              6.549576,
              53.264796
            ],
            [
              6.549668,
              53.264807
            ],
            [
              6.549684,
              53.264809
            ],
            [
              6.54977,
              53.26482
            ],
            [
              6.549912,
              53.264838
            ],
            [
              6.550018,
              53.264853
            ],
            [
              6.550075,
              53.264868
            ],
            [
              6.550138,
              53.264886
            ],
            [
              6.550183,
              53.264904
            ],
            [
              6.550243,
              53.264936
            ],
            [
              6.550263,
              53.264947
            ],
            [
              6.55033,
              53.264905
            ],
            [
              6.550168,
              53.264821
            ],
            [
              6.55012,
              53.264796
            ],
            [
              6.549987,
              53.264714
            ],
            [
              6.549976,
              53.264707
            ],
            [
              6.549945,
              53.264668
            ],
            [
              6.549854,
              53.264611
            ],
            [
              6.549601,
              53.264463
            ],
            [
              6.549552,
              53.264409
            ],
            [
              6.549585,
              53.264388
            ],
            [
              6.549705,
              53.264314
            ],
            [
              6.549856,
              53.264201
            ],
            [
              6.550088,
              53.263998
            ],
            [
              6.550139,
              53.263953
            ],
            [
              6.550222,
              53.263864
            ],
            [
              6.550316,
              53.263742
            ],
            [
              6.550365,
              53.263752
            ],
            [
              6.550502,
              53.263762
            ],
            [
              6.550603,
              53.263759
            ],
            [
              6.550725,
              53.263747
            ],
            [
              6.550882,
              53.263724
            ],
            [
              6.551043,
              53.263686
            ],
            [
              6.551146,
              53.263652
            ],
            [
              6.551424,
              53.263547
            ],
            [
              6.551654,
              53.263437
            ],
            [
              6.55175,
              53.263369
            ],
            [
              6.551811,
              53.263284
            ],
            [
              6.551864,
              53.263155
            ],
            [
              6.551884,
              53.263013
            ],
            [
              6.55186,
              53.262949
            ],
            [
              6.55172,
              53.262771
            ],
            [
              6.551594,
              53.262593
            ],
            [
              6.551387,
              53.262375
            ],
            [
              6.551428,
              53.262366
            ],
            [
              6.551731,
              53.2623
            ],
            [
              6.552124,
              53.262218
            ],
            [
              6.552187,
              53.262208
            ],
            [
              6.552283,
              53.262194
            ],
            [
              6.552314,
              53.26219
            ],
            [
              6.552397,
              53.262179
            ],
            [
              6.552573,
              53.262168
            ],
            [
              6.55351,
              53.262137
            ],
            [
              6.553945,
              53.262126
            ],
            [
              6.553978,
              53.26219
            ],
            [
              6.554489,
              53.26221
            ],
            [
              6.554759,
              53.262225
            ],
            [
              6.555763,
              53.26229
            ],
            [
              6.556984,
              53.262368
            ],
            [
              6.558095,
              53.26244
            ],
            [
              6.558135,
              53.262443
            ],
            [
              6.558187,
              53.262937
            ],
            [
              6.558202,
              53.262971
            ],
            [
              6.558217,
              53.262984
            ],
            [
              6.55822,
              53.262985
            ],
            [
              6.558261,
              53.262996
            ],
            [
              6.558269,
              53.262998
            ],
            [
              6.559418,
              53.263154
            ],
            [
              6.559771,
              53.263199
            ],
            [
              6.559942,
              53.263208
            ],
            [
              6.560531,
              53.263236
            ],
            [
              6.561035,
              53.263268
            ],
            [
              6.561389,
              53.263294
            ],
            [
              6.5619,
              53.26333
            ],
            [
              6.562579,
              53.263376
            ],
            [
              6.562846,
              53.263397
            ],
            [
              6.563088,
              53.26341
            ],
            [
              6.563957,
              53.26345
            ],
            [
              6.564294,
              53.263464
            ],
            [
              6.565968,
              53.263568
            ],
            [
              6.56648,
              53.2636
            ],
            [
              6.566601,
              53.263607
            ],
            [
              6.566757,
              53.26305
            ],
            [
              6.566853,
              53.262713
            ],
            [
              6.566926,
              53.262559
            ],
            [
              6.567009,
              53.262228
            ],
            [
              6.56723,
              53.261494
            ],
            [
              6.567392,
              53.261494
            ],
            [
              6.568402,
              53.261495
            ],
            [
              6.569508,
              53.261497
            ],
            [
              6.570405,
              53.261495
            ],
            [
              6.571203,
              53.261495
            ],
            [
              6.572045,
              53.261495
            ],
            [
              6.572737,
              53.261494
            ],
            [
              6.573062,
              53.261499
            ],
            [
              6.573218,
              53.261502
            ],
            [
              6.573215,
              53.261577
            ],
            [
              6.573216,
              53.261599
            ],
            [
              6.574251,
              53.261613
            ],
            [
              6.574388,
              53.261614
            ],
            [
              6.574526,
              53.261616
            ],
            [
              6.574666,
              53.261617
            ],
            [
              6.575624,
              53.26162
            ],
            [
              6.576125,
              53.261623
            ],
            [
              6.576791,
              53.261628
            ],
            [
              6.57808,
              53.261637
            ],
            [
              6.578087,
              53.261734
            ],
            [
              6.579338,
              53.261752
            ],
            [
              6.579739,
              53.261752
            ],
            [
              6.580176,
              53.261755
            ],
            [
              6.58034,
              53.261757
            ],
            [
              6.580706,
              53.261759
            ],
            [
              6.580964,
              53.261762
            ],
            [
              6.580966,
              53.261762
            ],
            [
              6.580964,
              53.261722
            ],
            [
              6.580962,
              53.261683
            ],
            [
              6.582106,
              53.261682
            ],
            [
              6.583178,
              53.261682
            ],
            [
              6.584175,
              53.261682
            ],
            [
              6.584171,
              53.261529
            ],
            [
              6.584906,
              53.261537
            ],
            [
              6.585752,
              53.26154
            ],
            [
              6.585779,
              53.262492
            ],
            [
              6.586114,
              53.262499
            ],
            [
              6.587336,
              53.262523
            ],
            [
              6.587479,
              53.26253
            ],
            [
              6.588573,
              53.262549
            ],
            [
              6.588693,
              53.262551
            ],
            [
              6.58856,
              53.262392
            ],
            [
              6.588209,
              53.26195
            ],
            [
              6.588114,
              53.261827
            ],
            [
              6.588097,
              53.261815
            ],
            [
              6.588075,
              53.261777
            ],
            [
              6.588062,
              53.261754
            ],
            [
              6.587978,
              53.261633
            ],
            [
              6.587873,
              53.261464
            ],
            [
              6.587703,
              53.261147
            ],
            [
              6.587659,
              53.26106
            ],
            [
              6.587646,
              53.261032
            ],
            [
              6.587636,
              53.26101
            ],
            [
              6.587636,
              53.261009
            ],
            [
              6.587589,
              53.260918
            ],
            [
              6.587588,
              53.260916
            ],
            [
              6.587581,
              53.260882
            ],
            [
              6.587544,
              53.260769
            ],
            [
              6.587491,
              53.26057
            ],
            [
              6.587469,
              53.260453
            ],
            [
              6.587437,
              53.260292
            ],
            [
              6.587419,
              53.260276
            ],
            [
              6.587377,
              53.260273
            ],
            [
              6.587365,
              53.260273
            ],
            [
              6.587362,
              53.26026
            ],
            [
              6.587289,
              53.259917
            ],
            [
              6.587152,
              53.259274
            ],
            [
              6.586932,
              53.258212
            ],
            [
              6.586927,
              53.258189
            ],
            [
              6.586796,
              53.257559
            ],
            [
              6.586649,
              53.25682
            ],
            [
              6.58653,
              53.25634
            ],
            [
              6.586344,
              53.255875
            ],
            [
              6.586331,
              53.255852
            ],
            [
              6.586328,
              53.255846
            ],
            [
              6.586779,
              53.25581
            ],
            [
              6.586833,
              53.255804
            ],
            [
              6.586848,
              53.255815
            ],
            [
              6.587017,
              53.255749
            ],
            [
              6.587126,
              53.255714
            ],
            [
              6.587262,
              53.25567
            ],
            [
              6.587389,
              53.255659
            ],
            [
              6.587511,
              53.255644
            ],
            [
              6.587591,
              53.255634
            ],
            [
              6.589968,
              53.255397
            ],
            [
              6.590597,
              53.255339
            ],
            [
              6.590643,
              53.255333
            ],
            [
              6.590721,
              53.255324
            ],
            [
              6.590835,
              53.255311
            ],
            [
              6.591035,
              53.255287
            ],
            [
              6.592142,
              53.255187
            ],
            [
              6.595276,
              53.254881
            ],
            [
              6.596861,
              53.254726
            ],
            [
              6.598053,
              53.254609
            ],
            [
              6.598253,
              53.25459
            ],
            [
              6.599048,
              53.254511
            ],
            [
              6.601009,
              53.254329
            ],
            [
              6.602066,
              53.254237
            ],
            [
              6.604411,
              53.254013
            ],
            [
              6.604844,
              53.253967
            ],
            [
              6.604895,
              53.253957
            ],
            [
              6.605035,
              53.253923
            ],
            [
              6.60522,
              53.25387
            ],
            [
              6.605421,
              53.25382
            ],
            [
              6.605619,
              53.253792
            ],
            [
              6.605972,
              53.253761
            ],
            [
              6.606249,
              53.253755
            ],
            [
              6.606311,
              53.253748
            ],
            [
              6.606351,
              53.253741
            ],
            [
              6.606377,
              53.253727
            ],
            [
              6.6064,
              53.253693
            ],
            [
              6.606427,
              53.253544
            ],
            [
              6.606463,
              53.253398
            ],
            [
              6.60649,
              53.253242
            ],
            [
              6.606514,
              53.253107
            ],
            [
              6.606515,
              53.253028
            ],
            [
              6.60651,
              53.252909
            ],
            [
              6.606497,
              53.252758
            ],
            [
              6.60647,
              53.252612
            ],
            [
              6.606451,
              53.252563
            ],
            [
              6.606413,
              53.25252
            ],
            [
              6.606356,
              53.252485
            ],
            [
              6.606325,
              53.252454
            ],
            [
              6.606284,
              53.252063
            ],
            [
              6.606308,
              53.251849
            ],
            [
              6.606376,
              53.251498
            ],
            [
              6.606407,
              53.251417
            ],
            [
              6.606443,
              53.251415
            ],
            [
              6.606466,
              53.251414
            ],
            [
              6.606558,
              53.251411
            ],
            [
              6.606671,
              53.25141
            ],
            [
              6.607778,
              53.251407
            ],
            [
              6.610414,
              53.251405
            ],
            [
              6.611453,
              53.251407
            ],
            [
              6.612902,
              53.25141
            ],
            [
              6.614244,
              53.251413
            ],
            [
              6.616619,
              53.251421
            ],
            [
              6.616677,
              53.251421
            ],
            [
              6.616741,
              53.251413
            ],
            [
              6.616814,
              53.251401
            ],
            [
              6.616883,
              53.251396
            ],
            [
              6.617062,
              53.251397
            ],
            [
              6.617263,
              53.251406
            ],
            [
              6.617647,
              53.251436
            ],
            [
              6.618293,
              53.251485
            ],
            [
              6.618346,
              53.251486
            ],
            [
              6.619058,
              53.249973
            ],
            [
              6.619297,
              53.249448
            ],
            [
              6.620599,
              53.249609
            ],
            [
              6.624009,
              53.250023
            ],
            [
              6.624062,
              53.250028
            ],
            [
              6.624221,
              53.250043
            ],
            [
              6.62485,
              53.250105
            ],
            [
              6.62526,
              53.250153
            ],
            [
              6.626926,
              53.250345
            ],
            [
              6.627635,
              53.250421
            ],
            [
              6.62807,
              53.250472
            ],
            [
              6.628845,
              53.250554
            ],
            [
              6.63035,
              53.250729
            ],
            [
              6.631182,
              53.250837
            ],
            [
              6.63183,
              53.250907
            ],
            [
              6.631836,
              53.250907
            ],
            [
              6.634783,
              53.251251
            ],
            [
              6.634927,
              53.251266
            ],
            [
              6.635043,
              53.251285
            ],
            [
              6.635204,
              53.251338
            ],
            [
              6.635295,
              53.251356
            ],
            [
              6.635305,
              53.251357
            ],
            [
              6.635367,
              53.251356
            ],
            [
              6.635422,
              53.251344
            ],
            [
              6.635465,
              53.251323
            ],
            [
              6.635517,
              53.251291
            ],
            [
              6.635518,
              53.25129
            ],
            [
              6.635531,
              53.251275
            ],
            [
              6.635532,
              53.251274
            ],
            [
              6.635566,
              53.251236
            ],
            [
              6.635957,
              53.251368
            ],
            [
              6.635996,
              53.251384
            ],
            [
              6.63602,
              53.251396
            ],
            [
              6.636031,
              53.251412
            ],
            [
              6.636045,
              53.251434
            ],
            [
              6.636048,
              53.251461
            ],
            [
              6.636031,
              53.251577
            ],
            [
              6.636015,
              53.251672
            ],
            [
              6.635962,
              53.252018
            ],
            [
              6.635912,
              53.252321
            ],
            [
              6.635896,
              53.252428
            ],
            [
              6.635869,
              53.25268
            ],
            [
              6.635851,
              53.252929
            ],
            [
              6.635837,
              53.253127
            ],
            [
              6.635745,
              53.253695
            ],
            [
              6.635692,
              53.253999
            ],
            [
              6.635678,
              53.254094
            ],
            [
              6.635666,
              53.254112
            ],
            [
              6.635654,
              53.254123
            ],
            [
              6.635638,
              53.254131
            ],
            [
              6.635619,
              53.254142
            ],
            [
              6.635604,
              53.254149
            ],
            [
              6.635591,
              53.254158
            ],
            [
              6.635584,
              53.254173
            ],
            [
              6.635557,
              53.254313
            ],
            [
              6.635527,
              53.254458
            ],
            [
              6.635435,
              53.254919
            ],
            [
              6.635389,
              53.255136
            ],
            [
              6.635374,
              53.255206
            ],
            [
              6.635348,
              53.255281
            ],
            [
              6.635298,
              53.255398
            ],
            [
              6.635257,
              53.255488
            ],
            [
              6.63521,
              53.25558
            ],
            [
              6.635143,
              53.255702
            ],
            [
              6.635089,
              53.255806
            ],
            [
              6.635047,
              53.255895
            ],
            [
              6.634975,
              53.256069
            ],
            [
              6.634904,
              53.256243
            ],
            [
              6.634834,
              53.256432
            ],
            [
              6.634793,
              53.256528
            ],
            [
              6.634762,
              53.2566
            ],
            [
              6.634753,
              53.256616
            ],
            [
              6.634749,
              53.256622
            ],
            [
              6.634729,
              53.256629
            ],
            [
              6.634713,
              53.256633
            ],
            [
              6.63468,
              53.256635
            ],
            [
              6.634663,
              53.256643
            ],
            [
              6.634648,
              53.256656
            ],
            [
              6.634629,
              53.256676
            ],
            [
              6.634612,
              53.256697
            ],
            [
              6.634582,
              53.256755
            ],
            [
              6.634576,
              53.256767
            ],
            [
              6.634505,
              53.256939
            ],
            [
              6.634415,
              53.257176
            ],
            [
              6.634378,
              53.257267
            ],
            [
              6.634341,
              53.257346
            ],
            [
              6.634305,
              53.257422
            ],
            [
              6.634258,
              53.25755
            ],
            [
              6.634171,
              53.257777
            ],
            [
              6.634085,
              53.257992
            ],
            [
              6.633928,
              53.258431
            ],
            [
              6.633893,
              53.258526
            ],
            [
              6.633814,
              53.258739
            ],
            [
              6.633736,
              53.258964
            ],
            [
              6.633629,
              53.259268
            ],
            [
              6.633545,
              53.259504
            ],
            [
              6.633496,
              53.259652
            ],
            [
              6.633469,
              53.259727
            ],
            [
              6.633459,
              53.259747
            ],
            [
              6.633452,
              53.25976
            ],
            [
              6.633287,
              53.259935
            ],
            [
              6.633065,
              53.260171
            ],
            [
              6.632666,
              53.260584
            ],
            [
              6.63251,
              53.260733
            ],
            [
              6.632363,
              53.26088
            ],
            [
              6.632282,
              53.260961
            ],
            [
              6.63223,
              53.261024
            ],
            [
              6.632229,
              53.261026
            ],
            [
              6.632169,
              53.261117
            ],
            [
              6.632144,
              53.261149
            ],
            [
              6.632118,
              53.26118
            ],
            [
              6.632088,
              53.26121
            ],
            [
              6.632045,
              53.261244
            ],
            [
              6.631954,
              53.261319
            ],
            [
              6.631773,
              53.261463
            ],
            [
              6.631598,
              53.261607
            ],
            [
              6.63132,
              53.261836
            ],
            [
              6.630768,
              53.262273
            ],
            [
              6.630275,
              53.262659
            ],
            [
              6.629951,
              53.26291
            ],
            [
              6.62976,
              53.263061
            ],
            [
              6.629497,
              53.263275
            ],
            [
              6.628958,
              53.263696
            ],
            [
              6.628675,
              53.263925
            ],
            [
              6.628524,
              53.264048
            ],
            [
              6.628412,
              53.264144
            ],
            [
              6.628208,
              53.264324
            ],
            [
              6.628182,
              53.264352
            ],
            [
              6.628082,
              53.264454
            ],
            [
              6.628038,
              53.264499
            ],
            [
              6.62796,
              53.264602
            ],
            [
              6.627846,
              53.264773
            ],
            [
              6.627607,
              53.265104
            ],
            [
              6.627553,
              53.265161
            ],
            [
              6.627509,
              53.265194
            ],
            [
              6.627234,
              53.265366
            ],
            [
              6.626876,
              53.265583
            ],
            [
              6.626456,
              53.265837
            ],
            [
              6.62627,
              53.265944
            ],
            [
              6.626023,
              53.266046
            ],
            [
              6.625908,
              53.266112
            ],
            [
              6.625873,
              53.26614
            ],
            [
              6.625858,
              53.266158
            ],
            [
              6.62585,
              53.266171
            ],
            [
              6.625847,
              53.266186
            ],
            [
              6.625848,
              53.266197
            ],
            [
              6.625857,
              53.266216
            ],
            [
              6.625899,
              53.266276
            ],
            [
              6.625986,
              53.266367
            ],
            [
              6.626099,
              53.266489
            ],
            [
              6.626409,
              53.266955
            ],
            [
              6.626716,
              53.267401
            ],
            [
              6.627026,
              53.267825
            ],
            [
              6.627379,
              53.268358
            ],
            [
              6.62756,
              53.268617
            ],
            [
              6.627878,
              53.269092
            ],
            [
              6.628139,
              53.269482
            ],
            [
              6.62861,
              53.270195
            ],
            [
              6.628956,
              53.270726
            ],
            [
              6.629109,
              53.270953
            ],
            [
              6.629138,
              53.270993
            ],
            [
              6.629237,
              53.271138
            ],
            [
              6.629551,
              53.271611
            ],
            [
              6.629831,
              53.272008
            ],
            [
              6.630422,
              53.272849
            ],
            [
              6.63127,
              53.274064
            ],
            [
              6.631374,
              53.274214
            ],
            [
              6.631564,
              53.274489
            ],
            [
              6.631906,
              53.274977
            ],
            [
              6.63212,
              53.275271
            ],
            [
              6.632426,
              53.275707
            ],
            [
              6.632471,
              53.275775
            ],
            [
              6.632627,
              53.275995
            ],
            [
              6.632706,
              53.276108
            ],
            [
              6.632777,
              53.276212
            ],
            [
              6.632967,
              53.276492
            ],
            [
              6.633167,
              53.276781
            ],
            [
              6.633252,
              53.276919
            ],
            [
              6.63345,
              53.277206
            ],
            [
              6.633706,
              53.277591
            ],
            [
              6.633835,
              53.277772
            ],
            [
              6.633992,
              53.278008
            ],
            [
              6.63408,
              53.278142
            ],
            [
              6.634294,
              53.278465
            ],
            [
              6.634566,
              53.278868
            ],
            [
              6.635403,
              53.280129
            ],
            [
              6.635682,
              53.280546
            ],
            [
              6.636191,
              53.281301
            ],
            [
              6.636521,
              53.281788
            ],
            [
              6.636805,
              53.282209
            ],
            [
              6.637231,
              53.282845
            ],
            [
              6.637632,
              53.283451
            ],
            [
              6.637917,
              53.283866
            ],
            [
              6.638394,
              53.284561
            ],
            [
              6.638776,
              53.28512
            ],
            [
              6.639066,
              53.285537
            ],
            [
              6.63949,
              53.286183
            ],
            [
              6.639758,
              53.286571
            ],
            [
              6.639912,
              53.28678
            ],
            [
              6.640212,
              53.287197
            ],
            [
              6.640668,
              53.287851
            ],
            [
              6.641413,
              53.288954
            ],
            [
              6.641706,
              53.289381
            ],
            [
              6.641963,
              53.289743
            ],
            [
              6.64212,
              53.289966
            ],
            [
              6.642307,
              53.290247
            ],
            [
              6.64251,
              53.290554
            ],
            [
              6.642679,
              53.290807
            ],
            [
              6.642768,
              53.290934
            ],
            [
              6.643164,
              53.291496
            ],
            [
              6.643332,
              53.291731
            ],
            [
              6.643533,
              53.292023
            ],
            [
              6.643699,
              53.292262
            ],
            [
              6.643804,
              53.29242
            ],
            [
              6.643843,
              53.292477
            ],
            [
              6.643879,
              53.29255
            ],
            [
              6.643928,
              53.292637
            ],
            [
              6.643969,
              53.292716
            ],
            [
              6.643978,
              53.292752
            ],
            [
              6.643981,
              53.29279
            ],
            [
              6.643984,
              53.292812
            ],
            [
              6.644046,
              53.292903
            ],
            [
              6.644095,
              53.292971
            ],
            [
              6.644173,
              53.293085
            ],
            [
              6.644311,
              53.293293
            ],
            [
              6.644474,
              53.293529
            ],
            [
              6.644615,
              53.293736
            ],
            [
              6.644736,
              53.29391
            ],
            [
              6.644847,
              53.294069
            ],
            [
              6.644973,
              53.294235
            ],
            [
              6.64507,
              53.294361
            ],
            [
              6.645082,
              53.294379
            ],
            [
              6.645291,
              53.29467
            ],
            [
              6.645327,
              53.29472
            ],
            [
              6.64535,
              53.294761
            ],
            [
              6.645376,
              53.294809
            ],
            [
              6.645395,
              53.29484
            ],
            [
              6.64545,
              53.294926
            ],
            [
              6.6455,
              53.294999
            ],
            [
              6.645588,
              53.295144
            ],
            [
              6.645174,
              53.295231
            ],
            [
              6.645284,
              53.295529
            ],
            [
              6.645361,
              53.295708
            ],
            [
              6.645381,
              53.29574
            ],
            [
              6.645406,
              53.295754
            ],
            [
              6.64543,
              53.295762
            ],
            [
              6.645489,
              53.295763
            ],
            [
              6.645963,
              53.295757
            ],
            [
              6.64609,
              53.29597
            ],
            [
              6.646431,
              53.296529
            ],
            [
              6.646842,
              53.297202
            ],
            [
              6.647037,
              53.297505
            ],
            [
              6.647225,
              53.29782
            ],
            [
              6.647277,
              53.297904
            ],
            [
              6.647355,
              53.298057
            ],
            [
              6.647442,
              53.298251
            ],
            [
              6.647525,
              53.298486
            ],
            [
              6.647566,
              53.298633
            ],
            [
              6.647629,
              53.298927
            ],
            [
              6.647675,
              53.299139
            ],
            [
              6.647683,
              53.29918
            ],
            [
              6.647701,
              53.299286
            ],
            [
              6.647747,
              53.299439
            ],
            [
              6.647794,
              53.299576
            ],
            [
              6.647841,
              53.299686
            ],
            [
              6.647933,
              53.299873
            ],
            [
              6.647982,
              53.299962
            ],
            [
              6.648065,
              53.300118
            ],
            [
              6.648172,
              53.300323
            ],
            [
              6.648297,
              53.300562
            ],
            [
              6.648379,
              53.300726
            ],
            [
              6.648507,
              53.300974
            ],
            [
              6.648617,
              53.301164
            ],
            [
              6.648745,
              53.301384
            ],
            [
              6.648854,
              53.301579
            ],
            [
              6.648913,
              53.301681
            ],
            [
              6.64902,
              53.301848
            ],
            [
              6.64913,
              53.302029
            ],
            [
              6.649148,
              53.302057
            ],
            [
              6.649178,
              53.302106
            ],
            [
              6.6493,
              53.302084
            ],
            [
              6.649323,
              53.302119
            ],
            [
              6.649393,
              53.302226
            ],
            [
              6.649407,
              53.302249
            ],
            [
              6.649288,
              53.302281
            ],
            [
              6.649366,
              53.3024
            ],
            [
              6.649546,
              53.302659
            ],
            [
              6.649661,
              53.302829
            ],
            [
              6.649871,
              53.303127
            ],
            [
              6.649891,
              53.303155
            ],
            [
              6.649998,
              53.303301
            ],
            [
              6.650293,
              53.303708
            ],
            [
              6.650453,
              53.30394
            ],
            [
              6.650552,
              53.304065
            ],
            [
              6.650693,
              53.304237
            ],
            [
              6.65082,
              53.304381
            ],
            [
              6.650983,
              53.304542
            ],
            [
              6.651184,
              53.304733
            ],
            [
              6.651345,
              53.30488
            ],
            [
              6.651426,
              53.304956
            ],
            [
              6.651497,
              53.305034
            ],
            [
              6.651553,
              53.305094
            ],
            [
              6.651647,
              53.305193
            ],
            [
              6.651702,
              53.305243
            ],
            [
              6.651751,
              53.305296
            ],
            [
              6.651887,
              53.305459
            ],
            [
              6.652003,
              53.305602
            ],
            [
              6.652049,
              53.305665
            ],
            [
              6.652193,
              53.305881
            ],
            [
              6.652343,
              53.306105
            ],
            [
              6.652377,
              53.306158
            ],
            [
              6.652416,
              53.306204
            ],
            [
              6.652562,
              53.306419
            ],
            [
              6.652844,
              53.306831
            ],
            [
              6.652989,
              53.307052
            ],
            [
              6.653147,
              53.307289
            ],
            [
              6.653256,
              53.307446
            ],
            [
              6.653443,
              53.307713
            ],
            [
              6.653561,
              53.307881
            ],
            [
              6.653684,
              53.308058
            ],
            [
              6.653661,
              53.308066
            ],
            [
              6.653739,
              53.308156
            ],
            [
              6.653632,
              53.308271
            ],
            [
              6.653685,
              53.308362
            ],
            [
              6.653911,
              53.308408
            ],
            [
              6.654003,
              53.308537
            ],
            [
              6.654053,
              53.308645
            ],
            [
              6.653971,
              53.308682
            ],
            [
              6.653939,
              53.308694
            ],
            [
              6.653908,
              53.308708
            ],
            [
              6.653809,
              53.308746
            ],
            [
              6.653613,
              53.308782
            ],
            [
              6.653344,
              53.308828
            ],
            [
              6.653119,
              53.30886
            ],
            [
              6.653031,
              53.308872
            ],
            [
              6.65276,
              53.308909
            ],
            [
              6.652549,
              53.308948
            ],
            [
              6.652283,
              53.308991
            ],
            [
              6.652181,
              53.309005
            ],
            [
              6.652023,
              53.309028
            ],
            [
              6.651637,
              53.309077
            ],
            [
              6.65152,
              53.309089
            ],
            [
              6.651521,
              53.309113
            ],
            [
              6.651297,
              53.309148
            ],
            [
              6.651201,
              53.309163
            ],
            [
              6.650996,
              53.309185
            ],
            [
              6.650791,
              53.309197
            ],
            [
              6.650577,
              53.309204
            ],
            [
              6.650369,
              53.309206
            ],
            [
              6.650363,
              53.309206
            ],
            [
              6.650143,
              53.309195
            ],
            [
              6.649902,
              53.309179
            ],
            [
              6.649804,
              53.30917
            ],
            [
              6.649804,
              53.309155
            ],
            [
              6.649599,
              53.30914
            ],
            [
              6.64943,
              53.309125
            ],
            [
              6.649123,
              53.309092
            ],
            [
              6.648995,
              53.309075
            ],
            [
              6.648827,
              53.309026
            ],
            [
              6.648785,
              53.309001
            ],
            [
              6.64876,
              53.308985
            ],
            [
              6.648733,
              53.308963
            ],
            [
              6.648681,
              53.308904
            ],
            [
              6.648613,
              53.308897
            ],
            [
              6.648545,
              53.308889
            ],
            [
              6.648468,
              53.308887
            ],
            [
              6.648417,
              53.308903
            ],
            [
              6.648372,
              53.30893
            ],
            [
              6.648331,
              53.308966
            ],
            [
              6.648282,
              53.309
            ],
            [
              6.648246,
              53.309016
            ],
            [
              6.648211,
              53.309013
            ],
            [
              6.64802,
              53.308992
            ],
            [
              6.647509,
              53.30895
            ],
            [
              6.647296,
              53.30894
            ],
            [
              6.647026,
              53.308906
            ],
            [
              6.64687,
              53.308882
            ],
            [
              6.6467,
              53.30885
            ],
            [
              6.646517,
              53.308811
            ],
            [
              6.646326,
              53.308767
            ],
            [
              6.646188,
              53.308729
            ],
            [
              6.64576,
              53.308598
            ],
            [
              6.645155,
              53.308409
            ],
            [
              6.644705,
              53.308263
            ],
            [
              6.644519,
              53.308197
            ],
            [
              6.644346,
              53.308148
            ],
            [
              6.644168,
              53.308102
            ],
            [
              6.643972,
              53.308057
            ],
            [
              6.643761,
              53.308014
            ],
            [
              6.643491,
              53.307966
            ],
            [
              6.643219,
              53.307923
            ],
            [
              6.643069,
              53.307907
            ],
            [
              6.643046,
              53.307905
            ],
            [
              6.642951,
              53.307895
            ],
            [
              6.642834,
              53.308077
            ],
            [
              6.642658,
              53.308321
            ],
            [
              6.642532,
              53.308524
            ],
            [
              6.641978,
              53.309251
            ],
            [
              6.641514,
              53.309823
            ],
            [
              6.640772,
              53.310738
            ],
            [
              6.640269,
              53.311313
            ],
            [
              6.640055,
              53.311624
            ],
            [
              6.63943,
              53.31243
            ],
            [
              6.639364,
              53.312516
            ],
            [
              6.638632,
              53.313445
            ],
            [
              6.638309,
              53.313826
            ],
            [
              6.637852,
              53.314413
            ],
            [
              6.637675,
              53.314638
            ],
            [
              6.637571,
              53.314608
            ],
            [
              6.637556,
              53.314603
            ],
            [
              6.637503,
              53.314587
            ],
            [
              6.637475,
              53.314563
            ],
            [
              6.637437,
              53.314526
            ],
            [
              6.63743,
              53.314522
            ],
            [
              6.63733,
              53.314462
            ],
            [
              6.637185,
              53.314455
            ],
            [
              6.637029,
              53.314461
            ],
            [
              6.636926,
              53.314466
            ],
            [
              6.636729,
              53.314481
            ],
            [
              6.636567,
              53.314486
            ],
            [
              6.63536,
              53.314457
            ],
            [
              6.634809,
              53.314454
            ],
            [
              6.634322,
              53.314469
            ],
            [
              6.632838,
              53.31446
            ],
            [
              6.632804,
              53.314458
            ],
            [
              6.632751,
              53.314459
            ],
            [
              6.632709,
              53.31446
            ],
            [
              6.632694,
              53.314461
            ],
            [
              6.632126,
              53.314478
            ],
            [
              6.631678,
              53.314483
            ],
            [
              6.630804,
              53.314483
            ],
            [
              6.630741,
              53.314485
            ],
            [
              6.630548,
              53.314493
            ],
            [
              6.630378,
              53.3145
            ],
            [
              6.630208,
              53.31451
            ],
            [
              6.630206,
              53.31451
            ],
            [
              6.630158,
              53.314516
            ],
            [
              6.63012,
              53.314521
            ],
            [
              6.629947,
              53.31456
            ],
            [
              6.629874,
              53.314526
            ],
            [
              6.629779,
              53.314492
            ],
            [
              6.629738,
              53.314479
            ],
            [
              6.629639,
              53.314452
            ],
            [
              6.629588,
              53.314445
            ],
            [
              6.629295,
              53.314432
            ],
            [
              6.62908,
              53.314428
            ],
            [
              6.629025,
              53.314427
            ],
            [
              6.628826,
              53.314428
            ],
            [
              6.628676,
              53.314432
            ],
            [
              6.628618,
              53.314433
            ],
            [
              6.62858,
              53.314434
            ],
            [
              6.628415,
              53.314436
            ],
            [
              6.627644,
              53.314444
            ],
            [
              6.627471,
              53.314449
            ],
            [
              6.627095,
              53.314448
            ],
            [
              6.626741,
              53.314475
            ],
            [
              6.626704,
              53.314478
            ],
            [
              6.626545,
              53.314474
            ],
            [
              6.626342,
              53.314469
            ],
            [
              6.626169,
              53.314457
            ],
            [
              6.624806,
              53.314421
            ],
            [
              6.623452,
              53.314381
            ],
            [
              6.623335,
              53.314379
            ],
            [
              6.622179,
              53.314399
            ],
            [
              6.620859,
              53.314428
            ],
            [
              6.620263,
              53.314436
            ],
            [
              6.619862,
              53.314428
            ],
            [
              6.619834,
              53.314465
            ],
            [
              6.619675,
              53.31469
            ],
            [
              6.61917,
              53.315346
            ],
            [
              6.618746,
              53.315889
            ],
            [
              6.618198,
              53.316565
            ],
            [
              6.618027,
              53.316795
            ],
            [
              6.617579,
              53.317402
            ],
            [
              6.616738,
              53.318472
            ],
            [
              6.61596,
              53.319476
            ],
            [
              6.615468,
              53.320109
            ],
            [
              6.61539,
              53.320216
            ],
            [
              6.614661,
              53.321159
            ],
            [
              6.613926,
              53.322127
            ],
            [
              6.613861,
              53.322223
            ],
            [
              6.613797,
              53.322198
            ],
            [
              6.61303,
              53.323185
            ],
            [
              6.613006,
              53.323217
            ],
            [
              6.612988,
              53.323247
            ],
            [
              6.612978,
              53.323277
            ],
            [
              6.61298,
              53.323322
            ],
            [
              6.613124,
              53.323517
            ],
            [
              6.613275,
              53.323751
            ],
            [
              6.613369,
              53.323912
            ],
            [
              6.613436,
              53.324045
            ],
            [
              6.613509,
              53.324206
            ],
            [
              6.613594,
              53.324366
            ],
            [
              6.613655,
              53.324456
            ],
            [
              6.613744,
              53.324571
            ],
            [
              6.614335,
              53.325203
            ],
            [
              6.614322,
              53.325218
            ],
            [
              6.614237,
              53.325298
            ],
            [
              6.613999,
              53.325575
            ],
            [
              6.61376,
              53.325858
            ],
            [
              6.613267,
              53.326382
            ],
            [
              6.613159,
              53.326509
            ],
            [
              6.61299,
              53.32672
            ],
            [
              6.61267,
              53.327114
            ],
            [
              6.61244,
              53.327407
            ],
            [
              6.61224,
              53.327653
            ],
            [
              6.612057,
              53.327845
            ],
            [
              6.611829,
              53.328055
            ],
            [
              6.611682,
              53.328203
            ],
            [
              6.611478,
              53.328468
            ],
            [
              6.611419,
              53.328547
            ],
            [
              6.611412,
              53.328557
            ],
            [
              6.61116,
              53.328896
            ],
            [
              6.61106,
              53.329029
            ],
            [
              6.610944,
              53.329169
            ],
            [
              6.610645,
              53.329541
            ],
            [
              6.610237,
              53.33006
            ],
            [
              6.610194,
              53.330115
            ],
            [
              6.610086,
              53.330093
            ],
            [
              6.610019,
              53.330083
            ],
            [
              6.609958,
              53.330078
            ],
            [
              6.609886,
              53.330078
            ],
            [
              6.608428,
              53.330178
            ],
            [
              6.606801,
              53.330284
            ],
            [
              6.605524,
              53.33036
            ],
            [
              6.60541,
              53.330379
            ],
            [
              6.605348,
              53.330385
            ],
            [
              6.605319,
              53.330387
            ],
            [
              6.605272,
              53.330384
            ],
            [
              6.605197,
              53.330362
            ],
            [
              6.603933,
              53.329979
            ],
            [
              6.602046,
              53.329414
            ],
            [
              6.601981,
              53.329397
            ],
            [
              6.601967,
              53.329392
            ],
            [
              6.601953,
              53.329388
            ],
            [
              6.601938,
              53.329384
            ],
            [
              6.601923,
              53.329381
            ],
            [
              6.601908,
              53.329378
            ],
            [
              6.601892,
              53.329376
            ],
            [
              6.601877,
              53.329375
            ],
            [
              6.601861,
              53.329374
            ],
            [
              6.601845,
              53.329374
            ],
            [
              6.601829,
              53.329375
            ],
            [
              6.601813,
              53.329376
            ],
            [
              6.601798,
              53.329378
            ],
            [
              6.601782,
              53.32938
            ],
            [
              6.601768,
              53.329383
            ],
            [
              6.601711,
              53.329399
            ],
            [
              6.601688,
              53.329413
            ],
            [
              6.601669,
              53.329425
            ],
            [
              6.601647,
              53.329443
            ],
            [
              6.60163,
              53.329464
            ],
            [
              6.601585,
              53.329578
            ],
            [
              6.601578,
              53.329596
            ],
            [
              6.601568,
              53.329617
            ],
            [
              6.601465,
              53.329792
            ],
            [
              6.599673,
              53.332765
            ],
            [
              6.599096,
              53.333699
            ],
            [
              6.59857,
              53.33458
            ],
            [
              6.597973,
              53.335575
            ],
            [
              6.597953,
              53.335603
            ],
            [
              6.597923,
              53.335634
            ],
            [
              6.597887,
              53.335661
            ],
            [
              6.597836,
              53.335675
            ],
            [
              6.597776,
              53.335685
            ],
            [
              6.597711,
              53.33568
            ],
            [
              6.597417,
              53.335613
            ],
            [
              6.597365,
              53.335601
            ],
            [
              6.597226,
              53.335583
            ],
            [
              6.596043,
              53.335483
            ],
            [
              6.594431,
              53.335344
            ],
            [
              6.594038,
              53.335322
            ],
            [
              6.593986,
              53.335323
            ],
            [
              6.593943,
              53.335326
            ],
            [
              6.593676,
              53.335367
            ],
            [
              6.593669,
              53.335438
            ],
            [
              6.593663,
              53.335482
            ],
            [
              6.593655,
              53.335535
            ],
            [
              6.593654,
              53.335539
            ],
            [
              6.593612,
              53.335533
            ],
            [
              6.593611,
              53.335539
            ],
            [
              6.593597,
              53.335616
            ],
            [
              6.593371,
              53.335604
            ],
            [
              6.593027,
              53.335607
            ],
            [
              6.59283,
              53.33564
            ],
            [
              6.592622,
              53.335716
            ],
            [
              6.592602,
              53.335815
            ],
            [
              6.592601,
              53.335821
            ],
            [
              6.592563,
              53.336016
            ],
            [
              6.592599,
              53.336019
            ],
            [
              6.592581,
              53.336146
            ],
            [
              6.592724,
              53.336154
            ],
            [
              6.592888,
              53.336171
            ],
            [
              6.593151,
              53.336198
            ],
            [
              6.593651,
              53.336253
            ],
            [
              6.5942,
              53.336318
            ],
            [
              6.594447,
              53.336353
            ],
            [
              6.594923,
              53.336441
            ],
            [
              6.595239,
              53.336504
            ],
            [
              6.595644,
              53.336571
            ],
            [
              6.595817,
              53.336587
            ],
            [
              6.596028,
              53.336602
            ],
            [
              6.596233,
              53.336604
            ],
            [
              6.596793,
              53.336612
            ],
            [
              6.597293,
              53.336647
            ],
            [
              6.59788,
              53.336716
            ],
            [
              6.598273,
              53.336766
            ],
            [
              6.598607,
              53.336815
            ],
            [
              6.598992,
              53.336865
            ],
            [
              6.599342,
              53.336911
            ],
            [
              6.599342,
              53.336911
            ],
            [
              6.600075,
              53.337004
            ],
            [
              6.600348,
              53.337046
            ],
            [
              6.600805,
              53.337115
            ],
            [
              6.601548,
              53.337186
            ],
            [
              6.602289,
              53.337243
            ],
            [
              6.602843,
              53.337289
            ],
            [
              6.603036,
              53.337305
            ],
            [
              6.603775,
              53.337368
            ],
            [
              6.604007,
              53.33739
            ],
            [
              6.604382,
              53.33742
            ],
            [
              6.604898,
              53.337466
            ],
            [
              6.605366,
              53.337516
            ],
            [
              6.605335,
              53.33765
            ],
            [
              6.605174,
              53.338361
            ],
            [
              6.605158,
              53.338396
            ],
            [
              6.60501,
              53.339225
            ],
            [
              6.604825,
              53.34023
            ],
            [
              6.604805,
              53.340269
            ],
            [
              6.604802,
              53.340275
            ],
            [
              6.604694,
              53.340805
            ],
            [
              6.603761,
              53.340695
            ],
            [
              6.601534,
              53.340434
            ],
            [
              6.601449,
              53.340424
            ],
            [
              6.601417,
              53.340487
            ],
            [
              6.601312,
              53.340605
            ],
            [
              6.601145,
              53.340831
            ],
            [
              6.600857,
              53.341115
            ],
            [
              6.600711,
              53.341293
            ],
            [
              6.600439,
              53.341633
            ],
            [
              6.60006,
              53.342039
            ],
            [
              6.599983,
              53.342104
            ],
            [
              6.599891,
              53.342174
            ],
            [
              6.5998,
              53.342279
            ],
            [
              6.599662,
              53.342522
            ],
            [
              6.599579,
              53.342627
            ],
            [
              6.599399,
              53.342833
            ],
            [
              6.598872,
              53.343422
            ],
            [
              6.598822,
              53.343497
            ],
            [
              6.598179,
              53.344286
            ],
            [
              6.597945,
              53.344534
            ],
            [
              6.597761,
              53.344762
            ],
            [
              6.597536,
              53.34505
            ],
            [
              6.597434,
              53.345121
            ],
            [
              6.597238,
              53.345372
            ],
            [
              6.597016,
              53.345672
            ],
            [
              6.596815,
              53.345882
            ],
            [
              6.596702,
              53.346013
            ],
            [
              6.59665,
              53.346101
            ],
            [
              6.596577,
              53.346344
            ],
            [
              6.596489,
              53.346415
            ],
            [
              6.596347,
              53.34652
            ],
            [
              6.59618,
              53.346703
            ],
            [
              6.596055,
              53.346857
            ],
            [
              6.596009,
              53.346948
            ],
            [
              6.595889,
              53.347078
            ],
            [
              6.595831,
              53.347141
            ],
            [
              6.599128,
              53.348484
            ],
            [
              6.601275,
              53.349379
            ],
            [
              6.601811,
              53.349578
            ],
            [
              6.601833,
              53.349586
            ],
            [
              6.602013,
              53.349646
            ],
            [
              6.602015,
              53.349647
            ],
            [
              6.602021,
              53.349649
            ],
            [
              6.602127,
              53.349707
            ],
            [
              6.602147,
              53.34974
            ],
            [
              6.602259,
              53.34975
            ],
            [
              6.602357,
              53.34976
            ],
            [
              6.602767,
              53.349826
            ],
            [
              6.603015,
              53.349894
            ],
            [
              6.603134,
              53.349922
            ],
            [
              6.603589,
              53.349888
            ],
            [
              6.603844,
              53.349933
            ],
            [
              6.603937,
              53.349958
            ],
            [
              6.604363,
              53.349946
            ],
            [
              6.604573,
              53.349952
            ],
            [
              6.604709,
              53.349972
            ],
            [
              6.60484,
              53.350012
            ],
            [
              6.604947,
              53.350066
            ],
            [
              6.605009,
              53.350102
            ],
            [
              6.605134,
              53.350142
            ],
            [
              6.605246,
              53.350163
            ],
            [
              6.605357,
              53.350177
            ],
            [
              6.605493,
              53.350164
            ],
            [
              6.60564,
              53.350144
            ],
            [
              6.605769,
              53.350117
            ],
            [
              6.605855,
              53.350087
            ],
            [
              6.605946,
              53.350037
            ],
            [
              6.606025,
              53.349978
            ],
            [
              6.606047,
              53.349904
            ],
            [
              6.606061,
              53.349837
            ],
            [
              6.606057,
              53.349793
            ],
            [
              6.60603,
              53.349734
            ],
            [
              6.605959,
              53.349631
            ],
            [
              6.605788,
              53.34947
            ],
            [
              6.605712,
              53.349415
            ],
            [
              6.605676,
              53.349354
            ],
            [
              6.605659,
              53.349306
            ],
            [
              6.605662,
              53.349248
            ],
            [
              6.605688,
              53.349156
            ],
            [
              6.605728,
              53.349105
            ],
            [
              6.605871,
              53.348983
            ],
            [
              6.605975,
              53.348943
            ],
            [
              6.606092,
              53.34892
            ],
            [
              6.606483,
              53.348913
            ],
            [
              6.6068,
              53.348931
            ],
            [
              6.607159,
              53.348959
            ],
            [
              6.607302,
              53.348986
            ],
            [
              6.607382,
              53.348993
            ],
            [
              6.607759,
              53.348989
            ],
            [
              6.608219,
              53.348998
            ],
            [
              6.60855,
              53.349009
            ],
            [
              6.608696,
              53.349019
            ],
            [
              6.609321,
              53.349058
            ],
            [
              6.60958,
              53.349088
            ],
            [
              6.609621,
              53.349083
            ],
            [
              6.609759,
              53.349068
            ],
            [
              6.61003,
              53.34905
            ],
            [
              6.610258,
              53.349044
            ],
            [
              6.610537,
              53.349052
            ],
            [
              6.610882,
              53.34906
            ],
            [
              6.61113,
              53.349072
            ],
            [
              6.611421,
              53.349099
            ],
            [
              6.6116,
              53.349112
            ],
            [
              6.612002,
              53.349115
            ],
            [
              6.612458,
              53.349111
            ],
            [
              6.612661,
              53.349106
            ],
            [
              6.612711,
              53.349104
            ],
            [
              6.612909,
              53.349106
            ],
            [
              6.613367,
              53.349138
            ],
            [
              6.613407,
              53.349137
            ],
            [
              6.613521,
              53.349133
            ],
            [
              6.613619,
              53.349117
            ],
            [
              6.613804,
              53.349115
            ],
            [
              6.614219,
              53.349148
            ],
            [
              6.614498,
              53.349182
            ],
            [
              6.614727,
              53.349217
            ],
            [
              6.614814,
              53.349227
            ],
            [
              6.615024,
              53.349236
            ],
            [
              6.615234,
              53.349226
            ],
            [
              6.615424,
              53.349198
            ],
            [
              6.615676,
              53.349126
            ],
            [
              6.615816,
              53.349054
            ],
            [
              6.615907,
              53.348998
            ],
            [
              6.61601,
              53.348952
            ],
            [
              6.616114,
              53.348925
            ],
            [
              6.616244,
              53.348913
            ],
            [
              6.616564,
              53.348899
            ],
            [
              6.61677,
              53.348876
            ],
            [
              6.617346,
              53.348813
            ],
            [
              6.617443,
              53.348802
            ],
            [
              6.617481,
              53.348797
            ],
            [
              6.6176,
              53.348836
            ],
            [
              6.617793,
              53.348912
            ],
            [
              6.6179,
              53.348966
            ],
            [
              6.617926,
              53.348999
            ],
            [
              6.617926,
              53.349025
            ],
            [
              6.61791,
              53.349092
            ],
            [
              6.617881,
              53.349173
            ],
            [
              6.617884,
              53.349269
            ],
            [
              6.617906,
              53.349387
            ],
            [
              6.617958,
              53.349494
            ],
            [
              6.618054,
              53.349611
            ],
            [
              6.618136,
              53.349669
            ],
            [
              6.618237,
              53.349731
            ],
            [
              6.618455,
              53.34984
            ],
            [
              6.618588,
              53.349916
            ],
            [
              6.618713,
              53.349985
            ],
            [
              6.618826,
              53.350036
            ],
            [
              6.618963,
              53.350068
            ],
            [
              6.619198,
              53.350095
            ],
            [
              6.619451,
              53.350096
            ],
            [
              6.619575,
              53.350105
            ],
            [
              6.619975,
              53.35016
            ],
            [
              6.620133,
              53.350181
            ],
            [
              6.62017,
              53.350184
            ],
            [
              6.620305,
              53.350193
            ],
            [
              6.620366,
              53.350187
            ],
            [
              6.620466,
              53.350178
            ],
            [
              6.620657,
              53.350172
            ],
            [
              6.620743,
              53.350164
            ],
            [
              6.621257,
              53.350003
            ],
            [
              6.621374,
              53.349976
            ],
            [
              6.621467,
              53.349979
            ],
            [
              6.62164,
              53.349999
            ],
            [
              6.622103,
              53.350006
            ],
            [
              6.622215,
              53.350016
            ],
            [
              6.622321,
              53.350048
            ],
            [
              6.622434,
              53.350109
            ],
            [
              6.622547,
              53.350175
            ],
            [
              6.622642,
              53.350277
            ],
            [
              6.622536,
              53.350441
            ],
            [
              6.62249,
              53.350552
            ],
            [
              6.622499,
              53.350652
            ],
            [
              6.622531,
              53.350707
            ],
            [
              6.622601,
              53.350773
            ],
            [
              6.622733,
              53.350864
            ],
            [
              6.622833,
              53.350911
            ],
            [
              6.62299,
              53.350972
            ],
            [
              6.623102,
              53.351008
            ],
            [
              6.623398,
              53.350997
            ],
            [
              6.623546,
              53.350996
            ],
            [
              6.62367,
              53.351006
            ],
            [
              6.623768,
              53.35099
            ],
            [
              6.623848,
              53.350971
            ],
            [
              6.623976,
              53.350917
            ],
            [
              6.624223,
              53.350762
            ],
            [
              6.624286,
              53.350723
            ],
            [
              6.624366,
              53.350732
            ],
            [
              6.624501,
              53.350727
            ],
            [
              6.624693,
              53.350718
            ],
            [
              6.624945,
              53.3507
            ],
            [
              6.62536,
              53.350657
            ],
            [
              6.625572,
              53.350641
            ],
            [
              6.625678,
              53.350647
            ],
            [
              6.625809,
              53.350681
            ],
            [
              6.625892,
              53.350708
            ],
            [
              6.625976,
              53.350757
            ],
            [
              6.626048,
              53.350812
            ],
            [
              6.626053,
              53.350817
            ],
            [
              6.626109,
              53.350875
            ],
            [
              6.626135,
              53.350952
            ],
            [
              6.626125,
              53.351009
            ],
            [
              6.626081,
              53.351108
            ],
            [
              6.626025,
              53.351215
            ],
            [
              6.626004,
              53.351307
            ],
            [
              6.626029,
              53.351377
            ],
            [
              6.626165,
              53.351573
            ],
            [
              6.62631,
              53.351698
            ],
            [
              6.626358,
              53.351726
            ],
            [
              6.626417,
              53.35174
            ],
            [
              6.626512,
              53.351746
            ],
            [
              6.626641,
              53.351751
            ],
            [
              6.626736,
              53.351765
            ],
            [
              6.626807,
              53.351778
            ],
            [
              6.627284,
              53.351956
            ],
            [
              6.627392,
              53.352012
            ],
            [
              6.627432,
              53.352041
            ],
            [
              6.627705,
              53.352241
            ],
            [
              6.627729,
              53.352262
            ],
            [
              6.627742,
              53.352297
            ],
            [
              6.627734,
              53.352424
            ],
            [
              6.627737,
              53.35253
            ],
            [
              6.627763,
              53.352636
            ],
            [
              6.627838,
              53.352783
            ],
            [
              6.627852,
              53.352854
            ],
            [
              6.627855,
              53.352952
            ],
            [
              6.627846,
              53.353037
            ],
            [
              6.627824,
              53.353115
            ],
            [
              6.627698,
              53.353236
            ],
            [
              6.627606,
              53.3533
            ],
            [
              6.627548,
              53.353343
            ],
            [
              6.62742,
              53.353408
            ],
            [
              6.627154,
              53.353573
            ],
            [
              6.627073,
              53.353645
            ],
            [
              6.626982,
              53.353744
            ],
            [
              6.626971,
              53.353801
            ],
            [
              6.626942,
              53.354013
            ],
            [
              6.626957,
              53.354104
            ],
            [
              6.626985,
              53.354259
            ],
            [
              6.626978,
              53.354421
            ],
            [
              6.626947,
              53.354591
            ],
            [
              6.626915,
              53.354711
            ],
            [
              6.626921,
              53.354909
            ],
            [
              6.626984,
              53.355063
            ],
            [
              6.627022,
              53.35514
            ],
            [
              6.627145,
              53.35533
            ],
            [
              6.627184,
              53.355428
            ],
            [
              6.627187,
              53.355548
            ],
            [
              6.627091,
              53.355801
            ],
            [
              6.627026,
              53.356049
            ],
            [
              6.626666,
              53.356889
            ],
            [
              6.62652,
              53.357345
            ],
            [
              6.626501,
              53.357423
            ],
            [
              6.626303,
              53.357846
            ],
            [
              6.626148,
              53.358246
            ],
            [
              6.626115,
              53.358367
            ],
            [
              6.626068,
              53.358498
            ],
            [
              6.62604,
              53.358546
            ],
            [
              6.625964,
              53.358655
            ],
            [
              6.625796,
              53.35886
            ],
            [
              6.625706,
              53.359013
            ],
            [
              6.625673,
              53.359109
            ],
            [
              6.625626,
              53.359261
            ],
            [
              6.625628,
              53.359317
            ],
            [
              6.625641,
              53.359516
            ],
            [
              6.625702,
              53.359633
            ],
            [
              6.625778,
              53.359762
            ],
            [
              6.625833,
              53.359891
            ],
            [
              6.625849,
              53.359943
            ],
            [
              6.625858,
              53.360012
            ],
            [
              6.625867,
              53.360086
            ],
            [
              6.625862,
              53.360147
            ],
            [
              6.625843,
              53.360238
            ],
            [
              6.625809,
              53.360338
            ],
            [
              6.625769,
              53.360429
            ],
            [
              6.625735,
              53.360529
            ],
            [
              6.625723,
              53.360594
            ],
            [
              6.625717,
              53.360646
            ],
            [
              6.625726,
              53.360716
            ],
            [
              6.625751,
              53.360824
            ],
            [
              6.625808,
              53.360986
            ],
            [
              6.625928,
              53.360982
            ],
            [
              6.626058,
              53.360977
            ],
            [
              6.626305,
              53.360946
            ],
            [
              6.626539,
              53.360887
            ],
            [
              6.626869,
              53.360884
            ],
            [
              6.626999,
              53.36089
            ],
            [
              6.627058,
              53.360889
            ],
            [
              6.627141,
              53.360902
            ],
            [
              6.627212,
              53.360916
            ],
            [
              6.627332,
              53.360985
            ],
            [
              6.627453,
              53.361089
            ],
            [
              6.627513,
              53.361131
            ],
            [
              6.627645,
              53.361207
            ],
            [
              6.627911,
              53.36143
            ],
            [
              6.628583,
              53.361847
            ],
            [
              6.628678,
              53.361909
            ],
            [
              6.628956,
              53.36209
            ],
            [
              6.629195,
              53.362228
            ],
            [
              6.629386,
              53.362311
            ],
            [
              6.629589,
              53.362386
            ],
            [
              6.629615,
              53.362395
            ],
            [
              6.629803,
              53.362455
            ],
            [
              6.630172,
              53.36255
            ],
            [
              6.630397,
              53.362597
            ],
            [
              6.63061,
              53.36263
            ],
            [
              6.630953,
              53.362648
            ],
            [
              6.63127,
              53.362623
            ],
            [
              6.6316,
              53.362592
            ],
            [
              6.631858,
              53.362561
            ],
            [
              6.632141,
              53.362536
            ],
            [
              6.632377,
              53.362541
            ],
            [
              6.632625,
              53.36256
            ],
            [
              6.632802,
              53.362579
            ],
            [
              6.632907,
              53.362583
            ],
            [
              6.633058,
              53.362627
            ],
            [
              6.633128,
              53.362645
            ],
            [
              6.633201,
              53.362662
            ],
            [
              6.633344,
              53.362692
            ],
            [
              6.633503,
              53.362707
            ],
            [
              6.633584,
              53.362707
            ],
            [
              6.633622,
              53.362688
            ],
            [
              6.63365,
              53.362682
            ],
            [
              6.633734,
              53.362665
            ],
            [
              6.634033,
              53.362661
            ],
            [
              6.634258,
              53.362678
            ],
            [
              6.634614,
              53.362717
            ],
            [
              6.63466,
              53.362713
            ],
            [
              6.634705,
              53.362676
            ],
            [
              6.634814,
              53.362465
            ],
            [
              6.634862,
              53.362369
            ],
            [
              6.634905,
              53.362284
            ],
            [
              6.634949,
              53.362199
            ],
            [
              6.635015,
              53.362069
            ],
            [
              6.63511,
              53.36188
            ],
            [
              6.635165,
              53.361772
            ],
            [
              6.635218,
              53.361668
            ],
            [
              6.635291,
              53.361523
            ],
            [
              6.635394,
              53.361337
            ],
            [
              6.63544,
              53.361253
            ],
            [
              6.635652,
              53.360868
            ],
            [
              6.635803,
              53.360594
            ],
            [
              6.635954,
              53.36032
            ],
            [
              6.636637,
              53.360457
            ],
            [
              6.636816,
              53.360493
            ],
            [
              6.636861,
              53.360501
            ],
            [
              6.636217,
              53.361677
            ],
            [
              6.635613,
              53.362826
            ],
            [
              6.635881,
              53.362898
            ],
            [
              6.636182,
              53.362909
            ],
            [
              6.636294,
              53.362907
            ],
            [
              6.636532,
              53.362874
            ],
            [
              6.636681,
              53.362863
            ],
            [
              6.638204,
              53.362852
            ],
            [
              6.638406,
              53.362868
            ],
            [
              6.638601,
              53.362893
            ],
            [
              6.638916,
              53.362934
            ],
            [
              6.639335,
              53.362965
            ],
            [
              6.639627,
              53.362989
            ],
            [
              6.639837,
              53.363014
            ],
            [
              6.640055,
              53.363061
            ],
            [
              6.641077,
              53.363273
            ],
            [
              6.641318,
              53.363338
            ],
            [
              6.641596,
              53.36342
            ],
            [
              6.641951,
              53.363546
            ],
            [
              6.642315,
              53.363734
            ],
            [
              6.642391,
              53.3638
            ],
            [
              6.642389,
              53.363983
            ],
            [
              6.642382,
              53.364053
            ],
            [
              6.64233,
              53.364515
            ],
            [
              6.642288,
              53.364605
            ],
            [
              6.642224,
              53.364704
            ],
            [
              6.642149,
              53.364845
            ],
            [
              6.642067,
              53.364973
            ],
            [
              6.642022,
              53.365041
            ],
            [
              6.641986,
              53.365127
            ],
            [
              6.64197,
              53.365217
            ],
            [
              6.641954,
              53.365325
            ],
            [
              6.641957,
              53.365421
            ],
            [
              6.642182,
              53.365657
            ],
            [
              6.642327,
              53.365774
            ],
            [
              6.642596,
              53.365924
            ],
            [
              6.642731,
              53.365991
            ],
            [
              6.643018,
              53.366084
            ],
            [
              6.643094,
              53.366102
            ],
            [
              6.64318,
              53.366122
            ],
            [
              6.644446,
              53.366353
            ],
            [
              6.645026,
              53.366437
            ],
            [
              6.645083,
              53.366442
            ],
            [
              6.64513,
              53.36643
            ],
            [
              6.645204,
              53.366373
            ],
            [
              6.645259,
              53.366304
            ],
            [
              6.645351,
              53.366219
            ],
            [
              6.645581,
              53.365995
            ],
            [
              6.64571,
              53.365858
            ],
            [
              6.64593,
              53.365606
            ],
            [
              6.646095,
              53.365412
            ],
            [
              6.646672,
              53.364772
            ],
            [
              6.646736,
              53.364737
            ],
            [
              6.647381,
              53.364579
            ],
            [
              6.647485,
              53.364569
            ],
            [
              6.648817,
              53.364662
            ],
            [
              6.649327,
              53.364688
            ],
            [
              6.649331,
              53.364688
            ],
            [
              6.649333,
              53.364688
            ],
            [
              6.649505,
              53.364691
            ],
            [
              6.649804,
              53.364701
            ],
            [
              6.65011,
              53.364706
            ],
            [
              6.650387,
              53.364704
            ],
            [
              6.650692,
              53.364683
            ],
            [
              6.650968,
              53.364657
            ],
            [
              6.651184,
              53.364633
            ],
            [
              6.651481,
              53.364589
            ],
            [
              6.651771,
              53.364542
            ],
            [
              6.651912,
              53.364527
            ],
            [
              6.652017,
              53.36453
            ],
            [
              6.65213,
              53.364551
            ],
            [
              6.652577,
              53.364642
            ],
            [
              6.653053,
              53.364733
            ],
            [
              6.653254,
              53.364793
            ],
            [
              6.653445,
              53.364854
            ],
            [
              6.653493,
              53.364876
            ],
            [
              6.653542,
              53.364915
            ],
            [
              6.653699,
              53.365128
            ],
            [
              6.653768,
              53.365213
            ],
            [
              6.653816,
              53.365252
            ],
            [
              6.654712,
              53.365758
            ],
            [
              6.654779,
              53.365791
            ],
            [
              6.655078,
              53.365969
            ],
            [
              6.655193,
              53.366025
            ],
            [
              6.65525,
              53.366018
            ],
            [
              6.65573,
              53.365617
            ],
            [
              6.655813,
              53.365531
            ],
            [
              6.655965,
              53.365541
            ],
            [
              6.656145,
              53.365539
            ],
            [
              6.656353,
              53.365525
            ],
            [
              6.656453,
              53.365511
            ],
            [
              6.656586,
              53.365478
            ],
            [
              6.656616,
              53.365538
            ],
            [
              6.656656,
              53.365641
            ],
            [
              6.656675,
              53.365719
            ],
            [
              6.656687,
              53.365842
            ],
            [
              6.656708,
              53.366072
            ],
            [
              6.656737,
              53.36631
            ],
            [
              6.656736,
              53.366379
            ],
            [
              6.657361,
              53.366299
            ],
            [
              6.658229,
              53.366178
            ],
            [
              6.658632,
              53.366123
            ],
            [
              6.659039,
              53.365731
            ],
            [
              6.659098,
              53.365676
            ],
            [
              6.65913,
              53.365663
            ],
            [
              6.659175,
              53.365675
            ],
            [
              6.659697,
              53.365846
            ],
            [
              6.660661,
              53.366146
            ],
            [
              6.660771,
              53.366181
            ],
            [
              6.661073,
              53.366281
            ],
            [
              6.661234,
              53.366296
            ],
            [
              6.66138,
              53.366297
            ],
            [
              6.661792,
              53.366343
            ],
            [
              6.66191,
              53.366347
            ],
            [
              6.661942,
              53.366344
            ],
            [
              6.661989,
              53.366339
            ],
            [
              6.662046,
              53.366325
            ],
            [
              6.662063,
              53.366317
            ],
            [
              6.662071,
              53.366314
            ],
            [
              6.662091,
              53.366305
            ],
            [
              6.662104,
              53.366299
            ],
            [
              6.662105,
              53.366298
            ],
            [
              6.662107,
              53.366298
            ],
            [
              6.662125,
              53.36629
            ],
            [
              6.662127,
              53.366289
            ],
            [
              6.662144,
              53.366281
            ],
            [
              6.662146,
              53.36628
            ],
            [
              6.662218,
              53.366244
            ],
            [
              6.662812,
              53.366436
            ],
            [
              6.663032,
              53.366538
            ],
            [
              6.663415,
              53.366761
            ],
            [
              6.663606,
              53.366856
            ],
            [
              6.663814,
              53.366936
            ],
            [
              6.66393,
              53.36696
            ],
            [
              6.664044,
              53.366979
            ],
            [
              6.664214,
              53.366995
            ],
            [
              6.664337,
              53.367
            ],
            [
              6.664976,
              53.366964
            ],
            [
              6.665023,
              53.366959
            ],
            [
              6.66512,
              53.366937
            ],
            [
              6.665175,
              53.366919
            ],
            [
              6.66626,
              53.366482
            ],
            [
              6.666322,
              53.366459
            ],
            [
              6.666564,
              53.366352
            ],
            [
              6.667576,
              53.365868
            ],
            [
              6.667844,
              53.365697
            ],
            [
              6.668108,
              53.365552
            ],
            [
              6.668227,
              53.365485
            ],
            [
              6.668399,
              53.36541
            ],
            [
              6.668655,
              53.36533
            ],
            [
              6.669004,
              53.365238
            ],
            [
              6.669255,
              53.365185
            ],
            [
              6.669437,
              53.365148
            ],
            [
              6.669899,
              53.365071
            ],
            [
              6.670546,
              53.364971
            ],
            [
              6.670678,
              53.364963
            ],
            [
              6.670834,
              53.364966
            ],
            [
              6.671632,
              53.365008
            ],
            [
              6.672006,
              53.365042
            ],
            [
              6.672129,
              53.36506
            ],
            [
              6.672244,
              53.36508
            ],
            [
              6.673115,
              53.365295
            ],
            [
              6.673757,
              53.36543
            ],
            [
              6.67466,
              53.365594
            ],
            [
              6.674749,
              53.365616
            ],
            [
              6.674805,
              53.36564
            ],
            [
              6.674876,
              53.36567
            ],
            [
              6.674949,
              53.365718
            ],
            [
              6.674978,
              53.36575
            ],
            [
              6.675022,
              53.365812
            ],
            [
              6.675031,
              53.365857
            ],
            [
              6.675023,
              53.365932
            ],
            [
              6.674976,
              53.366071
            ],
            [
              6.67496,
              53.366189
            ],
            [
              6.674962,
              53.366249
            ],
            [
              6.67497,
              53.366279
            ],
            [
              6.67501,
              53.36636
            ],
            [
              6.675102,
              53.366445
            ],
            [
              6.675596,
              53.366827
            ],
            [
              6.675741,
              53.366912
            ],
            [
              6.675898,
              53.366966
            ],
            [
              6.67591,
              53.366968
            ],
            [
              6.676029,
              53.366995
            ],
            [
              6.676343,
              53.36706
            ],
            [
              6.676504,
              53.36708
            ],
            [
              6.676622,
              53.36709
            ],
            [
              6.677168,
              53.367127
            ],
            [
              6.677654,
              53.367167
            ],
            [
              6.67791,
              53.367177
            ],
            [
              6.678091,
              53.367177
            ],
            [
              6.678175,
              53.367175
            ],
            [
              6.678349,
              53.367163
            ],
            [
              6.678495,
              53.367148
            ],
            [
              6.678585,
              53.367131
            ],
            [
              6.678801,
              53.36708
            ],
            [
              6.678886,
              53.367056
            ],
            [
              6.679076,
              53.366989
            ],
            [
              6.679146,
              53.366946
            ],
            [
              6.679228,
              53.366897
            ],
            [
              6.679384,
              53.366779
            ],
            [
              6.679476,
              53.366697
            ],
            [
              6.679519,
              53.366656
            ],
            [
              6.679888,
              53.36626
            ],
            [
              6.679946,
              53.366213
            ],
            [
              6.680111,
              53.366102
            ],
            [
              6.680258,
              53.366031
            ],
            [
              6.680484,
              53.365942
            ],
            [
              6.680706,
              53.365876
            ],
            [
              6.680887,
              53.365839
            ],
            [
              6.680937,
              53.365831
            ],
            [
              6.68103,
              53.365821
            ],
            [
              6.68117,
              53.365821
            ],
            [
              6.681349,
              53.365829
            ],
            [
              6.681495,
              53.365842
            ],
            [
              6.681556,
              53.365858
            ],
            [
              6.681608,
              53.365879
            ],
            [
              6.681975,
              53.366156
            ],
            [
              6.682253,
              53.366403
            ],
            [
              6.682473,
              53.36659
            ],
            [
              6.682607,
              53.366676
            ],
            [
              6.682677,
              53.366709
            ],
            [
              6.682746,
              53.366729
            ],
            [
              6.683381,
              53.366858
            ],
            [
              6.684029,
              53.36696
            ],
            [
              6.684143,
              53.366971
            ],
            [
              6.684234,
              53.366972
            ],
            [
              6.684385,
              53.366967
            ],
            [
              6.684546,
              53.366948
            ],
            [
              6.68466,
              53.366931
            ],
            [
              6.684797,
              53.366902
            ],
            [
              6.684902,
              53.366873
            ],
            [
              6.685318,
              53.36675
            ],
            [
              6.686078,
              53.366565
            ],
            [
              6.686701,
              53.366414
            ],
            [
              6.6879,
              53.366078
            ],
            [
              6.688033,
              53.366034
            ],
            [
              6.688831,
              53.365741
            ],
            [
              6.689385,
              53.365509
            ],
            [
              6.689533,
              53.365461
            ],
            [
              6.689649,
              53.365431
            ],
            [
              6.689925,
              53.365391
            ],
            [
              6.690215,
              53.365353
            ],
            [
              6.690354,
              53.365345
            ],
            [
              6.69047,
              53.365346
            ],
            [
              6.690861,
              53.365392
            ],
            [
              6.691104,
              53.365412
            ],
            [
              6.691324,
              53.365442
            ],
            [
              6.691442,
              53.365473
            ],
            [
              6.691647,
              53.36555
            ],
            [
              6.691689,
              53.365527
            ],
            [
              6.69171,
              53.365516
            ],
            [
              6.693996,
              53.3643
            ],
            [
              6.695634,
              53.363426
            ],
            [
              6.695658,
              53.363413
            ],
            [
              6.695815,
              53.363357
            ],
            [
              6.696072,
              53.36327
            ],
            [
              6.696223,
              53.363212
            ],
            [
              6.696587,
              53.363076
            ],
            [
              6.696735,
              53.363019
            ],
            [
              6.697033,
              53.362903
            ],
            [
              6.697339,
              53.363015
            ],
            [
              6.69748,
              53.363074
            ],
            [
              6.697759,
              53.363212
            ],
            [
              6.698441,
              53.363627
            ],
            [
              6.698631,
              53.363744
            ],
            [
              6.698799,
              53.363865
            ],
            [
              6.698854,
              53.36391
            ],
            [
              6.699243,
              53.364269
            ],
            [
              6.69972,
              53.364737
            ],
            [
              6.699859,
              53.364904
            ],
            [
              6.70048,
              53.365604
            ],
            [
              6.700775,
              53.36591
            ],
            [
              6.70081,
              53.36591
            ],
            [
              6.701318,
              53.366225
            ],
            [
              6.702068,
              53.366678
            ],
            [
              6.702476,
              53.366875
            ],
            [
              6.702879,
              53.367052
            ],
            [
              6.70318,
              53.367173
            ],
            [
              6.704004,
              53.367459
            ],
            [
              6.704193,
              53.367532
            ],
            [
              6.704588,
              53.367665
            ],
            [
              6.704801,
              53.367726
            ],
            [
              6.705031,
              53.367769
            ],
            [
              6.70545,
              53.367825
            ],
            [
              6.70563,
              53.367857
            ],
            [
              6.705745,
              53.367889
            ],
            [
              6.706018,
              53.367985
            ],
            [
              6.706297,
              53.367961
            ],
            [
              6.70649,
              53.368095
            ],
            [
              6.706546,
              53.368141
            ],
            [
              6.706723,
              53.368328
            ],
            [
              6.706911,
              53.368516
            ],
            [
              6.707014,
              53.368598
            ],
            [
              6.707394,
              53.368862
            ],
            [
              6.707598,
              53.36899
            ],
            [
              6.707784,
              53.369095
            ],
            [
              6.707965,
              53.369188
            ],
            [
              6.708077,
              53.369237
            ],
            [
              6.708194,
              53.369244
            ],
            [
              6.708307,
              53.369189
            ],
            [
              6.708435,
              53.369106
            ],
            [
              6.708778,
              53.369116
            ],
            [
              6.708704,
              53.369183
            ],
            [
              6.708814,
              53.36941
            ],
            [
              6.708562,
              53.369463
            ],
            [
              6.709274,
              53.369825
            ],
            [
              6.709369,
              53.369863
            ],
            [
              6.709408,
              53.36988
            ],
            [
              6.709575,
              53.369976
            ],
            [
              6.709676,
              53.370036
            ],
            [
              6.70987,
              53.370093
            ],
            [
              6.70988,
              53.370098
            ],
            [
              6.710464,
              53.370389
            ],
            [
              6.710745,
              53.370537
            ],
            [
              6.711013,
              53.370694
            ],
            [
              6.711344,
              53.37091
            ],
            [
              6.711641,
              53.371125
            ],
            [
              6.712017,
              53.371409
            ],
            [
              6.712292,
              53.371625
            ],
            [
              6.71271,
              53.371936
            ],
            [
              6.712988,
              53.372141
            ],
            [
              6.713155,
              53.372252
            ],
            [
              6.713299,
              53.372343
            ],
            [
              6.713432,
              53.372423
            ],
            [
              6.713632,
              53.372543
            ],
            [
              6.713878,
              53.37266
            ],
            [
              6.714889,
              53.373178
            ],
            [
              6.715198,
              53.373335
            ],
            [
              6.715356,
              53.373416
            ],
            [
              6.715357,
              53.373416
            ],
            [
              6.716108,
              53.373798
            ],
            [
              6.716783,
              53.374135
            ],
            [
              6.717181,
              53.374341
            ],
            [
              6.718133,
              53.374824
            ],
            [
              6.718326,
              53.374922
            ],
            [
              6.718625,
              53.375066
            ],
            [
              6.719475,
              53.375502
            ],
            [
              6.720049,
              53.3758
            ],
            [
              6.721662,
              53.376612
            ],
            [
              6.721955,
              53.376752
            ],
            [
              6.722685,
              53.377124
            ],
            [
              6.723089,
              53.377337
            ],
            [
              6.723352,
              53.377463
            ],
            [
              6.723881,
              53.377728
            ],
            [
              6.724256,
              53.377932
            ],
            [
              6.724573,
              53.378108
            ],
            [
              6.724831,
              53.378243
            ],
            [
              6.725202,
              53.378448
            ],
            [
              6.726271,
              53.379039
            ],
            [
              6.726289,
              53.379049
            ],
            [
              6.726775,
              53.379326
            ],
            [
              6.727368,
              53.379676
            ],
            [
              6.727683,
              53.379862
            ],
            [
              6.729684,
              53.381096
            ],
            [
              6.730239,
              53.381457
            ],
            [
              6.730498,
              53.381636
            ],
            [
              6.731494,
              53.382312
            ],
            [
              6.732469,
              53.383001
            ],
            [
              6.73342,
              53.383699
            ],
            [
              6.733522,
              53.383778
            ],
            [
              6.734341,
              53.38441
            ],
            [
              6.735406,
              53.385229
            ],
            [
              6.736148,
              53.385795
            ],
            [
              6.736529,
              53.386086
            ],
            [
              6.736909,
              53.386362
            ],
            [
              6.737439,
              53.386758
            ],
            [
              6.738055,
              53.387236
            ],
            [
              6.738986,
              53.387942
            ],
            [
              6.739247,
              53.388151
            ],
            [
              6.739247,
              53.388152
            ],
            [
              6.740243,
              53.388902
            ],
            [
              6.740308,
              53.388951
            ],
            [
              6.740314,
              53.388956
            ],
            [
              6.740317,
              53.388958
            ],
            [
              6.740324,
              53.388963
            ],
            [
              6.740379,
              53.389005
            ],
            [
              6.74233,
              53.390487
            ],
            [
              6.743385,
              53.391287
            ],
            [
              6.743427,
              53.39132
            ],
            [
              6.74456,
              53.39218
            ],
            [
              6.745496,
              53.392882
            ],
            [
              6.745929,
              53.393212
            ],
            [
              6.747424,
              53.394353
            ],
            [
              6.747664,
              53.394536
            ],
            [
              6.747751,
              53.3946
            ],
            [
              6.747969,
              53.394763
            ],
            [
              6.74811,
              53.394869
            ],
            [
              6.748256,
              53.394971
            ],
            [
              6.74841,
              53.39507
            ],
            [
              6.748537,
              53.395148
            ],
            [
              6.748688,
              53.395234
            ],
            [
              6.748857,
              53.395325
            ],
            [
              6.749034,
              53.395415
            ],
            [
              6.749174,
              53.395483
            ],
            [
              6.749332,
              53.395555
            ],
            [
              6.749678,
              53.395696
            ],
            [
              6.750488,
              53.396039
            ],
            [
              6.750693,
              53.396123
            ],
            [
              6.751289,
              53.396386
            ],
            [
              6.751307,
              53.396394
            ],
            [
              6.752136,
              53.396746
            ],
            [
              6.753275,
              53.39723
            ],
            [
              6.753812,
              53.397459
            ],
            [
              6.754058,
              53.397564
            ],
            [
              6.754029,
              53.397629
            ],
            [
              6.754137,
              53.397675
            ],
            [
              6.754117,
              53.397723
            ],
            [
              6.75415,
              53.397729
            ],
            [
              6.75413,
              53.397793
            ],
            [
              6.755355,
              53.398059
            ],
            [
              6.755379,
              53.398064
            ],
            [
              6.755647,
              53.398135
            ],
            [
              6.755931,
              53.398211
            ],
            [
              6.756252,
              53.398299
            ],
            [
              6.756268,
              53.398304
            ],
            [
              6.756582,
              53.3984
            ],
            [
              6.756919,
              53.398513
            ],
            [
              6.75706,
              53.398564
            ],
            [
              6.757116,
              53.398586
            ],
            [
              6.757608,
              53.398778
            ],
            [
              6.757932,
              53.398912
            ],
            [
              6.758332,
              53.399095
            ],
            [
              6.759006,
              53.399426
            ],
            [
              6.759244,
              53.399541
            ],
            [
              6.759475,
              53.399647
            ],
            [
              6.759726,
              53.399753
            ],
            [
              6.759948,
              53.39984
            ],
            [
              6.760172,
              53.39992
            ],
            [
              6.760299,
              53.399962
            ],
            [
              6.760706,
              53.400086
            ],
            [
              6.761175,
              53.400219
            ],
            [
              6.761235,
              53.400236
            ],
            [
              6.762115,
              53.400486
            ],
            [
              6.763156,
              53.400782
            ],
            [
              6.763166,
              53.400785
            ],
            [
              6.763205,
              53.400797
            ],
            [
              6.763389,
              53.400851
            ],
            [
              6.763813,
              53.400975
            ],
            [
              6.763829,
              53.40098
            ],
            [
              6.763887,
              53.400997
            ],
            [
              6.763933,
              53.40101
            ],
            [
              6.764341,
              53.40113
            ],
            [
              6.764643,
              53.401219
            ],
            [
              6.765042,
              53.401349
            ],
            [
              6.765327,
              53.401441
            ],
            [
              6.766238,
              53.40177
            ],
            [
              6.766993,
              53.402065
            ],
            [
              6.767575,
              53.402314
            ],
            [
              6.767755,
              53.402399
            ],
            [
              6.768228,
              53.402621
            ],
            [
              6.768636,
              53.402824
            ],
            [
              6.769285,
              53.403149
            ],
            [
              6.769698,
              53.403375
            ],
            [
              6.769912,
              53.40351
            ],
            [
              6.769971,
              53.403484
            ],
            [
              6.770104,
              53.403558
            ],
            [
              6.770133,
              53.403558
            ],
            [
              6.770299,
              53.403562
            ],
            [
              6.770428,
              53.403634
            ],
            [
              6.770409,
              53.403776
            ],
            [
              6.770487,
              53.403822
            ],
            [
              6.77096,
              53.4041
            ],
            [
              6.771201,
              53.404271
            ],
            [
              6.771415,
              53.404417
            ],
            [
              6.77143,
              53.404427
            ],
            [
              6.771852,
              53.404725
            ],
            [
              6.77259,
              53.405297
            ],
            [
              6.772707,
              53.405389
            ],
            [
              6.773036,
              53.405673
            ],
            [
              6.773692,
              53.406277
            ],
            [
              6.773851,
              53.406424
            ],
            [
              6.774752,
              53.407253
            ],
            [
              6.775368,
              53.407821
            ],
            [
              6.775551,
              53.407989
            ],
            [
              6.77606,
              53.408458
            ],
            [
              6.776379,
              53.408751
            ],
            [
              6.776997,
              53.409321
            ],
            [
              6.777258,
              53.40956
            ],
            [
              6.777825,
              53.410083
            ],
            [
              6.778099,
              53.410335
            ],
            [
              6.778231,
              53.410455
            ],
            [
              6.778242,
              53.410465
            ],
            [
              6.778257,
              53.410479
            ],
            [
              6.77829,
              53.41051
            ],
            [
              6.778321,
              53.410534
            ],
            [
              6.778337,
              53.410547
            ],
            [
              6.778407,
              53.410604
            ],
            [
              6.778507,
              53.410659
            ],
            [
              6.778524,
              53.410694
            ],
            [
              6.778535,
              53.410706
            ],
            [
              6.778581,
              53.410754
            ],
            [
              6.778614,
              53.410788
            ],
            [
              6.778704,
              53.4108
            ],
            [
              6.778821,
              53.410817
            ],
            [
              6.778927,
              53.41083
            ],
            [
              6.779058,
              53.410846
            ],
            [
              6.779205,
              53.41086
            ],
            [
              6.77926,
              53.410865
            ],
            [
              6.779494,
              53.410861
            ],
            [
              6.779625,
              53.410853
            ],
            [
              6.779735,
              53.410852
            ],
            [
              6.779813,
              53.410855
            ],
            [
              6.779935,
              53.41086
            ],
            [
              6.780061,
              53.410861
            ],
            [
              6.780158,
              53.410862
            ],
            [
              6.780274,
              53.41086
            ],
            [
              6.780333,
              53.410855
            ],
            [
              6.780478,
              53.410848
            ],
            [
              6.780544,
              53.410838
            ],
            [
              6.780621,
              53.410828
            ],
            [
              6.780818,
              53.410797
            ],
            [
              6.780908,
              53.410789
            ],
            [
              6.781032,
              53.410779
            ],
            [
              6.781225,
              53.410764
            ],
            [
              6.781398,
              53.41075
            ],
            [
              6.781448,
              53.410746
            ],
            [
              6.781479,
              53.410745
            ],
            [
              6.781508,
              53.410743
            ],
            [
              6.781584,
              53.410734
            ],
            [
              6.781679,
              53.410722
            ],
            [
              6.781794,
              53.410696
            ],
            [
              6.782064,
              53.410613
            ],
            [
              6.782115,
              53.410599
            ],
            [
              6.782211,
              53.410564
            ],
            [
              6.782339,
              53.410519
            ],
            [
              6.782408,
              53.410486
            ],
            [
              6.782486,
              53.410452
            ],
            [
              6.78252,
              53.410429
            ],
            [
              6.7827,
              53.410263
            ],
            [
              6.78271,
              53.410253
            ],
            [
              6.782816,
              53.410156
            ],
            [
              6.782936,
              53.410072
            ],
            [
              6.783099,
              53.409992
            ],
            [
              6.783153,
              53.409965
            ],
            [
              6.783234,
              53.409929
            ],
            [
              6.783266,
              53.409916
            ],
            [
              6.783379,
              53.409865
            ],
            [
              6.783462,
              53.409822
            ],
            [
              6.783546,
              53.409773
            ],
            [
              6.783641,
              53.409713
            ],
            [
              6.783734,
              53.40965
            ],
            [
              6.78377,
              53.409617
            ],
            [
              6.783796,
              53.40959
            ],
            [
              6.783823,
              53.409561
            ],
            [
              6.783889,
              53.40949
            ],
            [
              6.783986,
              53.409361
            ],
            [
              6.784089,
              53.409191
            ],
            [
              6.784125,
              53.409086
            ],
            [
              6.784131,
              53.409063
            ],
            [
              6.784154,
              53.408963
            ],
            [
              6.784171,
              53.408797
            ],
            [
              6.784175,
              53.408753
            ],
            [
              6.784178,
              53.408711
            ],
            [
              6.784173,
              53.40855
            ],
            [
              6.784149,
              53.408399
            ],
            [
              6.784111,
              53.408356
            ],
            [
              6.784007,
              53.408281
            ],
            [
              6.783979,
              53.408261
            ],
            [
              6.783912,
              53.408203
            ],
            [
              6.783861,
              53.408146
            ],
            [
              6.783823,
              53.408077
            ],
            [
              6.783808,
              53.408042
            ],
            [
              6.783785,
              53.407955
            ],
            [
              6.783776,
              53.407919
            ],
            [
              6.783754,
              53.407768
            ],
            [
              6.783757,
              53.407697
            ],
            [
              6.783773,
              53.407653
            ],
            [
              6.783873,
              53.407547
            ],
            [
              6.783984,
              53.407472
            ],
            [
              6.784177,
              53.407364
            ],
            [
              6.78424,
              53.407339
            ],
            [
              6.784321,
              53.40732
            ],
            [
              6.784381,
              53.407318
            ],
            [
              6.784437,
              53.407319
            ],
            [
              6.784563,
              53.407339
            ],
            [
              6.784685,
              53.407362
            ],
            [
              6.784729,
              53.407372
            ],
            [
              6.784776,
              53.407381
            ],
            [
              6.784927,
              53.407426
            ],
            [
              6.785124,
              53.407486
            ],
            [
              6.785295,
              53.407523
            ],
            [
              6.785408,
              53.407534
            ],
            [
              6.785564,
              53.40754
            ],
            [
              6.785617,
              53.407541
            ],
            [
              6.785854,
              53.407544
            ],
            [
              6.786161,
              53.407551
            ],
            [
              6.786236,
              53.407559
            ],
            [
              6.786423,
              53.407598
            ],
            [
              6.786454,
              53.407603
            ],
            [
              6.787122,
              53.407728
            ],
            [
              6.787305,
              53.407768
            ],
            [
              6.787329,
              53.407773
            ],
            [
              6.787374,
              53.407782
            ],
            [
              6.78767,
              53.407847
            ],
            [
              6.787841,
              53.407888
            ],
            [
              6.78798,
              53.407927
            ],
            [
              6.788046,
              53.407862
            ],
            [
              6.788058,
              53.40785
            ],
            [
              6.790391,
              53.405592
            ],
            [
              6.790784,
              53.405214
            ],
            [
              6.791188,
              53.404825
            ],
            [
              6.792384,
              53.403676
            ],
            [
              6.792373,
              53.403672
            ],
            [
              6.792455,
              53.403596
            ],
            [
              6.794514,
              53.404349
            ],
            [
              6.794996,
              53.404529
            ],
            [
              6.795046,
              53.404555
            ],
            [
              6.795076,
              53.404568
            ],
            [
              6.795089,
              53.404573
            ],
            [
              6.796142,
              53.404957
            ],
            [
              6.796964,
              53.405265
            ],
            [
              6.797069,
              53.405302
            ],
            [
              6.797254,
              53.405368
            ],
            [
              6.797694,
              53.405538
            ],
            [
              6.798502,
              53.405833
            ],
            [
              6.801247,
              53.406837
            ],
            [
              6.801399,
              53.406892
            ],
            [
              6.802237,
              53.407197
            ],
            [
              6.802246,
              53.4072
            ],
            [
              6.803191,
              53.407548
            ],
            [
              6.804001,
              53.407843
            ],
            [
              6.805281,
              53.408307
            ],
            [
              6.806265,
              53.408656
            ],
            [
              6.807357,
              53.409044
            ],
            [
              6.80779,
              53.4092
            ],
            [
              6.808215,
              53.409352
            ],
            [
              6.809521,
              53.409832
            ],
            [
              6.809752,
              53.409917
            ],
            [
              6.810572,
              53.410216
            ],
            [
              6.811675,
              53.410649
            ],
            [
              6.812046,
              53.410794
            ],
            [
              6.81219,
              53.410851
            ],
            [
              6.81284,
              53.411087
            ],
            [
              6.813875,
              53.411466
            ],
            [
              6.814177,
              53.411575
            ],
            [
              6.814261,
              53.411605
            ],
            [
              6.81512,
              53.411919
            ],
            [
              6.815225,
              53.411957
            ],
            [
              6.81596,
              53.412228
            ],
            [
              6.816303,
              53.412354
            ],
            [
              6.817124,
              53.412654
            ],
            [
              6.817232,
              53.412692
            ],
            [
              6.818579,
              53.413184
            ],
            [
              6.821137,
              53.414124
            ],
            [
              6.82193,
              53.414415
            ],
            [
              6.821941,
              53.414418
            ],
            [
              6.822308,
              53.414553
            ],
            [
              6.823161,
              53.414863
            ],
            [
              6.823203,
              53.414879
            ],
            [
              6.823459,
              53.414975
            ],
            [
              6.824179,
              53.415241
            ],
            [
              6.825043,
              53.415557
            ],
            [
              6.825617,
              53.415768
            ],
            [
              6.825862,
              53.415857
            ],
            [
              6.826002,
              53.415908
            ],
            [
              6.827411,
              53.416423
            ],
            [
              6.8282,
              53.416713
            ],
            [
              6.828685,
              53.416891
            ],
            [
              6.829435,
              53.417162
            ],
            [
              6.829593,
              53.417221
            ],
            [
              6.830115,
              53.417412
            ],
            [
              6.830428,
              53.417527
            ],
            [
              6.830504,
              53.417556
            ],
            [
              6.830691,
              53.417628
            ],
            [
              6.830794,
              53.417668
            ],
            [
              6.831327,
              53.417864
            ],
            [
              6.831579,
              53.417957
            ],
            [
              6.832772,
              53.418397
            ],
            [
              6.834169,
              53.418912
            ],
            [
              6.835009,
              53.419222
            ],
            [
              6.835242,
              53.41931
            ],
            [
              6.835763,
              53.419502
            ],
            [
              6.837309,
              53.420068
            ],
            [
              6.837389,
              53.420099
            ],
            [
              6.839358,
              53.420822
            ],
            [
              6.839467,
              53.42086
            ],
            [
              6.840195,
              53.421127
            ],
            [
              6.841404,
              53.42157
            ],
            [
              6.841436,
              53.421581
            ],
            [
              6.841562,
              53.421624
            ],
            [
              6.841728,
              53.421682
            ],
            [
              6.841759,
              53.421692
            ],
            [
              6.842215,
              53.421855
            ],
            [
              6.842371,
              53.421911
            ],
            [
              6.842905,
              53.422104
            ],
            [
              6.843388,
              53.422297
            ],
            [
              6.843429,
              53.422314
            ],
            [
              6.843532,
              53.422352
            ],
            [
              6.84369,
              53.42241
            ],
            [
              6.843718,
              53.42242
            ],
            [
              6.843812,
              53.422373
            ],
            [
              6.844129,
              53.422215
            ],
            [
              6.844397,
              53.422072
            ],
            [
              6.844495,
              53.422006
            ],
            [
              6.845397,
              53.421371
            ],
            [
              6.846277,
              53.420746
            ],
            [
              6.846669,
              53.420425
            ],
            [
              6.84684,
              53.420285
            ],
            [
              6.846876,
              53.420256
            ],
            [
              6.846981,
              53.420167
            ],
            [
              6.847015,
              53.420144
            ],
            [
              6.847354,
              53.419915
            ],
            [
              6.847414,
              53.419875
            ],
            [
              6.848107,
              53.419544
            ],
            [
              6.848719,
              53.419252
            ],
            [
              6.848905,
              53.419176
            ],
            [
              6.849007,
              53.419088
            ],
            [
              6.849079,
              53.419008
            ],
            [
              6.849095,
              53.418977
            ],
            [
              6.849054,
              53.418941
            ],
            [
              6.849075,
              53.418923
            ],
            [
              6.84918,
              53.418866
            ],
            [
              6.84934,
              53.418775
            ],
            [
              6.849741,
              53.418542
            ],
            [
              6.850067,
              53.418349
            ],
            [
              6.85037,
              53.41817
            ],
            [
              6.85043,
              53.418135
            ],
            [
              6.850455,
              53.41812
            ],
            [
              6.850467,
              53.418112
            ],
            [
              6.850761,
              53.417936
            ],
            [
              6.850965,
              53.417814
            ],
            [
              6.850999,
              53.417794
            ],
            [
              6.851052,
              53.417763
            ],
            [
              6.851326,
              53.417602
            ],
            [
              6.85146,
              53.417521
            ],
            [
              6.851547,
              53.417468
            ],
            [
              6.851658,
              53.417397
            ],
            [
              6.85192,
              53.417241
            ],
            [
              6.851984,
              53.417203
            ],
            [
              6.852284,
              53.41702
            ],
            [
              6.852666,
              53.416791
            ],
            [
              6.852903,
              53.416649
            ],
            [
              6.853372,
              53.416369
            ],
            [
              6.854126,
              53.415896
            ],
            [
              6.854757,
              53.415507
            ],
            [
              6.855606,
              53.414997
            ],
            [
              6.855732,
              53.414921
            ],
            [
              6.856256,
              53.414606
            ],
            [
              6.85696,
              53.414255
            ],
            [
              6.857002,
              53.414234
            ],
            [
              6.857086,
              53.414193
            ],
            [
              6.857549,
              53.413965
            ],
            [
              6.857808,
              53.413838
            ],
            [
              6.858304,
              53.413597
            ],
            [
              6.858455,
              53.413524
            ],
            [
              6.859043,
              53.413239
            ],
            [
              6.859103,
              53.413213
            ],
            [
              6.859154,
              53.413191
            ],
            [
              6.859185,
              53.413177
            ],
            [
              6.859401,
              53.413072
            ],
            [
              6.859826,
              53.412865
            ],
            [
              6.860286,
              53.412642
            ],
            [
              6.860644,
              53.412466
            ],
            [
              6.860905,
              53.412338
            ],
            [
              6.861084,
              53.412252
            ],
            [
              6.861828,
              53.411904
            ],
            [
              6.862125,
              53.411767
            ],
            [
              6.862276,
              53.411698
            ],
            [
              6.862287,
              53.411693
            ],
            [
              6.862393,
              53.411646
            ],
            [
              6.862476,
              53.411612
            ],
            [
              6.862573,
              53.411577
            ],
            [
              6.862777,
              53.411509
            ],
            [
              6.862781,
              53.411508
            ],
            [
              6.863009,
              53.411438
            ],
            [
              6.863231,
              53.411368
            ],
            [
              6.863556,
              53.411268
            ],
            [
              6.86393,
              53.411155
            ],
            [
              6.864332,
              53.411024
            ],
            [
              6.864498,
              53.410976
            ],
            [
              6.864502,
              53.410975
            ],
            [
              6.864535,
              53.410963
            ],
            [
              6.864634,
              53.410928
            ],
            [
              6.864865,
              53.410846
            ],
            [
              6.865749,
              53.410522
            ],
            [
              6.866613,
              53.410202
            ],
            [
              6.866869,
              53.410107
            ],
            [
              6.867166,
              53.410007
            ],
            [
              6.867526,
              53.409869
            ],
            [
              6.868161,
              53.409635
            ],
            [
              6.868314,
              53.409579
            ],
            [
              6.86895,
              53.409349
            ],
            [
              6.869041,
              53.409316
            ],
            [
              6.869487,
              53.409153
            ],
            [
              6.869731,
              53.409064
            ],
            [
              6.869884,
              53.408987
            ],
            [
              6.869896,
              53.408994
            ],
            [
              6.869959,
              53.40903
            ],
            [
              6.87,
              53.409014
            ],
            [
              6.870172,
              53.409002
            ],
            [
              6.870232,
              53.408984
            ],
            [
              6.870305,
              53.408943
            ],
            [
              6.870346,
              53.408925
            ],
            [
              6.870453,
              53.408893
            ],
            [
              6.870571,
              53.408848
            ],
            [
              6.8708,
              53.408749
            ],
            [
              6.871207,
              53.408593
            ],
            [
              6.871429,
              53.408504
            ],
            [
              6.871838,
              53.408346
            ],
            [
              6.872567,
              53.408067
            ],
            [
              6.872654,
              53.408034
            ],
            [
              6.872859,
              53.407956
            ],
            [
              6.873123,
              53.408305
            ],
            [
              6.87363,
              53.408041
            ],
            [
              6.874377,
              53.408032
            ],
            [
              6.87511,
              53.408023
            ],
            [
              6.877738,
              53.40799
            ],
            [
              6.884791,
              53.407902
            ],
            [
              6.890936,
              53.407826
            ],
            [
              6.907418,
              53.448629
            ],
            [
              6.911786,
              53.459428
            ],
            [
              6.907593,
              53.461525
            ],
            [
              6.890929,
              53.465135
            ],
            [
              6.874265,
              53.46458
            ],
            [
              6.857601,
              53.468746
            ],
            [
              6.832605,
              53.485688
            ],
            [
              6.826834,
              53.489408
            ],
            [
              6.820107,
              53.493743
            ],
            [
              6.790944,
              53.506519
            ],
            [
              6.749284,
              53.525683
            ],
            [
              6.707624,
              53.543182
            ],
            [
              6.665963,
              53.561235
            ],
            [
              6.653359,
              53.567538
            ],
            [
              6.646522,
              53.570956
            ],
            [
              6.637869,
              53.575994
            ],
            [
              6.637132,
              53.576423
            ],
            [
              6.629416,
              53.572612
            ],
            [
              6.620138,
              53.568028
            ],
            [
              6.612608,
              53.564308
            ],
            [
              6.581627,
              53.564615
            ],
            [
              6.563105,
              53.564798
            ],
            [
              6.549304,
              53.564934
            ],
            [
              6.458768,
              53.565772
            ],
            [
              6.435338,
              53.565978
            ],
            [
              6.428588,
              53.566036
            ],
            [
              6.352528,
              53.539713
            ],
            [
              6.352339,
              53.531336
            ],
            [
              6.352265,
              53.528048
            ],
            [
              6.352224,
              53.526238
            ],
            [
              6.352123,
              53.521746
            ],
            [
              6.367249,
              53.523871
            ],
            [
              6.382272,
              53.521501
            ],
            [
              6.387199,
              53.52172
            ],
            [
              6.393253,
              53.521722
            ],
            [
              6.395189,
              53.52163
            ],
            [
              6.40001,
              53.5214
            ],
            [
              6.404449,
              53.520886
            ],
            [
              6.411133,
              53.517487
            ],
            [
              6.41601,
              53.512989
            ],
            [
              6.418681,
              53.505645
            ],
            [
              6.417751,
              53.500295
            ],
            [
              6.415015,
              53.497507
            ],
            [
              6.408991,
              53.494853
            ],
            [
              6.404121,
              53.494246
            ],
            [
              6.40221,
              53.494008
            ],
            [
              6.393862,
              53.494609
            ],
            [
              6.383923,
              53.495429
            ],
            [
              6.381647,
              53.494551
            ],
            [
              6.366633,
              53.49692
            ],
            [
              6.351567,
              53.497042
            ],
            [
              6.351415,
              53.490304
            ],
            [
              6.351328,
              53.486435
            ],
            [
              6.351257,
              53.483257
            ],
            [
              6.350426,
              53.446269
            ],
            [
              6.311237,
              53.438029
            ],
            [
              6.309585,
              53.437681
            ],
            [
              6.273988,
              53.430183
            ],
            [
              6.266675,
              53.42864
            ],
            [
              6.210851,
              53.41685
            ],
            [
              6.19402,
              53.413289
            ],
            [
              6.193663,
              53.41298
            ],
            [
              6.19156,
              53.411164
            ],
            [
              6.191429,
              53.411052
            ],
            [
              6.191185,
              53.410841
            ],
            [
              6.190923,
              53.410614
            ],
            [
              6.190791,
              53.4105
            ],
            [
              6.188745,
              53.408733
            ],
            [
              6.185761,
              53.406156
            ],
            [
              6.184097,
              53.404718
            ],
            [
              6.183193,
              53.403938
            ],
            [
              6.1806,
              53.401697
            ],
            [
              6.176604,
              53.398244
            ],
            [
              6.17544,
              53.397238
            ],
            [
              6.170281,
              53.392779
            ],
            [
              6.16882,
              53.391516
            ],
            [
              6.167945,
              53.390759
            ],
            [
              6.167586,
              53.389702
            ],
            [
              6.167454,
              53.388305
            ],
            [
              6.167432,
              53.388065
            ],
            [
              6.167576,
              53.38642
            ],
            [
              6.167726,
              53.38477
            ],
            [
              6.167903,
              53.383809
            ],
            [
              6.168063,
              53.382942
            ],
            [
              6.168463,
              53.381194
            ],
            [
              6.16862,
              53.38049
            ],
            [
              6.168884,
              53.37931
            ],
            [
              6.168926,
              53.379123
            ],
            [
              6.169579,
              53.376851
            ],
            [
              6.170513,
              53.374807
            ],
            [
              6.170524,
              53.374782
            ],
            [
              6.171541,
              53.372926
            ],
            [
              6.17264,
              53.371374
            ],
            [
              6.173326,
              53.370296
            ],
            [
              6.173632,
              53.369815
            ],
            [
              6.174927,
              53.368357
            ],
            [
              6.175717,
              53.367525
            ]
          ]
        ]
      },
      "properties": {
        "type": "boundary",
        "gemeente": "Het Hogeland"
      }
    }
  ]
}