{
  "type": "FeatureCollection",
  "metadata": {
    "gemeente": "Kaag en Braassem",
    "slug": "kaag-en-braassem",
    "generated_at": "2026-06-30T16:47:25.074392Z",
    "total_points": 37,
    "providers": [
      "Amazon",
      "DHL",
      "DPD",
      "PostNL",
      "VintedGo",
      "ViaTim",
      "InPost"
    ],
    "bounds": [
      4.5398331377374594,
      52.1675294,
      4.674292,
      52.22487909
    ]
  },
  "features": [
    {
      "type": "Feature",
      "geometry": {
        "type": "Point",
        "coordinates": [
          4.673134729,
          52.22487909
        ]
      },
      "properties": {
        "type": "pakketpunt",
        "locatieNaam": "Gemakswinkel Leimuiden",
        "straatNaam": "Dokter Stapenseastraat 8",
        "straatNr": "",
        "vervoerder": "Amazon",
        "puntType": "3p",
        "bezettingsgraad": 50,
        "latitude": 52.22487909,
        "longitude": 4.673134729,
        "canPickup": true,
        "canDropoff": false,
        "openingstijden": null
      }
    },
    {
      "type": "Feature",
      "geometry": {
        "type": "Point",
        "coordinates": [
          4.661636031056298,
          52.223677920975454
        ]
      },
      "properties": {
        "type": "pakketpunt",
        "locatieNaam": "DHL - Pakketautomaat SV Kickers 69",
        "straatNaam": "Beukenlaan 50-VC/87",
        "straatNr": "",
        "vervoerder": "Amazon",
        "puntType": "3p",
        "bezettingsgraad": 50,
        "latitude": 52.223677920975454,
        "longitude": 4.661636031056298,
        "canPickup": true,
        "canDropoff": false,
        "openingstijden": null
      }
    },
    {
      "type": "Feature",
      "geometry": {
        "type": "Point",
        "coordinates": [
          4.6360483,
          52.1680417
        ]
      },
      "properties": {
        "type": "pakketpunt",
        "locatieNaam": "Amazon Locker - Lars",
        "straatNaam": "Pakketshop Woubrugge",
        "straatNr": "",
        "vervoerder": "Amazon",
        "puntType": "locker",
        "bezettingsgraad": 50,
        "latitude": 52.1680417,
        "longitude": 4.6360483,
        "canPickup": true,
        "canDropoff": false,
        "openingstijden": null
      }
    },
    {
      "type": "Feature",
      "geometry": {
        "type": "Point",
        "coordinates": [
          4.636275774,
          52.16789901
        ]
      },
      "properties": {
        "type": "pakketpunt",
        "locatieNaam": "Spar",
        "straatNaam": "Batehof 2",
        "straatNr": "",
        "vervoerder": "Amazon",
        "puntType": "3p",
        "bezettingsgraad": 50,
        "latitude": 52.16789901,
        "longitude": 4.636275774,
        "canPickup": true,
        "canDropoff": false,
        "openingstijden": null
      }
    },
    {
      "type": "Feature",
      "geometry": {
        "type": "Point",
        "coordinates": [
          4.582526627,
          52.16877612
        ]
      },
      "properties": {
        "type": "pakketpunt",
        "locatieNaam": "Coop Hoogmade-",
        "straatNaam": "Plein 1 -5",
        "straatNr": "",
        "vervoerder": "Amazon",
        "puntType": "3p",
        "bezettingsgraad": 50,
        "latitude": 52.16877612,
        "longitude": 4.582526627,
        "canPickup": true,
        "canDropoff": false,
        "openingstijden": null
      }
    },
    {
      "type": "Feature",
      "geometry": {
        "type": "Point",
        "coordinates": [
          4.61526149530253,
          52.193325338369
        ]
      },
      "properties": {
        "type": "pakketpunt",
        "locatieNaam": "Groenbedrijf de Veense Bukker",
        "straatNaam": "Bukkersweg 2",
        "straatNr": "",
        "vervoerder": "Amazon",
        "puntType": "3p",
        "bezettingsgraad": 50,
        "latitude": 52.193325338369,
        "longitude": 4.61526149530253,
        "canPickup": true,
        "canDropoff": false,
        "openingstijden": null
      }
    },
    {
      "type": "Feature",
      "geometry": {
        "type": "Point",
        "coordinates": [
          4.6146335977559,
          52.1928724565086
        ]
      },
      "properties": {
        "type": "pakketpunt",
        "locatieNaam": "Groenbedrijf de Veense Bukker",
        "straatNaam": "Hazenpad 1",
        "straatNr": "",
        "vervoerder": "Amazon",
        "puntType": "3p",
        "bezettingsgraad": 50,
        "latitude": 52.1928724565086,
        "longitude": 4.6146335977559,
        "canPickup": true,
        "canDropoff": false,
        "openingstijden": null
      }
    },
    {
      "type": "Feature",
      "geometry": {
        "type": "Point",
        "coordinates": [
          4.61161632883501,
          52.194799266316345
        ]
      },
      "properties": {
        "type": "pakketpunt",
        "locatieNaam": "DHL - Pakketautomaat De Opslagkoning",
        "straatNaam": "Veenderveld 112",
        "straatNr": "",
        "vervoerder": "Amazon",
        "puntType": "3p",
        "bezettingsgraad": 50,
        "latitude": 52.194799266316345,
        "longitude": 4.61161632883501,
        "canPickup": true,
        "canDropoff": false,
        "openingstijden": null
      }
    },
    {
      "type": "Feature",
      "geometry": {
        "type": "Point",
        "coordinates": [
          4.586240331,
          52.18664312
        ]
      },
      "properties": {
        "type": "pakketpunt",
        "locatieNaam": "Kaasboerderij Castelijn",
        "straatNaam": "Pastoor van der Plaatstraat 40",
        "straatNr": "",
        "vervoerder": "Amazon",
        "puntType": "3p",
        "bezettingsgraad": 50,
        "latitude": 52.18664312,
        "longitude": 4.586240331,
        "canPickup": true,
        "canDropoff": false,
        "openingstijden": null
      }
    },
    {
      "type": "Feature",
      "geometry": {
        "type": "Point",
        "coordinates": [
          4.5825589401819,
          52.16877282789021
        ]
      },
      "properties": {
        "type": "pakketpunt",
        "locatieNaam": "Pakketautomaat Coop Hoogmade",
        "straatNaam": "Plein",
        "straatNr": "1",
        "vervoerder": "DHL",
        "puntType": "packStation",
        "bezettingsgraad": 50,
        "latitude": 52.16877282789021,
        "longitude": 4.5825589401819,
        "canPickup": true,
        "canDropoff": true,
        "openingstijden": {
          "ma": "07:30 - 19:00",
          "di": "07:30 - 19:00",
          "wo": "07:30 - 19:00",
          "do": "07:30 - 19:00",
          "vr": "07:30 - 20:00",
          "za": "08:00 - 19:00",
          "zo": "11:00 - 18:00"
        }
      }
    },
    {
      "type": "Feature",
      "geometry": {
        "type": "Point",
        "coordinates": [
          4.61161632883501,
          52.194799266316345
        ]
      },
      "properties": {
        "type": "pakketpunt",
        "locatieNaam": "Pakketautomaat De Opslagkoning",
        "straatNaam": "Veenderveld",
        "straatNr": "112",
        "vervoerder": "DHL",
        "puntType": "packStation",
        "bezettingsgraad": 50,
        "latitude": 52.194799266316345,
        "longitude": 4.61161632883501,
        "canPickup": true,
        "canDropoff": true,
        "openingstijden": {
          "ma": "00:00 - 23:59",
          "di": "00:00 - 23:59",
          "wo": "00:00 - 23:59",
          "do": "00:00 - 23:59",
          "vr": "00:00 - 23:59",
          "za": "00:00 - 23:59",
          "zo": "00:00 - 23:59"
        }
      }
    },
    {
      "type": "Feature",
      "geometry": {
        "type": "Point",
        "coordinates": [
          4.6350501,
          52.1675294
        ]
      },
      "properties": {
        "type": "pakketpunt",
        "locatieNaam": "Voerhandel Woubrugge",
        "straatNaam": "Gerbrand Swartaan",
        "straatNr": "27",
        "vervoerder": "DHL",
        "puntType": "parcelShop",
        "bezettingsgraad": 50,
        "latitude": 52.1675294,
        "longitude": 4.6350501,
        "canPickup": true,
        "canDropoff": true,
        "openingstijden": {
          "ma": "13:00 - 17:30",
          "di": "13:00 - 17:30",
          "wo": "13:00 - 17:30",
          "do": "13:00 - 17:30",
          "vr": "13:00 - 17:30",
          "za": "10:00 - 14:00",
          "zo": "gesloten"
        }
      }
    },
    {
      "type": "Feature",
      "geometry": {
        "type": "Point",
        "coordinates": [
          4.6361952518363605,
          52.16808092100057
        ]
      },
      "properties": {
        "type": "pakketpunt",
        "locatieNaam": "Pakketautomaat Pakketshop Woubr",
        "straatNaam": "Batehof",
        "straatNr": "3",
        "vervoerder": "DHL",
        "puntType": "packStation",
        "bezettingsgraad": 50,
        "latitude": 52.16808092100057,
        "longitude": 4.6361952518363605,
        "canPickup": true,
        "canDropoff": true,
        "openingstijden": {
          "ma": "08:00 - 20:00",
          "di": "08:00 - 20:00",
          "wo": "08:00 - 20:00",
          "do": "08:00 - 20:00",
          "vr": "08:00 - 20:00",
          "za": "08:00 - 20:00",
          "zo": "12:00 - 18:00"
        }
      }
    },
    {
      "type": "Feature",
      "geometry": {
        "type": "Point",
        "coordinates": [
          4.62062,
          52.20248
        ]
      },
      "properties": {
        "type": "pakketpunt",
        "locatieNaam": "Pakketautomaat Karwei Roelofarends",
        "straatNaam": "De Lasso Zuid",
        "straatNr": "21",
        "vervoerder": "DHL",
        "puntType": "packStation",
        "bezettingsgraad": 50,
        "latitude": 52.20248,
        "longitude": 4.62062,
        "canPickup": true,
        "canDropoff": true,
        "openingstijden": {
          "ma": "00:00 - 23:59",
          "di": "00:00 - 23:59",
          "wo": "00:00 - 23:59",
          "do": "00:00 - 23:59",
          "vr": "00:00 - 23:59",
          "za": "00:00 - 23:59",
          "zo": "00:00 - 23:59"
        }
      }
    },
    {
      "type": "Feature",
      "geometry": {
        "type": "Point",
        "coordinates": [
          4.6213771,
          52.2057127
        ]
      },
      "properties": {
        "type": "pakketpunt",
        "locatieNaam": "Rayen Automotive",
        "straatNaam": "Cilinderweg",
        "straatNr": "97",
        "vervoerder": "DHL",
        "puntType": "parcelShop",
        "bezettingsgraad": 50,
        "latitude": 52.2057127,
        "longitude": 4.6213771,
        "canPickup": true,
        "canDropoff": true,
        "openingstijden": {
          "ma": "gesloten",
          "di": "11:00 - 18:30",
          "wo": "11:00 - 18:30",
          "do": "11:00 - 18:30",
          "vr": "11:00 - 18:30",
          "za": "12:00 - 17:00",
          "zo": "gesloten"
        }
      }
    },
    {
      "type": "Feature",
      "geometry": {
        "type": "Point",
        "coordinates": [
          4.632238773897246,
          52.201210909649845
        ]
      },
      "properties": {
        "type": "pakketpunt",
        "locatieNaam": "Pakketautomaat HEMA Noordplein",
        "straatNaam": "Noordplein",
        "straatNr": "4-Kast",
        "vervoerder": "DHL",
        "puntType": "packStation",
        "bezettingsgraad": 50,
        "latitude": 52.201210909649845,
        "longitude": 4.632238773897246,
        "canPickup": true,
        "canDropoff": true,
        "openingstijden": {
          "ma": "09:00 - 18:00",
          "di": "09:00 - 18:00",
          "wo": "09:00 - 18:00",
          "do": "09:00 - 18:00",
          "vr": "09:00 - 20:00",
          "za": "08:30 - 17:00",
          "zo": "12:00 - 17:00"
        }
      }
    },
    {
      "type": "Feature",
      "geometry": {
        "type": "Point",
        "coordinates": [
          4.674292,
          52.224655
        ]
      },
      "properties": {
        "type": "pakketpunt",
        "locatieNaam": "DA Drogisterij t Dorpsplein",
        "straatNaam": "Dorpsplein",
        "straatNr": "15-17",
        "vervoerder": "DHL",
        "puntType": "parcelShop",
        "bezettingsgraad": 50,
        "latitude": 52.224655,
        "longitude": 4.674292,
        "canPickup": true,
        "canDropoff": true,
        "openingstijden": {
          "ma": "09:00 - 18:00",
          "di": "09:00 - 18:00",
          "wo": "09:00 - 18:00",
          "do": "09:00 - 18:00",
          "vr": "09:00 - 18:00",
          "za": "09:00 - 17:00",
          "zo": "gesloten"
        }
      }
    },
    {
      "type": "Feature",
      "geometry": {
        "type": "Point",
        "coordinates": [
          4.661636031056298,
          52.223677920975454
        ]
      },
      "properties": {
        "type": "pakketpunt",
        "locatieNaam": "Pakketautomaat SV Kickers 69",
        "straatNaam": "Beukenlaan",
        "straatNr": "50-VC/87",
        "vervoerder": "DHL",
        "puntType": "packStation",
        "bezettingsgraad": 50,
        "latitude": 52.223677920975454,
        "longitude": 4.661636031056298,
        "canPickup": true,
        "canDropoff": true,
        "openingstijden": {
          "ma": "00:00 - 23:59",
          "di": "00:00 - 23:59",
          "wo": "00:00 - 23:59",
          "do": "00:00 - 23:59",
          "vr": "00:00 - 23:59",
          "za": "00:00 - 23:59",
          "zo": "00:00 - 23:59"
        }
      }
    },
    {
      "type": "Feature",
      "geometry": {
        "type": "Point",
        "coordinates": [
          4.5824783,
          52.1688589
        ]
      },
      "properties": {
        "type": "pakketpunt",
        "locatieNaam": "DPD Pakketautomaat - Coop Hoogmade",
        "straatNaam": "PLEIN",
        "straatNr": "1",
        "vervoerder": "DPD",
        "puntType": "dpd_box",
        "bezettingsgraad": 50,
        "latitude": 52.1688589,
        "longitude": 4.5824783,
        "canPickup": true,
        "canDropoff": true,
        "openingstijden": {
          "ma": "gesloten",
          "di": "00:00 - 19:00",
          "wo": "08:00 - 19:00",
          "do": "08:00 - 19:00",
          "vr": "08:00 - 20:00",
          "za": "08:00 - 18:00",
          "zo": "gesloten"
        }
      }
    },
    {
      "type": "Feature",
      "geometry": {
        "type": "Point",
        "coordinates": [
          4.6362,
          52.16808
        ]
      },
      "properties": {
        "type": "pakketpunt",
        "locatieNaam": "DPD Pakketautomaat - Pakketshop Wou",
        "straatNaam": "BATEHOF",
        "straatNr": "3",
        "vervoerder": "DPD",
        "puntType": "dpd_box",
        "bezettingsgraad": 50,
        "latitude": 52.16808,
        "longitude": 4.6362,
        "canPickup": true,
        "canDropoff": true,
        "openingstijden": {
          "ma": "08:00 - 20:00",
          "di": "08:00 - 20:00",
          "wo": "08:00 - 20:00",
          "do": "08:00 - 20:00",
          "vr": "08:00 - 20:00",
          "za": "08:00 - 20:00",
          "zo": "08:00 - 20:00"
        }
      }
    },
    {
      "type": "Feature",
      "geometry": {
        "type": "Point",
        "coordinates": [
          4.61155,
          52.19451
        ]
      },
      "properties": {
        "type": "pakketpunt",
        "locatieNaam": "DPD Pakketautomaat - De Opslagkonin",
        "straatNaam": "VEENDERVELD",
        "straatNr": "112",
        "vervoerder": "DPD",
        "puntType": "dpd_box",
        "bezettingsgraad": 50,
        "latitude": 52.19451,
        "longitude": 4.61155,
        "canPickup": true,
        "canDropoff": true,
        "openingstijden": {
          "ma": "00:01 - 23:59",
          "di": "00:01 - 23:59",
          "wo": "00:01 - 23:59",
          "do": "00:01 - 23:59",
          "vr": "00:01 - 23:59",
          "za": "00:01 - 23:59",
          "zo": "00:01 - 23:59"
        }
      }
    },
    {
      "type": "Feature",
      "geometry": {
        "type": "Point",
        "coordinates": [
          4.63192765638578,
          52.2011097032587
        ]
      },
      "properties": {
        "type": "pakketpunt",
        "locatieNaam": "DPtelecom",
        "straatNaam": "Noordplein",
        "straatNr": "2",
        "vervoerder": "PostNL",
        "puntType": "servicepunt",
        "bezettingsgraad": 50,
        "latitude": 52.2011097032587,
        "longitude": 4.63192765638578,
        "canPickup": true,
        "canDropoff": true,
        "openingstijden": "09:30 - 17:30 (Zaterdag open)"
      }
    },
    {
      "type": "Feature",
      "geometry": {
        "type": "Point",
        "coordinates": [
          4.61526149530253,
          52.193325338369
        ]
      },
      "properties": {
        "type": "pakketpunt",
        "locatieNaam": "Groenbedrijf de Veense Bukker",
        "straatNaam": "Bukkersweg",
        "straatNr": "2",
        "vervoerder": "PostNL",
        "puntType": "servicepunt",
        "bezettingsgraad": 50,
        "latitude": 52.193325338369,
        "longitude": 4.61526149530253,
        "canPickup": true,
        "canDropoff": true,
        "openingstijden": "09:00 - 17:00"
      }
    },
    {
      "type": "Feature",
      "geometry": {
        "type": "Point",
        "coordinates": [
          4.620641851,
          52.20239419
        ]
      },
      "properties": {
        "type": "pakketpunt",
        "locatieNaam": "KARWEI Roelofarendsveen",
        "straatNaam": "De Lasso-Zuid",
        "straatNr": "21",
        "vervoerder": "PostNL",
        "puntType": "servicepunt",
        "bezettingsgraad": 50,
        "latitude": 52.20239419,
        "longitude": 4.620641851,
        "canPickup": true,
        "canDropoff": true,
        "openingstijden": "09:00 - 21:00"
      }
    },
    {
      "type": "Feature",
      "geometry": {
        "type": "Point",
        "coordinates": [
          4.62064185072145,
          52.202394186941
        ]
      },
      "properties": {
        "type": "pakketpunt",
        "locatieNaam": "Pakket- en briefautomaat",
        "straatNaam": "De Lasso-Zuid",
        "straatNr": "21PBA",
        "vervoerder": "PostNL",
        "puntType": "automaat",
        "bezettingsgraad": 50,
        "latitude": 52.202394186941,
        "longitude": 4.62064185072145,
        "canPickup": true,
        "canDropoff": true,
        "openingstijden": "00:00 - 23:59"
      }
    },
    {
      "type": "Feature",
      "geometry": {
        "type": "Point",
        "coordinates": [
          4.64356885826738,
          52.2065405540742
        ]
      },
      "properties": {
        "type": "pakketpunt",
        "locatieNaam": "Pakketautomaat",
        "straatNaam": "Meerkreuk",
        "straatNr": "4PBA",
        "vervoerder": "PostNL",
        "puntType": "automaat",
        "bezettingsgraad": 50,
        "latitude": 52.2065405540742,
        "longitude": 4.64356885826738,
        "canPickup": true,
        "canDropoff": true,
        "openingstijden": "07:00 - 20:00"
      }
    },
    {
      "type": "Feature",
      "geometry": {
        "type": "Point",
        "coordinates": [
          4.636275774,
          52.16789901
        ]
      },
      "properties": {
        "type": "pakketpunt",
        "locatieNaam": "Spar",
        "straatNaam": "Batehof",
        "straatNr": "2",
        "vervoerder": "PostNL",
        "puntType": "servicepunt",
        "bezettingsgraad": 50,
        "latitude": 52.16789901,
        "longitude": 4.636275774,
        "canPickup": true,
        "canDropoff": true,
        "openingstijden": "08:00 - 20:00 (Na 18:00 open; Zaterdag open; Zondag open)"
      }
    },
    {
      "type": "Feature",
      "geometry": {
        "type": "Point",
        "coordinates": [
          4.586240331,
          52.18664312
        ]
      },
      "properties": {
        "type": "pakketpunt",
        "locatieNaam": "Kaasboerderij Castelijn",
        "straatNaam": "Pastoor van der Plaatstraat",
        "straatNr": "40",
        "vervoerder": "PostNL",
        "puntType": "servicepunt",
        "bezettingsgraad": 50,
        "latitude": 52.18664312,
        "longitude": 4.586240331,
        "canPickup": true,
        "canDropoff": true,
        "openingstijden": "10:00 - 13:00, 13:30 - 18:00 (Na 18:00 open; Zaterdag open)"
      }
    },
    {
      "type": "Feature",
      "geometry": {
        "type": "Point",
        "coordinates": [
          4.582526627,
          52.16877612
        ]
      },
      "properties": {
        "type": "pakketpunt",
        "locatieNaam": "Coop Hoogmade",
        "straatNaam": "Plein",
        "straatNr": "1-5",
        "vervoerder": "PostNL",
        "puntType": "servicepunt",
        "bezettingsgraad": 50,
        "latitude": 52.16877612,
        "longitude": 4.582526627,
        "canPickup": true,
        "canDropoff": true,
        "openingstijden": "08:00 - 19:00"
      }
    },
    {
      "type": "Feature",
      "geometry": {
        "type": "Point",
        "coordinates": [
          4.673134729,
          52.22487909
        ]
      },
      "properties": {
        "type": "pakketpunt",
        "locatieNaam": "Gemakswinkel Leimuiden",
        "straatNaam": "Dokter Stapenseastraat",
        "straatNr": "8",
        "vervoerder": "PostNL",
        "puntType": "servicepunt",
        "bezettingsgraad": 50,
        "latitude": 52.22487909,
        "longitude": 4.673134729,
        "canPickup": true,
        "canDropoff": true,
        "openingstijden": "09:00 - 18:00 (Na 18:00 open; Zaterdag open)"
      }
    },
    {
      "type": "Feature",
      "geometry": {
        "type": "Point",
        "coordinates": [
          4.67422430069841,
          52.2244722164518
        ]
      },
      "properties": {
        "type": "pakketpunt",
        "locatieNaam": "Pakketautomaat",
        "straatNaam": "Dorpsplein",
        "straatNr": "23PBA",
        "vervoerder": "PostNL",
        "puntType": "automaat",
        "bezettingsgraad": 50,
        "latitude": 52.2244722164518,
        "longitude": 4.67422430069841,
        "canPickup": true,
        "canDropoff": true,
        "openingstijden": "00:00 - 23:59"
      }
    },
    {
      "type": "Feature",
      "geometry": {
        "type": "Point",
        "coordinates": [
          4.5825602,
          52.168772
        ]
      },
      "properties": {
        "type": "pakketpunt",
        "locatieNaam": "Coop Hoogmade",
        "straatNaam": "Plein 1-5",
        "straatNr": "",
        "vervoerder": "VintedGo",
        "puntType": "locker",
        "bezettingsgraad": 50,
        "latitude": 52.168772,
        "longitude": 4.5825602,
        "canPickup": true,
        "canDropoff": true,
        "openingstijden": null
      }
    },
    {
      "type": "Feature",
      "geometry": {
        "type": "Point",
        "coordinates": [
          4.6320107,
          52.2012617
        ]
      },
      "properties": {
        "type": "pakketpunt",
        "locatieNaam": "Degoedkoopstenl",
        "straatNaam": "Noordplein 2",
        "straatNr": "",
        "vervoerder": "VintedGo",
        "puntType": "locker",
        "bezettingsgraad": 50,
        "latitude": 52.2012617,
        "longitude": 4.6320107,
        "canPickup": true,
        "canDropoff": true,
        "openingstijden": null
      }
    },
    {
      "type": "Feature",
      "geometry": {
        "type": "Point",
        "coordinates": [
          4.6361972,
          52.1680805
        ]
      },
      "properties": {
        "type": "pakketpunt",
        "locatieNaam": "Pakketpunt Woubrugge",
        "straatNaam": "Batehof 3",
        "straatNr": "",
        "vervoerder": "VintedGo",
        "puntType": "locker",
        "bezettingsgraad": 50,
        "latitude": 52.1680805,
        "longitude": 4.6361972,
        "canPickup": true,
        "canDropoff": true,
        "openingstijden": null
      }
    },
    {
      "type": "Feature",
      "geometry": {
        "type": "Point",
        "coordinates": [
          4.5398331377374594,
          52.176092701174056
        ]
      },
      "properties": {
        "type": "pakketpunt",
        "locatieNaam": "ViaTim en Werkplaats om de hoek",
        "straatNaam": "Leidseweg",
        "straatNr": "23",
        "vervoerder": "ViaTim",
        "puntType": "servicepunt",
        "bezettingsgraad": 50,
        "latitude": 52.176092701174056,
        "longitude": 4.5398331377374594,
        "canPickup": true,
        "canDropoff": true,
        "openingstijden": {
          "ma": "gesloten",
          "di": "gesloten",
          "wo": "gesloten",
          "do": "gesloten",
          "vr": "13:30 - 15:00",
          "za": "gesloten",
          "zo": "gesloten"
        }
      }
    },
    {
      "type": "Feature",
      "geometry": {
        "type": "Point",
        "coordinates": [
          4.62138,
          52.20571
        ]
      },
      "properties": {
        "type": "pakketpunt",
        "locatieNaam": "RAYEN AUTOMOTIVE",
        "straatNaam": "Cilinderweg 97",
        "straatNr": "",
        "vervoerder": "InPost",
        "puntType": "servicepunt",
        "bezettingsgraad": 50,
        "latitude": 52.20571,
        "longitude": 4.62138,
        "canPickup": true,
        "canDropoff": true,
        "openingstijden": null
      }
    },
    {
      "type": "Feature",
      "geometry": {
        "type": "Point",
        "coordinates": [
          4.63612,
          52.16805
        ]
      },
      "properties": {
        "type": "pakketpunt",
        "locatieNaam": "Inside the shop, RHS from\r\nentrance",
        "straatNaam": "Batehof",
        "straatNr": "3",
        "vervoerder": "InPost",
        "puntType": "automaat",
        "bezettingsgraad": 50,
        "latitude": 52.16805,
        "longitude": 4.63612,
        "canPickup": true,
        "canDropoff": true,
        "openingstijden": "MON|08:00-20:00|-;TUE|08:00-20:00|-;WED|08:00-20:00|-;THU|08:00-20:00|-;FRI|08:00-20:00|-;SAT|08:00-20:00|-;SUN|08:00-20:00|-;"
      }
    },
    {
      "type": "Feature",
      "geometry": {
        "type": "MultiPolygon",
        "coordinates": [
          [
            [
              [
                4.586450026338299,
                52.167527348613106
              ],
              [
                4.586232888025565,
                52.16729890217948
              ],
              [
                4.585980383215744,
                52.16708464260291
              ],
              [
                4.585694943903446,
                52.16688663310377
              ],
              [
                4.585379319117495,
                52.1667067803954
              ],
              [
                4.585036548442725,
                52.166546816330055
              ],
              [
                4.584669932749224,
                52.16640828122883
              ],
              [
                4.584283002410801,
                52.166292509056206
              ],
              [
                4.58387948331843,
                52.16620061458097
              ],
              [
                4.583463261015589,
                52.1661334826473
              ],
              [
                4.583038343300065,
                52.16609175965911
              ],
              [
                4.582608821651685,
                52.16607584735897
              ],
              [
                4.5821788318563925,
                52.166085898962145
              ],
              [
                4.581752514204914,
                52.16612181768197
              ],
              [
                4.581731867608903,
                52.166124848553615
              ],
              [
                4.581718943127304,
                52.166125937458
              ],
              [
                4.581300402486257,
                52.16618737731815
              ],
              [
                4.580893669028054,
                52.16627374684239
              ],
              [
                4.580502659228032,
                52.166384214384614
              ],
              [
                4.580131138235109,
                52.16651771625411
              ],
              [
                4.579782683630116,
                52.16667296695302
              ],
              [
                4.57946065098595,
                52.166848471548604
              ],
              [
                4.579168141560618,
                52.16704254006211
              ],
              [
                4.578907972433982,
                52.167253303735336
              ],
              [
                4.578682649375661,
                52.1674787330191
              ],
              [
                4.578494342705472,
                52.167716657110596
              ],
              [
                4.578344866379164,
                52.167964784851186
              ],
              [
                4.57834114305097,
                52.16797351113369
              ],
              [
                4.578296532515849,
                52.16804756313554
              ],
              [
                4.578187326155774,
                52.16830350502013
              ],
              [
                4.578119442677791,
                52.16856479636758
              ],
              [
                4.578093536547023,
                52.16882892087209
              ],
              [
                4.578109857996105,
                52.169093334899244
              ],
              [
                4.578168250586787,
                52.16935549198164
              ],
              [
                4.578268152687829,
                52.16961286734335
              ],
              [
                4.578408602856104,
                52.16986298221732
              ],
              [
                4.578588249070103,
                52.17010342772082
              ],
              [
                4.5788053617279685,
                52.170331888060204
              ],
              [
                4.579057850285683,
                52.170546162839315
              ],
              [
                4.579343283375934,
                52.170744188258425
              ],
              [
                4.5796589122144615,
                52.17092405699811
              ],
              [
                4.580001697068803,
                52.171084036596305
              ],
              [
                4.580368336534635,
                52.17122258614177
              ],
              [
                4.580755299337765,
                52.17133837112226
              ],
              [
                4.581158858355114,
                52.17143027628449
              ],
              [
                4.581575126526628,
                52.171497416381634
              ],
              [
                4.582000094311544,
                52.171539144704475
              ],
              [
                4.582429668327474,
                52.171555059313846
              ],
              [
                4.582859710799217,
                52.17154500691444
              ],
              [
                4.583286079436341,
                52.17150908433213
              ],
              [
                4.5837046673543895,
                52.17144763758097
              ],
              [
                4.584111442654161,
                52.17136125852849
              ],
              [
                4.584502487276793,
                52.17125077919188
              ],
              [
                4.58487403475951,
                52.171117263719765
              ],
              [
                4.5852225065275265,
                52.170961998137265
              ],
              [
                4.5855445463718745,
                52.170786477953285
              ],
              [
                4.585837052780556,
                52.170592393749565
              ],
              [
                4.586097208811368,
                52.17038161489088
              ],
              [
                4.5863225092184825,
                52.17015617151308
              ],
              [
                4.586341341189171,
                52.170132372381495
              ],
              [
                4.586404404139577,
                52.1700692688535
              ],
              [
                4.586592678687344,
                52.16983133216804
              ],
              [
                4.586742115503165,
                52.16958319397734
              ],
              [
                4.586851275994979,
                52.16932724413762
              ],
              [
                4.586919109538284,
                52.16906594769915
              ],
              [
                4.586944963569223,
                52.168801821162
              ],
              [
                4.586928589841835,
                52.16853740823799
              ],
              [
                4.586870146790248,
                52.16827525535229
              ],
              [
                4.586770197974218,
                52.16801788712059
              ],
              [
                4.586629706624013,
                52.16776778203785
              ],
              [
                4.586450026338299,
                52.167527348613106
              ]
            ]
          ],
          [
            [
              [
                4.543724787485529,
                52.1748494641375
              ],
              [
                4.543507833044145,
                52.17462093978237
              ],
              [
                4.543255492773259,
                52.174406589415355
              ],
              [
                4.542970197083933,
                52.17420847713134
              ],
              [
                4.542654693622863,
                52.17402851063356
              ],
              [
                4.542312020807454,
                52.17386842286996
              ],
              [
                4.541945478566256,
                52.173729755352916
              ],
              [
                4.541558596566469,
                52.17361384332188
              ],
              [
                4.541155100234179,
                52.17352180289233
              ],
              [
                4.540738874894112,
                52.17345452031376
              ],
              [
                4.540313928373566,
                52.173412643440535
              ],
              [
                4.539884352429828,
                52.173396575496895
              ],
              [
                4.539454283371587,
                52.17340647119671
              ],
              [
                4.539027862252554,
                52.173442235254406
              ],
              [
                4.538609195019524,
                52.173503523302074
              ],
              [
                4.538202312997593,
                52.17358974520381
              ],
              [
                4.537811134092014,
                52.1737000707349
              ],
              [
                4.537439425079323,
                52.173833437572064
              ],
              [
                4.537090765350069,
                52.173988561517774
              ],
              [
                4.536768512451556,
                52.17416394885988
              ],
              [
                4.536475769761921,
                52.17435791074888
              ],
              [
                4.536215356606493,
                52.17456857945341
              ],
              [
                4.5359897811041225,
                52.17479392633912
              ],
              [
                4.535801216005016,
                52.17503178139683
              ],
              [
                4.535651477753117,
                52.17527985413312
              ],
              [
                4.535542008975113,
                52.17553575562211
              ],
              [
                4.535473864565441,
                52.17579702150628
              ],
              [
                4.535447701502083,
                52.176061135725284
              ],
              [
                4.535463772492231,
                52.17632555474412
              ],
              [
                4.535521923510036,
                52.17658773204769
              ],
              [
                4.535621595251272,
                52.17684514266564
              ],
              [
                4.5357618284920065,
                52.1770953074917
              ],
              [
                4.5359412733007085,
                52.1773358171624
              ],
              [
                4.536158202016107,
                52.17756435526617
              ],
              [
                4.536410525866667,
                52.177778720658104
              ],
              [
                4.536695815072347,
                52.17797684866606
              ],
              [
                4.537011322235624,
                52.17815683098248
              ],
              [
                4.537354008796808,
                52.17831693405151
              ],
              [
                4.537720574299109,
                52.17845561577262
              ],
              [
                4.538107488181421,
                52.17857154036049
              ],
              [
                4.538511023792424,
                52.17866359121712
              ],
              [
                4.538927294297937,
                52.17873088169223
              ],
              [
                4.5393522901349765,
                52.17877276362811
              ],
              [
                4.539781917651054,
                52.178788833605815
              ],
              [
                4.540212038555582,
                52.17877893683342
              ],
              [
                4.540638509802427,
                52.178743168637745
              ],
              [
                4.541057223518412,
                52.17868187354559
              ],
              [
                4.541464146592119,
                52.17859564196371
              ],
              [
                4.5418553595407065,
                52.178485304488746
              ],
              [
                4.542227094279382,
                52.17835192390301
              ],
              [
                4.542575770428962,
                52.17819678493235
              ],
              [
                4.542898029811118,
                52.17802138186625
              ],
              [
                4.543190768798551,
                52.177827404158684
              ],
              [
                4.543451168208204,
                52.177616720148684
              ],
              [
                4.5436767204494695,
                52.17739135905891
              ],
              [
                4.543865253666051,
                52.17715349144435
              ],
              [
                4.5440149526392375,
                52.17690540828101
              ],
              [
                4.544124376251798,
                52.176649498895486
              ],
              [
                4.544192471344971,
                52.176388227948706
              ],
              [
                4.54421858283599,
                52.17612411169558
              ],
              [
                4.544202459999556,
                52.17585969374932
              ],
              [
                4.544144258853941,
                52.17559752058377
              ],
              [
                4.544044540629752,
                52.175340117010215
              ],
              [
                4.543904266337239,
                52.17508996186433
              ],
              [
                4.543724787485529,
                52.1748494641375
              ]
            ]
          ],
          [
            [
              [
                4.590131616984376,
                52.185398354101814
              ],
              [
                4.5899143732436265,
                52.18516991493425
              ],
              [
                4.589661749967369,
                52.18495566365636
              ],
              [
                4.589376180291253,
                52.184757663408725
              ],
              [
                4.589060414499568,
                52.184577820815335
              ],
              [
                4.588717493534982,
                52.184417867631005
              ],
              [
                4.5883507197146844,
                52.184279344071946
              ],
              [
                4.587963624934939,
                52.18416358399144
              ],
              [
                4.587559936669899,
                52.184071702041734
              ],
              [
                4.587143542091679,
                52.184004582946315
              ],
              [
                4.586718450656534,
                52.18396287298547
              ],
              [
                4.586288755516617,
                52.183946973776344
              ],
              [
                4.585858594128005,
                52.18395703840809
              ],
              [
                4.585432108433268,
                52.183992969968614
              ],
              [
                4.585013405001001,
                52.18405442247737
              ],
              [
                4.5846065155050475,
                52.18414080421483
              ],
              [
                4.5842153579229885,
                52.18425128341732
              ],
              [
                4.583843698826576,
                52.18438479628204
              ],
              [
                4.583495117126384,
                52.18454005720516
              ],
              [
                4.583172969619178,
                52.18471557115579
              ],
              [
                4.582880358669159,
                52.184909648064995
              ],
              [
                4.5826201023340625,
                52.18512041909388
              ],
              [
                4.58239470722364,
                52.185345854622526
              ],
              [
                4.582206344352,
                52.18558378378801
              ],
              [
                4.582056828216639,
                52.18583191538298
              ],
              [
                4.581947599306177,
                52.18608785991447
              ],
              [
                4.581879710205891,
                52.186349152610134
              ],
              [
                4.5818538154357356,
                52.186613277151075
              ],
              [
                4.581870165119631,
                52.186877689902516
              ],
              [
                4.581928602548083,
                52.187139844409316
              ],
              [
                4.582028565658681,
                52.18739721592039
              ],
              [
                4.582169092421312,
                52.18764732570554
              ],
              [
                4.582348830077322,
                52.187887764931126
              ],
              [
                4.582566048144592,
                52.18811621786372
              ],
              [
                4.582818655064214,
                52.188330484178486
              ],
              [
                4.583104218329121,
                52.18852850015716
              ],
              [
                4.5834199879014,
                52.18870835857108
              ],
              [
                4.583762922693098,
                52.1888683270575
              ],
              [
                4.584129719855656,
                52.189006864812164
              ],
              [
                4.584516846595781,
                52.189122637436306
              ],
              [
                4.5849205742111,
                52.189214529795535
              ],
              [
                4.585337014017293,
                52.189281656766376
              ],
              [
                4.585762154820014,
                52.189323371765965
              ],
              [
                4.5861919015699435,
                52.18933927298344
              ],
              [
                4.586622114827662,
                52.18932920725245
              ],
              [
                4.587048650657296,
                52.189293271527355
              ],
              [
                4.587467400563597,
                52.18923181194883
              ],
              [
                4.58787433108675,
                52.18914542050799
              ],
              [
                4.58826552267252,
                52.18903492934141
              ],
              [
                4.588637207442417,
                52.18890140271177
              ],
              [
                4.58898580549924,
                52.188746126751624
              ],
              [
                4.589307959417655,
                52.18857059707007
              ],
              [
                4.58960056658708,
                52.188376504340326
              ],
              [
                4.5898608090950646,
                52.18816571800935
              ],
              [
                4.590086180863224,
                52.18794026828504
              ],
              [
                4.590274511774485,
                52.18770232657596
              ],
              [
                4.590423988559567,
                52.1874541845715
              ],
              [
                4.590533172242058,
                52.18719823216455
              ],
              [
                4.5906010119747656,
                52.18693693443015
              ],
              [
                4.590626855134909,
                52.18667280788089
              ],
              [
                4.590610453581911,
                52.18640839622867
              ],
              [
                4.5905519660185625,
                52.18614624588637
              ],
              [
                4.59045195643393,
                52.18588888144513
              ],
              [
                4.590311388644096,
                52.185638781363394
              ],
              [
                4.590131616984376,
                52.185398354101814
              ]
            ]
          ],
          [
            [
              [
                4.617768689556333,
                52.19098624612733
              ],
              [
                4.617452764863748,
                52.190806479395704
              ],
              [
                4.617109693824513,
                52.19064660860068
              ],
              [
                4.616742780200415,
                52.19050817316507
              ],
              [
                4.616355557233386,
                52.190392506093524
              ],
              [
                4.615951753631418,
                52.19030072114274
              ],
              [
                4.615535257676753,
                52.190233702102184
              ],
              [
                4.615110079801417,
                52.19019209428876
              ],
              [
                4.614680313989593,
                52.19017629833602
              ],
              [
                4.614250098377636,
                52.19018646633903
              ],
              [
                4.613823575430128,
                52.190222500390355
              ],
              [
                4.613404852074378,
                52.19028405352261
              ],
              [
                4.612997960176191,
                52.190370533047485
              ],
              [
                4.612606817736505,
                52.19048110625977
              ],
              [
                4.612235191181591,
                52.19061470845136
              ],
              [
                4.611886659109106,
                52.19077005315855
              ],
              [
                4.611564577838434,
                52.190945644543355
              ],
              [
                4.611272049096522,
                52.191139791791386
              ],
              [
                4.611011890150085,
                52.1913506253863
              ],
              [
                4.610786606671689,
                52.1915761151056
              ],
              [
                4.610598368601067,
                52.191814089564396
              ],
              [
                4.610554277968428,
                52.191887338708426
              ],
              [
                4.610321388894759,
                52.19192156592454
              ],
              [
                4.609914476108059,
                52.19200803475253
              ],
              [
                4.609523311685009,
                52.19211859767021
              ],
              [
                4.609151662263487,
                52.19225219006863
              ],
              [
                4.6088031066612745,
                52.19240752557832
              ],
              [
                4.608481001424276,
                52.19258310845002
              ],
              [
                4.608188448510159,
                52.19277724795125
              ],
              [
                4.607928265418367,
                52.192988074640226
              ],
              [
                4.607702958053942,
                52.19321355836103
              ],
              [
                4.607514696586619,
                52.193451527786564
              ],
              [
                4.607365294537981,
                52.19369969132163
              ],
              [
                4.607256191298554,
                52.193955659165574
              ],
              [
                4.607188438243895,
                52.194216966321356
              ],
              [
                4.607162688584244,
                52.19448109633063
              ],
              [
                4.607179191046402,
                52.19474550550581
              ],
              [
                4.607237787449802,
                52.195007647425925
              ],
              [
                4.607244947337494,
                52.19502605017493
              ],
              [
                4.607245491846419,
                52.195034774210264
              ],
              [
                4.607304089011185,
                52.195296916085674
              ],
              [
                4.607404216786581,
                52.19555426605331
              ],
              [
                4.607544911556707,
                52.19580434559038
              ],
              [
                4.60772481894477,
                52.1960447461543
              ],
              [
                4.6079422068337985,
                52.19627315238379
              ],
              [
                4.6081949820290316,
                52.19648736440367
              ],
              [
                4.60848071040235,
                52.196685319018485
              ],
              [
                4.608796640325194,
                52.19686510959039
              ],
              [
                4.609139729164723,
                52.19702500441008
              ],
              [
                4.609506672588146,
                52.197163463382694
              ],
              [
                4.609893936392921,
                52.19727915286822
              ],
              [
                4.610297790555995,
                52.197370958533135
              ],
              [
                4.610714345173688,
                52.19743799608886
              ],
              [
                4.611139587945388,
                52.19747961981391
              ],
              [
                4.611569422839266,
                52.19749542877656
              ],
              [
                4.611999709566645,
                52.1974852706993
              ],
              [
                4.612426303483823,
                52.19744924342581
              ],
              [
                4.612845095535994,
                52.197387693978776
              ],
              [
                4.613252051857442,
                52.197301215214935
              ],
              [
                4.613643252645604,
                52.19719064011208
              ],
              [
                4.614014929933615,
                52.197057033741345
              ],
              [
                4.614363503896695,
                52.19690168300349
              ],
              [
                4.6146856173420225,
                52.19672608422773
              ],
              [
                4.614978168049352,
                52.19653192875286
              ],
              [
                4.615238338650619,
                52.19632108663005
              ],
              [
                4.615463623760606,
                52.196095588604656
              ],
              [
                4.615528078384397,
                52.19601409811063
              ],
              [
                4.61564508354641,
                52.19601133201414
              ],
              [
                4.616071660472699,
                52.19597529152312
              ],
              [
                4.616490433698882,
                52.19591372908932
              ],
              [
                4.616897369540637,
                52.195827237694616
              ],
              [
                4.6172885483927315,
                52.19571665043848
              ],
              [
                4.617660202499655,
                52.19558303250905
              ],
              [
                4.618008752259989,
                52.19542767091848
              ],
              [
                4.618330840714085,
                52.19525206210044
              ],
              [
                4.6186233658824785,
                52.19505789749045
              ],
              [
                4.618883510643137,
                52.19484704722767
              ],
              [
                4.619108769859769,
                52.19462154213578
              ],
              [
                4.619296974499969,
                52.19438355415642
              ],
              [
                4.619446312511217,
                52.194135375424395
              ],
              [
                4.619555346254218,
                52.19387939618624
              ],
              [
                4.619623026326343,
                52.1936180817752
              ],
              [
                4.619648701642889,
                52.19335394886424
              ],
              [
                4.619632125680054,
                52.1930895412262
              ],
              [
                4.619573458820489,
                52.192827405235256
              ],
              [
                4.619473266780056,
                52.19257006534393
              ],
              [
                4.619332515131906,
                52.19231999977404
              ],
              [
                4.619152559981786,
                52.19207961665377
              ],
              [
                4.618935134885313,
                52.19185123083149
              ],
              [
                4.618682334134098,
                52.19163704158922
              ],
              [
                4.618396592572391,
                52.191439111469755
              ],
              [
                4.618270892612892,
                52.19136758821668
              ],
              [
                4.618054425429998,
                52.19118417777149
              ],
              [
                4.617768689556333,
                52.19098624612733
              ]
            ]
          ],
          [
            [
              [
                4.624533559014921,
                52.2011482910941
              ],
              [
                4.624316062292722,
                52.200919915409365
              ],
              [
                4.624063184409173,
                52.2007057378838
              ],
              [
                4.623777360951347,
                52.20050782094734
              ],
              [
                4.623461344646849,
                52.20032807042167
              ],
              [
                4.623118178850065,
                52.2001682171748
              ],
              [
                4.622751168235108,
                52.20002980046049
              ],
              [
                4.622363846977695,
                52.199914153103144
              ],
              [
                4.621959944732059,
                52.199822388669446
              ],
              [
                4.621543350730075,
                52.19975539075145
              ],
              [
                4.621118076347624,
                52.1997138044625
              ],
              [
                4.620688216497901,
                52.199698030228994
              ],
              [
                4.620257910222525,
                52.19970821993684
              ],
              [
                4.619831300858859,
                52.19974427546962
              ],
              [
                4.619412496166123,
                52.19980584965311
              ],
              [
                4.6190055287931795,
                52.199892349596404
              ],
              [
                4.618614317467629,
                52.200002942397646
              ],
              [
                4.618242629279016,
                52.20013656316016
              ],
              [
                4.617894043418511,
                52.20029192524148
              ],
              [
                4.6175719167235165,
                52.20046753263641
              ],
              [
                4.617279351358542,
                52.200661694376315
              ],
              [
                4.617019164943175,
                52.200872540805406
              ],
              [
                4.6167938634147525,
                52.20109804157761
              ],
              [
                4.616605616887133,
                52.20133602520158
              ],
              [
                4.616456238738389,
                52.201584199945465
              ],
              [
                4.6163471681292405,
                52.20184017590053
              ],
              [
                4.616279456121378,
                52.202101487991634
              ],
              [
                4.616279229351667,
                52.2021038185776
              ],
              [
                4.616257597150512,
                52.20218730023122
              ],
              [
                4.616231896377545,
                52.20245143194326
              ],
              [
                4.61624845535692,
                52.20271583958921
              ],
              [
                4.61630711536407,
                52.20297797676281
              ],
              [
                4.616407312193407,
                52.2032353188795
              ],
              [
                4.616548081564155,
                52.203485387492016
              ],
              [
                4.6167280683811915,
                52.203725774162876
              ],
              [
                4.616945539762628,
                52.203954163664555
              ],
              [
                4.617198401709592,
                52.204168356282906
              ],
              [
                4.617484219258382,
                52.204366289009165
              ],
              [
                4.617544685651814,
                52.204400685122295
              ],
              [
                4.617528805130386,
                52.204416578757964
              ],
              [
                4.617340548410448,
                52.20465456339423
              ],
              [
                4.6171911631291325,
                52.204902738908366
              ],
              [
                4.617082088515966,
                52.205158715384314
              ],
              [
                4.617014375671315,
                52.20542002774187
              ],
              [
                4.616988677418657,
                52.20568415947253
              ],
              [
                4.617005241990175,
                52.20594856687203
              ],
              [
                4.61706391060757,
                52.20621070353642
              ],
              [
                4.617164118982444,
                52.20646804488616
              ],
              [
                4.617304902722943,
                52.206718112481276
              ],
              [
                4.617484906595635,
                52.20695849789411
              ],
              [
                4.617702397554453,
                52.20718688590923
              ],
              [
                4.617955281412023,
                52.20740107682673
              ],
              [
                4.618241122993658,
                52.20759900765429
              ],
              [
                4.61855716958036,
                52.20777877198316
              ],
              [
                4.618900377415497,
                52.20793863835668
              ],
              [
                4.619267441019947,
                52.20807706695389
              ],
              [
                4.619654825033353,
                52.208192724427334
              ],
              [
                4.620058798274557,
                52.20828449675173
              ],
              [
                4.620475469692612,
                52.208351499959726
              ],
              [
                4.620900825861578,
                52.208393088660515
              ],
              [
                4.621330769657067,
                52.20840886225987
              ],
              [
                4.621761159741176,
                52.208398668820735
              ],
              [
                4.622187850474418,
                52.20836260652767
              ],
              [
                4.622606731869249,
                52.20830102274055
              ],
              [
                4.62301376919926,
                52.208214510647004
              ],
              [
                4.623405041881541,
                52.20810390354583
              ],
              [
                4.623776781256745,
                52.20797026681644
              ],
              [
                4.624125406902156,
                52.207814887652106
              ],
              [
                4.624447561127308,
                52.20763926265578
              ],
              [
                4.624740141319404,
                52.20744508341899
              ],
              [
                4.625000329826683,
                52.20723422022169
              ],
              [
                4.625002166172911,
                52.20723238205299
              ],
              [
                4.6250032297071,
                52.2072315201332
              ],
              [
                4.625228520943869,
                52.20700600391804
              ],
              [
                4.625416745599215,
                52.206768006740276
              ],
              [
                4.625566091428273,
                52.206519820823424
              ],
              [
                4.625675120716914,
                52.20626383648324
              ],
              [
                4.625742784105898,
                52.206002519101986
              ],
              [
                4.625768430671695,
                52.20573838538126
              ],
              [
                4.625751814167867,
                52.20547397910171
              ],
              [
                4.625693095367979,
                52.20521184662422
              ],
              [
                4.625592840488524,
                52.20495451236758
              ],
              [
                4.625452015708191,
                52.20470445449914
              ],
              [
                4.625271977837318,
                52.20446408107299
              ],
              [
                4.625054461228375,
                52.20423570684391
              ],
              [
                4.624801561054391,
                52.204021530982196
              ],
              [
                4.62451571311713,
                52.203823615901854
              ],
              [
                4.624455113001285,
                52.20378914991956
              ],
              [
                4.624468220250143,
                52.20377602885005
              ],
              [
                4.624656435227844,
                52.20353803272944
              ],
              [
                4.6248057743686894,
                52.203289847619374
              ],
              [
                4.624914800022862,
                52.203033863827855
              ],
              [
                4.624982462866001,
                52.202772546731886
              ],
              [
                4.624982688541589,
                52.202770222746445
              ],
              [
                4.6250043056164865,
                52.20268673591274
              ],
              [
                4.625029954548741,
                52.20242260220204
              ],
              [
                4.625013343561663,
                52.20215819567412
              ],
              [
                4.6250133434412,
                52.2021581951363
              ],
              [
                4.625013343282815,
                52.20215819261514
              ],
              [
                4.624954633096717,
                52.20189605963336
              ],
              [
                4.624854389845016,
                52.20163872462129
              ],
              [
                4.624713579594311,
                52.2013886657537
              ],
              [
                4.624533559014921,
                52.2011482910941
              ]
            ]
          ],
          [
            [
              [
                4.636366323599596,
                52.164957421668966
              ],
              [
                4.635950033038373,
                52.164890474774296
              ],
              [
                4.635525077183195,
                52.16484894075218
              ],
              [
                4.635095547880848,
                52.16483321952595
              ],
              [
                4.634665580990886,
                52.16484346247105
              ],
              [
                4.634239316583577,
                52.16487957095853
              ],
              [
                4.633820859097409,
                52.164941197304245
              ],
              [
                4.633414237838818,
                52.1650277481149
              ],
              [
                4.633023368203405,
                52.16513838999883
              ],
              [
                4.632652013991192,
                52.16527205758662
              ],
              [
                4.632303751177936,
                52.165427463784624
              ],
              [
                4.631981933490669,
                52.1656031121627
              ],
              [
                4.631689660118494,
                52.165797311357466
              ],
              [
                4.631429745869185,
                52.16600819135211
              ],
              [
                4.6312046940589475,
                52.16623372147716
              ],
              [
                4.631016672396421,
                52.16647172995834
              ],
              [
                4.630867492093535,
                52.16671992482423
              ],
              [
                4.63075859040486,
                52.166975915972046
              ],
              [
                4.630691016764281,
                52.167237238180164
              ],
              [
                4.6306654226533634,
                52.167501374845074
              ],
              [
                4.630682055299925,
                52.167765782214815
              ],
              [
                4.630740755268573,
                52.1680279138857
              ],
              [
                4.6308409579674645,
                52.16828524532611
              ],
              [
                4.630981699057943,
                52.16853529819157
              ],
              [
                4.631161623715962,
                52.16877566419624
              ],
              [
                4.631378999657116,
                52.169004028311726
              ],
              [
                4.631631733800707,
                52.16921819106844
              ],
              [
                4.6319173924131,
                52.16941608974533
              ],
              [
                4.632233224536892,
                52.169595818243515
              ],
              [
                4.63257618848062,
                52.16975564545159
              ],
              [
                4.632773854084858,
                52.169830222568706
              ],
              [
                4.632915598408637,
                52.16992841609584
              ],
              [
                4.633231438184827,
                52.170108141920856
              ],
              [
                4.63357440964961,
                52.17026796622768
              ],
              [
                4.633941209600288,
                52.17040634960073
              ],
              [
                4.634328305215985,
                52.17052195912828
              ],
              [
                4.634393639737952,
                52.17053680485536
              ],
              [
                4.634475263688986,
                52.17056118226728
              ],
              [
                4.634878927225864,
                52.170652903883905
              ],
              [
                4.635295269893275,
                52.17071985459229
              ],
              [
                4.635720281432414,
                52.17076138950752
              ],
              [
                4.636149868039146,
                52.170777108553466
              ],
              [
                4.636579891816885,
                52.17076686031865
              ],
              [
                4.637006210655356,
                52.17073074351534
              ],
              [
                4.63742471815006,
                52.17066910602856
              ],
              [
                4.637428098656156,
                52.17066838644669
              ],
              [
                4.637429466564339,
                52.17066818497937
              ],
              [
                4.63783613157365,
                52.17058162049749
              ],
              [
                4.638227037116796,
                52.17047096284065
              ],
              [
                4.638598418071405,
                52.170337277875106
              ],
              [
                4.638946697467567,
                52.17018185325856
              ],
              [
                4.6392685209501785,
                52.1700061860316
              ],
              [
                4.6395607890922,
                52.16981196819213
              ],
              [
                4.639820687247332,
                52.16960107039183
              ],
              [
                4.640045712654452,
                52.16937552391197
              ],
              [
                4.640233698532867,
                52.16913750109255
              ],
              [
                4.640382834936651,
                52.168889294403805
              ],
              [
                4.640491686167679,
                52.16863329436129
              ],
              [
                4.640493544296164,
                52.168626102576305
              ],
              [
                4.640567443720502,
                52.16845230159077
              ],
              [
                4.640634961410356,
                52.16819097367492
              ],
              [
                4.640660496918686,
                52.16792683476813
              ],
              [
                4.640643805067201,
                52.16766242870088
              ],
              [
                4.6405850473536105,
                52.16740030183186
              ],
              [
                4.640484790367671,
                52.1671429785258
              ],
              [
                4.640344000306888,
                52.16689293684461
              ],
              [
                4.640164033645864,
                52.166652584686425
              ],
              [
                4.639946624050053,
                52.16642423660134
              ],
              [
                4.639693865660869,
                52.166210091507956
              ],
              [
                4.639408192913806,
                52.16601221152409
              ],
              [
                4.639092357084521,
                52.165832502115634
              ],
              [
                4.638749399789046,
                52.165672693754814
              ],
              [
                4.638382623693506,
                52.165534325263344
              ],
              [
                4.637995560715338,
                52.16541872900141
              ],
              [
                4.637591938021936,
                52.16532701804386
              ],
              [
                4.637566186857858,
                52.16532287716899
              ],
              [
                4.6375237662348665,
                52.165303109389484
              ],
              [
                4.637156996992644,
                52.16516473709213
              ],
              [
                4.6367699404122815,
                52.165049136814055
              ],
              [
                4.636366323599596,
                52.164957421668966
              ]
            ]
          ],
          [
            [
              [
                4.632403189404047,
                52.19842927332685
              ],
              [
                4.6319733377399,
                52.19841354020203
              ],
              [
                4.631543046240193,
                52.198423771079625
              ],
              [
                4.6311164581000615,
                52.19845986744696
              ],
              [
                4.6306976808744515,
                52.19852148173659
              ],
              [
                4.630290746947867,
                52.19860802067136
              ],
              [
                4.629899574726003,
                52.19871865097405
              ],
              [
                4.6295279309220545,
                52.19885230738696
              ],
              [
                4.629179394299996,
                52.19900770292412
              ],
              [
                4.628857321223312,
                52.199183341258305
              ],
              [
                4.62856481334041,
                52.19937753112298
              ],
              [
                4.628304687717554,
                52.19958840259134
              ],
              [
                4.628079449706866,
                52.19981392507624
              ],
              [
                4.6278912688107114,
                52.200051926877116
              ],
              [
                4.62774195777527,
                52.20030011608705
              ],
              [
                4.627632955115071,
                52.20055610265787
              ],
              [
                4.627565311237501,
                52.200817421412125
              ],
              [
                4.627539678301756,
                52.201081555779666
              ],
              [
                4.627556303910842,
                52.201345962030665
              ],
              [
                4.62761502869843,
                52.201608093772215
              ],
              [
                4.627715287834939,
                52.2018654264721
              ],
              [
                4.627792541138757,
                52.20200259782342
              ],
              [
                4.6277983184620055,
                52.20201742613125
              ],
              [
                4.62793914800878,
                52.202267481328704
              ],
              [
                4.628119191473725,
                52.20250785079136
              ],
              [
                4.628336715429168,
                52.2027362194573
              ],
              [
                4.628589625369661,
                52.202950387812976
              ],
              [
                4.628875485869024,
                52.20314829308329
              ],
              [
                4.629191544025806,
                52.20332802910568
              ],
              [
                4.629534755971699,
                52.20348786469611
              ],
              [
                4.629901816187799,
                52.2036262603301
              ],
              [
                4.630289189346237,
                52.20374188297775
              ],
              [
                4.630693144370293,
                52.203833618949226
              ],
              [
                4.6311097903844285,
                52.203900584627306
              ],
              [
                4.631535114207383,
                52.2039421349828
              ],
              [
                4.631965019026365,
                52.20395786979079
              ],
              [
                4.632395363878971,
                52.2039476374879
              ],
              [
                4.632822003561514,
                52.20391153663304
              ],
              [
                4.633240828578323,
                52.20384991495756
              ],
              [
                4.6336478047462135,
                52.20376336601401
              ],
              [
                4.633680409467033,
                52.20375414470903
              ],
              [
                4.633875889611908,
                52.20371257254436
              ],
              [
                4.6342670959282986,
                52.20360192922776
              ],
              [
                4.634638765276635,
                52.20346825805512
              ],
              [
                4.63498731790891,
                52.20331284655141
              ],
              [
                4.635309396838109,
                52.20313719163116
              ],
              [
                4.635601900176859,
                52.2029429851739
              ],
              [
                4.635862011013784,
                52.20273209772185
              ],
              [
                4.636087224539769,
                52.20250656045683
              ],
              [
                4.636275372162928,
                52.202268545630226
              ],
              [
                4.636424642380357,
                52.20202034563541
              ],
              [
                4.636533598206144,
                52.20176435092369
              ],
              [
                4.636601190988516,
                52.20150302697709
              ],
              [
                4.636626770483829,
                52.201238890560326
              ],
              [
                4.636610091091442,
                52.20097448547998
              ],
              [
                4.63655131419037,
                52.20071235808529
              ],
              [
                4.636451006556416,
                52.20045503274591
              ],
              [
                4.636310134876055,
                52.200204987543394
              ],
              [
                4.636130056411002,
                52.19996463040963
              ],
              [
                4.635912505904358,
                52.199736275942634
              ],
              [
                4.6356595788552974,
                52.19952212312226
              ],
              [
                4.6353737113241085,
                52.19932423414057
              ],
              [
                4.635057656462569,
                52.19914451455002
              ],
              [
                4.6347144579961155,
                52.198984694920604
              ],
              [
                4.634347420913233,
                52.198846314182525
              ],
              [
                4.634142549581235,
                52.198785166669914
              ],
              [
                4.634036315063665,
                52.198745113329174
              ],
              [
                4.633648975485109,
                52.19862950294059
              ],
              [
                4.633245061438706,
                52.198537777078705
              ],
              [
                4.632828462269836,
                52.198470818964076
              ],
              [
                4.632403189404047,
                52.19842927332685
              ]
            ]
          ],
          [
            [
              [
                4.647242657354755,
                52.205065569281786
              ],
              [
                4.646989645618322,
                52.20485144078184
              ],
              [
                4.64670369357076,
                52.20465357926697
              ],
              [
                4.646387555177554,
                52.20447389002511
              ],
              [
                4.646044274968308,
                52.204314103334056
              ],
              [
                4.645677158718419,
                52.20417575780662
              ],
              [
                4.645289741620372,
                52.204060185581724
              ],
              [
                4.64488575425087,
                52.203968499502636
              ],
              [
                4.644469086661094,
                52.20390158240679
              ],
              [
                4.644043750935209,
                52.203860078629475
              ],
              [
                4.643613842576861,
                52.20384438780256
              ],
              [
                4.643183501094606,
                52.203854661008904
              ],
              [
                4.642756870164743,
                52.203890799328114
              ],
              [
                4.642338057754186,
                52.20395245478892
              ],
              [
                4.641931096586218,
                52.20403903371776
              ],
              [
                4.641539905328892,
                52.204149702452355
              ],
              [
                4.6411682508787955,
                52.20428339536494
              ],
              [
                4.6408197121025685,
                52.20443882511813
              ],
              [
                4.640497645384643,
                52.204614495055225
              ],
              [
                4.640205152312429,
                52.204808713605345
              ],
              [
                4.639945049809855,
                52.205019610565486
              ],
              [
                4.639719843006698,
                52.205245155103
              ],
              [
                4.639531701105123,
                52.20548317530494
              ],
              [
                4.6393824364761205,
                52.20573137908706
              ],
              [
                4.639273487187635,
                52.20598737626091
              ],
              [
                4.639205903133382,
                52.206248701546805
              ],
              [
                4.639180335896704,
                52.20651283831161
              ],
              [
                4.639197032448134,
                52.20677724280229
              ],
              [
                4.639255832738323,
                52.207039368642846
              ],
              [
                4.639356171210682,
                52.20729669135773
              ],
              [
                4.639497082220241,
                52.20754673268628
              ],
              [
                4.639677209307602,
                52.20778708445367
              ],
              [
                4.639894818239683,
                52.208015431768324
              ],
              [
                4.640147813692532,
                52.20822957532232
              ],
              [
                4.64043375941624,
                52.20842745257925
              ],
              [
                4.640749901688347,
                52.2086071576464
              ],
              [
                4.641093195830187,
                52.208766959637764
              ],
              [
                4.64146033553094,
                52.20890531935244
              ],
              [
                4.6418477846969175,
                52.209020904106495
              ],
              [
                4.642251811519064,
                52.20911260057509
              ],
              [
                4.642668524430052,
                52.20917952552143
              ],
              [
                4.643093909604054,
                52.20922103430867
              ],
              [
                4.643523869637155,
                52.209236727112355
              ],
              [
                4.643954263034972,
                52.209226452773706
              ],
              [
                4.644380944126116,
                52.20919031025652
              ],
              [
                4.644799803016007,
                52.20912864769352
              ],
              [
                4.645206805195183,
                52.20904205903109
              ],
              [
                4.645598030419557,
                52.208931378305685
              ],
              [
                4.645969710487203,
                52.20879767160576
              ],
              [
                4.646318265547016,
                52.2086422267986
              ],
              [
                4.646640338588797,
                52.20846654111942
              ],
              [
                4.646932827782106,
                52.20827230674403
              ],
              [
                4.647192916352088,
                52.208061394483586
              ],
              [
                4.647418099704381,
                52.20783583575878
              ],
              [
                4.647606209538026,
                52.20759780302772
              ],
              [
                4.647755434714384,
                52.2073495888561
              ],
              [
                4.6478643386816545,
                52.207093583831714
              ],
              [
                4.647931873287796,
                52.20683225353588
              ],
              [
                4.647957388849718,
                52.20656811479436
              ],
              [
                4.647940640382727,
                52.206303711435964
              ],
              [
                4.647881789931256,
                52.20604158979332
              ],
              [
                4.647781404979563,
                52.20578427418069
              ],
              [
                4.647640452958795,
                52.20553424258566
              ],
              [
                4.647460291904388,
                52.20529390280913
              ],
              [
                4.647242657354755,
                52.205065569281786
              ]
            ]
          ],
          [
            [
              [
                4.665310650844451,
                52.22220237999436
              ],
              [
                4.665057455130103,
                52.22198829053818
              ],
              [
                4.664771312976605,
                52.22179047304672
              ],
              [
                4.664454980179922,
                52.2216108323838
              ],
              [
                4.664111503141386,
                52.22145109835926
              ],
              [
                4.663744189531381,
                52.221312809078796
              ],
              [
                4.663356576442393,
                52.221197296139444
              ],
              [
                4.662952396337876,
                52.22110567181363
              ],
              [
                4.6625355411243765,
                52.2210388183442
              ],
              [
                4.662110024692183,
                52.22099737945361
              ],
              [
                4.661679944284481,
                52.2209817541491
              ],
              [
                4.6612494410660394,
                52.22099209288252
              ],
              [
                4.66082266027014,
                52.22102829610267
              ],
              [
                4.66040371130646,
                52.22109001521337
              ],
              [
                4.659996628212964,
                52.221176655928275
              ],
              [
                4.659605330831658,
                52.22128738399017
              ],
              [
                4.6592335870810535,
                52.22142113320019
              ],
              [
                4.658884976687851,
                52.221576615678885
              ],
              [
                4.658562856726388,
                52.22175233426186
              ],
              [
                4.65827032929719,
                52.22194659690997
              ],
              [
                4.658010211655536,
                52.22215753299548
              ],
              [
                4.657785009077596,
                52.222383111309085
              ],
              [
                4.657596890725523,
                52.22262115961251
              ],
              [
                4.657447668744263,
                52.22286938555092
              ],
              [
                4.657338780791822,
                52.22312539872232
              ],
              [
                4.6572712761720005,
                52.22338673369298
              ],
              [
                4.657245805703919,
                52.223650873736304
              ],
              [
                4.657262615426884,
                52.22391527506762
              ],
              [
                4.657321544202272,
                52.22417739134116
              ],
              [
                4.657422025236639,
                52.224434698173354
              ],
              [
                4.657563091512462,
                52.224684717456306
              ],
              [
                4.657743385075301,
                52.224925041227365
              ],
              [
                4.657961170088939,
                52.225153354864375
              ],
              [
                4.658214349533609,
                52.2253674593836
              ],
              [
                4.658500485387264,
                52.22556529262451
              ],
              [
                4.6588168220960435,
                52.225744949118045
              ],
              [
                4.659160313108267,
                52.22590469844602
              ],
              [
                4.659527650216559,
                52.22604300191467
              ],
              [
                4.659915295425402,
                52.226158527381614
              ],
              [
                4.660319515036995,
                52.2262501620931
              ],
              [
                4.660736415626559,
                52.226317023407134
              ],
              [
                4.661161981560024,
                52.22635846729979
              ],
              [
                4.6615921136919045,
                52.22637409457158
              ],
              [
                4.662022668869695,
                52.22636375469512
              ],
              [
                4.662449499863349,
                52.226327547265434
              ],
              [
                4.6628684953341155,
                52.22626582104059
              ],
              [
                4.663275619456786,
                52.22617917058025
              ],
              [
                4.663666950812629,
                52.2260684305161
              ],
              [
                4.664038720177516,
                52.225934667508376
              ],
              [
                4.664387346840397,
                52.225779169966614
              ],
              [
                4.664709473101701,
                52.22560343563419
              ],
              [
                4.6650019966188045,
                52.225409157155504
              ],
              [
                4.665262100286768,
                52.225198205766496
              ],
              [
                4.665487279366423,
                52.224972613264754
              ],
              [
                4.66567536559864,
                52.22473455243368
              ],
              [
                4.665824548072824,
                52.22448631610961
              ],
              [
                4.665933390649201,
                52.224230295093605
              ],
              [
                4.66600084576775,
                52.22396895512092
              ],
              [
                4.666026264511653,
                52.22370481311029
              ],
              [
                4.666009402829341,
                52.223440412922045
              ],
              [
                4.6659504238561995,
                52.22317830085799
              ],
              [
                4.6658498963147474,
                52.22292100113999
              ],
              [
                4.6657087890097495,
                52.22267099160247
              ],
              [
                4.665528461472369,
                52.22243067983363
              ],
              [
                4.665310650844451,
                52.22220237999436
              ]
            ]
          ],
          [
            [
              [
                4.6781164500677415,
                52.223224560047186
              ],
              [
                4.677898570942224,
                52.222996283337864
              ],
              [
                4.677645310097464,
                52.22278222078767
              ],
              [
                4.677359106807708,
                52.222584433719014
              ],
              [
                4.6770427174573985,
                52.2224048267027
              ],
              [
                4.676699188992215,
                52.22224512922453
              ],
              [
                4.67633182957751,
                52.222106879038314
              ],
              [
                4.675944176746607,
                52.22199140736454
              ],
              [
                4.67553996334545,
                52.22189982607841
              ],
              [
                4.67512308160102,
                52.22183301700823
              ],
              [
                4.674697545658948,
                52.22179162344902
              ],
              [
                4.674267452950184,
                52.22177604397152
              ],
              [
                4.6738369447578965,
                52.221786428586405
              ],
              [
                4.67341016636326,
                52.22182267730064
              ],
              [
                4.672991227152872,
                52.221884441080014
              ],
              [
                4.672584161070885,
                52.22197112520814
              ],
              [
                4.672192887795629,
                52.22208189500983
              ],
              [
                4.671821175013664,
                52.22221568388417
              ],
              [
                4.671472602153696,
                52.22237120356995
              ],
              [
                4.671423029736269,
                52.22239825476733
              ],
              [
                4.671103356211853,
                52.2224887500633
              ],
              [
                4.670731636772253,
                52.222622535485925
              ],
              [
                4.670383056932407,
                52.222778051931236
              ],
              [
                4.670060973472659,
                52.22295380190776
              ],
              [
                4.669768488142264,
                52.22314809307393
              ],
              [
                4.669508417791347,
                52.22335905452754
              ],
              [
                4.669283267240913,
                52.223584654814765
              ],
              [
                4.669095205152333,
                52.22382272148579
              ],
              [
                4.668946043128944,
                52.224070962008796
              ],
              [
                4.668837218251542,
                52.22432698584136
              ],
              [
                4.6687697792166585,
                52.22458832744684
              ],
              [
                4.66874437621192,
                52.224852470034755
              ],
              [
                4.668761254627001,
                52.22511686979582
              ],
              [
                4.6688202526617735,
                52.22537898039927
              ],
              [
                4.668920802855747,
                52.22563627751609
              ],
              [
                4.669061937525279,
                52.225886283131835
              ],
              [
                4.669242298057131,
                52.22612658941538
              ],
              [
                4.669460147969951,
                52.22635488191298
              ],
              [
                4.669713389618751,
                52.226568961844336
              ],
              [
                4.669999584382174,
                52.22676676728575
              ],
              [
                4.670315976138762,
                52.2269463930359
              ],
              [
                4.670659517806418,
                52.227106108972585
              ],
              [
                4.671026900689647,
                52.22724437672364
              ],
              [
                4.671414586351835,
                52.22735986449082
              ],
              [
                4.671818840705339,
                52.22745145988334
              ],
              [
                4.672235769990589,
                52.22751828063809
              ],
              [
                4.672661358296989,
                52.22755968312165
              ],
              [
                4.673091506263448,
                52.22757526853359
              ],
              [
                4.6735220705848945,
                52.22756488674965
              ],
              [
                4.6739489039431925,
                52.227528637768614
              ],
              [
                4.67436789497685,
                52.22746687074867
              ],
              [
                4.674775007903471,
                52.227380180642584
              ],
              [
                4.675014753054226,
                52.22731231064948
              ],
              [
                4.675106239803989,
                52.22730454001441
              ],
              [
                4.675525227142188,
                52.22724276887905
              ],
              [
                4.675932335784207,
                52.22715607477189
              ],
              [
                4.676323644460564,
                52.227045292745
              ],
              [
                4.676695384165742,
                52.22691148986276
              ],
              [
                4.677043974474584,
                52.22675595491892
              ],
              [
                4.677366058037898,
                52.22658018601692
              ],
              [
                4.677658532924558,
                52.22638587613415
              ],
              [
                4.677918582498267,
                52.226174896809106
              ],
              [
                4.6781437025411154,
                52.225949280108225
              ],
              [
                4.678331725362817,
                52.22571119904805
              ],
              [
                4.678480840663715,
                52.22546294665963
              ],
              [
                4.678589612951176,
                52.225206913898596
              ],
              [
                4.678656995342278,
                52.22494556661324
              ],
              [
                4.678682339620748,
                52.22468142179279
              ],
              [
                4.678665402452222,
                52.224417023324314
              ],
              [
                4.678606347699079,
                52.22415491749304
              ],
              [
                4.6785437347115,
                52.223994786907966
              ],
              [
                4.67853863142927,
                52.223972136371216
              ],
              [
                4.67843802934307,
                52.22371484727419
              ],
              [
                4.678296848810484,
                52.22346485268477
              ],
              [
                4.6781164500677415,
                52.223224560047186
              ]
            ]
          ]
        ]
      },
      "properties": {
        "type": "buffer_union_300m",
        "buffer_m": 300
      }
    },
    {
      "type": "Feature",
      "geometry": {
        "type": "MultiPolygon",
        "coordinates": [
          [
            [
              [
                4.587746586691578,
                52.167112434821085
              ],
              [
                4.5874570632420175,
                52.16680784263384
              ],
              [
                4.587120386531317,
                52.16652216653847
              ],
              [
                4.586739799358404,
                52.16625815736717
              ],
              [
                4.586318967149659,
                52.166018357270104
              ],
              [
                4.585861942652564,
                52.16580507524854
              ],
              [
                4.585373126909249,
                52.165620364933446
              ],
              [
                4.584857226885662,
                52.16546600482292
              ],
              [
                4.584319210163838,
                52.16534348116827
              ],
              [
                4.583764257132774,
                52.165253973672925
              ],
              [
                4.5831977111371165,
                52.16519834414148
              ],
              [
                4.582625027062253,
                52.165177128187864
              ],
              [
                4.582051718849275,
                52.16519053008172
              ],
              [
                4.5814833064434195,
                52.16523842078373
              ],
              [
                4.58146266023853,
                52.16524145160946
              ],
              [
                4.581449736006562,
                52.16524254048503
              ],
              [
                4.580891692135714,
                52.165324458728826
              ],
              [
                4.580349389966664,
                52.165439615939725
              ],
              [
                4.57982805111655,
                52.165586903339076
              ],
              [
                4.579332695493806,
                52.16576490277466
              ],
              [
                4.578868092987114,
                52.16597190036677
              ],
              [
                4.578438717554023,
                52.16620590300018
              ],
              [
                4.578048704150361,
                52.166464657504015
              ],
              [
                4.577701808914692,
                52.16674567233571
              ],
              [
                4.5774013729909475,
                52.16704624156047
              ],
              [
                4.5771502903378325,
                52.16736347089549
              ],
              [
                4.576950979835505,
                52.16769430556998
              ],
              [
                4.576947256257758,
                52.16770303180834
              ],
              [
                4.576902643684651,
                52.16777708328234
              ],
              [
                4.576757025165099,
                52.16811833737809
              ],
              [
                4.576666502901907,
                52.16846672472111
              ],
              [
                4.576631949936362,
                52.16881889027991
              ],
              [
                4.576653700352281,
                52.16917144255912
              ],
              [
                4.5767315460078954,
                52.16952098625965
              ],
              [
                4.576864738489385,
                52.169864154978086
              ],
              [
                4.577051996269217,
                52.17019764363129
              ],
              [
                4.577291517002275,
                52.170518240293035
              ],
              [
                4.577580994843055,
                52.17082285713608
              ],
              [
                4.577917642618786,
                52.17110856018157
              ],
              [
                4.578298218646147,
                52.171372597568194
              ],
              [
                4.578719057934344,
                52.17161242606893
              ],
              [
                4.579176107474654,
                52.17182573559943
              ],
              [
                4.5796649652767885,
                52.172010471480576
              ],
              [
                4.580180922776057,
                52.172164854241544
              ],
              [
                4.580719010202346,
                52.172287396770834
              ],
              [
                4.58127404447313,
                52.172376918650436
              ],
              [
                4.581840679148082,
                52.1724325575341
              ],
              [
                4.5824134559626915,
                52.17245377745994
              ],
              [
                4.582986857442865,
                52.17244037401697
              ],
              [
                4.583555360091976,
                52.17239247631579
              ],
              [
                4.584113487636175,
                52.17231054574398
              ],
              [
                4.584655863813184,
                52.17219537151866
              ],
              [
                4.5851772641943604,
                52.17204806307884
              ],
              [
                4.585672666539134,
                52.17187003939157
              ],
              [
                4.586137299195366,
                52.17166301527455
              ],
              [
                4.586566687078198,
                52.17142898486802
              ],
              [
                4.586956694783651,
                52.17117020241532
              ],
              [
                4.587303566421113,
                52.17088916053778
              ],
              [
                4.58760396178088,
                52.17058856621399
              ],
              [
                4.587622793252776,
                52.17056476687868
              ],
              [
                4.587685855008677,
                52.17050166266797
              ],
              [
                4.587936880642501,
                52.17018441096767
              ],
              [
                4.588136120993056,
                52.169853557734456
              ],
              [
                4.588281658273434,
                52.16951228953219
              ],
              [
                4.588372092036946,
                52.16916389316181
              ],
              [
                4.588406552619706,
                52.168811723999625
              ],
              [
                4.588384709467457,
                52.16845917367864
              ],
              [
                4.5883067742682435,
                52.168109637422944
              ],
              [
                4.588173498862766,
                52.16776648135124
              ],
              [
                4.587986167954491,
                52.1674330100631
              ],
              [
                4.587746586691578,
                52.167112434821085
              ]
            ]
          ],
          [
            [
              [
                4.545021955684195,
                52.17443502176528
              ],
              [
                4.54473267738067,
                52.17413032568049
              ],
              [
                4.54439622003898,
                52.17384452853004
              ],
              [
                4.544015824347283,
                52.17358038231214
              ],
              [
                4.54359515388974,
                52.17334043049683
              ],
              [
                4.5431382598578445,
                52.1731269835463
              ],
              [
                4.542649542038883,
                52.17294209667967
              ],
              [
                4.542133706457122,
                52.172787550095016
              ],
              [
                4.541595720075107,
                52.17266483183905
              ],
              [
                4.541040762990447,
                52.172575123488826
              ],
              [
                4.540474178587282,
                52.17251928878268
              ],
              [
                4.539901422120979,
                52.17249786530982
              ],
              [
                4.539328008229526,
                52.17251105933795
              ],
              [
                4.538759457875274,
                52.172558743828795
              ],
              [
                4.538201245226008,
                52.17264045966053
              ],
              [
                4.537658744985029,
                52.17275542004532
              ],
              [
                4.537137180675509,
                52.17290251809956
              ],
              [
                4.5366415743754915,
                52.173080337494234
              ],
              [
                4.536176698386008,
                52.17328716608325
              ],
              [
                4.53574702929652,
                52.173521012378785
              ],
              [
                4.535356704889086,
                52.173779624715635
              ],
              [
                4.535009484295634,
                52.17406051292047
              ],
              [
                4.534708711791868,
                52.17436097227818
              ],
              [
                4.534457284576555,
                52.17467810956446
              ],
              [
                4.5342576248470605,
                52.17500887089532
              ],
              [
                4.534111656440936,
                52.175350071125344
              ],
              [
                4.534020786269686,
                52.175698424511914
              ],
              [
                4.533985890725037,
                52.17605057635126
              ],
              [
                4.534007307190302,
                52.17640313528074
              ],
              [
                4.534084830740462,
                52.17675270593779
              ],
              [
                4.534217716064698,
                52.177095921660005
              ],
              [
                4.534404684594828,
                52.17742947691213
              ],
              [
                4.534643936772854,
                52.1777501591269
              ],
              [
                4.534933169341295,
                52.17805487965364
              ],
              [
                4.535269597491293,
                52.17834070351515
              ],
              [
                4.535649981656515,
                52.17860487768669
              ],
              [
                4.536070658695749,
                52.178844857624064
              ],
              [
                4.53652757716458,
                52.17905833178423
              ],
              [
                4.537016336336614,
                52.17924324390255
              ],
              [
                4.537532228598417,
                52.17939781281046
              ],
              [
                4.538070284809257,
                52.17952054960339
              ],
              [
                4.538625322188044,
                52.17961027199195
              ],
              [
                4.539191994264977,
                52.17966611569827
              ],
              [
                4.53976484241544,
                52.17968754278731
              ],
              [
                4.5403383484780715,
                52.17967434685245
              ],
              [
                4.540906987948434,
                52.179626655005144
              ],
              [
                4.541465283234059,
                52.17954492664994
              ],
              [
                4.542007856455978,
                52.179429949055944
              ],
              [
                4.542529481286403,
                52.17928282976817
              ],
              [
                4.543025133321505,
                52.179104985931566
              ],
              [
                4.543490038502677,
                52.17889813063149
              ],
              [
                4.543919719118638,
                52.178664256382284
              ],
              [
                4.544310036944381,
                52.17840561592344
              ],
              [
                4.544657233100898,
                52.1781247005089
              ],
              [
                4.544957964251588,
                52.17782421589955
              ],
              [
                4.54520933478686,
                52.177507056290025
              ],
              [
                4.54540892468753,
                52.17717627642218
              ],
              [
                4.54555481279953,
                52.17683506215385
              ],
              [
                4.54564559529701,
                52.176486699767025
              ],
              [
                4.545680399157499,
                52.176134544311466
              ],
              [
                4.545658890521057,
                52.175781987288765
              ],
              [
                4.545581277854789,
                52.175432423988205
              ],
              [
                4.545448309894194,
                52.17508922078944
              ],
              [
                4.5452612683831255,
                52.17475568274651
              ],
              [
                4.545021955684195,
                52.17443502176528
              ]
            ]
          ],
          [
            [
              [
                4.5914286638364485,
                52.18498340212198
              ],
              [
                4.591138999812101,
                52.184678819624196
              ],
              [
                4.590802165144071,
                52.1843931545953
              ],
              [
                4.5904214041527505,
                52.184129157760765
              ],
              [
                4.590000383938473,
                52.18388937115169
              ],
              [
                4.589543159059078,
                52.18367610363942
              ],
              [
                4.589054132486012,
                52.18349140871496
              ],
              [
                4.588538013214941,
                52.18333706472805
              ],
              [
                4.587999770938492,
                52.1832145577746
              ],
              [
                4.587444588216851,
                52.18312506739728
              ],
              [
                4.586877810605569,
                52.1830694552357
              ],
              [
                4.5863048952193965,
                52.18304825673638
              ],
              [
                4.5857313582258525,
                52.18306167600115
              ],
              [
                4.585162721772236,
                52.18310958382327
              ],
              [
                4.584604460855342,
                52.18319151893075
              ],
              [
                4.584061950643537,
                52.183306692424686
              ],
              [
                4.5835404147566505,
                52.18345399536966
              ],
              [
                4.583044875000005,
                52.183632009464056
              ],
              [
                4.582580103035124,
                52.18383902068707
              ],
              [
                4.582150574451286,
                52.184073035792345
              ],
              [
                4.581760425679256,
                52.18433180148909
              ],
              [
                4.581413414161509,
                52.18461282612714
              ],
              [
                4.581112882162312,
                52.18491340367729
              ],
              [
                4.580861724566317,
                52.18523063977685
              ],
              [
                4.5806623609763015,
                52.18556147958985
              ],
              [
                4.580516712379668,
                52.18590273721454
              ],
              [
                4.580426182609582,
                52.18625112635515
              ],
              [
                4.580391644780826,
                52.18660329196278
              ],
              [
                4.580413432832677,
                52.18695584254165
              ],
              [
                4.580491338262122,
                52.18730538280891
              ],
              [
                4.580624612080819,
                52.18764854639417
              ],
              [
                4.580811971978937,
                52.18798202826359
              ],
              [
                4.581051614628769,
                52.188302616556115
              ],
              [
                4.581341233011372,
                52.18860722352494
              ],
              [
                4.5816780386009395,
                52.18889291528616
              ],
              [
                4.582058788194557,
                52.18915694008694
              ],
              [
                4.582479815129888,
                52.18939675482132
              ],
              [
                4.582937064590815,
                52.189610049537364
              ],
              [
                4.583426132661231,
                52.18979476969849
              ],
              [
                4.58394230875076,
                52.189949135985124
              ],
              [
                4.584480620983262,
                52.19007166144437
              ],
              [
                4.585035884110183,
                52.19016116582255
              ],
              [
                4.585602749486045,
                52.19021678694184
              ],
              [
                4.5861757566233505,
                52.19023798901151
              ],
              [
                4.586749385828642,
                52.190224567792555
              ],
              [
                4.587318111410965,
                52.190176652566834
              ],
              [
                4.587876454948364,
                52.19009470489082
              ],
              [
                4.588419038097411,
                52.18997951414642
              ],
              [
                4.5889406344353425,
                52.18983218993198
              ],
              [
                4.589436219833735,
                52.18965415136649
              ],
              [
                4.589901020877075,
                52.189447113411184
              ],
              [
                4.590330560858615,
                52.18921307033973
              ],
              [
                4.590720702909588,
                52.18895427651756
              ],
              [
                4.5910676898458025,
                52.188673224675775
              ],
              [
                4.591368180347647,
                52.188372621888966
              ],
              [
                4.591619281125188,
                52.188055363489696
              ],
              [
                4.591818574759148,
                52.18772450517083
              ],
              [
                4.5919641429505,
                52.18738323354535
              ],
              [
                4.592054584956009,
                52.18703483544706
              ],
              [
                4.592089031033633,
                52.18668266626906
              ],
              [
                4.592067150770036,
                52.186330117644296
              ],
              [
                4.591989156211886,
                52.18598058478065
              ],
              [
                4.591855799772689,
                52.18563743376393
              ],
              [
                4.5916683669373235,
                52.18530396914498
              ],
              [
                4.5914286638364485,
                52.18498340212198
              ]
            ]
          ],
          [
            [
              [
                4.618813660890973,
                52.19035748922896
              ],
              [
                4.618392428819484,
                52.19011780376916
              ],
              [
                4.617935003851589,
                52.18990464610878
              ],
              [
                4.61744579088443,
                52.18972006868103
              ],
              [
                4.6169295007074815,
                52.189565848704305
              ],
              [
                4.616391104658085,
                52.1894434710804
              ],
              [
                4.61583578677623,
                52.18935411410664
              ],
              [
                4.615268893918168,
                52.18929863813831
              ],
              [
                4.614695884307762,
                52.18927757731075
              ],
              [
                4.6141222750193815,
                52.189291134400236
              ],
              [
                4.61355358889623,
                52.189339178873105
              ],
              [
                4.612995301413345,
                52.189421248141855
              ],
              [
                4.612452787995098,
                52.189536552015866
              ],
              [
                4.611931272292597,
                52.189683980304515
              ],
              [
                4.611435775917402,
                52.18986211349923
              ],
              [
                4.610971070114084,
                52.19006923643261
              ],
              [
                4.610541629835753,
                52.19030335478258
              ],
              [
                4.610151590663874,
                52.19056221426419
              ],
              [
                4.60980470898665,
                52.19084332232407
              ],
              [
                4.609504325819174,
                52.19114397212965
              ],
              [
                4.609503009880242,
                52.19114563571836
              ],
              [
                4.609369341823144,
                52.1911740397926
              ],
              [
                4.6088477968109824,
                52.19132145435527
              ],
              [
                4.608352269948443,
                52.19149957449254
              ],
              [
                4.607887532773537,
                52.19170668516262
              ],
              [
                4.607458060541346,
                52.19194079216164
              ],
              [
                4.607067989140922,
                52.19219964131396
              ],
              [
                4.606721075270718,
                52.19248074016575
              ],
              [
                4.606420660255778,
                52.192781381973
              ],
              [
                4.606169637855328,
                52.19309867175411
              ],
              [
                4.605970426371319,
                52.19342955415592
              ],
              [
                4.605824945327394,
                52.19377084286641
              ],
              [
                4.6057345969440915,
                52.19411925128999
              ],
              [
                4.605700252590196,
                52.194471424191846
              ],
              [
                4.605722244342385,
                52.194823970005594
              ],
              [
                4.60580036173636,
                52.19517349349383
              ],
              [
                4.605804217707739,
                52.195183405163725
              ],
              [
                4.605866654206074,
                52.19546276293435
              ],
              [
                4.6060001475776575,
                52.195805897798266
              ],
              [
                4.606187731487635,
                52.19613933933983
              ],
              [
                4.606427600450726,
                52.196459876086024
              ],
              [
                4.606717445268023,
                52.19676442078622
              ],
              [
                4.607054475232377,
                52.1970500401559
              ],
              [
                4.607435444979177,
                52.197313983139196
              ],
              [
                4.607856685724897,
                52.197553707418066
              ],
              [
                4.608314140593205,
                52.19776690391152
              ],
              [
                4.608803403688615,
                52.19795151902907
              ],
              [
                4.6093197625413485,
                52.19810577446279
              ],
              [
                4.609858243513964,
                52.198228184327526
              ],
              [
                4.610413659731725,
                52.19831756948311
              ],
              [
                4.610980661073784,
                52.19837306890017
              ],
              [
                4.611553785742341,
                52.198394147960364
              ],
              [
                4.612127512911362,
                52.19838060360971
              ],
              [
                4.612696315945966,
                52.198332566316196
              ],
              [
                4.613254715678036,
                52.198250498812286
              ],
              [
                4.613797333222935,
                52.19813519163433
              ],
              [
                4.6143189418268635,
                52.19798775550223
              ],
              [
                4.614814517243718,
                52.19780961061317
              ],
              [
                4.615279286154764,
                52.197602472952596
              ],
              [
                4.6157087721635515,
                52.1973683377545
              ],
              [
                4.616098838922093,
                52.19710946027178
              ],
              [
                4.616423142599678,
                52.196846639360466
              ],
              [
                4.616900111074892,
                52.19677652160828
              ],
              [
                4.617442701312019,
                52.19666119758891
              ],
              [
                4.617964280666269,
                52.196513745252204
              ],
              [
                4.618459825173413,
                52.19633558495144
              ],
              [
                4.61892456181258,
                52.196128432820494
              ],
              [
                4.619354014498293,
                52.195894284232736
              ],
              [
                4.619744047203644,
                52.19563539457002
              ],
              [
                4.620090903798765,
                52.19535425748633
              ],
              [
                4.620391244220602,
                52.1950535808772
              ],
              [
                4.620642176625875,
                52.194736260786016
              ],
              [
                4.6208412852180745,
                52.19440535349959
              ],
              [
                4.62098665348138,
                52.194064046102085
              ],
              [
                4.621076882598972,
                52.193715625771546
              ],
              [
                4.621111104879861,
                52.19336344811481
              ],
              [
                4.621088992066608,
                52.19301090484615
              ],
              [
                4.621010758445821,
                52.192661391121234
              ],
              [
                4.620877158733428,
                52.192318272841284
              ],
              [
                4.620689480757036,
                52.1919848542414
              ],
              [
                4.6204495330077355,
                52.19166434607616
              ],
              [
                4.620159627183048,
                52.19135983470781
              ],
              [
                4.619822555890588,
                52.191074252394664
              ],
              [
                4.619441565728549,
                52.19081034906539
              ],
              [
                4.6193687757453645,
                52.19076893223496
              ],
              [
                4.619194643469152,
                52.19062139459115
              ],
              [
                4.618813660890973,
                52.19035748922896
              ]
            ]
          ],
          [
            [
              [
                4.625830746548612,
                52.200732962465594
              ],
              [
                4.625540745221998,
                52.20042846461493
              ],
              [
                4.625203571086599,
                52.20014289792497
              ],
              [
                4.624822471731025,
                52.199879012173824
              ],
              [
                4.624401117512935,
                52.19963934832266
              ],
              [
                4.623943566205277,
                52.199426214060345
              ],
              [
                4.623454223921494,
                52.199241661594705
              ],
              [
                4.622937802695932,
                52.19908746790363
              ],
              [
                4.622399275127392,
                52.19896511763582
              ],
              [
                4.6218438265218085,
                52.19887578882514
              ],
              [
                4.621276804993679,
                52.198820341555674
              ],
              [
                4.6207036700053274,
                52.19879930968643
              ],
              [
                4.620129939837899,
                52.198812895714866
              ],
              [
                4.619561138498093,
                52.19886096882874
              ],
              [
                4.619002742569987,
                52.198943066164816
              ],
              [
                4.618460128521867,
                52.19905839726229
              ],
              [
                4.6179385209735955,
                52.19920585166848
              ],
              [
                4.617442942421026,
                52.19938400962342
              ],
              [
                4.616978164900037,
                52.19959115572138
              ],
              [
                4.61654866405446,
                52.199825295417284
              ],
              [
                4.616158576049225,
                52.20008417422067
              ],
              [
                4.615811657743119,
                52.20036529939231
              ],
              [
                4.6155112505044205,
                52.20066596393469
              ],
              [
                4.615260248018053,
                52.200983272647306
              ],
              [
                4.615061068394823,
                52.20131416999462
              ],
              [
                4.614915630852195,
                52.2016554695206
              ],
              [
                4.61482533719243,
                52.202003884525475
              ],
              [
                4.614825110347212,
                52.20200621510855
              ],
              [
                4.614803475471865,
                52.202089696491846
              ],
              [
                4.614769196295078,
                52.20244187166516
              ],
              [
                4.614791263399051,
                52.202794415441154
              ],
              [
                4.61486946559432,
                52.20314393260195
              ],
              [
                4.615003051035202,
                52.20348705699924
              ],
              [
                4.61519073441109,
                52.203820483975974
              ],
              [
                4.61543070927898,
                52.2041410021993
              ],
              [
                4.615720665420096,
                52.20444552459687
              ],
              [
                4.615845110856153,
                52.20455094191734
              ],
              [
                4.615795884494036,
                52.20463271758796
              ],
              [
                4.61565044161086,
                52.2049740178084
              ],
              [
                4.6155601468334115,
                52.205322433168604
              ],
              [
                4.6155258710150875,
                52.20567460836675
              ],
              [
                4.615547945573341,
                52.20602715181428
              ],
              [
                4.615626159247152,
                52.20637666829636
              ],
              [
                4.615759760080479,
                52.206719791671205
              ],
              [
                4.615947462614679,
                52.20705321729167
              ],
              [
                4.616187460222393,
                52.20737373383786
              ],
              [
                4.616477442465972,
                52.20767825425357
              ],
              [
                4.6168146173147875,
                52.207963845487924
              ],
              [
                4.6171957380087605,
                52.20822775675597
              ],
              [
                4.617617134310346,
                52.208467446044885
              ],
              [
                4.618074747844646,
                52.208680604610564
              ],
              [
                4.618564171187552,
                52.208865179227836
              ],
              [
                4.619080690325297,
                52.20901939197868
              ],
              [
                4.61961933007603,
                52.209141757389084
              ],
              [
                4.620174902035044,
                52.209231096746976
              ],
              [
                4.620742054580773,
                52.209286549464146
              ],
              [
                4.621315324458392,
                52.20930758137211
              ],
              [
                4.621889189442631,
                52.20929398987109
              ],
              [
                4.622458121570656,
                52.209245905883364
              ],
              [
                4.623016640430489,
                52.209163792591205
              ],
              [
                4.623559365989748,
                52.20904844097206
              ],
              [
                4.624081070454054,
                52.208900962174084
              ],
              [
                4.624576728653934,
                52.2087227768055
              ],
              [
                4.625041566473404,
                52.2085156012417
              ],
              [
                4.6254711068525385,
                52.20828143108191
              ],
              [
                4.625861212920048,
                52.208022521915794
              ],
              [
                4.626208127839866,
                52.207741367585335
              ],
              [
                4.626209964157372,
                52.20773952939791
              ],
              [
                4.626211027680409,
                52.20773866746733
              ],
              [
                4.626511410790431,
                52.207437976026604
              ],
              [
                4.62676236987625,
                52.20712064367065
              ],
              [
                4.6269614888851285,
                52.206789726804374
              ],
              [
                4.627106851201743,
                52.20644841260433
              ],
              [
                4.62719705806742,
                52.206099988313966
              ],
              [
                4.627231242006353,
                52.20574780957822
              ],
              [
                4.627209075131232,
                52.2053952681216
              ],
              [
                4.6271307722501485,
                52.20504575908239
              ],
              [
                4.626997088746793,
                52.20470264831646
              ],
              [
                4.626809313256368,
                52.20436923998646
              ],
              [
                4.626569255209596,
                52.20404874474789
              ],
              [
                4.626279227366582,
                52.20374424883841
              ],
              [
                4.626153914852742,
                52.203638127217985
              ],
              [
                4.626201066134816,
                52.203559762536436
              ],
              [
                4.626346423607289,
                52.20321844906797
              ],
              [
                4.626436629747093,
                52.202870025157935
              ],
              [
                4.62643685534738,
                52.20286770116965
              ],
              [
                4.626458469747633,
                52.202784214065886
              ],
              [
                4.62649164951132,
                52.202442412471925
              ],
              [
                4.626581922987242,
                52.202602709098
              ],
              [
                4.626821973389317,
                52.202923204377925
              ],
              [
                4.6271119996331045,
                52.20322769899511
              ],
              [
                4.627449209263692,
                52.20351326014709
              ],
              [
                4.627830355185507,
                52.203777137338626
              ],
              [
                4.628251766917559,
                52.20401678888509
              ],
              [
                4.628709385935927,
                52.20422990640601
              ],
              [
                4.6291988047633295,
                52.204414437071414
              ],
              [
                4.629715309429227,
                52.20456860338674
              ],
              [
                4.630253924890968,
                52.204690920325305
              ],
              [
                4.630809462977704,
                52.20478020964198
              ],
              [
                4.63137657239412,
                52.20483561123069
              ],
              [
                4.631949790300902,
                52.204856591415435
              ],
              [
                4.632523594973532,
                52.204842948094736
              ],
              [
                4.633092459030352,
                52.20479481269012
              ],
              [
                4.633650902715361,
                52.2047126488791
              ],
              [
                4.634193546720626,
                52.20459724812583
              ],
              [
                4.634226151940293,
                52.20458802667244
              ],
              [
                4.6344216352426,
                52.20454645361625
              ],
              [
                4.634943251214275,
                52.20439892653037
              ],
              [
                4.635438816040202,
                52.20422069523709
              ],
              [
                4.635903556504188,
                52.20401347655404
              ],
              [
                4.636332996484431,
                52.203779266495815
              ],
              [
                4.636723000077033,
                52.20352032103623
              ],
              [
                4.63706981143325,
                52.20323913436681
              ],
              [
                4.63737009092654,
                52.20293841486055
              ],
              [
                4.637620947301283,
                52.20262105897392
              ],
              [
                4.637819965494088,
                52.20229012333832
              ],
              [
                4.6379652298606056,
                52.20194879531091
              ],
              [
                4.638055342585427,
                52.20160036226821
              ],
              [
                4.638089437099234,
                52.20124817993914
              ],
              [
                4.638067186375671,
                52.2008956400828
              ],
              [
                4.637988806029992,
                52.20054613782185
              ],
              [
                4.6378550521915,
                52.200203038946746
              ],
              [
                4.637667214172279,
                52.19986964750543
              ],
              [
                4.637427102004705,
                52.199549173990754
              ],
              [
                4.6371370289695495,
                52.19924470443101
              ],
              [
                4.6367997892843995,
                52.19895917068171
              ],
              [
                4.636418631168654,
                52.198695322203626
              ],
              [
                4.635997225545368,
                52.198455699599094
              ],
              [
                4.635539630682064,
                52.19824261015963
              ],
              [
                4.635050253111201,
                52.19805810566151
              ],
              [
                4.634845384426292,
                52.19799695936541
              ],
              [
                4.634739151148988,
                52.19795690665404
              ],
              [
                4.634222705498032,
                52.197802762253744
              ],
              [
                4.633684162197256,
                52.19768046341382
              ],
              [
                4.633128706703867,
                52.197591187673
              ],
              [
                4.632561687198532,
                52.197535794604434
              ],
              [
                4.631988563124026,
                52.197514817545304
              ],
              [
                4.631414852656424,
                52.19752845846538
              ],
              [
                4.630846079612822,
                52.19757658602394
              ],
              [
                4.630287720305005,
                52.19765873683359
              ],
              [
                4.6297451508488745,
                52.197774119918655
              ],
              [
                4.62922359543522,
                52.197921624325936
              ],
              [
                4.62872807605822,
                52.19809982981405
              ],
              [
                4.628263364184323,
                52.198307020519515
              ],
              [
                4.62783393482562,
                52.1985412014677
              ],
              [
                4.627443923459071,
                52.19880011777096
              ],
              [
                4.6270970862058585,
                52.19908127632875
              ],
              [
                4.626796763654116,
                52.19938196982212
              ],
              [
                4.626545848673571,
                52.19969930277158
              ],
              [
                4.62634675853262,
                52.20003021940809
              ],
              [
                4.6262014115872105,
                52.20037153308973
              ],
              [
                4.6261112087672664,
                52.20071995698028
              ],
              [
                4.626077649200678,
                52.201065654755844
              ],
              [
                4.626070781538981,
                52.20105345934893
              ],
              [
                4.625830746548612,
                52.200732962465594
              ]
            ]
          ],
          [
            [
              [
                4.636249986570155,
                52.1640108298564
              ],
              [
                4.635683389726976,
                52.16395545227352
              ],
              [
                4.635110695448464,
                52.16393449107842
              ],
              [
                4.634537417773792,
                52.16394814808829
              ],
              [
                4.63396907635434,
                52.163996291807386
              ],
              [
                4.633411143347371,
                52.16407845869269
              ],
              [
                4.6328689907654015,
                52.1641938576136
              ],
              [
                4.632347838786387,
                52.16434137746423
              ],
              [
                4.631852705520826,
                52.16451959785434
              ],
              [
                4.631388358717956,
                52.16472680277656
              ],
              [
                4.630959269874876,
                52.16496099711925
              ],
              [
                4.630569571189617,
                52.16521992586534
              ],
              [
                4.63022301577203,
                52.16550109579417
              ],
              [
                4.62992294149553,
                52.165801799477
              ],
              [
                4.629672238837901,
                52.16611914133584
              ],
              [
                4.629473323021438,
                52.16645006551568
              ],
              [
                4.629328110721591,
                52.16679138530165
              ],
              [
                4.629238001569626,
                52.1671398137985
              ],
              [
                4.629203864628953,
                52.1674919955778
              ],
              [
                4.629226029977024,
                52.167844538987154
              ],
              [
                4.629304285475799,
                52.16819404881205
              ],
              [
                4.629437878763767,
                52.16853715897467
              ],
              [
                4.629625524452335,
                52.16887056495506
              ],
              [
                4.629865416459172,
                52.16919105562263
              ],
              [
                4.6301552453614745,
                52.169495544170374
              ],
              [
                4.630492220603575,
                52.169781097854674
              ],
              [
                4.630873097346345,
                52.17004496625235
              ],
              [
                4.631294207700718,
                52.17028460776386
              ],
              [
                4.631751496045249,
                52.17049771410563
              ],
              [
                4.631825709328337,
                52.17052571429914
              ],
              [
                4.631871305338449,
                52.170557301386545
              ],
              [
                4.63229242589641,
                52.17079693933387
              ],
              [
                4.632749724269441,
                52.171010041807314
              ],
              [
                4.6332387960686985,
                52.17119455612215
              ],
              [
                4.6337549306665835,
                52.17134870494162
              ],
              [
                4.633820266205642,
                52.17136355098609
              ],
              [
                4.633901891351853,
                52.17138792879351
              ],
              [
                4.634440118150036,
                52.17151022659016
              ],
              [
                4.634995251758004,
                52.17159949594548
              ],
              [
                4.635561944777681,
                52.17165487694585
              ],
              [
                4.636134738382,
                52.17167583611368
              ],
              [
                4.636708114934945,
                52.17166217155005
              ],
              [
                4.637276551180176,
                52.17161401488105
              ],
              [
                4.637834571483994,
                52.17153182998902
              ],
              [
                4.637837952048993,
                52.17153111039557
              ],
              [
                4.6378393199818255,
                52.1715309089236
              ],
              [
                4.638381549092425,
                52.171415487453686
              ],
              [
                4.638902764019094,
                52.17126794124919
              ],
              [
                4.639397944309035,
                52.171089691567374
              ],
              [
                4.639862320450622,
                52.1708824554029
              ],
              [
                4.640291419831546,
                52.170648228938234
              ],
              [
                4.640681109828517,
                52.170389268305044
              ],
              [
                4.64102763761288,
                52.170108067840616
              ],
              [
                4.641327666288604,
                52.169807336050546
              ],
              [
                4.641578307014704,
                52.169489969509186
              ],
              [
                4.641777146803333,
                52.16915902495042
              ],
              [
                4.641922271726658,
                52.16881768981702
              ],
              [
                4.64192412963245,
                52.16881049800931
              ],
              [
                4.641998023796715,
                52.1686366961232
              ],
              [
                4.642088036416591,
                52.16828825778946
              ],
              [
                4.64212207230063,
                52.16793607214118
              ],
              [
                4.642099804984867,
                52.1675835309693
              ],
              [
                4.64202145024205,
                52.167234029409094
              ],
              [
                4.641887763952659,
                52.166890933244275
              ],
              [
                4.641700034776118,
                52.1665575464969
              ],
              [
                4.64146007169469,
                52.16623707961463
              ],
              [
                4.641170186551734,
                52.16593261856207
              ],
              [
                4.640833171754057,
                52.165647095113094
              ],
              [
                4.640452273354386,
                52.165383258629575
              ],
              [
                4.640031159774119,
                52.165143649598505
              ],
              [
                4.639573886468249,
                52.164930575181096
              ],
              [
                4.639084856872902,
                52.16474608700926
              ],
              [
                4.638568780011532,
                52.164591961442014
              ],
              [
                4.63822069221356,
                52.16451286966077
              ],
              [
                4.637859245938559,
                52.16437650611384
              ],
              [
                4.63734317760711,
                52.164222375191905
              ],
              [
                4.636805030603542,
                52.16410009063899
              ],
              [
                4.636249986570155,
                52.1640108298564
              ]
            ]
          ],
          [
            [
              [
                4.648467202752715,
                52.20457388074305
              ],
              [
                4.648129850154015,
                52.204288379421804
              ],
              [
                4.647748579353512,
                52.20402456756678
              ],
              [
                4.647327062359051,
                52.20378498542746
              ],
              [
                4.646869358510216,
                52.20357193990581
              ],
              [
                4.646379875388492,
                52.20338748235499
              ],
              [
                4.645863326383573,
                52.203233388839
              ],
              [
                4.645324685323917,
                52.203111143041994
              ],
              [
                4.644769138607585,
                52.20302192199188
              ],
              [
                4.644202035293207,
                52.20296658473525
              ],
              [
                4.64362883563018,
                52.202945664071926
              ],
              [
                4.6430550585221,
                52.20295936142874
              ],
              [
                4.642486228427512,
                52.20300754492166
              ],
              [
                4.641927822207406,
                52.2030897506247
              ],
              [
                4.641385216429364,
                52.2032051870338
              ],
              [
                4.640863635633978,
                52.20335274268229
              ],
              [
                4.640368102059998,
                52.20353099683556
              ],
              [
                4.639903387310844,
                52.20373823316151
              ],
              [
                4.639473966426638,
                52.20397245624627
              ],
              [
                4.639083974803176,
                52.20423141079651
              ],
              [
                4.638737168372021,
                52.20451260334329
              ],
              [
                4.638436887425044,
                52.20481332624043
              ],
              [
                4.638186024431908,
                52.20513068372515
              ],
              [
                4.637986996160959,
                52.20546161979216
              ],
              [
                4.637841720372906,
                52.205802947612234
              ],
              [
                4.637751597312955,
                52.206151380212845
              ],
              [
                4.637717496181113,
                52.20650356212596
              ],
              [
                4.637739746712683,
                52.206856101697895
              ],
              [
                4.6378181359519095,
                52.207205603750914
              ],
              [
                4.637951910251772,
                52.20754870228181
              ],
              [
                4.638139782482676,
                52.207882092882464
              ],
              [
                4.638379944382453,
                52.20820256456998
              ],
              [
                4.638670083930563,
                52.20850703071986
              ],
              [
                4.639007407580663,
                52.20879255880377
              ],
              [
                4.6393886671387605,
                52.209056398644734
              ],
              [
                4.639810191029049,
                52.20929600891787
              ],
              [
                4.640267919646941,
                52.20950908164002
              ],
              [
                4.640757444459088,
                52.20969356441272
              ],
              [
                4.641274050473659,
                52.209847680202735
              ],
              [
                4.641812761671346,
                52.20996994446995
              ],
              [
                4.642368388958726,
                52.21005917947657
              ],
              [
                4.642935580180865,
                52.21011452563969
              ],
              [
                4.643508871710125,
                52.21013544981729
              ],
              [
                4.6440827411125385,
                52.21012175044742
              ],
              [
                4.644651660382737,
                52.21007355949149
              ],
              [
                4.645210149232766,
                52.209991341162294
              ],
              [
                4.645752827919623,
                52.209875887449094
              ],
              [
                4.646274469100872,
                52.209728310483506
              ],
              [
                4.646770048217163,
                52.209550031819454
              ],
              [
                4.647234791914919,
                52.20934276873091
              ],
              [
                4.647664224041528,
                52.20910851766016
              ],
              [
                4.648054208769163,
                52.208849534976174
              ],
              [
                4.64840099043126,
                52.20856831522884
              ],
              [
                4.648701229687812,
                52.208267567109814
              ],
              [
                4.648952035671294,
                52.20795018735107
              ],
              [
                4.649150993804211,
                52.207619232813855
              ],
              [
                4.649296189021217,
                52.207277891037315
              ],
              [
                4.649386224173408,
                52.206929449530165
              ],
              [
                4.649420233439019,
                52.20657726410278
              ],
              [
                4.64939789061312,
                52.206224726543915
              ],
              [
                4.649319412198281,
                52.20587523195389
              ],
              [
                4.649185555268494,
                52.20553214604915
              ],
              [
                4.648997610128778,
                52.20519877275261
              ],
              [
                4.648757387843138,
                52.20487832238218
              ],
              [
                4.648467202752715,
                52.20457388074305
              ]
            ]
          ],
          [
            [
              [
                4.6665354697415085,
                52.2217105060526
              ],
              [
                4.666197871842016,
                52.22142505679174
              ],
              [
                4.665816347572267,
                52.221161303636265
              ],
              [
                4.665394571380546,
                52.22092178627003
              ],
              [
                4.664936605101789,
                52.220708810971146
              ],
              [
                4.664446858843779,
                52.22052442841642
              ],
              [
                4.663930048529146,
                52.220370413947514
              ],
              [
                4.663391150501566,
                52.2202482504874
              ],
              [
                4.6628353536324525,
                52.22015911427111
              ],
              [
                4.66226800938814,
                52.22010386352845
              ],
              [
                4.661694580336952,
                52.2200830302262
              ],
              [
                4.66112058759035,
                52.220096814950075
              ],
              [
                4.660551557682486,
                52.220145084974995
              ],
              [
                4.659992969397716,
                52.22022737554191
              ],
              [
                4.659450201056299,
                52.22034289432976
              ],
              [
                4.658928478763938,
                52.22049052907885
              ],
              [
                4.658432826121889,
                52.22066885829301
              ],
              [
                4.657968015880342,
                52.22087616491758
              ],
              [
                4.657538523999422,
                52.22111045286195
              ],
              [
                4.657148486559276,
                52.22136946620826
              ],
              [
                4.656801659933553,
                52.2216507109216
              ],
              [
                4.656501384609661,
                52.22195147885332
              ],
              [
                4.656250553004324,
                52.222268873807025
              ],
              [
                4.6560515815849355,
                52.222599839416546
              ],
              [
                4.655906387566087,
                52.22294118856803
              ],
              [
                4.655816370406904,
                52.223289634083386
              ],
              [
                4.65578239828887,
                52.223641820370005
              ],
              [
                4.655804799706089,
                52.22399435573181
              ],
              [
                4.655883360250805,
                52.224343845031335
              ],
              [
                4.656017324627173,
                52.22468692238799
              ],
              [
                4.656205403875763,
                52.22502028359713
              ],
              [
                4.65644578774118,
                52.22534071795872
              ],
              [
                4.656736162065421,
                52.225645139207465
              ],
              [
                4.6570737310410415,
                52.22593061524703
              ],
              [
                4.657455244111071,
                52.22619439640154
              ],
              [
                4.657877027257627,
                52.22643394191106
              ],
              [
                4.658335018378501,
                52.22664694441608
              ],
              [
                4.658824806411239,
                52.2268313521942
              ],
              [
                4.659341673827838,
                52.22698538893444
              ],
              [
                4.659880642090221,
                52.227107570858
              ],
              [
                4.660436519627889,
                52.22719672102021
              ],
              [
                4.661003951874466,
                52.22725198065546
              ],
              [
                4.661577472879748,
                52.22727281745515
              ],
              [
                4.662151557998524,
                52.2272590306991
              ],
              [
                4.662720677146845,
                52.227210753190654
              ],
              [
                4.6632793481108745,
                52.227128449976284
              ],
              [
                4.663822189393052,
                52.2270129138632
              ],
              [
                4.664343972084595,
                52.22686525777686
              ],
              [
                4.664839670263142,
                52.2266869040334
              ],
              [
                4.66530450942856,
                52.2264795706301
              ],
              [
                4.665734012509196,
                52.2262452546867
              ],
              [
                4.666124042994509,
                52.22598621319706
              ],
              [
                4.666470844778117,
                52.22570494127761
              ],
              [
                4.666771078327276,
                52.225404148122514
              ],
              [
                4.667021852830647,
                52.22508673089744
              ],
              [
                4.667220754015234,
                52.224755746824506
              ],
              [
                4.667309446091426,
                52.22454710917974
              ],
              [
                4.667280926292981,
                52.22484355909135
              ],
              [
                4.667303419299289,
                52.22519609236092
              ],
              [
                4.667382072190283,
                52.22554557410183
              ],
              [
                4.667516128780723,
                52.22588863850599
              ],
              [
                4.667704299222962,
                52.22622198149338
              ],
              [
                4.667944772383125,
                52.22654239253936
              ],
              [
                4.668235233242936,
                52.226846785602945
              ],
              [
                4.668572885161185,
                52.227132228859304
              ],
              [
                4.668954476781681,
                52.227395972948116
              ],
              [
                4.669376333329583,
                52.22763547746638
              ],
              [
                4.6698343919952965,
                52.22784843544938
              ],
              [
                4.670324241065385,
                52.22803279560353
              ],
              [
                4.670841162423547,
                52.22818678207654
              ],
              [
                4.671380177011787,
                52.228308911573784
              ],
              [
                4.671936092813079,
                52.228398007655684
              ],
              [
                4.672503554892234,
                52.22845321207751
              ],
              [
                4.673077097011519,
                52.22847399306261
              ],
              [
                4.673651194322237,
                52.22846015042848
              ],
              [
                4.674220316622978,
                52.2284118175167
              ],
              [
                4.6747789816696015,
                52.228329459907634
              ],
              [
                4.675321808021675,
                52.22821387093234
              ],
              [
                4.675453880708277,
                52.22817648223447
              ],
              [
                4.6759363342244695,
                52.22810535408116
              ],
              [
                4.676479154863372,
                52.22798975977103
              ],
              [
                4.677000907312453,
                52.227842047733226
              ],
              [
                4.677496565940965,
                52.227663640822904
              ],
              [
                4.677961356630094,
                52.227456257549534
              ],
              [
                4.67839080277553,
                52.2272218955131
              ],
              [
                4.678780768415567,
                52.226962812151434
              ],
              [
                4.679127498068865,
                52.22668150298426
              ],
              [
                4.679427652897866,
                52.22638067756435
              ],
              [
                4.679678342849858,
                52.22606323336804
              ],
              [
                4.679877154466585,
                52.22573222787712
              ],
              [
                4.680022174095525,
                52.22539084912101
              ],
              [
                4.680112006280508,
                52.22504238496443
              ],
              [
                4.680145787156052,
                52.224690191435485
              ],
              [
                4.68012319271814,
                52.22433766040046
              ],
              [
                4.6800444418936555,
                52.22398818689643
              ],
              [
                4.679981823963331,
                52.22382805706013
              ],
              [
                4.679976719968118,
                52.22380540658356
              ],
              [
                4.6798425735211495,
                52.22346235603713
              ],
              [
                4.679654323697497,
                52.22312903208532
              ],
              [
                4.679413784495609,
                52.222808644570414
              ],
              [
                4.67912327330853,
                52.22250427869185
              ],
              [
                4.678785588572733,
                52.22221886530618
              ],
              [
                4.6784039827925055,
                52.22195515271465
              ],
              [
                4.677982131200598,
                52.22171568021054
              ],
              [
                4.677524096357562,
                52.221502753639776
              ],
              [
                4.677034289030962,
                52.22131842321002
              ],
              [
                4.6765174257310465,
                52.22116446376102
              ],
              [
                4.67597848331132,
                52.2210423576859
              ],
              [
                4.675422651070328,
                52.220953280667295
              ],
              [
                4.674855280814743,
                52.220898090364955
              ],
              [
                4.674281835363172,
                52.220877318163794
              ],
              [
                4.673707835984907,
                52.22089116406139
              ],
              [
                4.673138809277945,
                52.22093949474352
              ],
              [
                4.6725802339959115,
                52.221021844867245
              ],
              [
                4.672037488334026,
                52.22113742153808
              ],
              [
                4.67151579817987,
                52.22128511193908
              ],
              [
                4.67102018682555,
                52.221463494038225
              ],
              [
                4.670650164005384,
                52.221628582787986
              ],
              [
                4.670426279967838,
                52.22169196082797
              ],
              [
                4.669930659737138,
                52.22187033832484
              ],
              [
                4.669465890229613,
                52.22207769023771
              ],
              [
                4.669036447013538,
                52.22231202003982
              ],
              [
                4.668646465700863,
                52.222571071410236
              ],
              [
                4.66829970212519,
                52.22285234994793
              ],
              [
                4.6679994961672095,
                52.22315314717842
              ],
              [
                4.667748739576091,
                52.22347056662309
              ],
              [
                4.667549848097227,
                52.2238015516798
              ],
              [
                4.6674611586481305,
                52.22401018953797
              ],
              [
                4.667489676686387,
                52.223713739535114
              ],
              [
                4.667467182896994,
                52.223361206205446
              ],
              [
                4.667388533111827,
                52.22301172438943
              ],
              [
                4.667254486056196,
                52.22266865968024
              ],
              [
                4.667066333866848,
                52.222335315796315
              ],
              [
                4.666825889602249,
                52.22201490277201
              ],
              [
                4.6665354697415085,
                52.2217105060526
              ]
            ]
          ]
        ]
      },
      "properties": {
        "type": "buffer_union_400m",
        "buffer_m": 400
      }
    },
    {
      "type": "Feature",
      "geometry": {
        "type": "Polygon",
        "coordinates": [
          [
            [
              4.5381537,
              52.1800847
            ],
            [
              4.5381476,
              52.1801128
            ],
            [
              4.5383016,
              52.1801595
            ],
            [
              4.5383207,
              52.180841
            ],
            [
              4.5382324,
              52.1808941
            ],
            [
              4.5382379,
              52.1809426
            ],
            [
              4.5384206,
              52.1810558
            ],
            [
              4.5385237,
              52.1811582
            ],
            [
              4.5391275,
              52.1817661
            ],
            [
              4.5391442,
              52.1817882
            ],
            [
              4.5392396,
              52.1819147
            ],
            [
              4.5393393,
              52.1820371
            ],
            [
              4.5394362,
              52.1821572
            ],
            [
              4.5395214,
              52.1822599
            ],
            [
              4.5395949,
              52.1823539
            ],
            [
              4.5396706,
              52.1824515
            ],
            [
              4.5397347,
              52.1825331
            ],
            [
              4.5397901,
              52.1826
            ],
            [
              4.5398556,
              52.1826816
            ],
            [
              4.5399044,
              52.1827399
            ],
            [
              4.5399598,
              52.1828068
            ],
            [
              4.540029,
              52.1828907
            ],
            [
              4.5400771,
              52.1829508
            ],
            [
              4.5401382,
              52.1830255
            ],
            [
              4.5401929,
              52.1830879
            ],
            [
              4.5403363,
              52.1832224
            ],
            [
              4.5403728,
              52.1832655
            ],
            [
              4.5404101,
              52.1833017
            ],
            [
              4.5405202,
              52.1834081
            ],
            [
              4.5404285,
              52.1835008
            ],
            [
              4.5403942,
              52.1835355
            ],
            [
              4.5403918,
              52.1835454
            ],
            [
              4.5403793,
              52.1835961
            ],
            [
              4.540406,
              52.1836835
            ],
            [
              4.5404334,
              52.1836778
            ],
            [
              4.5404878,
              52.1836644
            ],
            [
              4.5408246,
              52.1835706
            ],
            [
              4.540875,
              52.1836247
            ],
            [
              4.5409836,
              52.183743
            ],
            [
              4.5410125,
              52.183745
            ],
            [
              4.5410385,
              52.1837762
            ],
            [
              4.541127,
              52.1838825
            ],
            [
              4.5412443,
              52.1840233
            ],
            [
              4.5413534,
              52.1841682
            ],
            [
              4.5413391,
              52.1841724
            ],
            [
              4.5429328,
              52.1863528
            ],
            [
              4.5430158,
              52.1864549
            ],
            [
              4.5433379,
              52.1868512
            ],
            [
              4.5433133,
              52.1868601
            ],
            [
              4.5435446,
              52.1872612
            ],
            [
              4.543579,
              52.1873098
            ],
            [
              4.5436841,
              52.1874152
            ],
            [
              4.5437342,
              52.1874492
            ],
            [
              4.5436437,
              52.187447
            ],
            [
              4.5435262,
              52.1874533
            ],
            [
              4.5433765,
              52.187496
            ],
            [
              4.5432743,
              52.1875357
            ],
            [
              4.5431221,
              52.1875966
            ],
            [
              4.5430296,
              52.1876295
            ],
            [
              4.5429699,
              52.1876579
            ],
            [
              4.5429589,
              52.1877921
            ],
            [
              4.5429846,
              52.1880355
            ],
            [
              4.5429945,
              52.1880825
            ],
            [
              4.542995,
              52.188085
            ],
            [
              4.5430012,
              52.1881192
            ],
            [
              4.5430293,
              52.1881821
            ],
            [
              4.5444733,
              52.191418
            ],
            [
              4.5445195,
              52.1915215
            ],
            [
              4.5445302,
              52.1915454
            ],
            [
              4.5444918,
              52.1916974
            ],
            [
              4.5444963,
              52.1917845
            ],
            [
              4.5444976,
              52.1918079
            ],
            [
              4.544477,
              52.1920385
            ],
            [
              4.544478,
              52.1921056
            ],
            [
              4.5444808,
              52.1922174
            ],
            [
              4.5446396,
              52.1925431
            ],
            [
              4.5446996,
              52.1927085
            ],
            [
              4.54477,
              52.1929237
            ],
            [
              4.5447886,
              52.1929629
            ],
            [
              4.5448156,
              52.1930201
            ],
            [
              4.5448511,
              52.1930724
            ],
            [
              4.5448861,
              52.1931281
            ],
            [
              4.544926,
              52.1932435
            ],
            [
              4.5449552,
              52.1933916
            ],
            [
              4.5450003,
              52.1935719
            ],
            [
              4.544955,
              52.1935648
            ],
            [
              4.544943,
              52.193563
            ],
            [
              4.5449494,
              52.1936234
            ],
            [
              4.5450401,
              52.1939926
            ],
            [
              4.5452391,
              52.1944711
            ],
            [
              4.5454155,
              52.1948824
            ],
            [
              4.5454196,
              52.1949737
            ],
            [
              4.5455035,
              52.194979
            ],
            [
              4.5453889,
              52.1951219
            ],
            [
              4.5454383,
              52.1951285
            ],
            [
              4.5455398,
              52.195142
            ],
            [
              4.5457684,
              52.1958166
            ],
            [
              4.5459376,
              52.1963158
            ],
            [
              4.546247,
              52.1972021
            ],
            [
              4.5462075,
              52.197248
            ],
            [
              4.5461579,
              52.1973162
            ],
            [
              4.5463489,
              52.1978359
            ],
            [
              4.5467677,
              52.1989756
            ],
            [
              4.5468494,
              52.1989744
            ],
            [
              4.5493753,
              52.1989377
            ],
            [
              4.5492975,
              52.1983618
            ],
            [
              4.5515005,
              52.1983271
            ],
            [
              4.551977,
              52.1983433
            ],
            [
              4.55199,
              52.1982601
            ],
            [
              4.5531,
              52.1982756
            ],
            [
              4.5541296,
              52.198342
            ],
            [
              4.5540462,
              52.1975821
            ],
            [
              4.554146,
              52.1975864
            ],
            [
              4.5547469,
              52.197612
            ],
            [
              4.554832,
              52.1975987
            ],
            [
              4.554908,
              52.1975881
            ],
            [
              4.5550008,
              52.1975911
            ],
            [
              4.5550844,
              52.1975998
            ],
            [
              4.5552017,
              52.1976267
            ],
            [
              4.555315,
              52.1976364
            ],
            [
              4.5558111,
              52.1976647
            ],
            [
              4.5559988,
              52.1976725
            ],
            [
              4.5560245,
              52.1976738
            ],
            [
              4.5560347,
              52.1976744
            ],
            [
              4.5560767,
              52.1976766
            ],
            [
              4.5560823,
              52.1976769
            ],
            [
              4.5561301,
              52.1976794
            ],
            [
              4.5561631,
              52.1976814
            ],
            [
              4.5568447,
              52.197723
            ],
            [
              4.5571552,
              52.1977419
            ],
            [
              4.5569952,
              52.1978905
            ],
            [
              4.556903,
              52.1980119
            ],
            [
              4.5568009,
              52.1981202
            ],
            [
              4.5567651,
              52.1982171
            ],
            [
              4.5567386,
              52.1983202
            ],
            [
              4.55676,
              52.198408
            ],
            [
              4.5568082,
              52.1985023
            ],
            [
              4.556773,
              52.1986225
            ],
            [
              4.5567321,
              52.1986837
            ],
            [
              4.5566642,
              52.1988176
            ],
            [
              4.5565135,
              52.1988738
            ],
            [
              4.5563002,
              52.1989529
            ],
            [
              4.5559273,
              52.1990751
            ],
            [
              4.5557126,
              52.1991491
            ],
            [
              4.5555646,
              52.1992028
            ],
            [
              4.5555663,
              52.1993222
            ],
            [
              4.5555675,
              52.1994021
            ],
            [
              4.5555675,
              52.1994059
            ],
            [
              4.5554319,
              52.1994154
            ],
            [
              4.5554048,
              52.1994225
            ],
            [
              4.5553592,
              52.1994416
            ],
            [
              4.555322,
              52.1994681
            ],
            [
              4.5552751,
              52.1995167
            ],
            [
              4.5552554,
              52.1995371
            ],
            [
              4.5552223,
              52.1995763
            ],
            [
              4.5552006,
              52.1996123
            ],
            [
              4.5551967,
              52.1996547
            ],
            [
              4.5552171,
              52.1996666
            ],
            [
              4.5552692,
              52.1996972
            ],
            [
              4.555456,
              52.1997039
            ],
            [
              4.5555719,
              52.1997081
            ],
            [
              4.5555782,
              52.2001452
            ],
            [
              4.5562174,
              52.2002004
            ],
            [
              4.5562862,
              52.2002064
            ],
            [
              4.5567656,
              52.2002479
            ],
            [
              4.5567685,
              52.2002481
            ],
            [
              4.5574786,
              52.2003095
            ],
            [
              4.5596502,
              52.2004972
            ],
            [
              4.5595827,
              52.2015311
            ],
            [
              4.5595587,
              52.2018982
            ],
            [
              4.5595545,
              52.2019614
            ],
            [
              4.5600558,
              52.2022202
            ],
            [
              4.560823,
              52.2026162
            ],
            [
              4.5612213,
              52.2028279
            ],
            [
              4.5612341,
              52.2028985
            ],
            [
              4.5613336,
              52.2032175
            ],
            [
              4.5616847,
              52.2036353
            ],
            [
              4.5617027,
              52.2036536
            ],
            [
              4.5605213,
              52.2036583
            ],
            [
              4.5606601,
              52.2045999
            ],
            [
              4.5606865,
              52.204779
            ],
            [
              4.5606658,
              52.2047827
            ],
            [
              4.5606336,
              52.2047941
            ],
            [
              4.5605744,
              52.2048172
            ],
            [
              4.5604857,
              52.2048509
            ],
            [
              4.5604021,
              52.2048808
            ],
            [
              4.5603296,
              52.2049021
            ],
            [
              4.5602011,
              52.2049402
            ],
            [
              4.5600602,
              52.2049639
            ],
            [
              4.5599729,
              52.2049775
            ],
            [
              4.559828,
              52.2050004
            ],
            [
              4.5596581,
              52.2050313
            ],
            [
              4.5595524,
              52.2050549
            ],
            [
              4.5594859,
              52.2050752
            ],
            [
              4.5594477,
              52.2050875
            ],
            [
              4.5594142,
              52.2051034
            ],
            [
              4.5593635,
              52.2051187
            ],
            [
              4.5593049,
              52.2051385
            ],
            [
              4.5592156,
              52.2051754
            ],
            [
              4.559121,
              52.205212
            ],
            [
              4.5590217,
              52.2052491
            ],
            [
              4.5589789,
              52.2052638
            ],
            [
              4.5589116,
              52.2052813
            ],
            [
              4.5588411,
              52.205303
            ],
            [
              4.5588121,
              52.2053123
            ],
            [
              4.558749,
              52.2053366
            ],
            [
              4.5587056,
              52.2053526
            ],
            [
              4.5586603,
              52.2053723
            ],
            [
              4.558623,
              52.2053916
            ],
            [
              4.5586072,
              52.2053966
            ],
            [
              4.5585622,
              52.2054049
            ],
            [
              4.5585416,
              52.2054043
            ],
            [
              4.5585322,
              52.2054011
            ],
            [
              4.5584903,
              52.2053775
            ],
            [
              4.558468,
              52.2053651
            ],
            [
              4.55826,
              52.2054577
            ],
            [
              4.5582695,
              52.2057585
            ],
            [
              4.5582815,
              52.2061255
            ],
            [
              4.5582898,
              52.2063206
            ],
            [
              4.5582998,
              52.2065708
            ],
            [
              4.5581867,
              52.206637
            ],
            [
              4.5581665,
              52.2068341
            ],
            [
              4.5581301,
              52.2071815
            ],
            [
              4.5581005,
              52.2074877
            ],
            [
              4.5580692,
              52.2077821
            ],
            [
              4.5580432,
              52.2080572
            ],
            [
              4.5580336,
              52.2081582
            ],
            [
              4.5580063,
              52.2084513
            ],
            [
              4.5580907,
              52.208521
            ],
            [
              4.5580507,
              52.208539
            ],
            [
              4.5579656,
              52.2085159
            ],
            [
              4.55792,
              52.2085037
            ],
            [
              4.5578981,
              52.2085035
            ],
            [
              4.5578801,
              52.2085041
            ],
            [
              4.5578591,
              52.2085109
            ],
            [
              4.5578414,
              52.2085197
            ],
            [
              4.5578283,
              52.208528
            ],
            [
              4.5578207,
              52.2085407
            ],
            [
              4.5578191,
              52.2085546
            ],
            [
              4.5578277,
              52.2085746
            ],
            [
              4.5578458,
              52.2086038
            ],
            [
              4.5578773,
              52.2086328
            ],
            [
              4.5579002,
              52.208646
            ],
            [
              4.5579815,
              52.2086745
            ],
            [
              4.5580794,
              52.2087028
            ],
            [
              4.5581449,
              52.2087148
            ],
            [
              4.558229,
              52.2087289
            ],
            [
              4.5582895,
              52.2087018
            ],
            [
              4.5584599,
              52.2090891
            ],
            [
              4.5587376,
              52.2097365
            ],
            [
              4.5589546,
              52.2102416
            ],
            [
              4.5580137,
              52.2106934
            ],
            [
              4.5566298,
              52.21136
            ],
            [
              4.5557191,
              52.2118034
            ],
            [
              4.5555442,
              52.2118105
            ],
            [
              4.5553233,
              52.2118283
            ],
            [
              4.5551798,
              52.2118484
            ],
            [
              4.5550287,
              52.2118687
            ],
            [
              4.5549956,
              52.2118738
            ],
            [
              4.5549505,
              52.2118797
            ],
            [
              4.5549062,
              52.2118875
            ],
            [
              4.5548636,
              52.2118959
            ],
            [
              4.5548243,
              52.2119047
            ],
            [
              4.5547897,
              52.2119138
            ],
            [
              4.5547526,
              52.2119242
            ],
            [
              4.5546956,
              52.2119385
            ],
            [
              4.5546173,
              52.2119646
            ],
            [
              4.5545708,
              52.2119821
            ],
            [
              4.5545355,
              52.2119969
            ],
            [
              4.5544933,
              52.2120175
            ],
            [
              4.554441,
              52.2120509
            ],
            [
              4.5544038,
              52.2120764
            ],
            [
              4.5543742,
              52.2121016
            ],
            [
              4.5543439,
              52.2121326
            ],
            [
              4.554319,
              52.2121731
            ],
            [
              4.5543038,
              52.2122037
            ],
            [
              4.5542998,
              52.2122186
            ],
            [
              4.5542922,
              52.2122469
            ],
            [
              4.5542867,
              52.212275
            ],
            [
              4.5542849,
              52.212312
            ],
            [
              4.5542873,
              52.2123446
            ],
            [
              4.5542977,
              52.2123816
            ],
            [
              4.5543297,
              52.2124454
            ],
            [
              4.5543635,
              52.2125098
            ],
            [
              4.5543865,
              52.2125477
            ],
            [
              4.5544358,
              52.2126202
            ],
            [
              4.5544498,
              52.2126397
            ],
            [
              4.5545023,
              52.2127276
            ],
            [
              4.5545675,
              52.2128089
            ],
            [
              4.5546629,
              52.2130823
            ],
            [
              4.5547247,
              52.2132423
            ],
            [
              4.5547563,
              52.2133278
            ],
            [
              4.5548709,
              52.2135766
            ],
            [
              4.5551122,
              52.2137109
            ],
            [
              4.5552797,
              52.2138594
            ],
            [
              4.555469,
              52.2140092
            ],
            [
              4.5556577,
              52.2141648
            ],
            [
              4.555832,
              52.2143
            ],
            [
              4.5558698,
              52.214329
            ],
            [
              4.5558971,
              52.2143512
            ],
            [
              4.5559234,
              52.2143669
            ],
            [
              4.5562548,
              52.2145307
            ],
            [
              4.556315,
              52.2145582
            ],
            [
              4.5564119,
              52.2146084
            ],
            [
              4.5566741,
              52.214715
            ],
            [
              4.5569866,
              52.2145266
            ],
            [
              4.556988,
              52.2145258
            ],
            [
              4.5571954,
              52.2146559
            ],
            [
              4.5573925,
              52.2147565
            ],
            [
              4.557506,
              52.2148122
            ],
            [
              4.557604,
              52.2148699
            ],
            [
              4.5576667,
              52.2149084
            ],
            [
              4.557698,
              52.2149254
            ],
            [
              4.5577274,
              52.2149454
            ],
            [
              4.5577539,
              52.2149659
            ],
            [
              4.5577909,
              52.2150168
            ],
            [
              4.5578261,
              52.215067
            ],
            [
              4.5578493,
              52.215102
            ],
            [
              4.5578633,
              52.2151451
            ],
            [
              4.5578802,
              52.2152262
            ],
            [
              4.5578914,
              52.2153082
            ],
            [
              4.5578894,
              52.2153649
            ],
            [
              4.5578821,
              52.2154196
            ],
            [
              4.5578698,
              52.2154581
            ],
            [
              4.5578467,
              52.2155039
            ],
            [
              4.5578335,
              52.2155285
            ],
            [
              4.5577324,
              52.215617
            ],
            [
              4.5575986,
              52.2157348
            ],
            [
              4.5574923,
              52.215841
            ],
            [
              4.5574082,
              52.2159336
            ],
            [
              4.5572503,
              52.2161528
            ],
            [
              4.5572025,
              52.2162136
            ],
            [
              4.5571827,
              52.216256
            ],
            [
              4.5571617,
              52.2163034
            ],
            [
              4.5571558,
              52.2163541
            ],
            [
              4.5571573,
              52.2164272
            ],
            [
              4.5571663,
              52.2165039
            ],
            [
              4.5571798,
              52.2165649
            ],
            [
              4.5572141,
              52.2166434
            ],
            [
              4.5572282,
              52.2166827
            ],
            [
              4.5572705,
              52.2167816
            ],
            [
              4.5573244,
              52.2169212
            ],
            [
              4.5573653,
              52.2170316
            ],
            [
              4.557398,
              52.2171217
            ],
            [
              4.5574276,
              52.2171925
            ],
            [
              4.5574467,
              52.2172442
            ],
            [
              4.5574838,
              52.2173223
            ],
            [
              4.557559,
              52.2174652
            ],
            [
              4.5576124,
              52.2175418
            ],
            [
              4.5576444,
              52.217584
            ],
            [
              4.557684,
              52.2176335
            ],
            [
              4.5577483,
              52.2176991
            ],
            [
              4.5577858,
              52.2177433
            ],
            [
              4.5578464,
              52.2178226
            ],
            [
              4.557887,
              52.2178786
            ],
            [
              4.5579255,
              52.2179255
            ],
            [
              4.5579923,
              52.2179935
            ],
            [
              4.5580671,
              52.2181045
            ],
            [
              4.5581514,
              52.2182282
            ],
            [
              4.5582041,
              52.218303
            ],
            [
              4.5582438,
              52.2183836
            ],
            [
              4.5582715,
              52.218465
            ],
            [
              4.5583171,
              52.2185682
            ],
            [
              4.5583652,
              52.2186738
            ],
            [
              4.5583956,
              52.2187388
            ],
            [
              4.5584198,
              52.2187803
            ],
            [
              4.5584331,
              52.2187985
            ],
            [
              4.5590579,
              52.2187064
            ],
            [
              4.5602334,
              52.2185327
            ],
            [
              4.5604028,
              52.2185082
            ],
            [
              4.5612922,
              52.2183734
            ],
            [
              4.5615189,
              52.218339
            ],
            [
              4.5616027,
              52.2183263
            ],
            [
              4.5618033,
              52.218296
            ],
            [
              4.5637917,
              52.2179951
            ],
            [
              4.5655049,
              52.2177394
            ],
            [
              4.5660374,
              52.21766
            ],
            [
              4.5671274,
              52.2174907
            ],
            [
              4.5675568,
              52.2174272
            ],
            [
              4.5677443,
              52.2173987
            ],
            [
              4.5680086,
              52.2173585
            ],
            [
              4.568251,
              52.2173212
            ],
            [
              4.5686518,
              52.2172629
            ],
            [
              4.5692014,
              52.2171815
            ],
            [
              4.5695195,
              52.2171346
            ],
            [
              4.5702224,
              52.2170279
            ],
            [
              4.5702528,
              52.2170237
            ],
            [
              4.5703273,
              52.217019
            ],
            [
              4.5706724,
              52.2169918
            ],
            [
              4.5711016,
              52.2169698
            ],
            [
              4.5713523,
              52.2169594
            ],
            [
              4.5713963,
              52.2169589
            ],
            [
              4.5715655,
              52.2169589
            ],
            [
              4.5717689,
              52.2169648
            ],
            [
              4.5717888,
              52.2169654
            ],
            [
              4.5719383,
              52.2169718
            ],
            [
              4.5722933,
              52.2170085
            ],
            [
              4.5726309,
              52.2170499
            ],
            [
              4.5728292,
              52.2170775
            ],
            [
              4.5734091,
              52.2171665
            ],
            [
              4.5735615,
              52.2172115
            ],
            [
              4.5737453,
              52.2172549
            ],
            [
              4.573757,
              52.2172572
            ],
            [
              4.5793404,
              52.2183557
            ],
            [
              4.5815083,
              52.2187584
            ],
            [
              4.5817317,
              52.2187945
            ],
            [
              4.5818545,
              52.2188122
            ],
            [
              4.5820018,
              52.2188292
            ],
            [
              4.5822049,
              52.2188472
            ],
            [
              4.5823516,
              52.2188582
            ],
            [
              4.5823713,
              52.2188597
            ],
            [
              4.5824592,
              52.2188663
            ],
            [
              4.5826113,
              52.2188738
            ],
            [
              4.5828546,
              52.2188844
            ],
            [
              4.5830833,
              52.2188904
            ],
            [
              4.583194,
              52.2188893
            ],
            [
              4.5833568,
              52.218885
            ],
            [
              4.5835533,
              52.2188742
            ],
            [
              4.5836404,
              52.218866
            ],
            [
              4.5838923,
              52.2188393
            ],
            [
              4.5840908,
              52.2188084
            ],
            [
              4.5843542,
              52.218765
            ],
            [
              4.5850627,
              52.2186026
            ],
            [
              4.5854558,
              52.2185125
            ],
            [
              4.5970394,
              52.2158254
            ],
            [
              4.5974632,
              52.2157271
            ],
            [
              4.5977974,
              52.2156424
            ],
            [
              4.6003942,
              52.214984
            ],
            [
              4.6017076,
              52.2146511
            ],
            [
              4.6021376,
              52.214629
            ],
            [
              4.6026007,
              52.2145859
            ],
            [
              4.602731,
              52.2145661
            ],
            [
              4.6027617,
              52.2145583
            ],
            [
              4.6043695,
              52.2145676
            ],
            [
              4.6053349,
              52.2145732
            ],
            [
              4.606754,
              52.2145814
            ],
            [
              4.606908,
              52.2145795
            ],
            [
              4.6070411,
              52.2145779
            ],
            [
              4.607071,
              52.2145776
            ],
            [
              4.611695,
              52.2145338
            ],
            [
              4.6118994,
              52.2145319
            ],
            [
              4.6120686,
              52.2145303
            ],
            [
              4.6122122,
              52.2145289
            ],
            [
              4.6159441,
              52.2144934
            ],
            [
              4.6181498,
              52.2144684
            ],
            [
              4.6184714,
              52.2144766
            ],
            [
              4.6186663,
              52.2144892
            ],
            [
              4.6188488,
              52.2145066
            ],
            [
              4.6189957,
              52.2145186
            ],
            [
              4.6192818,
              52.214544
            ],
            [
              4.6194444,
              52.2145593
            ],
            [
              4.6195797,
              52.2145726
            ],
            [
              4.6196379,
              52.2145784
            ],
            [
              4.6198087,
              52.2145981
            ],
            [
              4.6198921,
              52.2146078
            ],
            [
              4.6199204,
              52.2146112
            ],
            [
              4.620005,
              52.2146215
            ],
            [
              4.6200053,
              52.2146216
            ],
            [
              4.6201133,
              52.214636
            ],
            [
              4.6202116,
              52.2146491
            ],
            [
              4.6204941,
              52.2146849
            ],
            [
              4.6205774,
              52.2146901
            ],
            [
              4.6207857,
              52.2147207
            ],
            [
              4.6210084,
              52.2147473
            ],
            [
              4.6211124,
              52.2147602
            ],
            [
              4.6212744,
              52.214784
            ],
            [
              4.6213027,
              52.2147885
            ],
            [
              4.6213666,
              52.2147987
            ],
            [
              4.6214344,
              52.2148068
            ],
            [
              4.6216044,
              52.2148272
            ],
            [
              4.6216877,
              52.2148353
            ],
            [
              4.6218779,
              52.2148538
            ],
            [
              4.6229274,
              52.2149732
            ],
            [
              4.6236959,
              52.2150604
            ],
            [
              4.6243336,
              52.2151311
            ],
            [
              4.6247706,
              52.2151816
            ],
            [
              4.625386,
              52.2152496
            ],
            [
              4.6258453,
              52.2153013
            ],
            [
              4.6259241,
              52.2153102
            ],
            [
              4.6260488,
              52.2153253
            ],
            [
              4.6263135,
              52.2153575
            ],
            [
              4.6265663,
              52.2153882
            ],
            [
              4.6267723,
              52.2154143
            ],
            [
              4.626773,
              52.2154144
            ],
            [
              4.6271744,
              52.2154652
            ],
            [
              4.6274716,
              52.2155029
            ],
            [
              4.6276974,
              52.2155305
            ],
            [
              4.6278624,
              52.2155506
            ],
            [
              4.6280438,
              52.2155781
            ],
            [
              4.6282145,
              52.2155952
            ],
            [
              4.6282638,
              52.2156002
            ],
            [
              4.6284689,
              52.2156094
            ],
            [
              4.6284917,
              52.2156127
            ],
            [
              4.6285498,
              52.2156198
            ],
            [
              4.6286934,
              52.2156406
            ],
            [
              4.6288584,
              52.2156626
            ],
            [
              4.6289134,
              52.215669
            ],
            [
              4.6290561,
              52.2156983
            ],
            [
              4.6292478,
              52.2157185
            ],
            [
              4.6294545,
              52.2157424
            ],
            [
              4.629676,
              52.2157708
            ],
            [
              4.6302344,
              52.2158321
            ],
            [
              4.6304414,
              52.2158589
            ],
            [
              4.6307127,
              52.2158803
            ],
            [
              4.6310116,
              52.2159124
            ],
            [
              4.6312365,
              52.2159398
            ],
            [
              4.6314098,
              52.2159691
            ],
            [
              4.6315296,
              52.2159964
            ],
            [
              4.6317313,
              52.2160134
            ],
            [
              4.6319774,
              52.2160464
            ],
            [
              4.6322245,
              52.2160943
            ],
            [
              4.6324565,
              52.2161426
            ],
            [
              4.6326345,
              52.2161843
            ],
            [
              4.6328048,
              52.2162327
            ],
            [
              4.6329372,
              52.2162703
            ],
            [
              4.6333658,
              52.21644
            ],
            [
              4.63337,
              52.2164417
            ],
            [
              4.6337947,
              52.2166186
            ],
            [
              4.6337954,
              52.2166189
            ],
            [
              4.6344366,
              52.2168689
            ],
            [
              4.6352781,
              52.2171929
            ],
            [
              4.6358013,
              52.2173964
            ],
            [
              4.6372812,
              52.2179581
            ],
            [
              4.6384983,
              52.2184524
            ],
            [
              4.6389706,
              52.2186643
            ],
            [
              4.6390916,
              52.2187186
            ],
            [
              4.6395099,
              52.2188812
            ],
            [
              4.6397455,
              52.2189728
            ],
            [
              4.6398704,
              52.2190214
            ],
            [
              4.6399952,
              52.21907
            ],
            [
              4.6401185,
              52.2191179
            ],
            [
              4.6402639,
              52.2191745
            ],
            [
              4.6403683,
              52.2192151
            ],
            [
              4.6404694,
              52.2192544
            ],
            [
              4.640486,
              52.2192607
            ],
            [
              4.6417153,
              52.2197309
            ],
            [
              4.6417297,
              52.2197406
            ],
            [
              4.6418133,
              52.2197943
            ],
            [
              4.6419047,
              52.2198284
            ],
            [
              4.6420514,
              52.2198835
            ],
            [
              4.6422324,
              52.2199344
            ],
            [
              4.6426377,
              52.2200709
            ],
            [
              4.6426347,
              52.2200749
            ],
            [
              4.6426543,
              52.2200813
            ],
            [
              4.6427331,
              52.2201084
            ],
            [
              4.6427191,
              52.2201231
            ],
            [
              4.642914,
              52.2201892
            ],
            [
              4.6432551,
              52.2203056
            ],
            [
              4.6432543,
              52.2203087
            ],
            [
              4.6434242,
              52.2203594
            ],
            [
              4.6437055,
              52.2204454
            ],
            [
              4.6437063,
              52.2204456
            ],
            [
              4.6442303,
              52.2206049
            ],
            [
              4.6445964,
              52.2206384
            ],
            [
              4.6447395,
              52.2206583
            ],
            [
              4.6449834,
              52.2206862
            ],
            [
              4.6452252,
              52.2207165
            ],
            [
              4.6453109,
              52.2207288
            ],
            [
              4.6455685,
              52.2207587
            ],
            [
              4.645716,
              52.2207837
            ],
            [
              4.6459668,
              52.2208332
            ],
            [
              4.6461959,
              52.2208798
            ],
            [
              4.6463734,
              52.2209152
            ],
            [
              4.6466099,
              52.2209697
            ],
            [
              4.6468752,
              52.2210798
            ],
            [
              4.6469262,
              52.221101
            ],
            [
              4.6471283,
              52.2211849
            ],
            [
              4.6473022,
              52.2212586
            ],
            [
              4.6473484,
              52.2212782
            ],
            [
              4.6473523,
              52.2212799
            ],
            [
              4.6474952,
              52.2213433
            ],
            [
              4.6476367,
              52.221406
            ],
            [
              4.6477896,
              52.2214685
            ],
            [
              4.6477999,
              52.2214727
            ],
            [
              4.648054,
              52.2215736
            ],
            [
              4.6480825,
              52.221585
            ],
            [
              4.6480847,
              52.2215858
            ],
            [
              4.648266,
              52.2216726
            ],
            [
              4.6483217,
              52.221696
            ],
            [
              4.6483519,
              52.2217087
            ],
            [
              4.6485402,
              52.2217879
            ],
            [
              4.6488265,
              52.2219031
            ],
            [
              4.6489419,
              52.2219517
            ],
            [
              4.6489999,
              52.2219788
            ],
            [
              4.6492893,
              52.2220888
            ],
            [
              4.6496226,
              52.2222292
            ],
            [
              4.6496582,
              52.2222442
            ],
            [
              4.6499009,
              52.2223469
            ],
            [
              4.6500538,
              52.2224133
            ],
            [
              4.6502725,
              52.2225081
            ],
            [
              4.6504117,
              52.2225697
            ],
            [
              4.6505126,
              52.2226143
            ],
            [
              4.6508035,
              52.222749
            ],
            [
              4.6508459,
              52.2227686
            ],
            [
              4.6512483,
              52.2229539
            ],
            [
              4.6517311,
              52.2231802
            ],
            [
              4.6517462,
              52.2231873
            ],
            [
              4.6519447,
              52.2232988
            ],
            [
              4.6522665,
              52.2234797
            ],
            [
              4.6524518,
              52.2235884
            ],
            [
              4.6527523,
              52.2237649
            ],
            [
              4.653246,
              52.2240307
            ],
            [
              4.6535572,
              52.2242029
            ],
            [
              4.6538538,
              52.2243457
            ],
            [
              4.6540984,
              52.2244593
            ],
            [
              4.6543303,
              52.2245556
            ],
            [
              4.6545673,
              52.2246475
            ],
            [
              4.6547887,
              52.2247311
            ],
            [
              4.6551266,
              52.2248602
            ],
            [
              4.6554498,
              52.2249829
            ],
            [
              4.6557942,
              52.225115
            ],
            [
              4.6561207,
              52.2252418
            ],
            [
              4.6564688,
              52.225372
            ],
            [
              4.6567343,
              52.2254765
            ],
            [
              4.6571477,
              52.225637
            ],
            [
              4.6574846,
              52.2257641
            ],
            [
              4.6575516,
              52.225788
            ],
            [
              4.6576686,
              52.2258299
            ],
            [
              4.6578732,
              52.2258995
            ],
            [
              4.6580399,
              52.2259554
            ],
            [
              4.6582601,
              52.2260286
            ],
            [
              4.6584738,
              52.2260983
            ],
            [
              4.6586141,
              52.2261401
            ],
            [
              4.6587648,
              52.2261818
            ],
            [
              4.6590113,
              52.2262468
            ],
            [
              4.659328,
              52.2263212
            ],
            [
              4.6595698,
              52.2263738
            ],
            [
              4.6600633,
              52.2264717
            ],
            [
              4.6607752,
              52.2266162
            ],
            [
              4.661461,
              52.226755
            ],
            [
              4.6622171,
              52.2269098
            ],
            [
              4.6630445,
              52.2270762
            ],
            [
              4.6635007,
              52.2271682
            ],
            [
              4.6638045,
              52.2272318
            ],
            [
              4.6638604,
              52.2272426
            ],
            [
              4.6638836,
              52.2272471
            ],
            [
              4.664004,
              52.2272712
            ],
            [
              4.6640222,
              52.2272749
            ],
            [
              4.664147,
              52.2273013
            ],
            [
              4.6641558,
              52.2273032
            ],
            [
              4.664222,
              52.2273192
            ],
            [
              4.6643008,
              52.2273406
            ],
            [
              4.6644632,
              52.2273846
            ],
            [
              4.664467,
              52.2273857
            ],
            [
              4.6645836,
              52.2274188
            ],
            [
              4.664589,
              52.2274203
            ],
            [
              4.6647063,
              52.2274573
            ],
            [
              4.6647175,
              52.2274609
            ],
            [
              4.6649106,
              52.227527
            ],
            [
              4.6649114,
              52.2275273
            ],
            [
              4.6650453,
              52.2275738
            ],
            [
              4.6651773,
              52.2276266
            ],
            [
              4.6652635,
              52.2276617
            ],
            [
              4.6653177,
              52.2276856
            ],
            [
              4.6653608,
              52.2277093
            ],
            [
              4.665437,
              52.2277516
            ],
            [
              4.6654971,
              52.2277869
            ],
            [
              4.6656508,
              52.2278783
            ],
            [
              4.6658473,
              52.2279964
            ],
            [
              4.6659156,
              52.2280375
            ],
            [
              4.6660299,
              52.228109
            ],
            [
              4.6665983,
              52.228467
            ],
            [
              4.6670074,
              52.2287218
            ],
            [
              4.6672107,
              52.2288513
            ],
            [
              4.6677412,
              52.2291841
            ],
            [
              4.6679133,
              52.2292914
            ],
            [
              4.6681287,
              52.2294466
            ],
            [
              4.6683168,
              52.2295636
            ],
            [
              4.6684189,
              52.2296227
            ],
            [
              4.6684473,
              52.2296373
            ],
            [
              4.6686839,
              52.2297594
            ],
            [
              4.6687371,
              52.22981
            ],
            [
              4.6688566,
              52.2299024
            ],
            [
              4.6688646,
              52.2299077
            ],
            [
              4.6691512,
              52.2300985
            ],
            [
              4.6692407,
              52.2301581
            ],
            [
              4.6695598,
              52.2303591
            ],
            [
              4.669618,
              52.2303977
            ],
            [
              4.6696631,
              52.2303595
            ],
            [
              4.6702368,
              52.2306912
            ],
            [
              4.6702553,
              52.2307019
            ],
            [
              4.6702663,
              52.2307083
            ],
            [
              4.6703482,
              52.2307558
            ],
            [
              4.6705721,
              52.230602
            ],
            [
              4.6708828,
              52.2303887
            ],
            [
              4.6712239,
              52.2301546
            ],
            [
              4.6716571,
              52.2298571
            ],
            [
              4.6719873,
              52.2296304
            ],
            [
              4.6723866,
              52.2293562
            ],
            [
              4.6727584,
              52.2291009
            ],
            [
              4.6733223,
              52.2287138
            ],
            [
              4.6735358,
              52.2285371
            ],
            [
              4.6738834,
              52.2282498
            ],
            [
              4.6741924,
              52.228001
            ],
            [
              4.6746907,
              52.2275943
            ],
            [
              4.6751743,
              52.2272032
            ],
            [
              4.6755774,
              52.2268413
            ],
            [
              4.6756746,
              52.2267619
            ],
            [
              4.6763406,
              52.2262182
            ],
            [
              4.6766991,
              52.2259255
            ],
            [
              4.6767194,
              52.2259349
            ],
            [
              4.6768741,
              52.2260064
            ],
            [
              4.6769226,
              52.2260365
            ],
            [
              4.6770363,
              52.226109
            ],
            [
              4.6770577,
              52.2261227
            ],
            [
              4.6779324,
              52.2263043
            ],
            [
              4.6781494,
              52.2263741
            ],
            [
              4.6797541,
              52.2265477
            ],
            [
              4.6799752,
              52.2267631
            ],
            [
              4.6812903,
              52.2266426
            ],
            [
              4.6825561,
              52.2265266
            ],
            [
              4.6828481,
              52.2264998
            ],
            [
              4.6828801,
              52.2263556
            ],
            [
              4.6830563,
              52.2263474
            ],
            [
              4.6832974,
              52.2263516
            ],
            [
              4.683622,
              52.2263537
            ],
            [
              4.6838214,
              52.2263598
            ],
            [
              4.6844257,
              52.2264076
            ],
            [
              4.6845017,
              52.2264104
            ],
            [
              4.6846359,
              52.226413
            ],
            [
              4.6848333,
              52.2264252
            ],
            [
              4.6850626,
              52.226445
            ],
            [
              4.6852896,
              52.2264672
            ],
            [
              4.6855648,
              52.2265064
            ],
            [
              4.6858109,
              52.2265411
            ],
            [
              4.6859599,
              52.2265648
            ],
            [
              4.6860612,
              52.2265859
            ],
            [
              4.6861511,
              52.2266101
            ],
            [
              4.6862106,
              52.2266335
            ],
            [
              4.6863016,
              52.2266725
            ],
            [
              4.6864086,
              52.2267269
            ],
            [
              4.6865371,
              52.2267953
            ],
            [
              4.6865855,
              52.2268278
            ],
            [
              4.686674,
              52.2268859
            ],
            [
              4.6868004,
              52.226977
            ],
            [
              4.6869113,
              52.2270561
            ],
            [
              4.6869657,
              52.2270907
            ],
            [
              4.6870317,
              52.2271125
            ],
            [
              4.6871039,
              52.2271245
            ],
            [
              4.6871828,
              52.2271296
            ],
            [
              4.6872631,
              52.2271211
            ],
            [
              4.6873095,
              52.2271047
            ],
            [
              4.687379,
              52.2271458
            ],
            [
              4.6876684,
              52.2273068
            ],
            [
              4.6881763,
              52.2275829
            ],
            [
              4.688684,
              52.2278748
            ],
            [
              4.6905803,
              52.2289611
            ],
            [
              4.6906591,
              52.2290062
            ],
            [
              4.6914627,
              52.229439
            ],
            [
              4.6919228,
              52.2296832
            ],
            [
              4.6926998,
              52.2301238
            ],
            [
              4.6933082,
              52.2304659
            ],
            [
              4.6936566,
              52.2306685
            ],
            [
              4.6938846,
              52.2307965
            ],
            [
              4.6939903,
              52.2308558
            ],
            [
              4.6942879,
              52.2310368
            ],
            [
              4.6945959,
              52.231211
            ],
            [
              4.6948116,
              52.2313354
            ],
            [
              4.6948905,
              52.2313765
            ],
            [
              4.6950349,
              52.2314518
            ],
            [
              4.6951901,
              52.2315414
            ],
            [
              4.6952997,
              52.2316047
            ],
            [
              4.6955386,
              52.2317368
            ],
            [
              4.6956797,
              52.2318132
            ],
            [
              4.6958393,
              52.2318939
            ],
            [
              4.6960312,
              52.2319992
            ],
            [
              4.6962442,
              52.2321093
            ],
            [
              4.6964942,
              52.2322165
            ],
            [
              4.696943,
              52.2323615
            ],
            [
              4.6973399,
              52.2324559
            ],
            [
              4.6982238,
              52.2326546
            ],
            [
              4.6991459,
              52.2328398
            ],
            [
              4.7002437,
              52.2330794
            ],
            [
              4.7003097,
              52.2330938
            ],
            [
              4.701267,
              52.233278
            ],
            [
              4.7017202,
              52.2333666
            ],
            [
              4.7020387,
              52.2334318
            ],
            [
              4.7026291,
              52.233549
            ],
            [
              4.7029126,
              52.2336075
            ],
            [
              4.7030179,
              52.2336292
            ],
            [
              4.7032863,
              52.2336953
            ],
            [
              4.7033526,
              52.2337111
            ],
            [
              4.7036062,
              52.2337659
            ],
            [
              4.7037143,
              52.2337892
            ],
            [
              4.7039674,
              52.2338203
            ],
            [
              4.7040758,
              52.2338333
            ],
            [
              4.7042553,
              52.2338434
            ],
            [
              4.7043525,
              52.2338426
            ],
            [
              4.7044281,
              52.2338421
            ],
            [
              4.7044645,
              52.2338397
            ],
            [
              4.7047072,
              52.2338243
            ],
            [
              4.704876,
              52.2338135
            ],
            [
              4.7056213,
              52.2337395
            ],
            [
              4.706352,
              52.2336669
            ],
            [
              4.7068426,
              52.2336307
            ],
            [
              4.7082247,
              52.2335303
            ],
            [
              4.7083983,
              52.2335177
            ],
            [
              4.7085967,
              52.2335033
            ],
            [
              4.7087899,
              52.2334893
            ],
            [
              4.7089944,
              52.2334744
            ],
            [
              4.7092224,
              52.2334559
            ],
            [
              4.7093511,
              52.2334455
            ],
            [
              4.7109261,
              52.2333178
            ],
            [
              4.7115532,
              52.2332669
            ],
            [
              4.7124499,
              52.2331942
            ],
            [
              4.7125959,
              52.2331824
            ],
            [
              4.7126854,
              52.2331751
            ],
            [
              4.7146157,
              52.2330342
            ],
            [
              4.7151449,
              52.2329921
            ],
            [
              4.7152921,
              52.2329803
            ],
            [
              4.7166855,
              52.2328693
            ],
            [
              4.7167666,
              52.2328626
            ],
            [
              4.7177397,
              52.2327822
            ],
            [
              4.7181454,
              52.2327486
            ],
            [
              4.7184787,
              52.2327211
            ],
            [
              4.7189674,
              52.2326808
            ],
            [
              4.7204573,
              52.232558
            ],
            [
              4.7209102,
              52.2325206
            ],
            [
              4.7232354,
              52.2323629
            ],
            [
              4.7236795,
              52.2323458
            ],
            [
              4.7237887,
              52.2323424
            ],
            [
              4.7239756,
              52.2323566
            ],
            [
              4.7240662,
              52.232371
            ],
            [
              4.7241546,
              52.2323713
            ],
            [
              4.7241483,
              52.2322346
            ],
            [
              4.7242254,
              52.2322286
            ],
            [
              4.7242813,
              52.2321086
            ],
            [
              4.7243087,
              52.2320043
            ],
            [
              4.7243196,
              52.2319629
            ],
            [
              4.7242478,
              52.2313837
            ],
            [
              4.7236997,
              52.2269606
            ],
            [
              4.7232858,
              52.223873
            ],
            [
              4.7231243,
              52.2225418
            ],
            [
              4.7230988,
              52.2223313
            ],
            [
              4.722924,
              52.2209774
            ],
            [
              4.7229048,
              52.2205449
            ],
            [
              4.7228967,
              52.2203639
            ],
            [
              4.7228969,
              52.2200807
            ],
            [
              4.7228971,
              52.2198254
            ],
            [
              4.7229188,
              52.2197368
            ],
            [
              4.7229625,
              52.2195591
            ],
            [
              4.7230723,
              52.2193051
            ],
            [
              4.723234,
              52.2189517
            ],
            [
              4.7234071,
              52.2186471
            ],
            [
              4.7236263,
              52.2182747
            ],
            [
              4.7236496,
              52.218235
            ],
            [
              4.7236745,
              52.2181848
            ],
            [
              4.7236845,
              52.218128
            ],
            [
              4.7236774,
              52.2180058
            ],
            [
              4.723605,
              52.2176373
            ],
            [
              4.7234193,
              52.2168623
            ],
            [
              4.723302,
              52.2163539
            ],
            [
              4.7237645,
              52.2165737
            ],
            [
              4.7237592,
              52.2164102
            ],
            [
              4.7237414,
              52.2162244
            ],
            [
              4.7237378,
              52.2161873
            ],
            [
              4.7237161,
              52.2159609
            ],
            [
              4.723688,
              52.2156689
            ],
            [
              4.723666,
              52.2154309
            ],
            [
              4.7236606,
              52.2153536
            ],
            [
              4.7236552,
              52.2152775
            ],
            [
              4.7236604,
              52.215227
            ],
            [
              4.7236768,
              52.2151764
            ],
            [
              4.7237353,
              52.2150678
            ],
            [
              4.7237956,
              52.2150004
            ],
            [
              4.7238531,
              52.2149514
            ],
            [
              4.7238989,
              52.2149183
            ],
            [
              4.7239471,
              52.2148835
            ],
            [
              4.7241176,
              52.2147755
            ],
            [
              4.7243244,
              52.2146462
            ],
            [
              4.7244026,
              52.2145868
            ],
            [
              4.7244299,
              52.2145516
            ],
            [
              4.7244561,
              52.2144823
            ],
            [
              4.7244654,
              52.2144445
            ],
            [
              4.7244837,
              52.2143343
            ],
            [
              4.7244899,
              52.2141891
            ],
            [
              4.7244887,
              52.2141485
            ],
            [
              4.7244753,
              52.2141
            ],
            [
              4.7244478,
              52.2140401
            ],
            [
              4.7244223,
              52.2139844
            ],
            [
              4.7244101,
              52.2139406
            ],
            [
              4.7243898,
              52.2138849
            ],
            [
              4.7243577,
              52.213799
            ],
            [
              4.7243358,
              52.2137373
            ],
            [
              4.7243037,
              52.2136513
            ],
            [
              4.7242903,
              52.2136086
            ],
            [
              4.7242753,
              52.2135524
            ],
            [
              4.7242841,
              52.2135208
            ],
            [
              4.7242878,
              52.2135156
            ],
            [
              4.7243095,
              52.2134984
            ],
            [
              4.7243437,
              52.2134765
            ],
            [
              4.7243958,
              52.2134489
            ],
            [
              4.7244368,
              52.2134293
            ],
            [
              4.7244695,
              52.2134096
            ],
            [
              4.7245198,
              52.2133803
            ],
            [
              4.7245877,
              52.2133409
            ],
            [
              4.7246654,
              52.2132951
            ],
            [
              4.7246685,
              52.2132932
            ],
            [
              4.7246553,
              52.2132853
            ],
            [
              4.7243233,
              52.2130704
            ],
            [
              4.7242966,
              52.2130531
            ],
            [
              4.7243163,
              52.2130422
            ],
            [
              4.7244474,
              52.2129044
            ],
            [
              4.7244704,
              52.2128891
            ],
            [
              4.724487,
              52.212865
            ],
            [
              4.7244975,
              52.2128388
            ],
            [
              4.7244982,
              52.2128141
            ],
            [
              4.7244874,
              52.2127814
            ],
            [
              4.7244855,
              52.2127794
            ],
            [
              4.7244606,
              52.2127514
            ],
            [
              4.7246529,
              52.2126353
            ],
            [
              4.7246558,
              52.2126336
            ],
            [
              4.7248541,
              52.2125139
            ],
            [
              4.7251041,
              52.212363
            ],
            [
              4.7252319,
              52.2122858
            ],
            [
              4.7251931,
              52.2122537
            ],
            [
              4.7254316,
              52.2121275
            ],
            [
              4.7254447,
              52.2120906
            ],
            [
              4.7254889,
              52.2120674
            ],
            [
              4.7258733,
              52.2118657
            ],
            [
              4.726109,
              52.2117436
            ],
            [
              4.7263291,
              52.2116295
            ],
            [
              4.7272991,
              52.2111311
            ],
            [
              4.727604,
              52.2111057
            ],
            [
              4.7279708,
              52.2109649
            ],
            [
              4.7281976,
              52.2108651
            ],
            [
              4.7288137,
              52.2105843
            ],
            [
              4.7289106,
              52.2105402
            ],
            [
              4.7295626,
              52.2102711
            ],
            [
              4.7297032,
              52.2102144
            ],
            [
              4.7295701,
              52.2101279
            ],
            [
              4.7294557,
              52.2100535
            ],
            [
              4.7292451,
              52.2102091
            ],
            [
              4.7290571,
              52.2100745
            ],
            [
              4.7289822,
              52.210064
            ],
            [
              4.7289494,
              52.2100391
            ],
            [
              4.7289091,
              52.2099907
            ],
            [
              4.728902,
              52.2099821
            ],
            [
              4.7288769,
              52.2099519
            ],
            [
              4.728824,
              52.2098884
            ],
            [
              4.728766,
              52.2098188
            ],
            [
              4.728474,
              52.209928
            ],
            [
              4.7282135,
              52.2100215
            ],
            [
              4.727792,
              52.2101775
            ],
            [
              4.7272376,
              52.2103972
            ],
            [
              4.7270774,
              52.2105537
            ],
            [
              4.7268464,
              52.2107404
            ],
            [
              4.7265132,
              52.2109573
            ],
            [
              4.7264687,
              52.2110199
            ],
            [
              4.7261981,
              52.211133
            ],
            [
              4.7253345,
              52.21151
            ],
            [
              4.725243,
              52.2114143
            ],
            [
              4.7252315,
              52.2114024
            ],
            [
              4.7252207,
              52.2113899
            ],
            [
              4.7252033,
              52.2113699
            ],
            [
              4.7251801,
              52.2113432
            ],
            [
              4.7251697,
              52.2113313
            ],
            [
              4.7251678,
              52.2113217
            ],
            [
              4.7251572,
              52.2112689
            ],
            [
              4.7251567,
              52.2112664
            ],
            [
              4.7251211,
              52.2110884
            ],
            [
              4.7249197,
              52.2109659
            ],
            [
              4.7246994,
              52.2108726
            ],
            [
              4.7245301,
              52.2108008
            ],
            [
              4.7238905,
              52.2109358
            ],
            [
              4.7238697,
              52.211155
            ],
            [
              4.7237542,
              52.2112019
            ],
            [
              4.7237843,
              52.2114349
            ],
            [
              4.7236449,
              52.2114628
            ],
            [
              4.7235919,
              52.2116164
            ],
            [
              4.7235601,
              52.211524
            ],
            [
              4.723278,
              52.2107035
            ],
            [
              4.7232247,
              52.2105266
            ],
            [
              4.7229707,
              52.2096203
            ],
            [
              4.722911,
              52.209481
            ],
            [
              4.7229079,
              52.2093963
            ],
            [
              4.7228604,
              52.2092146
            ],
            [
              4.7225478,
              52.2080956
            ],
            [
              4.7224977,
              52.2079258
            ],
            [
              4.7221805,
              52.2067957
            ],
            [
              4.72213,
              52.2066134
            ],
            [
              4.7218984,
              52.2057522
            ],
            [
              4.7218259,
              52.2054825
            ],
            [
              4.7217802,
              52.2053023
            ],
            [
              4.721481,
              52.2041682
            ],
            [
              4.7214297,
              52.2039842
            ],
            [
              4.7211264,
              52.2028553
            ],
            [
              4.7208725,
              52.2017191
            ],
            [
              4.7208654,
              52.2016872
            ],
            [
              4.7208074,
              52.201428
            ],
            [
              4.7208022,
              52.2014043
            ],
            [
              4.7207822,
              52.2013151
            ],
            [
              4.7207745,
              52.2012765
            ],
            [
              4.7205029,
              52.2014191
            ],
            [
              4.7204787,
              52.2014305
            ],
            [
              4.7204545,
              52.2014361
            ],
            [
              4.7203671,
              52.2014461
            ],
            [
              4.7199905,
              52.2016186
            ],
            [
              4.7198116,
              52.2016673
            ],
            [
              4.718557,
              52.2020085
            ],
            [
              4.7172554,
              52.2023622
            ],
            [
              4.7172556,
              52.2023628
            ],
            [
              4.7167866,
              52.2024843
            ],
            [
              4.7166081,
              52.2025306
            ],
            [
              4.7161751,
              52.2026582
            ],
            [
              4.7159599,
              52.2027216
            ],
            [
              4.7153867,
              52.2028888
            ],
            [
              4.7150272,
              52.2029756
            ],
            [
              4.7144004,
              52.2031269
            ],
            [
              4.7136545,
              52.2033208
            ],
            [
              4.7133833,
              52.2034014
            ],
            [
              4.7132791,
              52.2034358
            ],
            [
              4.7129372,
              52.2035487
            ],
            [
              4.7121518,
              52.2037886
            ],
            [
              4.7116786,
              52.2039268
            ],
            [
              4.7114512,
              52.2039932
            ],
            [
              4.7112922,
              52.2040401
            ],
            [
              4.7108147,
              52.2041809
            ],
            [
              4.710434,
              52.2042901
            ],
            [
              4.7103014,
              52.204328
            ],
            [
              4.7101678,
              52.2043661
            ],
            [
              4.7101037,
              52.2043845
            ],
            [
              4.7098126,
              52.2044689
            ],
            [
              4.7096584,
              52.2045071
            ],
            [
              4.7094711,
              52.2045535
            ],
            [
              4.7090863,
              52.2046423
            ],
            [
              4.7088155,
              52.2046984
            ],
            [
              4.7088023,
              52.2047011
            ],
            [
              4.708495,
              52.2047767
            ],
            [
              4.7081827,
              52.204867
            ],
            [
              4.7079369,
              52.2049451
            ],
            [
              4.7077196,
              52.205028
            ],
            [
              4.7077089,
              52.2050372
            ],
            [
              4.7076937,
              52.205046
            ],
            [
              4.7076658,
              52.2050524
            ],
            [
              4.707597,
              52.2049422
            ],
            [
              4.7075732,
              52.2048907
            ],
            [
              4.7075605,
              52.2048587
            ],
            [
              4.7075459,
              52.2048048
            ],
            [
              4.7075303,
              52.2047558
            ],
            [
              4.7075204,
              52.2047083
            ],
            [
              4.7075082,
              52.2044861
            ],
            [
              4.7074751,
              52.2042273
            ],
            [
              4.7074276,
              52.2041488
            ],
            [
              4.706969,
              52.2035757
            ],
            [
              4.7061192,
              52.202508
            ],
            [
              4.7055736,
              52.2018347
            ],
            [
              4.705529,
              52.2017811
            ],
            [
              4.7047586,
              52.2008398
            ],
            [
              4.7035843,
              52.1993982
            ],
            [
              4.7025317,
              52.1980984
            ],
            [
              4.7022506,
              52.1977514
            ],
            [
              4.6995626,
              52.1944326
            ],
            [
              4.6990427,
              52.1937906
            ],
            [
              4.6959195,
              52.1899337
            ],
            [
              4.6959019,
              52.1899109
            ],
            [
              4.6956304,
              52.1895604
            ],
            [
              4.6955948,
              52.1895144
            ],
            [
              4.695316,
              52.1891545
            ],
            [
              4.6950265,
              52.1893141
            ],
            [
              4.6932024,
              52.1903356
            ],
            [
              4.692307,
              52.1908498
            ],
            [
              4.6909494,
              52.1916194
            ],
            [
              4.6908307,
              52.191674
            ],
            [
              4.690681,
              52.1917262
            ],
            [
              4.6905357,
              52.1917701
            ],
            [
              4.6904133,
              52.1917951
            ],
            [
              4.6902157,
              52.1918255
            ],
            [
              4.6889412,
              52.1919314
            ],
            [
              4.6889312,
              52.1918902
            ],
            [
              4.6889282,
              52.191878
            ],
            [
              4.6889263,
              52.1918703
            ],
            [
              4.6888466,
              52.1915418
            ],
            [
              4.6885004,
              52.1904705
            ],
            [
              4.6884318,
              52.190275
            ],
            [
              4.6880967,
              52.1892077
            ],
            [
              4.6871357,
              52.1861847
            ],
            [
              4.6869666,
              52.1856729
            ],
            [
              4.6858953,
              52.1822935
            ],
            [
              4.6843529,
              52.1774535
            ],
            [
              4.6839329,
              52.1760453
            ],
            [
              4.6838935,
              52.1759132
            ],
            [
              4.6838903,
              52.1759023
            ],
            [
              4.6836507,
              52.1751732
            ],
            [
              4.6832802,
              52.1740056
            ],
            [
              4.6829733,
              52.1730515
            ],
            [
              4.6816591,
              52.1689144
            ],
            [
              4.6816208,
              52.168761
            ],
            [
              4.6815144,
              52.168451
            ],
            [
              4.6815046,
              52.1684204
            ],
            [
              4.6815031,
              52.1684159
            ],
            [
              4.6814233,
              52.1681788
            ],
            [
              4.6814094,
              52.1681418
            ],
            [
              4.6814067,
              52.1681338
            ],
            [
              4.6812953,
              52.1678091
            ],
            [
              4.6812094,
              52.1675042
            ],
            [
              4.6809324,
              52.1665412
            ],
            [
              4.6798423,
              52.1627497
            ],
            [
              4.6798411,
              52.1627454
            ],
            [
              4.67979,
              52.1627443
            ],
            [
              4.6791997,
              52.1627315
            ],
            [
              4.6791839,
              52.1627312
            ],
            [
              4.678554,
              52.1627175
            ],
            [
              4.6779078,
              52.1627035
            ],
            [
              4.6773452,
              52.1626913
            ],
            [
              4.6772692,
              52.1626897
            ],
            [
              4.6766342,
              52.1626759
            ],
            [
              4.6761279,
              52.1626649
            ],
            [
              4.6753658,
              52.1626484
            ],
            [
              4.674191,
              52.1626229
            ],
            [
              4.6736901,
              52.162612
            ],
            [
              4.6730789,
              52.1625987
            ],
            [
              4.6730157,
              52.1625974
            ],
            [
              4.6724755,
              52.1625856
            ],
            [
              4.6718626,
              52.1625723
            ],
            [
              4.6718345,
              52.1625717
            ],
            [
              4.6712418,
              52.1625588
            ],
            [
              4.6710605,
              52.1625549
            ],
            [
              4.6706318,
              52.1625456
            ],
            [
              4.6706272,
              52.1625455
            ],
            [
              4.670034,
              52.1625326
            ],
            [
              4.6694277,
              52.1625194
            ],
            [
              4.6688102,
              52.1625059
            ],
            [
              4.6682021,
              52.1624927
            ],
            [
              4.6666257,
              52.1624584
            ],
            [
              4.6663388,
              52.1624522
            ],
            [
              4.6657404,
              52.1624424
            ],
            [
              4.6657199,
              52.1624421
            ],
            [
              4.6647033,
              52.1624192
            ],
            [
              4.6605695,
              52.1623288
            ],
            [
              4.6603133,
              52.1623232
            ],
            [
              4.6564502,
              52.1622385
            ],
            [
              4.6551027,
              52.162209
            ],
            [
              4.6550445,
              52.1622077
            ],
            [
              4.6491463,
              52.1620849
            ],
            [
              4.6444771,
              52.1619854
            ],
            [
              4.6442906,
              52.1619825
            ],
            [
              4.6441465,
              52.1619802
            ],
            [
              4.643814,
              52.161975
            ],
            [
              4.6431523,
              52.1619647
            ],
            [
              4.6426656,
              52.1619542
            ],
            [
              4.6426487,
              52.1619539
            ],
            [
              4.6426067,
              52.161953
            ],
            [
              4.6425458,
              52.161947
            ],
            [
              4.6425098,
              52.1619435
            ],
            [
              4.6419087,
              52.161885
            ],
            [
              4.6418919,
              52.1618834
            ],
            [
              4.6418567,
              52.1618781
            ],
            [
              4.6418408,
              52.1618757
            ],
            [
              4.6417704,
              52.161865
            ],
            [
              4.6414188,
              52.161804
            ],
            [
              4.6411975,
              52.1617655
            ],
            [
              4.6411872,
              52.1617639
            ],
            [
              4.6411843,
              52.1617634
            ],
            [
              4.6411035,
              52.1617535
            ],
            [
              4.6406951,
              52.1617037
            ],
            [
              4.6403242,
              52.1616585
            ],
            [
              4.6402733,
              52.1616578
            ],
            [
              4.640261,
              52.1616576
            ],
            [
              4.6402469,
              52.161656
            ],
            [
              4.6401907,
              52.1616495
            ],
            [
              4.6401795,
              52.1616482
            ],
            [
              4.6401713,
              52.1616473
            ],
            [
              4.6401313,
              52.1616427
            ],
            [
              4.6400386,
              52.161632
            ],
            [
              4.6398719,
              52.1616098
            ],
            [
              4.6378454,
              52.1613405
            ],
            [
              4.6375313,
              52.1612987
            ],
            [
              4.6374875,
              52.1612929
            ],
            [
              4.6372095,
              52.1612516
            ],
            [
              4.6367017,
              52.1611762
            ],
            [
              4.6362196,
              52.1611046
            ],
            [
              4.635857,
              52.1610508
            ],
            [
              4.6355203,
              52.1610008
            ],
            [
              4.6350499,
              52.1609309
            ],
            [
              4.634982,
              52.1609208
            ],
            [
              4.6349329,
              52.1609135
            ],
            [
              4.6343789,
              52.1608312
            ],
            [
              4.6339553,
              52.1607683
            ],
            [
              4.6335398,
              52.1607066
            ],
            [
              4.6327475,
              52.1605988
            ],
            [
              4.6319287,
              52.1604924
            ],
            [
              4.6314479,
              52.1604299
            ],
            [
              4.6309725,
              52.1603681
            ],
            [
              4.6305737,
              52.1603163
            ],
            [
              4.6301738,
              52.1602643
            ],
            [
              4.62974,
              52.1602079
            ],
            [
              4.6293047,
              52.1601513
            ],
            [
              4.6286768,
              52.1600664
            ],
            [
              4.6285415,
              52.1600481
            ],
            [
              4.6282325,
              52.1600063
            ],
            [
              4.6277559,
              52.1599419
            ],
            [
              4.627325,
              52.1598837
            ],
            [
              4.6272596,
              52.1598748
            ],
            [
              4.6271585,
              52.1598611
            ],
            [
              4.6268547,
              52.1598179
            ],
            [
              4.6263849,
              52.1597511
            ],
            [
              4.6258875,
              52.1596804
            ],
            [
              4.6258563,
              52.1596759
            ],
            [
              4.6254197,
              52.1596138
            ],
            [
              4.6247291,
              52.1595156
            ],
            [
              4.6240518,
              52.1594192
            ],
            [
              4.623502,
              52.159341
            ],
            [
              4.6235017,
              52.159341
            ],
            [
              4.6227458,
              52.1592334
            ],
            [
              4.6227202,
              52.1592298
            ],
            [
              4.6221294,
              52.1591463
            ],
            [
              4.6216046,
              52.1590721
            ],
            [
              4.621134,
              52.1590055
            ],
            [
              4.6207831,
              52.1589558
            ],
            [
              4.6207812,
              52.1589555
            ],
            [
              4.6190326,
              52.1587078
            ],
            [
              4.6189856,
              52.1587325
            ],
            [
              4.6189842,
              52.1587332
            ],
            [
              4.6189399,
              52.1587433
            ],
            [
              4.6188906,
              52.1587448
            ],
            [
              4.6188192,
              52.1587381
            ],
            [
              4.6186806,
              52.158717
            ],
            [
              4.6182646,
              52.158654
            ],
            [
              4.6176225,
              52.1585605
            ],
            [
              4.6172722,
              52.1585138
            ],
            [
              4.6166512,
              52.158433
            ],
            [
              4.6162146,
              52.1583607
            ],
            [
              4.6151605,
              52.158224
            ],
            [
              4.61492,
              52.1581866
            ],
            [
              4.614827,
              52.1581745
            ],
            [
              4.613592,
              52.1579958
            ],
            [
              4.6119953,
              52.1577848
            ],
            [
              4.611971,
              52.157781
            ],
            [
              4.6107786,
              52.1575918
            ],
            [
              4.6098327,
              52.1574892
            ],
            [
              4.6085632,
              52.1573119
            ],
            [
              4.6083197,
              52.1572707
            ],
            [
              4.607958,
              52.157221
            ],
            [
              4.6078013,
              52.1571994
            ],
            [
              4.6076039,
              52.1571836
            ],
            [
              4.6074742,
              52.1571732
            ],
            [
              4.6073662,
              52.1571654
            ],
            [
              4.6072939,
              52.1571601
            ],
            [
              4.6071724,
              52.1571307
            ],
            [
              4.6068522,
              52.1570738
            ],
            [
              4.6068423,
              52.157055
            ],
            [
              4.6065724,
              52.1570247
            ],
            [
              4.6055774,
              52.1568865
            ],
            [
              4.6053189,
              52.1568497
            ],
            [
              4.6052146,
              52.1568348
            ],
            [
              4.6048222,
              52.156779
            ],
            [
              4.6041766,
              52.1566861
            ],
            [
              4.6036388,
              52.1566088
            ],
            [
              4.6026338,
              52.1564586
            ],
            [
              4.6024945,
              52.1564412
            ],
            [
              4.6012214,
              52.1562823
            ],
            [
              4.6011877,
              52.1562775
            ],
            [
              4.5997281,
              52.1560723
            ],
            [
              4.598923,
              52.1559584
            ],
            [
              4.5978906,
              52.1558123
            ],
            [
              4.5973658,
              52.1557381
            ],
            [
              4.5973383,
              52.1557342
            ],
            [
              4.5968256,
              52.1556647
            ],
            [
              4.5963968,
              52.1556066
            ],
            [
              4.5958703,
              52.1555352
            ],
            [
              4.594878,
              52.1553959
            ],
            [
              4.5947651,
              52.1553801
            ],
            [
              4.5945604,
              52.1553513
            ],
            [
              4.5931842,
              52.1551581
            ],
            [
              4.5923052,
              52.15503
            ],
            [
              4.5915621,
              52.1549216
            ],
            [
              4.5915414,
              52.1549186
            ],
            [
              4.5904289,
              52.1547564
            ],
            [
              4.5899615,
              52.1546882
            ],
            [
              4.5895131,
              52.1546228
            ],
            [
              4.5892342,
              52.1545822
            ],
            [
              4.5888141,
              52.1545209
            ],
            [
              4.5885076,
              52.1544762
            ],
            [
              4.5883937,
              52.1544596
            ],
            [
              4.588157,
              52.1544251
            ],
            [
              4.5880511,
              52.1544096
            ],
            [
              4.5879088,
              52.1543895
            ],
            [
              4.5873699,
              52.1543134
            ],
            [
              4.5868762,
              52.1542437
            ],
            [
              4.5861044,
              52.1541346
            ],
            [
              4.5854014,
              52.1540353
            ],
            [
              4.5853197,
              52.1540238
            ],
            [
              4.5844718,
              52.153898
            ],
            [
              4.5840875,
              52.153841
            ],
            [
              4.5831405,
              52.1537117
            ],
            [
              4.5825673,
              52.1536335
            ],
            [
              4.582351,
              52.1536039
            ],
            [
              4.581938,
              52.1535458
            ],
            [
              4.580984,
              52.1534116
            ],
            [
              4.5809625,
              52.1534086
            ],
            [
              4.5807613,
              52.1533802
            ],
            [
              4.5805655,
              52.1533526
            ],
            [
              4.5801374,
              52.1532922
            ],
            [
              4.5800808,
              52.1532842
            ],
            [
              4.5800025,
              52.1532732
            ],
            [
              4.5799699,
              52.1532686
            ],
            [
              4.5792235,
              52.1531656
            ],
            [
              4.5785259,
              52.1530694
            ],
            [
              4.5780435,
              52.1530029
            ],
            [
              4.5771798,
              52.1528743
            ],
            [
              4.576565,
              52.1527827
            ],
            [
              4.5757673,
              52.15268
            ],
            [
              4.5757546,
              52.1526784
            ],
            [
              4.5754507,
              52.1526392
            ],
            [
              4.57522,
              52.1526077
            ],
            [
              4.5743773,
              52.1524925
            ],
            [
              4.5739288,
              52.1524264
            ],
            [
              4.57392,
              52.1524251
            ],
            [
              4.5736542,
              52.1523854
            ],
            [
              4.5732624,
              52.1523268
            ],
            [
              4.5727367,
              52.1522485
            ],
            [
              4.5727126,
              52.1522516
            ],
            [
              4.5726793,
              52.1522561
            ],
            [
              4.5726155,
              52.1522731
            ],
            [
              4.572566,
              52.1523026
            ],
            [
              4.5723342,
              52.1524838
            ],
            [
              4.5721477,
              52.1526206
            ],
            [
              4.5721422,
              52.1526247
            ],
            [
              4.5721267,
              52.152636
            ],
            [
              4.5718749,
              52.1528278
            ],
            [
              4.5716227,
              52.1530078
            ],
            [
              4.5715021,
              52.1530939
            ],
            [
              4.5714809,
              52.153109
            ],
            [
              4.5706058,
              52.1537489
            ],
            [
              4.5701132,
              52.1541476
            ],
            [
              4.566999,
              52.1565277
            ],
            [
              4.5664237,
              52.157003
            ],
            [
              4.5661449,
              52.1572068
            ],
            [
              4.5657107,
              52.1575759
            ],
            [
              4.5648907,
              52.1581832
            ],
            [
              4.5636571,
              52.1591612
            ],
            [
              4.5627686,
              52.1598211
            ],
            [
              4.5625351,
              52.15998
            ],
            [
              4.5622269,
              52.1602334
            ],
            [
              4.5616339,
              52.1608191
            ],
            [
              4.561804,
              52.1609209
            ],
            [
              4.5620385,
              52.1610245
            ],
            [
              4.5622142,
              52.1610844
            ],
            [
              4.5625355,
              52.1612144
            ],
            [
              4.5627132,
              52.1612498
            ],
            [
              4.5625196,
              52.1614544
            ],
            [
              4.562505,
              52.1614487
            ],
            [
              4.5610277,
              52.1630373
            ],
            [
              4.5605315,
              52.1630934
            ],
            [
              4.5606309,
              52.1633285
            ],
            [
              4.5606972,
              52.1634196
            ],
            [
              4.5607213,
              52.1635956
            ],
            [
              4.5606924,
              52.1637264
            ],
            [
              4.5609103,
              52.1639867
            ],
            [
              4.5604902,
              52.1641301
            ],
            [
              4.5611698,
              52.164872
            ],
            [
              4.5622041,
              52.1659297
            ],
            [
              4.5623999,
              52.1661189
            ],
            [
              4.5614634,
              52.166463
            ],
            [
              4.5607661,
              52.1667192
            ],
            [
              4.5606293,
              52.1667694
            ],
            [
              4.5605924,
              52.166783
            ],
            [
              4.5604638,
              52.1666529
            ],
            [
              4.5603903,
              52.1665786
            ],
            [
              4.560372,
              52.1665601
            ],
            [
              4.5603536,
              52.1665415
            ],
            [
              4.5603247,
              52.1665123
            ],
            [
              4.5603026,
              52.1664899
            ],
            [
              4.5602587,
              52.1664456
            ],
            [
              4.5602512,
              52.166438
            ],
            [
              4.5602141,
              52.1664009
            ],
            [
              4.5601768,
              52.166364
            ],
            [
              4.5601388,
              52.1663273
            ],
            [
              4.5601003,
              52.1662908
            ],
            [
              4.5600608,
              52.1662547
            ],
            [
              4.5600389,
              52.1662353
            ],
            [
              4.5600204,
              52.166219
            ],
            [
              4.5599789,
              52.1661838
            ],
            [
              4.5599361,
              52.1661492
            ],
            [
              4.5598921,
              52.1661151
            ],
            [
              4.5598469,
              52.1660817
            ],
            [
              4.5598163,
              52.16606
            ],
            [
              4.5598005,
              52.1660489
            ],
            [
              4.559753,
              52.1660167
            ],
            [
              4.5597043,
              52.1659851
            ],
            [
              4.5596545,
              52.1659542
            ],
            [
              4.5596037,
              52.165924
            ],
            [
              4.5595517,
              52.1658945
            ],
            [
              4.5594988,
              52.1658657
            ],
            [
              4.5594448,
              52.1658376
            ],
            [
              4.5593898,
              52.1658102
            ],
            [
              4.5593339,
              52.1657836
            ],
            [
              4.559277,
              52.1657577
            ],
            [
              4.5592192,
              52.1657326
            ],
            [
              4.5591605,
              52.1657083
            ],
            [
              4.559101,
              52.1656848
            ],
            [
              4.5590407,
              52.1656621
            ],
            [
              4.5589796,
              52.1656403
            ],
            [
              4.5589177,
              52.1656192
            ],
            [
              4.5588552,
              52.1655988
            ],
            [
              4.5587902,
              52.1655783
            ],
            [
              4.5587289,
              52.1655596
            ],
            [
              4.5586656,
              52.1655407
            ],
            [
              4.5586015,
              52.1655218
            ],
            [
              4.5585376,
              52.1655032
            ],
            [
              4.5584737,
              52.1654846
            ],
            [
              4.5584104,
              52.1654661
            ],
            [
              4.5583446,
              52.1654466
            ],
            [
              4.5582818,
              52.1654277
            ],
            [
              4.5582191,
              52.1654087
            ],
            [
              4.5581559,
              52.1653892
            ],
            [
              4.5580928,
              52.1653696
            ],
            [
              4.5580298,
              52.1653498
            ],
            [
              4.557967,
              52.1653298
            ],
            [
              4.5579044,
              52.1653095
            ],
            [
              4.5578419,
              52.1652891
            ],
            [
              4.5577796,
              52.1652685
            ],
            [
              4.5577175,
              52.1652477
            ],
            [
              4.5576556,
              52.1652268
            ],
            [
              4.5575938,
              52.1652056
            ],
            [
              4.5575322,
              52.1651843
            ],
            [
              4.5574707,
              52.1651627
            ],
            [
              4.5574094,
              52.165141
            ],
            [
              4.5573483,
              52.1651191
            ],
            [
              4.5572922,
              52.1650987
            ],
            [
              4.5572896,
              52.1650978
            ],
            [
              4.557289,
              52.1650976
            ],
            [
              4.5572874,
              52.165097
            ],
            [
              4.5572267,
              52.1650747
            ],
            [
              4.5571661,
              52.1650522
            ],
            [
              4.5571057,
              52.1650296
            ],
            [
              4.5570455,
              52.1650067
            ],
            [
              4.5569855,
              52.1649837
            ],
            [
              4.5569257,
              52.1649605
            ],
            [
              4.5568661,
              52.1649372
            ],
            [
              4.5568066,
              52.1649136
            ],
            [
              4.5568036,
              52.1649124
            ],
            [
              4.5567474,
              52.1648899
            ],
            [
              4.5566883,
              52.1648659
            ],
            [
              4.5566294,
              52.1648418
            ],
            [
              4.5565707,
              52.1648175
            ],
            [
              4.5565122,
              52.1647931
            ],
            [
              4.556454,
              52.1647684
            ],
            [
              4.5563959,
              52.1647436
            ],
            [
              4.556338,
              52.1647186
            ],
            [
              4.5562803,
              52.1646935
            ],
            [
              4.5562228,
              52.1646681
            ],
            [
              4.5561656,
              52.1646426
            ],
            [
              4.5561085,
              52.1646169
            ],
            [
              4.5560516,
              52.1645911
            ],
            [
              4.555995,
              52.164565
            ],
            [
              4.5559385,
              52.1645388
            ],
            [
              4.5558823,
              52.1645124
            ],
            [
              4.5558263,
              52.1644859
            ],
            [
              4.5557705,
              52.1644592
            ],
            [
              4.5557149,
              52.1644323
            ],
            [
              4.5556595,
              52.1644052
            ],
            [
              4.5556044,
              52.164378
            ],
            [
              4.5555498,
              52.1643508
            ],
            [
              4.5554947,
              52.164323
            ],
            [
              4.5554394,
              52.1642949
            ],
            [
              4.5553859,
              52.1642674
            ],
            [
              4.5553319,
              52.1642394
            ],
            [
              4.5552781,
              52.1642111
            ],
            [
              4.5552245,
              52.1641828
            ],
            [
              4.5551712,
              52.1641542
            ],
            [
              4.555118,
              52.1641255
            ],
            [
              4.5550651,
              52.1640966
            ],
            [
              4.5550125,
              52.1640676
            ],
            [
              4.55496,
              52.1640384
            ],
            [
              4.5549078,
              52.164009
            ],
            [
              4.5548559,
              52.1639795
            ],
            [
              4.5548052,
              52.1639505
            ],
            [
              4.5547526,
              52.1639201
            ],
            [
              4.5547009,
              52.1638904
            ],
            [
              4.5546491,
              52.1638608
            ],
            [
              4.5545972,
              52.1638313
            ],
            [
              4.554545,
              52.1638019
            ],
            [
              4.5544926,
              52.1637727
            ],
            [
              4.5544398,
              52.1637437
            ],
            [
              4.5543867,
              52.163715
            ],
            [
              4.5543332,
              52.1636866
            ],
            [
              4.5542791,
              52.1636586
            ],
            [
              4.5542246,
              52.1636309
            ],
            [
              4.5542072,
              52.1636223
            ],
            [
              4.5541695,
              52.1636036
            ],
            [
              4.5541138,
              52.1635768
            ],
            [
              4.5540576,
              52.1635504
            ],
            [
              4.5540457,
              52.163545
            ],
            [
              4.5540008,
              52.1635245
            ],
            [
              4.5539435,
              52.163499
            ],
            [
              4.5538856,
              52.163474
            ],
            [
              4.5538335,
              52.163457
            ],
            [
              4.5537715,
              52.1634404
            ],
            [
              4.5537059,
              52.1634206
            ],
            [
              4.5536369,
              52.1634012
            ],
            [
              4.5534626,
              52.1633275
            ],
            [
              4.5531253,
              52.163233
            ],
            [
              4.5527182,
              52.1631285
            ],
            [
              4.5525788,
              52.1631026
            ],
            [
              4.5524681,
              52.1630807
            ],
            [
              4.5521247,
              52.1630315
            ],
            [
              4.5519473,
              52.1630424
            ],
            [
              4.5517442,
              52.1631161
            ],
            [
              4.5515475,
              52.1631934
            ],
            [
              4.5513399,
              52.1632349
            ],
            [
              4.5511215,
              52.1632374
            ],
            [
              4.5510531,
              52.1632626
            ],
            [
              4.5505415,
              52.1635974
            ],
            [
              4.5505185,
              52.1636145
            ],
            [
              4.5502352,
              52.1638246
            ],
            [
              4.5501952,
              52.1638599
            ],
            [
              4.5501554,
              52.1638959
            ],
            [
              4.5500776,
              52.1639685
            ],
            [
              4.5500021,
              52.1640421
            ],
            [
              4.5498899,
              52.1641528
            ],
            [
              4.5498174,
              52.1642244
            ],
            [
              4.5498151,
              52.1642267
            ],
            [
              4.5497403,
              52.1643005
            ],
            [
              4.5496656,
              52.1643743
            ],
            [
              4.5495908,
              52.1644482
            ],
            [
              4.5494806,
              52.164557
            ],
            [
              4.5493702,
              52.1645131
            ],
            [
              4.5493564,
              52.1645076
            ],
            [
              4.5492183,
              52.1646529
            ],
            [
              4.5490721,
              52.1648066
            ],
            [
              4.549023,
              52.1648583
            ],
            [
              4.5487351,
              52.1651611
            ],
            [
              4.5485964,
              52.1653069
            ],
            [
              4.5483555,
              52.1655602
            ],
            [
              4.5482488,
              52.1656724
            ],
            [
              4.5480767,
              52.1658534
            ],
            [
              4.5480466,
              52.165885
            ],
            [
              4.5481002,
              52.1659055
            ],
            [
              4.5480425,
              52.1659683
            ],
            [
              4.5479733,
              52.1660408
            ],
            [
              4.5479099,
              52.1660201
            ],
            [
              4.5478255,
              52.166115
            ],
            [
              4.5477823,
              52.1661038
            ],
            [
              4.5477516,
              52.1661499
            ],
            [
              4.5477641,
              52.1661531
            ],
            [
              4.5476636,
              52.1662561
            ],
            [
              4.5473337,
              52.1666039
            ],
            [
              4.5469191,
              52.1670409
            ],
            [
              4.5467401,
              52.1672296
            ],
            [
              4.5465002,
              52.1674825
            ],
            [
              4.5463573,
              52.1676331
            ],
            [
              4.5457177,
              52.1683073
            ],
            [
              4.5450489,
              52.1690122
            ],
            [
              4.5449029,
              52.1691662
            ],
            [
              4.5448251,
              52.1691385
            ],
            [
              4.5444299,
              52.1695599
            ],
            [
              4.5443135,
              52.169684
            ],
            [
              4.5443864,
              52.1697087
            ],
            [
              4.544015,
              52.1700975
            ],
            [
              4.5439718,
              52.1701361
            ],
            [
              4.5437757,
              52.1703422
            ],
            [
              4.5437745,
              52.1703435
            ],
            [
              4.54364,
              52.1704871
            ],
            [
              4.5435665,
              52.1705634
            ],
            [
              4.5433424,
              52.1707961
            ],
            [
              4.5433411,
              52.1707976
            ],
            [
              4.5429108,
              52.1712714
            ],
            [
              4.5428568,
              52.1713308
            ],
            [
              4.5423857,
              52.1718926
            ],
            [
              4.5423595,
              52.171916
            ],
            [
              4.5423147,
              52.171973
            ],
            [
              4.5420604,
              52.1722975
            ],
            [
              4.5418835,
              52.1725388
            ],
            [
              4.5417615,
              52.1727124
            ],
            [
              4.5416761,
              52.1728339
            ],
            [
              4.5414,
              52.173264
            ],
            [
              4.541131,
              52.1737243
            ],
            [
              4.5410974,
              52.1737818
            ],
            [
              4.5410457,
              52.1738766
            ],
            [
              4.5408837,
              52.1741289
            ],
            [
              4.5403648,
              52.1749855
            ],
            [
              4.5400531,
              52.1755001
            ],
            [
              4.5399239,
              52.1757134
            ],
            [
              4.5398777,
              52.1757896
            ],
            [
              4.5398728,
              52.1757978
            ],
            [
              4.5398694,
              52.1758034
            ],
            [
              4.539706,
              52.1759357
            ],
            [
              4.5396354,
              52.1760191
            ],
            [
              4.5395696,
              52.1762064
            ],
            [
              4.5395557,
              52.176246
            ],
            [
              4.5395497,
              52.1762596
            ],
            [
              4.5394571,
              52.1764494
            ],
            [
              4.5394571,
              52.1764898
            ],
            [
              4.5394434,
              52.1765344
            ],
            [
              4.539433,
              52.1765683
            ],
            [
              4.539327,
              52.176552
            ],
            [
              4.5393237,
              52.1765515
            ],
            [
              4.5392442,
              52.176715
            ],
            [
              4.5390759,
              52.1770614
            ],
            [
              4.5390971,
              52.1770692
            ],
            [
              4.5391059,
              52.1770754
            ],
            [
              4.5391114,
              52.1770909
            ],
            [
              4.539105,
              52.1770989
            ],
            [
              4.539087,
              52.1771028
            ],
            [
              4.5390658,
              52.1771007
            ],
            [
              4.5390149,
              52.1772523
            ],
            [
              4.5390085,
              52.1774483
            ],
            [
              4.5390268,
              52.1775875
            ],
            [
              4.5390348,
              52.1776477
            ],
            [
              4.5390353,
              52.1777749
            ],
            [
              4.5389849,
              52.1780616
            ],
            [
              4.5389407,
              52.1783134
            ],
            [
              4.5389122,
              52.1784762
            ],
            [
              4.5388919,
              52.1785915
            ],
            [
              4.5388911,
              52.1785962
            ],
            [
              4.5388958,
              52.1789204
            ],
            [
              4.5388991,
              52.1789574
            ],
            [
              4.5389453,
              52.1794777
            ],
            [
              4.5389322,
              52.1796026
            ],
            [
              4.5389057,
              52.1797046
            ],
            [
              4.5388422,
              52.1797941
            ],
            [
              4.5388065,
              52.1799454
            ],
            [
              4.5387792,
              52.1801301
            ],
            [
              4.538641,
              52.18012
            ],
            [
              4.5383245,
              52.1800971
            ],
            [
              4.5381537,
              52.1800847
            ]
          ]
        ]
      },
      "properties": {
        "type": "boundary",
        "gemeente": "Kaag en Braassem"
      }
    }
  ]
}