{
  "type": "FeatureCollection",
  "metadata": {
    "gemeente": "Midden-Groningen",
    "slug": "midden-groningen",
    "generated_at": "2026-06-30T16:58:22.213558Z",
    "total_points": 93,
    "providers": [
      "Amazon",
      "DHL",
      "DPD",
      "PostNL",
      "VintedGo",
      "GLS",
      "ViaTim",
      "InPost",
      "Budbee"
    ],
    "bounds": [
      6.69688977,
      53.092076771606,
      6.874591036600708,
      53.24804578
    ]
  },
  "features": [
    {
      "type": "Feature",
      "geometry": {
        "type": "Point",
        "coordinates": [
          6.761008603,
          53.16356571
        ]
      },
      "properties": {
        "type": "pakketpunt",
        "locatieNaam": "Primera",
        "straatNaam": "Hoofdstraat 96",
        "straatNr": "",
        "vervoerder": "Amazon",
        "puntType": "3p",
        "bezettingsgraad": 50,
        "latitude": 53.16356571,
        "longitude": 6.761008603,
        "canPickup": true,
        "canDropoff": false,
        "openingstijden": null
      }
    },
    {
      "type": "Feature",
      "geometry": {
        "type": "Point",
        "coordinates": [
          6.863045529,
          53.16072625
        ]
      },
      "properties": {
        "type": "pakketpunt",
        "locatieNaam": "Dijkhuis Tweewielers",
        "straatNaam": "Spoorstraat 32",
        "straatNr": "",
        "vervoerder": "Amazon",
        "puntType": "3p",
        "bezettingsgraad": 50,
        "latitude": 53.16072625,
        "longitude": 6.863045529,
        "canPickup": true,
        "canDropoff": false,
        "openingstijden": null
      }
    },
    {
      "type": "Feature",
      "geometry": {
        "type": "Point",
        "coordinates": [
          6.74651508051357,
          53.1691679542825
        ]
      },
      "properties": {
        "type": "pakketpunt",
        "locatieNaam": "Erenpack B.V.+",
        "straatNaam": "A. Einsteinlaan 45",
        "straatNr": "",
        "vervoerder": "Amazon",
        "puntType": "3p",
        "bezettingsgraad": 50,
        "latitude": 53.1691679542825,
        "longitude": 6.74651508051357,
        "canPickup": true,
        "canDropoff": false,
        "openingstijden": null
      }
    },
    {
      "type": "Feature",
      "geometry": {
        "type": "Point",
        "coordinates": [
          6.74651508051357,
          53.1691679542825
        ]
      },
      "properties": {
        "type": "pakketpunt",
        "locatieNaam": "Erenpack B.V.",
        "straatNaam": "A. Einsteinlaan 45",
        "straatNr": "",
        "vervoerder": "Amazon",
        "puntType": "3p",
        "bezettingsgraad": 50,
        "latitude": 53.1691679542825,
        "longitude": 6.74651508051357,
        "canPickup": true,
        "canDropoff": false,
        "openingstijden": null
      }
    },
    {
      "type": "Feature",
      "geometry": {
        "type": "Point",
        "coordinates": [
          6.75662549996008,
          53.1554737620698
        ]
      },
      "properties": {
        "type": "pakketpunt",
        "locatieNaam": "Telecombinatie Hoogezand",
        "straatNaam": "Gorecht-Oost 30 B",
        "straatNr": "",
        "vervoerder": "Amazon",
        "puntType": "3p",
        "bezettingsgraad": 50,
        "latitude": 53.1554737620698,
        "longitude": 6.75662549996008,
        "canPickup": true,
        "canDropoff": false,
        "openingstijden": null
      }
    },
    {
      "type": "Feature",
      "geometry": {
        "type": "Point",
        "coordinates": [
          6.754440618,
          53.15682876
        ]
      },
      "properties": {
        "type": "pakketpunt",
        "locatieNaam": "TOMTELECOM B.V.",
        "straatNaam": "van der Duyn van Maasdamweg 6 B",
        "straatNr": "",
        "vervoerder": "Amazon",
        "puntType": "3p",
        "bezettingsgraad": 50,
        "latitude": 53.15682876,
        "longitude": 6.754440618,
        "canPickup": true,
        "canDropoff": false,
        "openingstijden": null
      }
    },
    {
      "type": "Feature",
      "geometry": {
        "type": "Point",
        "coordinates": [
          6.764456397,
          53.1501986
        ]
      },
      "properties": {
        "type": "pakketpunt",
        "locatieNaam": "GAMMA Hoogezand",
        "straatNaam": "Beverburcht 2",
        "straatNr": "",
        "vervoerder": "Amazon",
        "puntType": "3p",
        "bezettingsgraad": 50,
        "latitude": 53.1501986,
        "longitude": 6.764456397,
        "canPickup": true,
        "canDropoff": false,
        "openingstijden": null
      }
    },
    {
      "type": "Feature",
      "geometry": {
        "type": "Point",
        "coordinates": [
          6.755941390991211,
          53.151676177978516
        ]
      },
      "properties": {
        "type": "pakketpunt",
        "locatieNaam": "DHL - Pakketautomaat Tango Hoogezand",
        "straatNaam": "Abraham Kuypersingel 25",
        "straatNr": "",
        "vervoerder": "Amazon",
        "puntType": "3p",
        "bezettingsgraad": 50,
        "latitude": 53.151676177978516,
        "longitude": 6.755941390991211,
        "canPickup": true,
        "canDropoff": false,
        "openingstijden": null
      }
    },
    {
      "type": "Feature",
      "geometry": {
        "type": "Point",
        "coordinates": [
          6.699241656074117,
          53.21352795869203
        ]
      },
      "properties": {
        "type": "pakketpunt",
        "locatieNaam": "DHL - Pakketautomaat PLUS van der Luit",
        "straatNaam": "Hoofdweg 42",
        "straatNr": "",
        "vervoerder": "Amazon",
        "puntType": "3p",
        "bezettingsgraad": 50,
        "latitude": 53.21352795869203,
        "longitude": 6.699241656074117,
        "canPickup": true,
        "canDropoff": false,
        "openingstijden": null
      }
    },
    {
      "type": "Feature",
      "geometry": {
        "type": "Point",
        "coordinates": [
          6.793938,
          53.0920768
        ]
      },
      "properties": {
        "type": "pakketpunt",
        "locatieNaam": "DHL Buurtpunt ViaTim & Nicolien",
        "straatNaam": "Dorpsstraat",
        "straatNr": "308",
        "vervoerder": "DHL",
        "puntType": "parcelShop",
        "bezettingsgraad": 50,
        "latitude": 53.0920768,
        "longitude": 6.793938,
        "canPickup": true,
        "canDropoff": true,
        "openingstijden": {
          "ma": "16:00 - 21:00",
          "di": "16:00 - 21:00",
          "wo": "16:00 - 21:00",
          "do": "16:00 - 21:00",
          "vr": "16:00 - 21:00",
          "za": "gesloten",
          "zo": "gesloten"
        }
      }
    },
    {
      "type": "Feature",
      "geometry": {
        "type": "Point",
        "coordinates": [
          6.755941390991211,
          53.151676177978516
        ]
      },
      "properties": {
        "type": "pakketpunt",
        "locatieNaam": "Pakketautomaat Tango Hoogezand",
        "straatNaam": "Abraham Kuypersingel",
        "straatNr": "25",
        "vervoerder": "DHL",
        "puntType": "packStation",
        "bezettingsgraad": 50,
        "latitude": 53.151676177978516,
        "longitude": 6.755941390991211,
        "canPickup": true,
        "canDropoff": true,
        "openingstijden": {
          "ma": "00:00 - 23:59",
          "di": "00:00 - 23:59",
          "wo": "00:00 - 23:59",
          "do": "00:00 - 23:59",
          "vr": "00:00 - 23:59",
          "za": "00:00 - 23:59",
          "zo": "00:00 - 23:59"
        }
      }
    },
    {
      "type": "Feature",
      "geometry": {
        "type": "Point",
        "coordinates": [
          6.764473324325947,
          53.15024234627719
        ]
      },
      "properties": {
        "type": "pakketpunt",
        "locatieNaam": "Pakketautomaat GAMMA Hoogezand",
        "straatNaam": "Beverburcht",
        "straatNr": "2",
        "vervoerder": "DHL",
        "puntType": "packStation",
        "bezettingsgraad": 50,
        "latitude": 53.15024234627719,
        "longitude": 6.764473324325947,
        "canPickup": true,
        "canDropoff": true,
        "openingstijden": {
          "ma": "00:00 - 23:59",
          "di": "00:00 - 23:59",
          "wo": "00:00 - 23:59",
          "do": "00:00 - 23:59",
          "vr": "00:00 - 23:59",
          "za": "00:00 - 23:59",
          "zo": "00:00 - 23:59"
        }
      }
    },
    {
      "type": "Feature",
      "geometry": {
        "type": "Point",
        "coordinates": [
          6.756451,
          53.1542101
        ]
      },
      "properties": {
        "type": "pakketpunt",
        "locatieNaam": "Pakketautomaat Lidl Hoogezand",
        "straatNaam": "Gorecht-Oost",
        "straatNr": "153",
        "vervoerder": "DHL",
        "puntType": "packStation",
        "bezettingsgraad": 50,
        "latitude": 53.1542101,
        "longitude": 6.756451,
        "canPickup": true,
        "canDropoff": true,
        "openingstijden": {
          "ma": "07:00 - 21:00",
          "di": "07:00 - 21:00",
          "wo": "07:00 - 21:00",
          "do": "07:00 - 21:00",
          "vr": "07:00 - 21:00",
          "za": "07:00 - 21:00",
          "zo": "10:00 - 20:00"
        }
      }
    },
    {
      "type": "Feature",
      "geometry": {
        "type": "Point",
        "coordinates": [
          6.7581272,
          53.1547408
        ]
      },
      "properties": {
        "type": "pakketpunt",
        "locatieNaam": "Budget Food Hoogezand",
        "straatNaam": "Gorecht-Oost",
        "straatNr": "158",
        "vervoerder": "DHL",
        "puntType": "parcelShop",
        "bezettingsgraad": 50,
        "latitude": 53.1547408,
        "longitude": 6.7581272,
        "canPickup": true,
        "canDropoff": true,
        "openingstijden": {
          "ma": "09:00 - 18:00",
          "di": "09:00 - 18:00",
          "wo": "09:00 - 18:00",
          "do": "09:00 - 20:00",
          "vr": "09:00 - 20:00",
          "za": "09:00 - 18:00",
          "zo": "12:00 - 17:00"
        }
      }
    },
    {
      "type": "Feature",
      "geometry": {
        "type": "Point",
        "coordinates": [
          6.7564287185668945,
          53.15639877319336
        ]
      },
      "properties": {
        "type": "pakketpunt",
        "locatieNaam": "Shoeby Hoogezand",
        "straatNaam": "Gorecht Oost",
        "straatNr": "6-B",
        "vervoerder": "DHL",
        "puntType": "parcelShop",
        "bezettingsgraad": 50,
        "latitude": 53.15639877319336,
        "longitude": 6.7564287185668945,
        "canPickup": true,
        "canDropoff": true,
        "openingstijden": {
          "ma": "13:00 - 18:00",
          "di": "09:30 - 18:00",
          "wo": "09:30 - 18:00",
          "do": "09:30 - 18:00",
          "vr": "09:30 - 20:00",
          "za": "09:30 - 17:00",
          "zo": "gesloten"
        }
      }
    },
    {
      "type": "Feature",
      "geometry": {
        "type": "Point",
        "coordinates": [
          6.7516486,
          53.1582614
        ]
      },
      "properties": {
        "type": "pakketpunt",
        "locatieNaam": "DHL Buurtpunt ViaTim & Mirjam",
        "straatNaam": "Vondelstraat",
        "straatNr": "78",
        "vervoerder": "DHL",
        "puntType": "parcelShop",
        "bezettingsgraad": 50,
        "latitude": 53.1582614,
        "longitude": 6.7516486,
        "canPickup": true,
        "canDropoff": true,
        "openingstijden": {
          "ma": "14:30 - 21:00",
          "di": "14:00 - 21:00",
          "wo": "14:00 - 21:00",
          "do": "14:30 - 21:00",
          "vr": "14:00 - 21:00",
          "za": "14:00 - 20:00",
          "zo": "gesloten"
        }
      }
    },
    {
      "type": "Feature",
      "geometry": {
        "type": "Point",
        "coordinates": [
          6.743984699249268,
          53.163089752197266
        ]
      },
      "properties": {
        "type": "pakketpunt",
        "locatieNaam": "Discus Martenshoek",
        "straatNaam": "Meint Veningastraat",
        "straatNr": "24",
        "vervoerder": "DHL",
        "puntType": "parcelShop",
        "bezettingsgraad": 50,
        "latitude": 53.163089752197266,
        "longitude": 6.743984699249268,
        "canPickup": true,
        "canDropoff": true,
        "openingstijden": {
          "ma": "13:00 - 18:00",
          "di": "09:00 - 18:00",
          "wo": "09:00 - 18:00",
          "do": "09:00 - 18:00",
          "vr": "09:00 - 20:00",
          "za": "09:00 - 17:00",
          "zo": "gesloten"
        }
      }
    },
    {
      "type": "Feature",
      "geometry": {
        "type": "Point",
        "coordinates": [
          6.7384716,
          53.1644259
        ]
      },
      "properties": {
        "type": "pakketpunt",
        "locatieNaam": "Tankstation Hoogezand",
        "straatNaam": "Industrieweg",
        "straatNr": "30",
        "vervoerder": "DHL",
        "puntType": "parcelShop",
        "bezettingsgraad": 50,
        "latitude": 53.1644259,
        "longitude": 6.7384716,
        "canPickup": true,
        "canDropoff": true,
        "openingstijden": {
          "ma": "06:00 - 20:00",
          "di": "06:00 - 20:00",
          "wo": "06:00 - 20:00",
          "do": "06:00 - 20:00",
          "vr": "06:00 - 20:00",
          "za": "08:00 - 20:00",
          "zo": "10:00 - 19:00"
        }
      }
    },
    {
      "type": "Feature",
      "geometry": {
        "type": "Point",
        "coordinates": [
          6.7420202,
          53.1642815
        ]
      },
      "properties": {
        "type": "pakketpunt",
        "locatieNaam": "Pakketautomaat terStal Hoogezand",
        "straatNaam": "Sluiskade",
        "straatNr": "39-Kast",
        "vervoerder": "DHL",
        "puntType": "packStation",
        "bezettingsgraad": 50,
        "latitude": 53.1642815,
        "longitude": 6.7420202,
        "canPickup": true,
        "canDropoff": true,
        "openingstijden": {
          "ma": "09:30 - 17:30",
          "di": "09:30 - 17:30",
          "wo": "09:30 - 17:30",
          "do": "09:30 - 17:30",
          "vr": "09:30 - 21:00",
          "za": "09:30 - 17:00",
          "zo": "gesloten"
        }
      }
    },
    {
      "type": "Feature",
      "geometry": {
        "type": "Point",
        "coordinates": [
          6.7424938,
          53.1679096
        ]
      },
      "properties": {
        "type": "pakketpunt",
        "locatieNaam": "Kroon Hoogezand",
        "straatNaam": "Zwedenweg",
        "straatNr": "2",
        "vervoerder": "DHL",
        "puntType": "parcelShop",
        "bezettingsgraad": 50,
        "latitude": 53.1679096,
        "longitude": 6.7424938,
        "canPickup": true,
        "canDropoff": true,
        "openingstijden": {
          "ma": "07:30 - 17:00",
          "di": "07:30 - 17:00",
          "wo": "07:30 - 17:00",
          "do": "07:30 - 17:00",
          "vr": "07:30 - 17:00",
          "za": "gesloten",
          "zo": "gesloten"
        }
      }
    },
    {
      "type": "Feature",
      "geometry": {
        "type": "Point",
        "coordinates": [
          6.7710117,
          53.163447
        ]
      },
      "properties": {
        "type": "pakketpunt",
        "locatieNaam": "Pakketautomaat Hoofdstraat",
        "straatNaam": "Hoofdstraat",
        "straatNr": "238",
        "vervoerder": "DHL",
        "puntType": "packStation",
        "bezettingsgraad": 50,
        "latitude": 53.163447,
        "longitude": 6.7710117,
        "canPickup": true,
        "canDropoff": true,
        "openingstijden": {
          "ma": "00:00 - 23:59",
          "di": "00:00 - 23:59",
          "wo": "00:00 - 23:59",
          "do": "00:00 - 23:59",
          "vr": "00:00 - 23:59",
          "za": "00:00 - 23:59",
          "zo": "00:00 - 23:59"
        }
      }
    },
    {
      "type": "Feature",
      "geometry": {
        "type": "Point",
        "coordinates": [
          6.770957946777344,
          53.163753509521484
        ]
      },
      "properties": {
        "type": "pakketpunt",
        "locatieNaam": "Intertoys Posthumus",
        "straatNaam": "Hoofdstraat",
        "straatNr": "223",
        "vervoerder": "DHL",
        "puntType": "parcelShop",
        "bezettingsgraad": 50,
        "latitude": 53.163753509521484,
        "longitude": 6.770957946777344,
        "canPickup": true,
        "canDropoff": true,
        "openingstijden": {
          "ma": "13:00 - 18:00",
          "di": "09:00 - 18:00",
          "wo": "09:00 - 18:00",
          "do": "09:00 - 18:00",
          "vr": "09:00 - 20:00",
          "za": "09:00 - 17:00",
          "zo": "gesloten"
        }
      }
    },
    {
      "type": "Feature",
      "geometry": {
        "type": "Point",
        "coordinates": [
          6.7854824160929015,
          53.16394311837136
        ]
      },
      "properties": {
        "type": "pakketpunt",
        "locatieNaam": "Pakketautomaat Lidl Sappermeer",
        "straatNaam": "Noorderstraat",
        "straatNr": "182",
        "vervoerder": "DHL",
        "puntType": "packStation",
        "bezettingsgraad": 50,
        "latitude": 53.16394311837136,
        "longitude": 6.7854824160929015,
        "canPickup": true,
        "canDropoff": true,
        "openingstijden": {
          "ma": "08:00 - 20:00",
          "di": "08:00 - 20:00",
          "wo": "08:00 - 20:00",
          "do": "08:00 - 20:00",
          "vr": "08:00 - 20:00",
          "za": "08:00 - 20:00",
          "zo": "10:00 - 18:00"
        }
      }
    },
    {
      "type": "Feature",
      "geometry": {
        "type": "Point",
        "coordinates": [
          6.787184238433838,
          53.16416549682617
        ]
      },
      "properties": {
        "type": "pakketpunt",
        "locatieNaam": "Lak of Smak Conceptstore",
        "straatNaam": "Noorderstraat",
        "straatNr": "117",
        "vervoerder": "DHL",
        "puntType": "parcelShop",
        "bezettingsgraad": 50,
        "latitude": 53.16416549682617,
        "longitude": 6.787184238433838,
        "canPickup": true,
        "canDropoff": true,
        "openingstijden": {
          "ma": "gesloten",
          "di": "10:00 - 17:30",
          "wo": "10:00 - 17:30",
          "do": "10:00 - 17:30",
          "vr": "10:00 - 17:30",
          "za": "10:00 - 17:00",
          "zo": "gesloten"
        }
      }
    },
    {
      "type": "Feature",
      "geometry": {
        "type": "Point",
        "coordinates": [
          6.863336755375134,
          53.16131550283945
        ]
      },
      "properties": {
        "type": "pakketpunt",
        "locatieNaam": "Pakketautomaat Poiesz Zuidbroek",
        "straatNaam": "Spoorstraat",
        "straatNr": "21",
        "vervoerder": "DHL",
        "puntType": "packStation",
        "bezettingsgraad": 50,
        "latitude": 53.16131550283945,
        "longitude": 6.863336755375134,
        "canPickup": true,
        "canDropoff": true,
        "openingstijden": {
          "ma": "00:00 - 23:59",
          "di": "00:00 - 23:59",
          "wo": "00:00 - 23:59",
          "do": "00:00 - 23:59",
          "vr": "00:00 - 23:59",
          "za": "00:00 - 23:59",
          "zo": "00:00 - 23:59"
        }
      }
    },
    {
      "type": "Feature",
      "geometry": {
        "type": "Point",
        "coordinates": [
          6.699241656074117,
          53.21352795869203
        ]
      },
      "properties": {
        "type": "pakketpunt",
        "locatieNaam": "Pakketautomaat PLUS van der Luit",
        "straatNaam": "Hoofdweg",
        "straatNr": "42",
        "vervoerder": "DHL",
        "puntType": "packStation",
        "bezettingsgraad": 50,
        "latitude": 53.21352795869203,
        "longitude": 6.699241656074117,
        "canPickup": true,
        "canDropoff": true,
        "openingstijden": {
          "ma": "00:00 - 23:59",
          "di": "00:00 - 23:59",
          "wo": "00:00 - 23:59",
          "do": "00:00 - 23:59",
          "vr": "00:00 - 23:59",
          "za": "00:00 - 23:59",
          "zo": "00:00 - 23:59"
        }
      }
    },
    {
      "type": "Feature",
      "geometry": {
        "type": "Point",
        "coordinates": [
          6.865327440246339,
          53.16807505905458
        ]
      },
      "properties": {
        "type": "pakketpunt",
        "locatieNaam": "Pakketautomaat Zuidbroek",
        "straatNaam": "Weg der Verenigde Naties",
        "straatNr": "2",
        "vervoerder": "DHL",
        "puntType": "packStation",
        "bezettingsgraad": 50,
        "latitude": 53.16807505905458,
        "longitude": 6.865327440246339,
        "canPickup": true,
        "canDropoff": true,
        "openingstijden": {
          "ma": "00:00 - 23:59",
          "di": "00:00 - 23:59",
          "wo": "00:00 - 23:59",
          "do": "00:00 - 23:59",
          "vr": "00:00 - 23:59",
          "za": "00:00 - 23:59",
          "zo": "00:00 - 23:59"
        }
      }
    },
    {
      "type": "Feature",
      "geometry": {
        "type": "Point",
        "coordinates": [
          6.874591036600708,
          53.19479994136309
        ]
      },
      "properties": {
        "type": "pakketpunt",
        "locatieNaam": "Pakketautomaat SPAR Noordbroek",
        "straatNaam": "Hoofdstraat",
        "straatNr": "36",
        "vervoerder": "DHL",
        "puntType": "packStation",
        "bezettingsgraad": 50,
        "latitude": 53.19479994136309,
        "longitude": 6.874591036600708,
        "canPickup": true,
        "canDropoff": true,
        "openingstijden": {
          "ma": "07:00 - 20:00",
          "di": "07:00 - 20:00",
          "wo": "07:00 - 20:00",
          "do": "07:00 - 20:00",
          "vr": "07:00 - 20:00",
          "za": "07:00 - 20:00",
          "zo": "09:00 - 18:00"
        }
      }
    },
    {
      "type": "Feature",
      "geometry": {
        "type": "Point",
        "coordinates": [
          6.8006609,
          53.2231799
        ]
      },
      "properties": {
        "type": "pakketpunt",
        "locatieNaam": "DHL Buurtpunt ViaTim & Krimpen 24",
        "straatNaam": "De Krimpen",
        "straatNr": "24",
        "vervoerder": "DHL",
        "puntType": "parcelShop",
        "bezettingsgraad": 50,
        "latitude": 53.2231799,
        "longitude": 6.8006609,
        "canPickup": true,
        "canDropoff": true,
        "openingstijden": {
          "ma": "10:00 - 20:00",
          "di": "10:00 - 20:00",
          "wo": "10:00 - 20:00",
          "do": "10:00 - 20:00",
          "vr": "10:00 - 20:00",
          "za": "10:00 - 18:00",
          "zo": "gesloten"
        }
      }
    },
    {
      "type": "Feature",
      "geometry": {
        "type": "Point",
        "coordinates": [
          6.8132005,
          53.228557
        ]
      },
      "properties": {
        "type": "pakketpunt",
        "locatieNaam": "Pakketautomaat PLUS Spithoff",
        "straatNaam": "Hoofdweg",
        "straatNr": "89",
        "vervoerder": "DHL",
        "puntType": "packStation",
        "bezettingsgraad": 50,
        "latitude": 53.228557,
        "longitude": 6.8132005,
        "canPickup": true,
        "canDropoff": true,
        "openingstijden": {
          "ma": "00:00 - 23:59",
          "di": "00:00 - 23:59",
          "wo": "00:00 - 23:59",
          "do": "00:00 - 23:59",
          "vr": "00:00 - 23:59",
          "za": "00:00 - 23:59",
          "zo": "00:00 - 23:59"
        }
      }
    },
    {
      "type": "Feature",
      "geometry": {
        "type": "Point",
        "coordinates": [
          6.868913,
          53.247789
        ]
      },
      "properties": {
        "type": "pakketpunt",
        "locatieNaam": "DA Drogisterij Gerrit van Halen",
        "straatNaam": "Hoofdweg",
        "straatNr": "164-D-E",
        "vervoerder": "DHL",
        "puntType": "parcelShop",
        "bezettingsgraad": 50,
        "latitude": 53.247789,
        "longitude": 6.868913,
        "canPickup": true,
        "canDropoff": true,
        "openingstijden": {
          "ma": "08:30 - 17:00",
          "di": "08:30 - 17:00",
          "wo": "08:30 - 17:00",
          "do": "08:30 - 17:00",
          "vr": "08:30 - 17:00",
          "za": "08:30 - 17:00",
          "zo": "gesloten"
        }
      }
    },
    {
      "type": "Feature",
      "geometry": {
        "type": "Point",
        "coordinates": [
          6.74326,
          53.16291
        ]
      },
      "properties": {
        "type": "pakketpunt",
        "locatieNaam": "Discus Dierenspeciaalzaak",
        "straatNaam": "MEINT VENINGASTRAAT",
        "straatNr": "24",
        "vervoerder": "DPD",
        "puntType": "pickup_point",
        "bezettingsgraad": 50,
        "latitude": 53.16291,
        "longitude": 6.74326,
        "canPickup": true,
        "canDropoff": true,
        "openingstijden": {
          "ma": "13:00 - 18:00",
          "di": "09:00 - 18:00",
          "wo": "09:00 - 18:00",
          "do": "09:00 - 18:00",
          "vr": "09:00 - 20:00",
          "za": "09:00 - 17:00",
          "zo": "gesloten"
        }
      }
    },
    {
      "type": "Feature",
      "geometry": {
        "type": "Point",
        "coordinates": [
          6.8614402,
          53.173384
        ]
      },
      "properties": {
        "type": "pakketpunt",
        "locatieNaam": "De Vier Keien VOF",
        "straatNaam": "NIEUWEWEG",
        "straatNr": "2",
        "vervoerder": "DPD",
        "puntType": "pickup_point",
        "bezettingsgraad": 50,
        "latitude": 53.173384,
        "longitude": 6.8614402,
        "canPickup": true,
        "canDropoff": true,
        "openingstijden": {
          "ma": "08:00 - 17:00",
          "di": "08:00 - 17:00",
          "wo": "08:00 - 17:00",
          "do": "08:00 - 17:00",
          "vr": "08:00 - 17:00",
          "za": "08:30 - 15:00",
          "zo": "gesloten"
        }
      }
    },
    {
      "type": "Feature",
      "geometry": {
        "type": "Point",
        "coordinates": [
          6.8684716225,
          53.2476577759
        ]
      },
      "properties": {
        "type": "pakketpunt",
        "locatieNaam": "DA Drogisterij Gerrit van Halen",
        "straatNaam": "HOOFDWEG",
        "straatNr": "164 D/E",
        "vervoerder": "DPD",
        "puntType": "pickup_point",
        "bezettingsgraad": 50,
        "latitude": 53.2476577759,
        "longitude": 6.8684716225,
        "canPickup": true,
        "canDropoff": true,
        "openingstijden": {
          "ma": "10:00 - 17:00",
          "di": "10:00 - 17:00",
          "wo": "10:00 - 17:00",
          "do": "10:00 - 17:00",
          "vr": "10:00 - 17:00",
          "za": "10:00 - 17:00",
          "zo": "gesloten"
        }
      }
    },
    {
      "type": "Feature",
      "geometry": {
        "type": "Point",
        "coordinates": [
          6.7568191,
          53.1552401
        ]
      },
      "properties": {
        "type": "pakketpunt",
        "locatieNaam": "Repair IT Hoogezand",
        "straatNaam": "GORECHT OOST",
        "straatNr": "42",
        "vervoerder": "DPD",
        "puntType": "pickup_point",
        "bezettingsgraad": 50,
        "latitude": 53.1552401,
        "longitude": 6.7568191,
        "canPickup": true,
        "canDropoff": true,
        "openingstijden": {
          "ma": "13:00 - 18:00",
          "di": "09:30 - 18:00",
          "wo": "09:30 - 18:00",
          "do": "09:30 - 18:00",
          "vr": "09:30 - 21:00",
          "za": "09:30 - 17:00",
          "zo": "gesloten"
        }
      }
    },
    {
      "type": "Feature",
      "geometry": {
        "type": "Point",
        "coordinates": [
          6.7875872,
          53.164317
        ]
      },
      "properties": {
        "type": "pakketpunt",
        "locatieNaam": "Patty’s Fashion & Shoes",
        "straatNaam": "NOORDERSTRAAT",
        "straatNr": "109",
        "vervoerder": "DPD",
        "puntType": "pickup_point",
        "bezettingsgraad": 50,
        "latitude": 53.164317,
        "longitude": 6.7875872,
        "canPickup": true,
        "canDropoff": true,
        "openingstijden": {
          "ma": "gesloten",
          "di": "gesloten",
          "wo": "11:00 - 17:00",
          "do": "11:00 - 17:00",
          "vr": "11:00 - 17:00",
          "za": "11:00 - 17:00",
          "zo": "gesloten"
        }
      }
    },
    {
      "type": "Feature",
      "geometry": {
        "type": "Point",
        "coordinates": [
          6.794037298,
          53.09207728
        ]
      },
      "properties": {
        "type": "pakketpunt",
        "locatieNaam": "ViaTim & Nicolien",
        "straatNaam": "DORPSSTRAAT",
        "straatNr": "308",
        "vervoerder": "DPD",
        "puntType": "pickup_point",
        "bezettingsgraad": 50,
        "latitude": 53.09207728,
        "longitude": 6.794037298,
        "canPickup": true,
        "canDropoff": true,
        "openingstijden": {
          "ma": "16:00 - 21:00",
          "di": "16:00 - 21:00",
          "wo": "16:00 - 21:00",
          "do": "16:00 - 21:00",
          "vr": "16:00 - 21:00",
          "za": "gesloten",
          "zo": "gesloten"
        }
      }
    },
    {
      "type": "Feature",
      "geometry": {
        "type": "Point",
        "coordinates": [
          6.7710117,
          53.163447
        ]
      },
      "properties": {
        "type": "pakketpunt",
        "locatieNaam": "Pakketautomaat - De Buren - TinQ Sc",
        "straatNaam": "HOOFDSTRAAT",
        "straatNr": "238",
        "vervoerder": "DPD",
        "puntType": "dpd_box",
        "bezettingsgraad": 50,
        "latitude": 53.163447,
        "longitude": 6.7710117,
        "canPickup": true,
        "canDropoff": true,
        "openingstijden": {
          "ma": "00:00 - 23:59",
          "di": "00:00 - 23:59",
          "wo": "00:00 - 23:59",
          "do": "00:00 - 23:59",
          "vr": "00:00 - 23:59",
          "za": "00:00 - 23:59",
          "zo": "00:00 - 23:59"
        }
      }
    },
    {
      "type": "Feature",
      "geometry": {
        "type": "Point",
        "coordinates": [
          6.8006609,
          53.2231799
        ]
      },
      "properties": {
        "type": "pakketpunt",
        "locatieNaam": "ViaTim & de Krimpen 24",
        "straatNaam": "DE KRIMPEN",
        "straatNr": "24",
        "vervoerder": "DPD",
        "puntType": "pickup_point",
        "bezettingsgraad": 50,
        "latitude": 53.2231799,
        "longitude": 6.8006609,
        "canPickup": true,
        "canDropoff": true,
        "openingstijden": {
          "ma": "10:00 - 20:00",
          "di": "10:00 - 20:00",
          "wo": "10:00 - 20:00",
          "do": "10:00 - 20:00",
          "vr": "10:00 - 20:00",
          "za": "10:00 - 18:00",
          "zo": "gesloten"
        }
      }
    },
    {
      "type": "Feature",
      "geometry": {
        "type": "Point",
        "coordinates": [
          6.8132005,
          53.228557
        ]
      },
      "properties": {
        "type": "pakketpunt",
        "locatieNaam": "DPD Pakketautomaat - Drogisterij Sp",
        "straatNaam": "HOOFDWEG",
        "straatNr": "89",
        "vervoerder": "DPD",
        "puntType": "dpd_box",
        "bezettingsgraad": 50,
        "latitude": 53.228557,
        "longitude": 6.8132005,
        "canPickup": true,
        "canDropoff": true,
        "openingstijden": {
          "ma": "00:01 - 23:59",
          "di": "00:01 - 23:59",
          "wo": "00:01 - 23:59",
          "do": "00:01 - 23:59",
          "vr": "00:01 - 23:59",
          "za": "00:01 - 23:59",
          "zo": "00:01 - 23:59"
        }
      }
    },
    {
      "type": "Feature",
      "geometry": {
        "type": "Point",
        "coordinates": [
          6.8658171,
          53.1679649
        ]
      },
      "properties": {
        "type": "pakketpunt",
        "locatieNaam": "Pakketautomaat - De Buren - Leap24",
        "straatNaam": "WEG DER VERENIGDE NATIES",
        "straatNr": "2",
        "vervoerder": "DPD",
        "puntType": "dpd_box",
        "bezettingsgraad": 50,
        "latitude": 53.1679649,
        "longitude": 6.8658171,
        "canPickup": true,
        "canDropoff": true,
        "openingstijden": {
          "ma": "00:01 - 23:59",
          "di": "00:01 - 23:59",
          "wo": "00:01 - 23:59",
          "do": "00:01 - 23:59",
          "vr": "00:01 - 23:59",
          "za": "00:01 - 23:59",
          "zo": "00:01 - 23:59"
        }
      }
    },
    {
      "type": "Feature",
      "geometry": {
        "type": "Point",
        "coordinates": [
          6.755954,
          53.156586
        ]
      },
      "properties": {
        "type": "pakketpunt",
        "locatieNaam": "UR408 Pakketautomaat Budbee",
        "straatNaam": "GORECHT-OOST",
        "straatNr": "6A",
        "vervoerder": "DPD",
        "puntType": "dpd_box",
        "bezettingsgraad": 50,
        "latitude": 53.156586,
        "longitude": 6.755954,
        "canPickup": true,
        "canDropoff": false,
        "openingstijden": {
          "ma": "08:00 - 22:00",
          "di": "08:00 - 22:00",
          "wo": "08:00 - 22:00",
          "do": "08:00 - 22:00",
          "vr": "08:00 - 22:00",
          "za": "08:00 - 22:00",
          "zo": "10:00 - 20:00"
        }
      }
    },
    {
      "type": "Feature",
      "geometry": {
        "type": "Point",
        "coordinates": [
          6.87416,
          53.19489
        ]
      },
      "properties": {
        "type": "pakketpunt",
        "locatieNaam": "DPD Pakketautomaat - SPAR Noordbroe",
        "straatNaam": "HOOFDSTRAAT",
        "straatNr": "36",
        "vervoerder": "DPD",
        "puntType": "dpd_box",
        "bezettingsgraad": 50,
        "latitude": 53.19489,
        "longitude": 6.87416,
        "canPickup": true,
        "canDropoff": true,
        "openingstijden": {
          "ma": "07:00 - 20:00",
          "di": "07:00 - 20:00",
          "wo": "07:00 - 20:00",
          "do": "07:00 - 20:00",
          "vr": "07:00 - 20:00",
          "za": "07:00 - 20:00",
          "zo": "09:00 - 18:00"
        }
      }
    },
    {
      "type": "Feature",
      "geometry": {
        "type": "Point",
        "coordinates": [
          6.79134554322871,
          53.1652901738794
        ]
      },
      "properties": {
        "type": "pakketpunt",
        "locatieNaam": "Let's Move Fysiotherapie en Fitness",
        "straatNaam": "Noorderstraat",
        "straatNr": "159",
        "vervoerder": "PostNL",
        "puntType": "servicepunt",
        "bezettingsgraad": 50,
        "latitude": 53.1652901738794,
        "longitude": 6.79134554322871,
        "canPickup": true,
        "canDropoff": true,
        "openingstijden": "07:30 - 21:30"
      }
    },
    {
      "type": "Feature",
      "geometry": {
        "type": "Point",
        "coordinates": [
          6.791498541,
          53.20596283
        ]
      },
      "properties": {
        "type": "pakketpunt",
        "locatieNaam": "Hubo Slochteren",
        "straatNaam": "Korenmolenweg",
        "straatNr": "6",
        "vervoerder": "PostNL",
        "puntType": "servicepunt",
        "bezettingsgraad": 50,
        "latitude": 53.20596283,
        "longitude": 6.791498541,
        "canPickup": true,
        "canDropoff": true,
        "openingstijden": "09:00 - 18:00 (Na 18:00 open; Zaterdag open)"
      }
    },
    {
      "type": "Feature",
      "geometry": {
        "type": "Point",
        "coordinates": [
          6.787231177,
          53.1643048
        ]
      },
      "properties": {
        "type": "pakketpunt",
        "locatieNaam": "Pakket- en briefautomaat",
        "straatNaam": "Noorderstraat",
        "straatNr": "103PBA",
        "vervoerder": "PostNL",
        "puntType": "automaat",
        "bezettingsgraad": 50,
        "latitude": 53.1643048,
        "longitude": 6.787231177,
        "canPickup": true,
        "canDropoff": true,
        "openingstijden": "00:00 - 23:59"
      }
    },
    {
      "type": "Feature",
      "geometry": {
        "type": "Point",
        "coordinates": [
          6.761008603,
          53.16356571
        ]
      },
      "properties": {
        "type": "pakketpunt",
        "locatieNaam": "Primera",
        "straatNaam": "Hoofdstraat",
        "straatNr": "96",
        "vervoerder": "PostNL",
        "puntType": "servicepunt",
        "bezettingsgraad": 50,
        "latitude": 53.16356571,
        "longitude": 6.761008603,
        "canPickup": true,
        "canDropoff": true,
        "openingstijden": "09:00 - 18:00 (Na 18:00 open; Zaterdag open)"
      }
    },
    {
      "type": "Feature",
      "geometry": {
        "type": "Point",
        "coordinates": [
          6.74651508051357,
          53.1691679542825
        ]
      },
      "properties": {
        "type": "pakketpunt",
        "locatieNaam": "Erenpack B.V.",
        "straatNaam": "A. Einsteinlaan",
        "straatNr": "45",
        "vervoerder": "PostNL",
        "puntType": "servicepunt",
        "bezettingsgraad": 50,
        "latitude": 53.1691679542825,
        "longitude": 6.74651508051357,
        "canPickup": true,
        "canDropoff": true,
        "openingstijden": "08:00 - 18:30"
      }
    },
    {
      "type": "Feature",
      "geometry": {
        "type": "Point",
        "coordinates": [
          6.748672954,
          53.16312229
        ]
      },
      "properties": {
        "type": "pakketpunt",
        "locatieNaam": "Desk Store Kantoormeubelen",
        "straatNaam": "Meint Veningastraat",
        "straatNr": "86",
        "vervoerder": "PostNL",
        "puntType": "servicepunt",
        "bezettingsgraad": 50,
        "latitude": 53.16312229,
        "longitude": 6.748672954,
        "canPickup": true,
        "canDropoff": true,
        "openingstijden": "08:00 - 18:00 (Na 18:00 open; Zaterdag open)"
      }
    },
    {
      "type": "Feature",
      "geometry": {
        "type": "Point",
        "coordinates": [
          6.75812717365957,
          53.1547376459169
        ]
      },
      "properties": {
        "type": "pakketpunt",
        "locatieNaam": "Pakketautomaat",
        "straatNaam": "Gorecht-Oost",
        "straatNr": "158PBA",
        "vervoerder": "PostNL",
        "puntType": "automaat",
        "bezettingsgraad": 50,
        "latitude": 53.1547376459169,
        "longitude": 6.75812717365957,
        "canPickup": true,
        "canDropoff": true,
        "openingstijden": "09:00 - 18:00"
      }
    },
    {
      "type": "Feature",
      "geometry": {
        "type": "Point",
        "coordinates": [
          6.754440618,
          53.15682876
        ]
      },
      "properties": {
        "type": "pakketpunt",
        "locatieNaam": "TOMTELECOM B.V.",
        "straatNaam": "van der Duyn van Maasdamweg",
        "straatNr": "6B",
        "vervoerder": "PostNL",
        "puntType": "servicepunt",
        "bezettingsgraad": 50,
        "latitude": 53.15682876,
        "longitude": 6.754440618,
        "canPickup": true,
        "canDropoff": true,
        "openingstijden": "09:30 - 17:00"
      }
    },
    {
      "type": "Feature",
      "geometry": {
        "type": "Point",
        "coordinates": [
          6.75662549996008,
          53.1554737620698
        ]
      },
      "properties": {
        "type": "pakketpunt",
        "locatieNaam": "Telecombinatie Hoogezand",
        "straatNaam": "Gorecht-Oost",
        "straatNr": "30B",
        "vervoerder": "PostNL",
        "puntType": "servicepunt",
        "bezettingsgraad": 50,
        "latitude": 53.1554737620698,
        "longitude": 6.75662549996008,
        "canPickup": true,
        "canDropoff": true,
        "openingstijden": "09:30 - 18:00"
      }
    },
    {
      "type": "Feature",
      "geometry": {
        "type": "Point",
        "coordinates": [
          6.756895426,
          53.15455402
        ]
      },
      "properties": {
        "type": "pakketpunt",
        "locatieNaam": "Bruna",
        "straatNaam": "Gorecht-Oost",
        "straatNr": "153P",
        "vervoerder": "PostNL",
        "puntType": "servicepunt",
        "bezettingsgraad": 50,
        "latitude": 53.15455402,
        "longitude": 6.756895426,
        "canPickup": true,
        "canDropoff": true,
        "openingstijden": "09:00 - 18:00 (Na 18:00 open; Zaterdag open)"
      }
    },
    {
      "type": "Feature",
      "geometry": {
        "type": "Point",
        "coordinates": [
          6.764456397,
          53.1501986
        ]
      },
      "properties": {
        "type": "pakketpunt",
        "locatieNaam": "GAMMA Hoogezand",
        "straatNaam": "Beverburcht",
        "straatNr": "2",
        "vervoerder": "PostNL",
        "puntType": "servicepunt",
        "bezettingsgraad": 50,
        "latitude": 53.1501986,
        "longitude": 6.764456397,
        "canPickup": true,
        "canDropoff": true,
        "openingstijden": "09:00 - 21:00"
      }
    },
    {
      "type": "Feature",
      "geometry": {
        "type": "Point",
        "coordinates": [
          6.76444116766924,
          53.1501897889653
        ]
      },
      "properties": {
        "type": "pakketpunt",
        "locatieNaam": "Pakketautomaat",
        "straatNaam": "Beverburcht",
        "straatNr": "2PBA",
        "vervoerder": "PostNL",
        "puntType": "automaat",
        "bezettingsgraad": 50,
        "latitude": 53.1501897889653,
        "longitude": 6.76444116766924,
        "canPickup": true,
        "canDropoff": true,
        "openingstijden": "00:00 - 23:59"
      }
    },
    {
      "type": "Feature",
      "geometry": {
        "type": "Point",
        "coordinates": [
          6.743704575,
          53.16299888
        ]
      },
      "properties": {
        "type": "pakketpunt",
        "locatieNaam": "Pakket- en briefautomaat",
        "straatNaam": "Meint Veningastraat",
        "straatNr": "30PBA",
        "vervoerder": "PostNL",
        "puntType": "automaat",
        "bezettingsgraad": 50,
        "latitude": 53.16299888,
        "longitude": 6.743704575,
        "canPickup": true,
        "canDropoff": true,
        "openingstijden": "00:00 - 23:59"
      }
    },
    {
      "type": "Feature",
      "geometry": {
        "type": "Point",
        "coordinates": [
          6.863472057,
          53.16139502
        ]
      },
      "properties": {
        "type": "pakketpunt",
        "locatieNaam": "Poiesz Zuidbroek",
        "straatNaam": "Spoorstraat",
        "straatNr": "21",
        "vervoerder": "PostNL",
        "puntType": "servicepunt",
        "bezettingsgraad": 50,
        "latitude": 53.16139502,
        "longitude": 6.863472057,
        "canPickup": true,
        "canDropoff": true,
        "openingstijden": "08:00 - 20:00"
      }
    },
    {
      "type": "Feature",
      "geometry": {
        "type": "Point",
        "coordinates": [
          6.8634720570074,
          53.1613950219189
        ]
      },
      "properties": {
        "type": "pakketpunt",
        "locatieNaam": "Pakket- en briefautomaat",
        "straatNaam": "Spoorstraat",
        "straatNr": "21PBA",
        "vervoerder": "PostNL",
        "puntType": "automaat",
        "bezettingsgraad": 50,
        "latitude": 53.1613950219189,
        "longitude": 6.8634720570074,
        "canPickup": true,
        "canDropoff": true,
        "openingstijden": "00:00 - 23:59"
      }
    },
    {
      "type": "Feature",
      "geometry": {
        "type": "Point",
        "coordinates": [
          6.863045529,
          53.16072625
        ]
      },
      "properties": {
        "type": "pakketpunt",
        "locatieNaam": "Dijkhuis Tweewielers",
        "straatNaam": "Spoorstraat",
        "straatNr": "32",
        "vervoerder": "PostNL",
        "puntType": "servicepunt",
        "bezettingsgraad": 50,
        "latitude": 53.16072625,
        "longitude": 6.863045529,
        "canPickup": true,
        "canDropoff": true,
        "openingstijden": "08:30 - 12:15, 13:15 - 18:00 (Na 18:00 open; Zaterdag open)"
      }
    },
    {
      "type": "Feature",
      "geometry": {
        "type": "Point",
        "coordinates": [
          6.87416230192053,
          53.1948832997596
        ]
      },
      "properties": {
        "type": "pakketpunt",
        "locatieNaam": "Pakket- en briefautomaat",
        "straatNaam": "Hoofdstraat",
        "straatNr": "36PBA",
        "vervoerder": "PostNL",
        "puntType": "automaat",
        "bezettingsgraad": 50,
        "latitude": 53.1948832997596,
        "longitude": 6.87416230192053,
        "canPickup": true,
        "canDropoff": true,
        "openingstijden": "00:00 - 23:59"
      }
    },
    {
      "type": "Feature",
      "geometry": {
        "type": "Point",
        "coordinates": [
          6.874177569,
          53.1948921
        ]
      },
      "properties": {
        "type": "pakketpunt",
        "locatieNaam": "Spar Noordbroek Boonstra",
        "straatNaam": "Hoofdstraat",
        "straatNr": "36",
        "vervoerder": "PostNL",
        "puntType": "servicepunt",
        "bezettingsgraad": 50,
        "latitude": 53.1948921,
        "longitude": 6.874177569,
        "canPickup": true,
        "canDropoff": true,
        "openingstijden": "07:00 - 20:00 (Na 18:00 open; Zaterdag open; Zondag open)"
      }
    },
    {
      "type": "Feature",
      "geometry": {
        "type": "Point",
        "coordinates": [
          6.813515,
          53.228481
        ]
      },
      "properties": {
        "type": "pakketpunt",
        "locatieNaam": "DA-Readshop Spithoff",
        "straatNaam": "Hoofdweg",
        "straatNr": "89",
        "vervoerder": "PostNL",
        "puntType": "servicepunt",
        "bezettingsgraad": 50,
        "latitude": 53.228481,
        "longitude": 6.813515,
        "canPickup": true,
        "canDropoff": true,
        "openingstijden": "08:00 - 18:00 (Na 18:00 open; Zaterdag open)"
      }
    },
    {
      "type": "Feature",
      "geometry": {
        "type": "Point",
        "coordinates": [
          6.81365982518571,
          53.2288962645766
        ]
      },
      "properties": {
        "type": "pakketpunt",
        "locatieNaam": "Pakket- en briefautomaat",
        "straatNaam": "Hoofdweg",
        "straatNr": "91PBA",
        "vervoerder": "PostNL",
        "puntType": "automaat",
        "bezettingsgraad": 50,
        "latitude": 53.2288962645766,
        "longitude": 6.81365982518571,
        "canPickup": true,
        "canDropoff": true,
        "openingstijden": "00:00 - 23:59"
      }
    },
    {
      "type": "Feature",
      "geometry": {
        "type": "Point",
        "coordinates": [
          6.74206033562259,
          53.1491597632105
        ]
      },
      "properties": {
        "type": "pakketpunt",
        "locatieNaam": "Pakketautomaat",
        "straatNaam": "Pleiaden",
        "straatNr": "11PBA",
        "vervoerder": "PostNL",
        "puntType": "automaat",
        "bezettingsgraad": 50,
        "latitude": 53.1491597632105,
        "longitude": 6.74206033562259,
        "canPickup": true,
        "canDropoff": true,
        "openingstijden": "08:00 - 20:00"
      }
    },
    {
      "type": "Feature",
      "geometry": {
        "type": "Point",
        "coordinates": [
          6.874583305,
          53.13399979
        ]
      },
      "properties": {
        "type": "pakketpunt",
        "locatieNaam": "Pakketautomaat",
        "straatNaam": "Kerkstraat",
        "straatNr": "55PBA",
        "vervoerder": "PostNL",
        "puntType": "automaat",
        "bezettingsgraad": 50,
        "latitude": 53.13399979,
        "longitude": 6.874583305,
        "canPickup": true,
        "canDropoff": true,
        "openingstijden": "08:00 - 20:00"
      }
    },
    {
      "type": "Feature",
      "geometry": {
        "type": "Point",
        "coordinates": [
          6.696905016,
          53.21305389
        ]
      },
      "properties": {
        "type": "pakketpunt",
        "locatieNaam": "Marskramer Boerema",
        "straatNaam": "Hoofdweg",
        "straatNr": "64",
        "vervoerder": "PostNL",
        "puntType": "servicepunt",
        "bezettingsgraad": 50,
        "latitude": 53.21305389,
        "longitude": 6.696905016,
        "canPickup": true,
        "canDropoff": true,
        "openingstijden": "09:00 - 18:00 (Na 18:00 open; Zaterdag open)"
      }
    },
    {
      "type": "Feature",
      "geometry": {
        "type": "Point",
        "coordinates": [
          6.69688977824759,
          53.2130450710085
        ]
      },
      "properties": {
        "type": "pakketpunt",
        "locatieNaam": "Pakketautomaat",
        "straatNaam": "Hoofdweg",
        "straatNr": "64PBA",
        "vervoerder": "PostNL",
        "puntType": "automaat",
        "bezettingsgraad": 50,
        "latitude": 53.2130450710085,
        "longitude": 6.69688977824759,
        "canPickup": true,
        "canDropoff": true,
        "openingstijden": "00:00 - 23:59"
      }
    },
    {
      "type": "Feature",
      "geometry": {
        "type": "Point",
        "coordinates": [
          6.86839577008606,
          53.2480401234825
        ]
      },
      "properties": {
        "type": "pakketpunt",
        "locatieNaam": "Pakketautomaat",
        "straatNaam": "Hoofdweg",
        "straatNr": "164PBA",
        "vervoerder": "PostNL",
        "puntType": "automaat",
        "bezettingsgraad": 50,
        "latitude": 53.2480401234825,
        "longitude": 6.86839577008606,
        "canPickup": true,
        "canDropoff": true,
        "openingstijden": "00:00 - 23:59"
      }
    },
    {
      "type": "Feature",
      "geometry": {
        "type": "Point",
        "coordinates": [
          6.86866566,
          53.24804578
        ]
      },
      "properties": {
        "type": "pakketpunt",
        "locatieNaam": "Poiesz Siddeburen",
        "straatNaam": "Hoofdweg",
        "straatNr": "164A",
        "vervoerder": "PostNL",
        "puntType": "servicepunt",
        "bezettingsgraad": 50,
        "latitude": 53.24804578,
        "longitude": 6.86866566,
        "canPickup": true,
        "canDropoff": true,
        "openingstijden": "08:00 - 20:00 (Na 18:00 open; Zaterdag open; Zondag open)"
      }
    },
    {
      "type": "Feature",
      "geometry": {
        "type": "Point",
        "coordinates": [
          6.7516485,
          53.1582613
        ]
      },
      "properties": {
        "type": "pakketpunt",
        "locatieNaam": "M. Daling",
        "straatNaam": "Vondelstraat 78",
        "straatNr": "",
        "vervoerder": "VintedGo",
        "puntType": "social",
        "bezettingsgraad": 50,
        "latitude": 53.1582613,
        "longitude": 6.7516485,
        "canPickup": true,
        "canDropoff": true,
        "openingstijden": null
      }
    },
    {
      "type": "Feature",
      "geometry": {
        "type": "Point",
        "coordinates": [
          6.7789529,
          53.1671778
        ]
      },
      "properties": {
        "type": "pakketpunt",
        "locatieNaam": "A. Vos",
        "straatNaam": "Rozenstraat 33",
        "straatNr": "",
        "vervoerder": "VintedGo",
        "puntType": "social",
        "bezettingsgraad": 50,
        "latitude": 53.1671778,
        "longitude": 6.7789529,
        "canPickup": true,
        "canDropoff": true,
        "openingstijden": null
      }
    },
    {
      "type": "Feature",
      "geometry": {
        "type": "Point",
        "coordinates": [
          6.78873,
          53.16444
        ]
      },
      "properties": {
        "type": "pakketpunt",
        "locatieNaam": "Inbrengwinkel DaRi",
        "straatNaam": "Noorderstraat 125",
        "straatNr": "",
        "vervoerder": "VintedGo",
        "puntType": "parcel_shop",
        "bezettingsgraad": 50,
        "latitude": 53.16444,
        "longitude": 6.78873,
        "canPickup": true,
        "canDropoff": true,
        "openingstijden": null
      }
    },
    {
      "type": "Feature",
      "geometry": {
        "type": "Point",
        "coordinates": [
          6.86892,
          53.24779
        ]
      },
      "properties": {
        "type": "pakketpunt",
        "locatieNaam": "Service Point",
        "straatNaam": "Hoofdweg 164D",
        "straatNr": "",
        "vervoerder": "VintedGo",
        "puntType": "parcel_shop",
        "bezettingsgraad": 50,
        "latitude": 53.24779,
        "longitude": 6.86892,
        "canPickup": true,
        "canDropoff": true,
        "openingstijden": null
      }
    },
    {
      "type": "Feature",
      "geometry": {
        "type": "Point",
        "coordinates": [
          6.75776,
          53.16398
        ]
      },
      "properties": {
        "type": "pakketpunt",
        "locatieNaam": "Wim's Dierenshop",
        "straatNaam": "Hoofdstraat 41",
        "straatNr": "",
        "vervoerder": "VintedGo",
        "puntType": "parcel_shop",
        "bezettingsgraad": 50,
        "latitude": 53.16398,
        "longitude": 6.75776,
        "canPickup": true,
        "canDropoff": true,
        "openingstijden": null
      }
    },
    {
      "type": "Feature",
      "geometry": {
        "type": "Point",
        "coordinates": [
          6.8630296,
          53.1607302
        ]
      },
      "properties": {
        "type": "pakketpunt",
        "locatieNaam": "Dijkhuis Tweewielers ",
        "straatNaam": "Spoorstraat 32",
        "straatNr": "",
        "vervoerder": "VintedGo",
        "puntType": "locker",
        "bezettingsgraad": 50,
        "latitude": 53.1607302,
        "longitude": 6.8630296,
        "canPickup": true,
        "canDropoff": true,
        "openingstijden": null
      }
    },
    {
      "type": "Feature",
      "geometry": {
        "type": "Point",
        "coordinates": [
          6.7579688,
          53.1548168
        ]
      },
      "properties": {
        "type": "pakketpunt",
        "locatieNaam": "Budget Food -  Hoogezand",
        "straatNaam": "Gorecht-Oost 158",
        "straatNr": "",
        "vervoerder": "VintedGo",
        "puntType": "locker",
        "bezettingsgraad": 50,
        "latitude": 53.1548168,
        "longitude": 6.7579688,
        "canPickup": true,
        "canDropoff": true,
        "openingstijden": null
      }
    },
    {
      "type": "Feature",
      "geometry": {
        "type": "Point",
        "coordinates": [
          6.8745902,
          53.1947909
        ]
      },
      "properties": {
        "type": "pakketpunt",
        "locatieNaam": "Spar Kroon",
        "straatNaam": "Hoofdstraat 36",
        "straatNr": "",
        "vervoerder": "VintedGo",
        "puntType": "locker",
        "bezettingsgraad": 50,
        "latitude": 53.1947909,
        "longitude": 6.8745902,
        "canPickup": true,
        "canDropoff": true,
        "openingstijden": null
      }
    },
    {
      "type": "Feature",
      "geometry": {
        "type": "Point",
        "coordinates": [
          6.8137239,
          53.2287633
        ]
      },
      "properties": {
        "type": "pakketpunt",
        "locatieNaam": "Plus Spithoff",
        "straatNaam": "hoofdweg 91",
        "straatNr": "",
        "vervoerder": "VintedGo",
        "puntType": "locker",
        "bezettingsgraad": 50,
        "latitude": 53.2287633,
        "longitude": 6.8137239,
        "canPickup": true,
        "canDropoff": true,
        "openingstijden": null
      }
    },
    {
      "type": "Feature",
      "geometry": {
        "type": "Point",
        "coordinates": [
          6.6993881,
          53.2132346
        ]
      },
      "properties": {
        "type": "pakketpunt",
        "locatieNaam": "Plus Van Der Luit",
        "straatNaam": "hoofdweg 42",
        "straatNr": "",
        "vervoerder": "VintedGo",
        "puntType": "locker",
        "bezettingsgraad": 50,
        "latitude": 53.2132346,
        "longitude": 6.6993881,
        "canPickup": true,
        "canDropoff": true,
        "openingstijden": null
      }
    },
    {
      "type": "Feature",
      "geometry": {
        "type": "Point",
        "coordinates": [
          6.69688977,
          53.213045
        ]
      },
      "properties": {
        "type": "pakketpunt",
        "locatieNaam": "Pakketautomaat",
        "straatNaam": "Hoofdweg",
        "straatNr": "64",
        "vervoerder": "GLS",
        "puntType": "locker",
        "bezettingsgraad": 50,
        "latitude": 53.213045,
        "longitude": 6.69688977,
        "canPickup": true,
        "canDropoff": true,
        "openingstijden": {
          "ma": "00:00 - 23:59",
          "di": "00:00 - 23:59",
          "wo": "00:00 - 23:59",
          "do": "00:00 - 23:59",
          "vr": "00:00 - 23:59",
          "za": "00:00 - 23:59",
          "zo": "00:00 - 23:59"
        }
      }
    },
    {
      "type": "Feature",
      "geometry": {
        "type": "Point",
        "coordinates": [
          6.74370457,
          53.1629988
        ]
      },
      "properties": {
        "type": "pakketpunt",
        "locatieNaam": "Pakketautomaat",
        "straatNaam": "Meint Veningastraat",
        "straatNr": "30",
        "vervoerder": "GLS",
        "puntType": "locker",
        "bezettingsgraad": 50,
        "latitude": 53.1629988,
        "longitude": 6.74370457,
        "canPickup": true,
        "canDropoff": true,
        "openingstijden": {
          "ma": "00:00 - 23:59",
          "di": "00:00 - 23:59",
          "wo": "00:00 - 23:59",
          "do": "00:00 - 23:59",
          "vr": "00:00 - 23:59",
          "za": "00:00 - 23:59",
          "zo": "00:00 - 23:59"
        }
      }
    },
    {
      "type": "Feature",
      "geometry": {
        "type": "Point",
        "coordinates": [
          6.74206033,
          53.1491597
        ]
      },
      "properties": {
        "type": "pakketpunt",
        "locatieNaam": "Pakketautomaat",
        "straatNaam": "Pleiaden",
        "straatNr": "11",
        "vervoerder": "GLS",
        "puntType": "locker",
        "bezettingsgraad": 50,
        "latitude": 53.1491597,
        "longitude": 6.74206033,
        "canPickup": true,
        "canDropoff": true,
        "openingstijden": {
          "ma": "08:00 - 20:00",
          "di": "08:00 - 20:00",
          "wo": "08:00 - 20:00",
          "do": "08:00 - 20:00",
          "vr": "08:00 - 21:00",
          "za": "08:00 - 20:00",
          "zo": "10:00 - 18:00"
        }
      }
    },
    {
      "type": "Feature",
      "geometry": {
        "type": "Point",
        "coordinates": [
          6.75812717,
          53.1547376
        ]
      },
      "properties": {
        "type": "pakketpunt",
        "locatieNaam": "Pakketautomaat",
        "straatNaam": "Gorecht-Oost",
        "straatNr": "158",
        "vervoerder": "GLS",
        "puntType": "locker",
        "bezettingsgraad": 50,
        "latitude": 53.1547376,
        "longitude": 6.75812717,
        "canPickup": true,
        "canDropoff": true,
        "openingstijden": {
          "ma": "09:00 - 18:00",
          "di": "09:00 - 18:00",
          "wo": "09:00 - 18:00",
          "do": "09:00 - 20:00",
          "vr": "09:00 - 20:00",
          "za": "09:00 - 18:00",
          "zo": "12:00 - 17:00"
        }
      }
    },
    {
      "type": "Feature",
      "geometry": {
        "type": "Point",
        "coordinates": [
          6.76444116,
          53.1501897
        ]
      },
      "properties": {
        "type": "pakketpunt",
        "locatieNaam": "Pakketautomaat",
        "straatNaam": "Beverburcht",
        "straatNr": "2",
        "vervoerder": "GLS",
        "puntType": "locker",
        "bezettingsgraad": 50,
        "latitude": 53.1501897,
        "longitude": 6.76444116,
        "canPickup": true,
        "canDropoff": true,
        "openingstijden": {
          "ma": "00:00 - 23:59",
          "di": "00:00 - 23:59",
          "wo": "00:00 - 23:59",
          "do": "00:00 - 23:59",
          "vr": "00:00 - 23:59",
          "za": "00:00 - 23:59",
          "zo": "00:00 - 23:59"
        }
      }
    },
    {
      "type": "Feature",
      "geometry": {
        "type": "Point",
        "coordinates": [
          6.793938,
          53.0920781
        ]
      },
      "properties": {
        "type": "pakketpunt",
        "locatieNaam": "ViaTim & Nicolien",
        "straatNaam": "Dorpsstraat",
        "straatNr": "308",
        "vervoerder": "GLS",
        "puntType": "parcel_shop",
        "bezettingsgraad": 50,
        "latitude": 53.0920781,
        "longitude": 6.793938,
        "canPickup": true,
        "canDropoff": true,
        "openingstijden": {
          "ma": "16:00 - 21:00",
          "di": "16:00 - 21:00",
          "wo": "16:00 - 21:00",
          "do": "16:00 - 21:00",
          "vr": "16:00 - 21:00",
          "za": "00:00 - 00:00",
          "zo": "00:00 - 00:00"
        }
      }
    },
    {
      "type": "Feature",
      "geometry": {
        "type": "Point",
        "coordinates": [
          6.800660936933742,
          53.22317991713305
        ]
      },
      "properties": {
        "type": "pakketpunt",
        "locatieNaam": "ViaTim en de Krimpen 24",
        "straatNaam": "De Krimpen",
        "straatNr": "24",
        "vervoerder": "ViaTim",
        "puntType": "servicepunt",
        "bezettingsgraad": 50,
        "latitude": 53.22317991713305,
        "longitude": 6.800660936933742,
        "canPickup": true,
        "canDropoff": true,
        "openingstijden": {
          "ma": "10:00 - 20:00",
          "di": "10:00 - 20:00",
          "wo": "10:00 - 20:00",
          "do": "10:00 - 20:00",
          "vr": "10:00 - 20:00",
          "za": "10:00 - 18:00",
          "zo": "00:00 - 00:00"
        }
      }
    },
    {
      "type": "Feature",
      "geometry": {
        "type": "Point",
        "coordinates": [
          6.75164865896904,
          53.1582614369337
        ]
      },
      "properties": {
        "type": "pakketpunt",
        "locatieNaam": "ViaTim en Mirjam",
        "straatNaam": "Vondelstraat",
        "straatNr": "78",
        "vervoerder": "ViaTim",
        "puntType": "servicepunt",
        "bezettingsgraad": 50,
        "latitude": 53.1582614369337,
        "longitude": 6.75164865896904,
        "canPickup": true,
        "canDropoff": true,
        "openingstijden": {
          "ma": "14:30 - 21:00",
          "di": "14:00 - 21:00",
          "wo": "14:00 - 21:00",
          "do": "14:30 - 21:00",
          "vr": "14:00 - 21:00",
          "za": "14:00 - 20:00",
          "zo": "gesloten"
        }
      }
    },
    {
      "type": "Feature",
      "geometry": {
        "type": "Point",
        "coordinates": [
          6.74404290688806,
          53.183430602275
        ]
      },
      "properties": {
        "type": "pakketpunt",
        "locatieNaam": "ViaTim & Lia",
        "straatNaam": "Wilgenlaan",
        "straatNr": "6",
        "vervoerder": "ViaTim",
        "puntType": "servicepunt",
        "bezettingsgraad": 50,
        "latitude": 53.183430602275,
        "longitude": 6.74404290688806,
        "canPickup": true,
        "canDropoff": true,
        "openingstijden": {
          "ma": "16:00 - 20:00",
          "di": "16:00 - 20:00",
          "wo": "16:00 - 20:00",
          "do": "16:00 - 20:00",
          "vr": "16:00 - 20:00",
          "za": "gesloten",
          "zo": "gesloten"
        }
      }
    },
    {
      "type": "Feature",
      "geometry": {
        "type": "Point",
        "coordinates": [
          6.79393809319021,
          53.092076771606
        ]
      },
      "properties": {
        "type": "pakketpunt",
        "locatieNaam": "ViaTim & Nicolien",
        "straatNaam": "Dorpsstraat",
        "straatNr": "308",
        "vervoerder": "ViaTim",
        "puntType": "servicepunt",
        "bezettingsgraad": 50,
        "latitude": 53.092076771606,
        "longitude": 6.79393809319021,
        "canPickup": true,
        "canDropoff": true,
        "openingstijden": {
          "ma": "16:00 - 21:00",
          "di": "16:00 - 21:00",
          "wo": "16:00 - 21:00",
          "do": "16:00 - 21:00",
          "vr": "16:00 - 21:00",
          "za": "gesloten",
          "zo": "gesloten"
        }
      }
    },
    {
      "type": "Feature",
      "geometry": {
        "type": "Point",
        "coordinates": [
          6.86828,
          53.24749
        ]
      },
      "properties": {
        "type": "pakketpunt",
        "locatieNaam": "DA DROGISTERIJ EN PARFUMERIE",
        "straatNaam": "HOOFDWEG 164",
        "straatNr": "",
        "vervoerder": "InPost",
        "puntType": "servicepunt",
        "bezettingsgraad": 50,
        "latitude": 53.24749,
        "longitude": 6.86828,
        "canPickup": true,
        "canDropoff": true,
        "openingstijden": "L/Ma/Me/J/V/S 8:30-18"
      }
    },
    {
      "type": "Feature",
      "geometry": {
        "type": "Point",
        "coordinates": [
          6.78873,
          53.16447
        ]
      },
      "properties": {
        "type": "pakketpunt",
        "locatieNaam": "DARI",
        "straatNaam": "Noorderstraat 125",
        "straatNr": "",
        "vervoerder": "InPost",
        "puntType": "servicepunt",
        "bezettingsgraad": 50,
        "latitude": 53.16447,
        "longitude": 6.78873,
        "canPickup": true,
        "canDropoff": true,
        "openingstijden": null
      }
    },
    {
      "type": "Feature",
      "geometry": {
        "type": "Point",
        "coordinates": [
          6.81369,
          53.2284
        ]
      },
      "properties": {
        "type": "pakketpunt",
        "locatieNaam": "",
        "straatNaam": "Hoofdweg",
        "straatNr": "91",
        "vervoerder": "InPost",
        "puntType": "automaat",
        "bezettingsgraad": 50,
        "latitude": 53.2284,
        "longitude": 6.81369,
        "canPickup": true,
        "canDropoff": true,
        "openingstijden": "24/7"
      }
    },
    {
      "type": "Feature",
      "geometry": {
        "type": "Point",
        "coordinates": [
          6.755954,
          53.156586
        ]
      },
      "properties": {
        "type": "pakketpunt",
        "locatieNaam": "UR408 Pakketautomaat Budbee",
        "straatNaam": "GORECHT-OOST",
        "straatNr": "6A",
        "vervoerder": "Budbee",
        "puntType": "automaat",
        "bezettingsgraad": 50,
        "latitude": 53.156586,
        "longitude": 6.755954,
        "canPickup": true,
        "canDropoff": true,
        "openingstijden": null
      }
    },
    {
      "type": "Feature",
      "geometry": {
        "type": "MultiPolygon",
        "coordinates": [
          [
            [
              [
                6.745740821788377,
                53.147620189170944
              ],
              [
                6.745472099687563,
                53.14741072318997
              ],
              [
                6.745170524378965,
                53.14721810062101
              ],
              [
                6.744839000240909,
                53.147044176291615
              ],
              [
                6.744480719921124,
                53.14689062495718
              ],
              [
                6.744099133594053,
                53.146758925181175
              ],
              [
                6.743697915743839,
                53.14665034510425
              ],
              [
                6.743280929792426,
                53.14656593023888
              ],
              [
                6.74285219091287,
                53.1465064934072
              ],
              [
                6.7424158273852255,
                53.14647260691855
              ],
              [
                6.741976040866227,
                53.14646459706163
              ],
              [
                6.741537065954323,
                53.146482540964094
              ],
              [
                6.741103129438394,
                53.14652626585054
              ],
              [
                6.740678409621401,
                53.14659535070501
              ],
              [
                6.740266996109607,
                53.14668913032245
              ],
              [
                6.739872850453448,
                53.146806701710624
              ],
              [
                6.739499768018195,
                53.14694693278019
              ],
              [
                6.739151341450681,
                53.14710847324026
              ],
              [
                6.738830926093234,
                53.147289767594316
              ],
              [
                6.738541607677453,
                53.147489070111746
              ],
              [
                6.738286172608588,
                53.147704461631335
              ],
              [
                6.738067081126683,
                53.1479338680348
              ],
              [
                6.737886443603122,
                53.14817508021332
              ],
              [
                6.73774600020119,
                53.14842577533487
              ],
              [
                6.73764710409718,
                53.14868353920749
              ],
              [
                6.737590708424389,
                53.14894588952411
              ],
              [
                6.737577357066642,
                53.14921029976459
              ],
              [
                6.737577363154159,
                53.14921035363867
              ],
              [
                6.737577362682703,
                53.149210362975325
              ],
              [
                6.737607185007223,
                53.14947428673615
              ],
              [
                6.737679894588384,
                53.149735182252975
              ],
              [
                6.737794791936258,
                53.149990536880914
              ],
              [
                6.737950771204548,
                53.15023789129532
              ],
              [
                6.738146330814413,
                53.15047486318135
              ],
              [
                6.738379587892943,
                53.15069917018262
              ],
              [
                6.738648296388057,
                53.150908651889154
              ],
              [
                6.738949868686116,
                53.151101290651134
              ],
              [
                6.739281400524506,
                53.151275231018815
              ],
              [
                6.739639698959595,
                53.15142879762031
              ],
              [
                6.7400213131207884,
                53.15156051130553
              ],
              [
                6.740422567454308,
                53.151669103399314
              ],
              [
                6.740839597136204,
                53.15175352792739
              ],
              [
                6.7412683853128925,
                53.1518129716962
              ],
              [
                6.741704801809877,
                53.15184686212982
              ],
              [
                6.742144642934865,
                53.15185487278811
              ],
              [
                6.74258367199094,
                53.151836926512466
              ],
              [
                6.743017660108519,
                53.15179319616949
              ],
              [
                6.743442427001628,
                53.15172410298492
              ],
              [
                6.7438538812549185,
                53.15163031248389
              ],
              [
                6.744248059752296,
                53.151512728076845
              ],
              [
                6.744621165866435,
                53.151372482353494
              ],
              [
                6.74496960604056,
                53.15121092616783
              ],
              [
                6.7452900244094485,
                53.15102961562068
              ],
              [
                6.7455793351257975,
                53.150830297064964
              ],
              [
                6.745834752080248,
                53.15061489027829
              ],
              [
                6.746053815728891,
                53.15038546996558
              ],
              [
                6.7462344167699735,
                53.150144245770164
              ],
              [
                6.746374816442219,
                53.149893540985964
              ],
              [
                6.746473663249835,
                53.14963577017618
              ],
              [
                6.746530005953969,
                53.149373415914496
              ],
              [
                6.746543302706354,
                53.14910900487266
              ],
              [
                6.746543296607711,
                53.14910895099907
              ],
              [
                6.746543297077233,
                53.149108941662355
              ],
              [
                6.746513420609254,
                53.14884502027474
              ],
              [
                6.746440659427222,
                53.14858413021432
              ],
              [
                6.746325715004042,
                53.14832878391647
              ],
              [
                6.746169694995106,
                53.14808144038565
              ],
              [
                6.7459741025448965,
                53.147844481518455
              ],
              [
                6.745740821788377,
                53.147620189170944
              ]
            ]
          ],
          [
            [
              [
                6.751210108009184,
                53.15495916938622
              ],
              [
                6.750920795925403,
                53.155158501273846
              ],
              [
                6.7506653777786605,
                53.155373918589575
              ],
              [
                6.750446313646438,
                53.15560334696677
              ],
              [
                6.75039146351534,
                53.15567661141532
              ],
              [
                6.750265717752377,
                53.15569707155022
              ],
              [
                6.749854239036946,
                53.155790884018536
              ],
              [
                6.749460037103204,
                53.15590848677745
              ],
              [
                6.749086907858373,
                53.1560487474356
              ],
              [
                6.748738444400134,
                53.15621031541725
              ],
              [
                6.748418002426234,
                53.15639163496082
              ],
              [
                6.748128667924827,
                53.15659096009322
              ],
              [
                6.747873227456364,
                53.15680637143547
              ],
              [
                6.747654141313247,
                53.15703579467838
              ],
              [
                6.747473519815836,
                53.15727702055102
              ],
              [
                6.7473331029735135,
                53.15752772608939
              ],
              [
                6.74723424370724,
                53.157785497001214
              ],
              [
                6.747177894795984,
                53.158047850911565
              ],
              [
                6.74716459967366,
                53.15831226126571
              ],
              [
                6.74719448716623,
                53.158576181658795
              ],
              [
                6.747267270220813,
                53.158837070358985
              ],
              [
                6.747382248640172,
                53.15909241478686
              ],
              [
                6.747538315797459,
                53.15933975571593
              ],
              [
                6.747733969267526,
                53.15957671096115
              ],
              [
                6.74773405367995,
                53.159576792093645
              ],
              [
                6.747734069261583,
                53.15957681096438
              ],
              [
                6.747967425268694,
                53.15980109832931
              ],
              [
                6.7482362368069735,
                53.1600105575932
              ],
              [
                6.74853791527029,
                53.16020317132223
              ],
              [
                6.748537921536321,
                53.16020317460817
              ],
              [
                6.748537974239346,
                53.16020320825746
              ],
              [
                6.748869614342946,
                53.16037712124278
              ],
              [
                6.749004149897824,
                53.160434754746575
              ],
              [
                6.748588218324303,
                53.160427205196584
              ],
              [
                6.748149104915936,
                53.160445173693354
              ],
              [
                6.747715035536317,
                53.16048892276212
              ],
              [
                6.747290189767466,
                53.16055803115417
              ],
              [
                6.746878658428213,
                53.16065183343787
              ],
              [
                6.7464844042034136,
                53.160769426402695
              ],
              [
                6.746375707002465,
                53.1608102779495
              ],
              [
                6.746024044545737,
                53.16068895351742
              ],
              [
                6.745947590401136,
                53.16066827148411
              ],
              [
                6.745743926631737,
                53.160598005977654
              ],
              [
                6.745342576195169,
                53.160489432322876
              ],
              [
                6.74492545361007,
                53.1604050240023
              ],
              [
                6.744902465660957,
                53.16040183857483
              ],
              [
                6.744898028697177,
                53.16040063825101
              ],
              [
                6.744480907821093,
                53.1603162283757
              ],
              [
                6.744052031051777,
                53.160256796551636
              ],
              [
                6.743615527996708,
                53.160222915039796
              ],
              [
                6.743175601655779,
                53.160214910080846
              ],
              [
                6.742736487973432,
                53.160232858755485
              ],
              [
                6.7423024150744135,
                53.16027658824227
              ],
              [
                6.741877562574606,
                53.16034567748093
              ],
              [
                6.741466021357597,
                53.16043946122433
              ],
              [
                6.741071754203292,
                53.16055703644048
              ],
              [
                6.7406985576467315,
                53.16069727100326
              ],
              [
                6.740350025433578,
                53.16085881458825
              ],
              [
                6.740029513923476,
                53.16104011166889
              ],
              [
                6.73974010977403,
                53.16123941648839
              ],
              [
                6.739484600216255,
                53.161454809863365
              ],
              [
                6.73926544620779,
                53.161684217657815
              ],
              [
                6.73920270757854,
                53.1617679724308
              ],
              [
                6.738827436805406,
                53.16173882953117
              ],
              [
                6.738387495789337,
                53.161730807054994
              ],
              [
                6.737948364599736,
                53.16174873824145
              ],
              [
                6.737514271529873,
                53.16179245043751
              ],
              [
                6.73708939638979,
                53.161861522749376
              ],
              [
                6.736677830280991,
                53.161955290092926
              ],
              [
                6.736283536222979,
                53.16207284959409
              ],
              [
                6.735910311009763,
                53.16221306927807
              ],
              [
                6.735561748662844,
                53.162374598963645
              ],
              [
                6.73524120583194,
                53.16255588325821
              ],
              [
                6.734951769476167,
                53.162755176528044
              ],
              [
                6.734696227136604,
                53.16297055970112
              ],
              [
                6.73447704008649,
                53.16319995873958
              ],
              [
                6.734296319617836,
                53.16344116460571
              ],
              [
                6.734155806693085,
                53.163691854528274
              ],
              [
                6.7340568551585385,
                53.16394961436544
              ],
              [
                6.734000418681852,
                53.16421196184914
              ],
              [
                6.7339870415404,
                53.16447637048655
              ],
              [
                6.7340168533502816,
                53.164740293889565
              ],
              [
                6.734089567787773,
                53.16500119029742
              ],
              [
                6.734204485316827,
                53.16525654705651
              ],
              [
                6.734360499897372,
                53.16550390482175
              ],
              [
                6.7345561096110265,
                53.165740881245924
              ],
              [
                6.734789431102808,
                53.16596519392897
              ],
              [
                6.735058217700659,
                53.16617468240609
              ],
              [
                6.73535988103901,
                53.166367328962146
              ],
              [
                6.735691515978606,
                53.166541278072295
              ],
              [
                6.7360499285828865,
                53.16669485428042
              ],
              [
                6.736431666881623,
                53.166826578343716
              ],
              [
                6.736833054125278,
                53.16693518148706
              ],
              [
                6.73725022420954,
                53.16701961762964
              ],
              [
                6.73767915892823,
                53.16707907346604
              ],
              [
                6.738115726695023,
                53.16711297630405
              ],
              [
                6.738211764784105,
                53.16711472768767
              ],
              [
                6.738177592081452,
                53.16717570148711
              ],
              [
                6.738078656744638,
                53.16743346430235
              ],
              [
                6.738022240302893,
                53.16769581332023
              ],
              [
                6.738008886840818,
                53.16796022203317
              ],
              [
                6.738038725746606,
                53.16822414405232
              ],
              [
                6.738111470435726,
                53.16848503763009
              ],
              [
                6.738226421080885,
                53.168740390140286
              ],
              [
                6.738382471323166,
                53.168987742278524
              ],
              [
                6.738578118900781,
                53.16922471175183
              ],
              [
                6.738811480094105,
                53.16944901622704
              ],
              [
                6.739080307848707,
                53.16965849531835
              ],
              [
                6.739382013402592,
                53.16985113140104
              ],
              [
                6.739713691209849,
                53.170025069051015
              ],
              [
                6.740072146920968,
                53.170178632922585
              ],
              [
                6.740453928150428,
                53.170310343891764
              ],
              [
                6.740855357735083,
                53.17041893330943
              ],
              [
                6.74127256916269,
                53.17050335522712
              ],
              [
                6.741701543828719,
                53.170562796476226
              ],
              [
                6.7421381497619715,
                53.170596684505206
              ],
              [
                6.74257818144502,
                53.17060469289696
              ],
              [
                6.7427198082436,
                53.17059890559125
              ],
              [
                6.7428327981022385,
                53.170707493255534
              ],
              [
                6.743101653099443,
                53.170916963156714
              ],
              [
                6.743403385272857,
                53.17110958895546
              ],
              [
                6.743735088820114,
                53.17128351532676
              ],
              [
                6.7440935691437,
                53.17143706703353
              ],
              [
                6.744475373620951,
                53.17156876506886
              ],
              [
                6.744876824864723,
                53.17167734090835
              ],
              [
                6.745294056154068,
                53.171761748734184
              ],
              [
                6.745723048693083,
                53.17182117551362
              ],
              [
                6.746159670338344,
                53.171855048834416
              ],
              [
                6.746599715421034,
                53.17186304242108
              ],
              [
                6.747038945279176,
                53.171845079279564
              ],
              [
                6.747473129108541,
                53.17180133243893
              ],
              [
                6.747898084737594,
                53.17173222328386
              ],
              [
                6.748309718932696,
                53.1716384174934
              ],
              [
                6.748704066844269,
                53.171520818625304
              ],
              [
                6.749077330213028,
                53.1713805594087
              ],
              [
                6.749425913967482,
                53.17121899082757
              ],
              [
                6.749746460859568,
                53.171037669102354
              ],
              [
                6.750035883804287,
                53.170838340693635
              ],
              [
                6.750291395611699,
                53.17062292547404
              ],
              [
                6.750510535824787,
                53.17039349822981
              ],
              [
                6.750691194404964,
                53.17015226867112
              ],
              [
                6.75083163203746,
                53.1699015601435
              ],
              [
                6.750930496861645,
                53.16964378724638
              ],
              [
                6.750986837465954,
                53.16938143257344
              ],
              [
                6.751000112023175,
                53.169117022800435
              ],
              [
                6.750970193479208,
                53.16885310434944
              ],
              [
                6.750897370746399,
                53.168592218865236
              ],
              [
                6.75078234589118,
                53.16833687873889
              ],
              [
                6.750626227344199,
                53.168089542915375
              ],
              [
                6.750430519199466,
                53.167852593217034
              ],
              [
                6.750197106706551,
                53.16762831141146
              ],
              [
                6.7499282380964205,
                53.167418857243845
              ],
              [
                6.749626502916658,
                53.167226247645864
              ],
              [
                6.749294807085158,
                53.167052337319916
              ],
              [
                6.748936344902923,
                53.166898800886536
              ],
              [
                6.748554568295452,
                53.1667671167656
              ],
              [
                6.748153153578868,
                53.16665855294681
              ],
              [
                6.747735966070409,
                53.1665741547861
              ],
              [
                6.747307022883497,
                53.166514734944734
              ],
              [
                6.746870454264979,
                53.166480865568346
              ],
              [
                6.746430463845892,
                53.166472872780794
              ],
              [
                6.746288851073403,
                53.16647866443042
              ],
              [
                6.746175863709364,
                53.166370079867285
              ],
              [
                6.745907022335955,
                53.16616061650848
              ],
              [
                6.745605313768924,
                53.16596799662596
              ],
              [
                6.745553631152538,
                53.16594089538068
              ],
              [
                6.745795937725981,
                53.16573661693681
              ],
              [
                6.746015077341213,
                53.16550719755096
              ],
              [
                6.7460318191136635,
                53.16548484394874
              ],
              [
                6.746173238236628,
                53.16544266879334
              ],
              [
                6.7462819472178515,
                53.16540181745167
              ],
              [
                6.746633648782815,
                53.16552314081503
              ],
              [
                6.7470350491853095,
                53.16563170980767
              ],
              [
                6.7474522262536025,
                53.16571611046714
              ],
              [
                6.747881161714134,
                53.16577552982982
              ],
              [
                6.748317723973386,
                53.16580939555496
              ],
              [
                6.74875770793469,
                53.16581738144019
              ],
              [
                6.749196875524952,
                53.16579941056569
              ],
              [
                6.749630996539871,
                53.165755656035046
              ],
              [
                6.750055889413104,
                53.16568653930686
              ],
              [
                6.750467461515636,
                53.16559272613317
              ],
              [
                6.750861748596094,
                53.16547512014297
              ],
              [
                6.751234952981224,
                53.165334854133775
              ],
              [
                6.751583480167739,
                53.16517327915508
              ],
              [
                6.751903973452467,
                53.16499195148883
              ],
              [
                6.7521933462667505,
                53.164792617652814
              ],
              [
                6.752448811903445,
                53.16457719757194
              ],
              [
                6.752667910350154,
                53.164347766079175
              ],
              [
                6.752848531970438,
                53.16410653292559
              ],
              [
                6.752988937805343,
                53.16385582149129
              ],
              [
                6.753087776300299,
                53.163598046403656
              ],
              [
                6.753144096297097,
                53.1633356902775
              ],
              [
                6.753157356166769,
                53.16307127980245
              ],
              [
                6.753127428996401,
                53.16280736140741
              ],
              [
                6.753054603781163,
                53.16254647673652
              ],
              [
                6.752939582611138,
                53.16229113817306
              ],
              [
                6.752783473881239,
                53.16204380464697
              ],
              [
                6.752587781590712,
                53.16180685795848
              ],
              [
                6.7523543908362464,
                53.16158257984613
              ],
              [
                6.752085549639299,
                53.16137313001967
              ],
              [
                6.751783847283327,
                53.16118052536893
              ],
              [
                6.751452189370053,
                53.16100662054872
              ],
              [
                6.751317648799385,
                53.160948989819175
              ],
              [
                6.751733585773304,
                53.16095652988091
              ],
              [
                6.752172702756061,
                53.160938548246726
              ],
              [
                6.752606771985932,
                53.160894783045705
              ],
              [
                6.7530316123955085,
                53.16082565583925
              ],
              [
                6.753443131861238,
                53.16073183248033
              ],
              [
                6.753837366638868,
                53.16061421669595
              ],
              [
                6.754210519559031,
                53.16047394137801
              ],
              [
                6.754558996614236,
                53.16031235766564
              ],
              [
                6.7548794415842215,
                53.16013102192481
              ],
              [
                6.755168768365711,
                53.1599316807512
              ],
              [
                6.755424190694927,
                53.159716254140115
              ],
              [
                6.75564324897655,
                53.1594868169876
              ],
              [
                6.755698233744796,
                53.159413364851574
              ],
              [
                6.755823689899007,
                53.15939294747526
              ],
              [
                6.756235189643704,
                53.159299114555544
              ],
              [
                6.7563364267389,
                53.15926890778382
              ],
              [
                6.756478288504495,
                53.159263093105984
              ],
              [
                6.756912336463494,
                53.15921931236409
              ],
              [
                6.757337153449981,
                53.15915016994198
              ],
              [
                6.757748647566094,
                53.159056331839054
              ],
              [
                6.758142855311836,
                53.158938701924434
              ],
              [
                6.758515979778296,
                53.15879841322602
              ],
              [
                6.758616526156059,
                53.15875178400143
              ],
              [
                6.758617590029541,
                53.158751466536835
              ],
              [
                6.758990711337317,
                53.158611176363145
              ],
              [
                6.759339155507372,
                53.158449578770544
              ],
              [
                6.759659566636284,
                53.15826823025873
              ],
              [
                6.759948858946806,
                53.15806887754626
              ],
              [
                6.760204246507248,
                53.157853440739785
              ],
              [
                6.760423270057215,
                53.15762399483329
              ],
              [
                6.760603820681593,
                53.15738274971652
              ],
              [
                6.760744160105111,
                53.15713202888486
              ],
              [
                6.760838211088438,
                53.15688658154433
              ],
              [
                6.760879202523665,
                53.15686756933749
              ],
              [
                6.760904002779783,
                53.15685353168633
              ],
              [
                6.761037604847815,
                53.15679156553383
              ],
              [
                6.76135799662318,
                53.15661021245157
              ],
              [
                6.761647270075987,
                53.15641085559842
              ],
              [
                6.761902639456185,
                53.15619541512076
              ],
              [
                6.762121645678491,
                53.15596596604814
              ],
              [
                6.762302179994657,
                53.155724718300625
              ],
              [
                6.76244250428646,
                53.155473995398985
              ],
              [
                6.762541267784497,
                53.15521621208079
              ],
              [
                6.7625975200526085,
                53.15495385104007
              ],
              [
                6.762610720113803,
                53.15468943901377
              ],
              [
                6.762610592203721,
                53.15468831296031
              ],
              [
                6.762610693446992,
                53.15468628493272
              ],
              [
                6.762610689309013,
                53.15468624850409
              ],
              [
                6.762610689782678,
                53.15468623901591
              ],
              [
                6.762580711302281,
                53.154422322447445
              ],
              [
                6.762507843769833,
                53.15416144296351
              ],
              [
                6.762392789682547,
                53.153906112897474
              ],
              [
                6.762236657751926,
                53.15365879109731
              ],
              [
                6.76204095220023,
                53.153421859250315
              ],
              [
                6.761807558251464,
                53.15319759895213
              ],
              [
                6.761538723957484,
                53.1529881697409
              ],
              [
                6.761237038534956,
                53.152795588307974
              ],
              [
                6.760905407422262,
                53.15262170908456
              ],
              [
                6.76054702429693,
                53.15246820639181
              ],
              [
                6.760270399343113,
                53.15237279483186
              ],
              [
                6.7603551229586625,
                53.15215167213109
              ],
              [
                6.760411384668481,
                53.15188931182873
              ],
              [
                6.760424597314354,
                53.1516248997432
              ],
              [
                6.760394634437705,
                53.15136098231874
              ],
              [
                6.760393402975934,
                53.151356572335175
              ],
              [
                6.760559909283568,
                53.151558175615584
              ],
              [
                6.760793287885191,
                53.151782438511184
              ],
              [
                6.761062111054702,
                53.15199186951168
              ],
              [
                6.76136379007355,
                53.15218445145557
              ],
              [
                6.761695419650777,
                53.15235832944014
              ],
              [
                6.762053805900921,
                53.15251182869455
              ],
              [
                6.762435497107127,
                53.15264347071716
              ],
              [
                6.762836816973131,
                53.15275198752312
              ],
              [
                6.76325390004342,
                53.15283633386333
              ],
              [
                6.763682728949878,
                53.152895697297396
              ],
              [
                6.764119173125477,
                53.152929506023234
              ],
              [
                6.764559028611178,
                53.15293743438772
              ],
              [
                6.7649980585716945,
                53.15291940602501
              ],
              [
                6.765432034128765,
                53.15287559459245
              ],
              [
                6.765856775117526,
                53.1528064220969
              ],
              [
                6.766268190372351,
                53.152712554827374
              ],
              [
                6.766662317153059,
                53.15259489693394
              ],
              [
                6.767035359330814,
                53.152454581713975
              ],
              [
                6.76738372396506,
                53.152292960690936
              ],
              [
                6.767704055918612,
                53.15211159059016
              ],
              [
                6.767993270176939,
                53.151912218338026
              ],
              [
                6.768248581560193,
                53.15169676422927
              ],
              [
                6.768467531541721,
                53.15146730342457
              ],
              [
                6.7686480119149435,
                53.15122604595701
              ],
              [
                6.768788285081135,
                53.15097531544092
              ],
              [
                6.768887000763198,
                53.15071752668709
              ],
              [
                6.768943208985375,
                53.150455162441936
              ],
              [
                6.768956369194707,
                53.150190749473
              ],
              [
                6.768926355437568,
                53.149926834233206
              ],
              [
                6.768853457542411,
                53.14966595833612
              ],
              [
                6.76884107028114,
                53.14963847509401
              ],
              [
                6.768836526030043,
                53.14962221268359
              ],
              [
                6.768721447004483,
                53.14936688840738
              ],
              [
                6.768565295622041,
                53.14911957455875
              ],
              [
                6.7683695762920575,
                53.14888265274851
              ],
              [
                6.768136174370989,
                53.148658404475476
              ],
              [
                6.767867337987249,
                53.148448989162134
              ],
              [
                6.767565656377418,
                53.14825642336583
              ],
              [
                6.767558410300348,
                53.1482526244281
              ],
              [
                6.767550419429124,
                53.148247523755394
              ],
              [
                6.767218798123913,
                53.14807366171387
              ],
              [
                6.766860430576562,
                53.14792017762202
              ],
              [
                6.766478767801022,
                53.147788549395834
              ],
              [
                6.766077485017172,
                53.14768004448686
              ],
              [
                6.765660446271856,
                53.14759570768392
              ],
              [
                6.765231667246195,
                53.14753635105743
              ],
              [
                6.764795276606591,
                53.14750254614456
              ],
              [
                6.764355476270704,
                53.147494618448455
              ],
              [
                6.763916500969973,
                53.14751264430578
              ],
              [
                6.763482577497056,
                53.14755645015203
              ],
              [
                6.76305788402946,
                53.14762561419174
              ],
              [
                6.762646509919927,
                53.14771947045745
              ],
              [
                6.76225241633978,
                53.147837115218856
              ],
              [
                6.761879398153183,
                53.14797741568015
              ],
              [
                6.761531047388713,
                53.14813902088224
              ],
              [
                6.761210718659199,
                53.148320374705115
              ],
              [
                6.760921496862532,
                53.14851973084549
              ],
              [
                6.760666167474024,
                53.14873516962574
              ],
              [
                6.7604471897165,
                53.14896461647238
              ],
              [
                6.76026667286662,
                53.14920586188693
              ],
              [
                6.760126355925961,
                53.14945658271721
              ],
              [
                6.7600275908533005,
                53.149714364523575
              ],
              [
                6.759971329520307,
                53.149976724826004
              ],
              [
                6.759958114517219,
                53.15024113700806
              ],
              [
                6.759958122922868,
                53.15024121105541
              ],
              [
                6.759958122177267,
                53.15024122597369
              ],
              [
                6.759988081558249,
                53.15050514361286
              ],
              [
                6.759995062252733,
                53.15053014351802
              ],
              [
                6.759854964523889,
                53.15036050800652
              ],
              [
                6.759621598490442,
                53.150136243140714
              ],
              [
                6.7593527938518,
                53.14992680872439
              ],
              [
                6.759051139539044,
                53.14973422149892
              ],
              [
                6.758719540691011,
                53.14956033595142
              ],
              [
                6.758361190674567,
                53.149406826463846
              ],
              [
                6.757979540335014,
                53.149275171196685
              ],
              [
                6.757578264772616,
                53.149166637861974
              ],
              [
                6.7571612279647875,
                53.149082271522104
              ],
              [
                6.756732445574069,
                53.149022884532016
              ],
              [
                6.756296046299307,
                53.14898904872115
              ],
              [
                6.755856232141313,
                53.148981089890114
              ],
              [
                6.755417237964586,
                53.148999084675395
              ],
              [
                6.75498329074349,
                53.14904285981174
              ],
              [
                6.7545585688840974,
                53.14911199379921
              ],
              [
                6.754147162012427,
                53.14920582095983
              ],
              [
                6.75375303161512,
                53.149323437843464
              ],
              [
                6.753379972910717,
                53.149463711922785
              ],
              [
                6.753031578317769,
                53.149625292492765
              ],
              [
                6.752711202870993,
                53.149806623670635
              ],
              [
                6.752421931917957,
                53.15000595937113
              ],
              [
                6.752166551407185,
                53.150221380113464
              ],
              [
                6.751947521053663,
                53.150450811497954
              ],
              [
                6.751766950640418,
                53.15069204417515
              ],
              [
                6.751626579684759,
                53.15094275511544
              ],
              [
                6.751527760665578,
                53.15120052997454
              ],
              [
                6.751471445974042,
                53.151462886339445
              ],
              [
                6.7514581787142705,
                53.1517272976317
              ],
              [
                6.751488087443621,
                53.15199121743741
              ],
              [
                6.751560884904411,
                53.152252104030374
              ],
              [
                6.751675870760371,
                53.15250744485143
              ],
              [
                6.751831938312737,
                53.152754780708854
              ],
              [
                6.752027585132285,
                53.152991729466315
              ],
              [
                6.752260927506007,
                53.1532160089902
              ],
              [
                6.752275521950072,
                53.15322738149195
              ],
              [
                6.752135927450328,
                53.15347669693745
              ],
              [
                6.752037105824136,
                53.153734472017256
              ],
              [
                6.751980791066496,
                53.153996828410044
              ],
              [
                6.751967526282264,
                53.15426123953715
              ],
              [
                6.7519974400050735,
                53.15452515898629
              ],
              [
                6.7520092017560165,
                53.154567305762
              ],
              [
                6.751878969180522,
                53.15461626627271
              ],
              [
                6.751530527685386,
                53.154777842370805
              ],
              [
                6.751210108009184,
                53.15495916938622
              ]
            ]
          ],
          [
            [
              [
                6.7477262303332415,
                53.18189103808658
              ],
              [
                6.747457284401463,
                53.18168157959495
              ],
              [
                6.747155460154383,
                53.18148896495682
              ],
              [
                6.7468236643677635,
                53.18131504892314
              ],
              [
                6.746465092305202,
                53.181161506169246
              ],
              [
                6.746083196950265,
                53.18102981517586
              ],
              [
                6.745681655762435,
                53.18092124399886
              ],
              [
                6.745264335276572,
                53.180836838064806
              ],
              [
                6.744835253886314,
                53.180777410109854
              ],
              [
                6.744398543168969,
                53.18074353235775
              ],
              [
                6.743958408123495,
                53.18073553101293
              ],
              [
                6.743519086703421,
                53.180753483121165
              ],
              [
                6.743084809033278,
                53.1807972158281
              ],
              [
                6.742659756700199,
                53.180866308042496
              ],
              [
                6.742248022511555,
                53.18096009448853
              ],
              [
                6.741853571105041,
                53.18107767210834
              ],
              [
                6.741480200789665,
                53.181217908752735
              ],
              [
                6.741131506984116,
                53.18137945407729
              ],
              [
                6.740810847604077,
                53.181560752538914
              ],
              [
                6.740521310731187,
                53.18176005836753
              ],
              [
                6.740265684874811,
                53.181975452370224
              ],
              [
                6.740046432112906,
                53.182204860405
              ],
              [
                6.739865664370837,
                53.18244607334749
              ],
              [
                6.739725123066953,
                53.182696768358355
              ],
              [
                6.739626162321582,
                53.18295453124689
              ],
              [
                6.739569735891857,
                53.183216879715545
              ],
              [
                6.739556387959209,
                53.18348128726205
              ],
              [
                6.739586247859222,
                53.183745207508736
              ],
              [
                6.739659028805817,
                53.18400609872512
              ],
              [
                6.739774030623122,
                53.18426144830763
              ],
              [
                6.739930146459941,
                53.184508796980076
              ],
              [
                6.74012587342323,
                53.18474576248277
              ],
              [
                6.740359327029194,
                53.18497006252076
              ],
              [
                6.740628259333664,
                53.185179536750894
              ],
              [
                6.740930080567889,
                53.18537216759507
              ],
              [
                6.741261884071899,
                53.18554609967965
              ],
              [
                6.741620474285517,
                53.185699657712476
              ],
              [
                6.7420023975276395,
                53.18583136262566
              ],
              [
                6.742403975267098,
                53.18593994582838
              ],
              [
                6.74282133956437,
                53.18602436143191
              ],
              [
                6.743250470342179,
                53.18608379632856
              ],
              [
                6.743687234125268,
                53.18611767802771
              ],
              [
                6.744127423875402,
                53.18612568017341
              ],
              [
                6.744566799536778,
                53.18610772568895
              ],
              [
                6.745001128900406,
                53.1860639875201
              ],
              [
                6.745426228392597,
                53.18599488696795
              ],
              [
                6.745838003393687,
                53.18590108962878
              ],
              [
                6.746232487697572,
                53.18578349897901
              ],
              [
                6.7466058817310275,
                53.18564324766863
              ],
              [
                6.746954589163885,
                53.185481686605584
              ],
              [
                6.747275251556774,
                53.18530037193793
              ],
              [
                6.747564780712277,
                53.185101050058364
              ],
              [
                6.747820388417596,
                53.18488564077675
              ],
              [
                6.748039613292315,
                53.18465621882221
              ],
              [
                6.7482203444827595,
                53.184414993854
              ],
              [
                6.748360841975227,
                53.18416428917365
              ],
              [
                6.748459753333052,
                53.183906519343424
              ],
              [
                6.748516126697029,
                53.18364416692766
              ],
              [
                6.7485294199250205,
                53.183379758580315
              ],
              [
                6.748499505783704,
                53.18311584070989
              ],
              [
                6.748426673143626,
                53.182854954955424
              ],
              [
                6.7483116241672105,
                53.18259961371066
              ],
              [
                6.7481554675179485,
                53.1823522759313
              ],
              [
                6.747959707657282,
                53.18211532345854
              ],
              [
                6.7477262303332415,
                53.18189103808658
              ]
            ]
          ],
          [
            [
              [
                6.696808134816504,
                53.21034991277699
              ],
              [
                6.6963684916627475,
                53.21036769301844
              ],
              [
                6.695933867783469,
                53.21041125566597
              ],
              [
                6.695508448098421,
                53.2104801812657
              ],
              [
                6.6950963289511,
                53.2105738061462
              ],
              [
                6.694701478684865,
                53.210691228805345
              ],
              [
                6.694327699448256,
                53.21083131858621
              ],
              [
                6.693978590596505,
                53.21099272655875
              ],
              [
                6.693657514040959,
                53.21117389850261
              ],
              [
                6.693367561879639,
                53.21137308986643
              ],
              [
                6.693111526620361,
                53.21158838255978
              ],
              [
                6.692891874283159,
                53.2118177034166
              ],
              [
                6.692710720641128,
                53.21205884415247
              ],
              [
                6.692569810829006,
                53.21230948262388
              ],
              [
                6.692470502516322,
                53.21256720518497
              ],
              [
                6.692413752808087,
                53.212829529927035
              ],
              [
                6.692400108999975,
                53.2130939305766
              ],
              [
                6.692429703278197,
                53.21335786082297
              ],
              [
                6.692429703744278,
                53.21335786249924
              ],
              [
                6.692429711518531,
                53.213357931831816
              ],
              [
                6.692502259656649,
                53.21361884984852
              ],
              [
                6.692617063722327,
                53.213874242774224
              ],
              [
                6.692773018770492,
                53.2141216509156
              ],
              [
                6.692968623458298,
                53.21435869144035
              ],
              [
                6.693201994481217,
                53.2145830813312
              ],
              [
                6.6934708846919975,
                53.214792659379555
              ],
              [
                6.693772704728746,
                53.214985407007646
              ],
              [
                6.693780696151936,
                53.214989598751906
              ],
              [
                6.693787942536155,
                53.214994226389166
              ],
              [
                6.694119785880635,
                53.21516828705537
              ],
              [
                6.694478456460488,
                53.21532198426819
              ],
              [
                6.694860499821346,
                53.215453837619165
              ],
              [
                6.695262236275626,
                53.21556257708769
              ],
              [
                6.695679796355339,
                53.21564715527954
              ],
              [
                6.696109158097434,
                53.21570675752087
              ],
              [
                6.696546185801751,
                53.21574080970916
              ],
              [
                6.69669249373279,
                53.21574352494957
              ],
              [
                6.696815193136608,
                53.21579609955103
              ],
              [
                6.697197247759416,
                53.21592794540638
              ],
              [
                6.697598994436774,
                53.216036677002556
              ],
              [
                6.698016563602203,
                53.21612124702142
              ],
              [
                6.698445933205087,
                53.216180840867686
              ],
              [
                6.698882967469517,
                53.21621488451965
              ],
              [
                6.699323456751419,
                53.216223050061124
              ],
              [
                6.699763158109158,
                53.21620525884155
              ],
              [
                6.700197836195689,
                53.216161682233995
              ],
              [
                6.700623304077376,
                53.21609273998329
              ],
              [
                6.7010354635851055,
                53.215999096160964
              ],
              [
                6.701430344808076,
                53.215881652764836
              ],
              [
                6.701804144348859,
                53.21574154102663
              ],
              [
                6.702153261970472,
                53.21558011051019
              ],
              [
                6.7024743352817975,
                53.21539891610628
              ],
              [
                6.702764272126854,
                53.215199703049656
              ],
              [
                6.7030202803656485,
                53.21498439010234
              ],
              [
                6.703239894759755,
                53.21475505106593
              ],
              [
                6.703421000703888,
                53.21451389480155
              ],
              [
                6.703561854575274,
                53.214263243949354
              ],
              [
                6.703601995721368,
                53.21415900193091
              ],
              [
                6.70370827159085,
                53.21396988014188
              ],
              [
                6.703807515989421,
                53.21371214860525
              ],
              [
                6.703864197640073,
                53.21344981877032
              ],
              [
                6.703877771432617,
                53.21318541707409
              ],
              [
                6.703848107432925,
                53.212921489861216
              ],
              [
                6.703775492103943,
                53.212660578861204
              ],
              [
                6.703660625516812,
                53.212405196711174
              ],
              [
                6.703504614580163,
                53.212157802761055
              ],
              [
                6.703308962353821,
                53.21192077939305
              ],
              [
                6.703075553550881,
                53.21169640908433
              ],
              [
                6.7028066363686385,
                53.211486852432365
              ],
              [
                6.702504800824044,
                53.211294127355615
              ],
              [
                6.702172953802851,
                53.21112008966845
              ],
              [
                6.701814291063005,
                53.210966415217634
              ],
              [
                6.7014322664619925,
                53.21083458375192
              ],
              [
                6.701030558704328,
                53.21072586467954
              ],
              [
                6.7006130359290355,
                53.21064130485123
              ],
              [
                6.700183718477587,
                53.21058171848467
              ],
              [
                6.699746740200048,
                53.21054767932881
              ],
              [
                6.699306308671201,
                53.21053951514213
              ],
              [
                6.6988666646986825,
                53.21055730453826
              ],
              [
                6.698679353070263,
                53.210576083041595
              ],
              [
                6.698532366834344,
                53.210536298281205
              ],
              [
                6.698114850700908,
                53.21045172973387
              ],
              [
                6.697685538497313,
                53.21039213440879
              ],
              [
                6.697248564023119,
                53.21035808614109
              ],
              [
                6.696808134816504,
                53.21034991277699
              ]
            ]
          ],
          [
            [
              [
                6.764420731905541,
                53.16181620074141
              ],
              [
                6.764118971878218,
                53.1616236273537
              ],
              [
                6.7637872613440395,
                53.16144975685866
              ],
              [
                6.763428794745273,
                53.16129626349323
              ],
              [
                6.763047024049693,
                53.161164625262636
              ],
              [
                6.762645625516293,
                53.161056109714735
              ],
              [
                6.762228464306337,
                53.16097176174058
              ],
              [
                6.761799557279955,
                53.16091239351831
              ],
              [
                6.761363034335805,
                53.16087857669657
              ],
              [
                6.760923098665178,
                53.1608706368932
              ],
              [
                6.760483986302326,
                53.16088865056146
              ],
              [
                6.760049925359316,
                53.16093244425417
              ],
              [
                6.759625095337014,
                53.161001596292905
              ],
              [
                6.759213586902738,
                53.1610954408258
              ],
              [
                6.7588193625209545,
                53.161213074235604
              ],
              [
                6.758522943454609,
                53.16132451794764
              ],
              [
                6.758114636136624,
                53.16129287597511
              ],
              [
                6.757674696742721,
                53.16128492426541
              ],
              [
                6.757235578720477,
                53.16130292605262
              ],
              [
                6.75680151023645,
                53.16134670800399
              ],
              [
                6.756376670864077,
                53.16141584855412
              ],
              [
                6.755965151360669,
                53.16150968196173
              ],
              [
                6.755570914297226,
                53.16162730471674
              ],
              [
                6.755197755919271,
                53.16176758423525
              ],
              [
                6.754849269605081,
                53.1619291697599
              ],
              [
                6.754528811272621,
                53.16211050536026
              ],
              [
                6.754239467067714,
                53.16230984490867
              ],
              [
                6.753984023644453,
                53.16252526888725
              ],
              [
                6.753764941323916,
                53.16275470286517
              ],
              [
                6.753584330389908,
                53.162995937468146
              ],
              [
                6.753443930750352,
                53.163246649648
              ],
              [
                6.753345095160815,
                53.16350442504856
              ],
              [
                6.753288776172534,
                53.163766781251645
              ],
              [
                6.753275516931512,
                53.16403119168029
              ],
              [
                6.753305445918402,
                53.164295109928986
              ],
              [
                6.75337827568092,
                53.16455599428645
              ],
              [
                6.753493305572195,
                53.164811332215024
              ],
              [
                6.753649428469781,
                53.16505866455079
              ],
              [
                6.753845141411814,
                53.16529560919127
              ],
              [
                6.75407856004876,
                53.16551988404249
              ],
              [
                6.754347436772561,
                53.16572932900386
              ],
              [
                6.75464918234921,
                53.16592192677935
              ],
              [
                6.754980890846966,
                53.16609582231379
              ],
              [
                6.7553393676203966,
                53.16624934066712
              ],
              [
                6.75572116008083,
                53.16638100315383
              ],
              [
                6.7561225909567195,
                53.16648954159178
              ],
              [
                6.756539793723207,
                53.16657391052348
              ],
              [
                6.75696874985908,
                53.166633297290886
              ],
              [
                6.757405327571578,
                53.16666712986715
              ],
              [
                6.7578453216151155,
                53.16667508236931
              ],
              [
                6.758284493819451,
                53.16665707819908
              ],
              [
                6.758718613935851,
                53.166613290780695
              ],
              [
                6.759143500406666,
                53.16654414188977
              ],
              [
                6.759555060664624,
                53.16645029758794
              ],
              [
                6.759949330572546,
                53.166332661804105
              ],
              [
                6.7602457800977644,
                53.166221214642405
              ],
              [
                6.760654135408146,
                53.16625284914684
              ],
              [
                6.7610941257275,
                53.166260789740804
              ],
              [
                6.761533292270456,
                53.16624277368767
              ],
              [
                6.7619674048428156,
                53.166198974526225
              ],
              [
                6.762392281959641,
                53.166129814145116
              ],
              [
                6.762803831143792,
                53.16603595871675
              ],
              [
                6.763198088364809,
                53.16591831227712
              ],
              [
                6.763571256237232,
                53.165778008013454
              ],
              [
                6.763919740609692,
                53.16561639734366
              ],
              [
                6.764240185191632,
                53.16543503689341
              ],
              [
                6.764529503883727,
                53.16523567349629
              ],
              [
                6.764784910500378,
                53.16502022736179
              ],
              [
                6.765003945597878,
                53.164790773573806
              ],
              [
                6.765184500150154,
                53.16454952209811
              ],
              [
                6.765324835844391,
                53.164298796491195
              ],
              [
                6.765423601801709,
                53.164041011516765
              ],
              [
                6.765479847562637,
                53.1637786498848
              ],
              [
                6.765493032213216,
                53.16351423833788
              ],
              [
                6.765463029564987,
                53.16325032331511
              ],
              [
                6.765390129339975,
                53.162989446427964
              ],
              [
                6.765275034350567,
                53.16273411998485
              ],
              [
                6.765118853702455,
                53.16248680279876
              ],
              [
                6.764923092087299,
                53.16224987651245
              ],
              [
                6.76468963526919,
                53.162025622668004
              ],
              [
                6.764420731905541,
                53.16181620074141
              ]
            ]
          ],
          [
            [
              [
                6.7665764254165675,
                53.164329985485736
              ],
              [
                6.766691532396132,
                53.16458531050897
              ],
              [
                6.766847729686467,
                53.16483262542451
              ],
              [
                6.7670435136090274,
                53.1650695482976
              ],
              [
                6.767276999130431,
                53.165293797243734
              ],
              [
                6.7675459379981815,
                53.165503212411906
              ],
              [
                6.767847740379472,
                53.165695776792866
              ],
              [
                6.768179499795168,
                53.1658696356531
              ],
              [
                6.7685380211091415,
                53.16602311440576
              ],
              [
                6.768919851303466,
                53.16615473474666
              ],
              [
                6.769321312742914,
                53.166263228899744
              ],
              [
                6.769738538608048,
                53.16634755183401
              ],
              [
                6.77016751015501,
                53.16640689133445
              ],
              [
                6.770604095442486,
                53.166440675829584
              ],
              [
                6.771044089151869,
                53.1664485798996
              ],
              [
                6.771483253116136,
                53.166430527412714
              ],
              [
                6.77191735716595,
                53.16638669225865
              ],
              [
                6.772342219898523,
                53.16631749667276
              ],
              [
                6.772753748975369,
                53.16622360716655
              ],
              [
                6.773147980559825,
                53.16610592810436
              ],
              [
                6.773521117513532,
                53.165965592987504
              ],
              [
                6.7738695659831,
                53.16580395353112
              ],
              [
                6.77418997002397,
                53.16562256663814
              ],
              [
                6.774479243927516,
                53.16542317939684
              ],
              [
                6.774734601939711,
                53.16520771224625
              ],
              [
                6.774953585085178,
                53.16497824047271
              ],
              [
                6.775134084838383,
                53.164736974215145
              ],
              [
                6.775274363414453,
                53.164486237172326
              ],
              [
                6.775373070484747,
                53.16422844421804
              ],
              [
                6.775429256157008,
                53.16396607813904
              ],
              [
                6.77543285150828,
                53.163893641679735
              ],
              [
                6.775482977963905,
                53.16365956674016
              ],
              [
                6.775496101499491,
                53.16339515429131
              ],
              [
                6.775466038004533,
                53.16313124196887
              ],
              [
                6.77539307778701,
                53.16287037135825
              ],
              [
                6.7752779242369785,
                53.162615054707274
              ],
              [
                6.775121687023966,
                53.16236775073454
              ],
              [
                6.774925871384216,
                53.1621308409556
              ],
              [
                6.7746923636019,
                53.161906606753426
              ],
              [
                6.774423412825015,
                53.16169720741474
              ],
              [
                6.7741216093918,
                53.16150465934319
              ],
              [
                6.773789859876846,
                53.161330816648615
              ],
              [
                6.77343135909758,
                53.16117735330031
              ],
              [
                6.773049559350714,
                53.1610457470144
              ],
              [
                6.772648137174811,
                53.16093726503117
              ],
              [
                6.772230957958644,
                53.160852951918464
              ],
              [
                6.771802038735603,
                53.16079361951881
              ],
              [
                6.771365509521704,
                53.16075983913585
              ],
              [
                6.770925573568571,
                53.16075193603661
              ],
              [
                6.770486466913153,
                53.16076998632097
              ],
              [
                6.770052417612604,
                53.1608138161892
              ],
              [
                6.769627605055751,
                53.16088300361456
              ],
              [
                6.76921611974184,
                53.16097688240447
              ],
              [
                6.768821923912852,
                53.1610945486118
              ],
              [
                6.768448813417471,
                53.16123486923428
              ],
              [
                6.768100381173157,
                53.16139649311878
              ],
              [
                6.767779982577473,
                53.1615778639654
              ],
              [
                6.76749070320128,
                53.161777235307056
              ],
              [
                6.7672353290746585,
                53.16199268731971
              ],
              [
                6.767016319851633,
                53.16222214530247
              ],
              [
                6.76683578511231,
                53.162463399649795
              ],
              [
                6.766695464031043,
                53.16271412712337
              ],
              [
                6.766596708607029,
                53.16297191321951
              ],
              [
                6.766540470619584,
                53.16323427541705
              ],
              [
                6.766536860436476,
                53.16330671167433
              ],
              [
                6.76648668598222,
                53.16354078305993
              ],
              [
                6.766473507392995,
                53.16380519469352
              ],
              [
                6.766503516612784,
                53.16406910939453
              ],
              [
                6.7665764254165675,
                53.164329985485736
              ]
            ]
          ],
          [
            [
              [
                6.792554962257561,
                53.089512979137474
              ],
              [
                6.792144202658565,
                53.089606936236166
              ],
              [
                6.791750716280927,
                53.08972467803703
              ],
              [
                6.791750709739515,
                53.08972468050296
              ],
              [
                6.791750623094304,
                53.08972470642934
              ],
              [
                6.791378198955989,
                53.089865099201596
              ],
              [
                6.7910304233667675,
                53.09002679109727
              ],
              [
                6.790710645401544,
                53.09020822516125
              ],
              [
                6.790421944654893,
                53.09040765431718
              ],
              [
                6.790167101584525,
                53.09062315818381
              ],
              [
                6.789948570729645,
                53.09085266156054
              ],
              [
                6.789768457062388,
                53.09109395440414
              ],
              [
                6.789628495700397,
                53.09134471310509
              ],
              [
                6.789530035176542,
                53.09160252285878
              ],
              [
                6.789474024427651,
                53.09186490091564
              ],
              [
                6.7894610036285545,
                53.092129320487956
              ],
              [
                6.789461048244243,
                53.092129711738195
              ],
              [
                6.789461003494459,
                53.09213062048834
              ],
              [
                6.789491098827504,
                53.09239453508206
              ],
              [
                6.789564021235641,
                53.09265540302095
              ],
              [
                6.78967906917664,
                53.09291071192531
              ],
              [
                6.7898351353512085,
                53.09315800291073
              ],
              [
                6.790030717340912,
                53.09339489427296
              ],
              [
                6.790263932054853,
                53.093619104431276
              ],
              [
                6.790532533846752,
                53.093828473908296
              ],
              [
                6.790833936128746,
                53.094020986135305
              ],
              [
                6.791165236274135,
                53.0941947868814
              ],
              [
                6.7915232435696815,
                53.09434820211981
              ],
              [
                6.791904509948187,
                53.094479754158435
              ],
              [
                6.792305363205315,
                53.09458817587945
              ],
              [
                6.792721942380315,
                53.09467242294977
              ],
              [
                6.793150234959362,
                53.09473168388555
              ],
              [
                6.793586115542415,
                53.09476538787214
              ],
              [
                6.794025385600304,
                53.09477321026541
              ],
              [
                6.794069130667898,
                53.09477140092749
              ],
              [
                6.794124689764429,
                53.0947723901724
              ],
              [
                6.794563118049007,
                53.09475425526396
              ],
              [
                6.794996481472829,
                53.094710338101684
              ],
              [
                6.795420605768737,
                53.09464106171081
              ],
              [
                6.795831405712652,
                53.094547093381
              ],
              [
                6.796224924492463,
                53.094429338235486
              ],
              [
                6.796597371836751,
                53.094288930508284
              ],
              [
                6.796945160535248,
                53.09412722261337
              ],
              [
                6.797264940998648,
                53.09394577211263
              ],
              [
                6.797553633524436,
                53.0937463267063
              ],
              [
                6.797808457957722,
                53.093530807393385
              ],
              [
                6.798026960461331,
                53.09330128996205
              ],
              [
                6.798207037137546,
                53.093059984990454
              ],
              [
                6.798346954274384,
                53.092809216549846
              ],
              [
                6.798445365022022,
                53.09255139981595
              ],
              [
                6.798501322339508,
                53.0922890178043
              ],
              [
                6.798514288088087,
                53.09202459745328
              ],
              [
                6.798484138184504,
                53.09176068528648
              ],
              [
                6.798411163765891,
                53.091499822887776
              ],
              [
                6.798296068356067,
                53.091244522425754
              ],
              [
                6.798139961061802,
                53.09099724246321
              ],
              [
                6.797944345865557,
                53.090760364284556
              ],
              [
                6.797711107118889,
                53.09053616896863
              ],
              [
                6.797442491377042,
                53.090326815428
              ],
              [
                6.797141085750389,
                53.09013431962542
              ],
              [
                6.796809792981704,
                53.089960535167876
              ],
              [
                6.796451803489552,
                53.08980713546416
              ],
              [
                6.796070564647122,
                53.08967559761792
              ],
              [
                6.795669747592186,
                53.08956718821071
              ],
              [
                6.795253211887424,
                53.08948295111192
              ],
              [
                6.794824968370899,
                53.08942369743232
              ],
              [
                6.794389140553629,
                53.08938999771786
              ],
              [
                6.793949924935141,
                53.08938217645889
              ],
              [
                6.793928662269861,
                53.08938305598544
              ],
              [
                6.793850726286077,
                53.08938166797099
              ],
              [
                6.793412351929292,
                53.08939980011646
              ],
              [
                6.792979039822375,
                53.089443711442385
              ],
              [
                6.792554962257561,
                53.089512979137474
              ]
            ]
          ],
          [
            [
              [
                6.784956282852827,
                53.16126617160758
              ],
              [
                6.78452224372687,
                53.16131005381942
              ],
              [
                6.784097449914007,
                53.161379292440095
              ],
              [
                6.7836859917331385,
                53.16147322078411
              ],
              [
                6.783291831165159,
                53.16159093442722
              ],
              [
                6.782918763719454,
                53.1617312999103
              ],
              [
                6.7825703818992125,
                53.161892965648306
              ],
              [
                6.782250040616722,
                53.162074374938385
              ],
              [
                6.78196082489126,
                53.162273780943025
              ],
              [
                6.781705520140268,
                53.16248926350451
              ],
              [
                6.781486585349996,
                53.162718747627665
              ],
              [
                6.781306129384045,
                53.16296002345514
              ],
              [
                6.781165890658423,
                53.16321076754163
              ],
              [
                6.781067220379434,
                53.16346856522353
              ],
              [
                6.781011069506568,
                53.163730933867754
              ],
              [
                6.780997979566965,
                53.163995346777426
              ],
              [
                6.781028077410839,
                53.164259257522765
              ],
              [
                6.781101073959625,
                53.16452012446467
              ],
              [
                6.781216266959973,
                53.16477543523288
              ],
              [
                6.781279910900802,
                53.16487614456207
              ],
              [
                6.780990491371214,
                53.16477641582562
              ],
              [
                6.7805890148848045,
                53.16466796074407
              ],
              [
                6.780171784461819,
                53.164583675537045
              ],
              [
                6.779742817628556,
                53.16452437177832
              ],
              [
                6.779306244859314,
                53.164490620495855
              ],
              [
                6.778866269824978,
                53.16448274667639
              ],
              [
                6.77842712893871,
                53.16450082613794
              ],
              [
                6.777993050587196,
                53.16454468479989
              ],
              [
                6.777568214438963,
                53.164613900358184
              ],
              [
                6.777156711220423,
                53.164707806349426
              ],
              [
                6.776762503345999,
                53.16482549856455
              ],
              [
                6.776389386780455,
                53.16496584375091
              ],
              [
                6.776040954499819,
                53.1651274905188
              ],
              [
                6.77572056190215,
                53.165308882348135
              ],
              [
                6.77543129450075,
                53.16550827256958
              ],
              [
                6.7751759382105865,
                53.165723741177366
              ],
              [
                6.774956952514147,
                53.165953213310814
              ],
              [
                6.774776446765219,
                53.16619447922806
              ],
              [
                6.774636159859214,
                53.16644521557933
              ],
              [
                6.774537443466444,
                53.1667030077754
              ],
              [
                6.774481248990563,
                53.166965373236266
              ],
              [
                6.774468118378713,
                53.167229785295625
              ],
              [
                6.7744981788729355,
                53.16749369753212
              ],
              [
                6.77457114175452,
                53.167754568292175
              ],
              [
                6.774686305094532,
                53.168009885168864
              ],
              [
                6.774842560485188,
                53.1682571892009
              ],
              [
                6.775038403688381,
                53.168494098558206
              ],
              [
                6.775271949099745,
                53.168718331486524
              ],
              [
                6.775540947889899,
                53.16892772828886
              ],
              [
                6.775842809648787,
                53.169120272132965
              ],
              [
                6.776174627325243,
                53.16929410848302
              ],
              [
                6.776533205221838,
                53.16944756296894
              ],
              [
                6.776915089775491,
                53.169579157520346
              ],
              [
                6.7773166028272165,
                53.16968762460944
              ],
              [
                6.777733877060271,
                53.16977191946593
              ],
              [
                6.778162893264763,
                53.16983123014531
              ],
              [
                6.778599519069081,
                53.16986498535362
              ],
              [
                6.779039548764236,
                53.169872859953294
              ],
              [
                6.779478743836478,
                53.16985477809631
              ],
              [
                6.779912873816782,
                53.16981091395529
              ],
              [
                6.780337757052566,
                53.16974169004492
              ],
              [
                6.78074930100786,
                53.169647773149556
              ],
              [
                6.781143541702751,
                53.169530067897234
              ],
              [
                6.781516681911209,
                53.169389708041706
              ],
              [
                6.781865127748618,
                53.16922804553632
              ],
              [
                6.782185523295935,
                53.16904663750606
              ],
              [
                6.782474782926514,
                53.16884723124269
              ],
              [
                6.782730121024012,
                53.1686317473686
              ],
              [
                6.782949078805073,
                53.16840226133106
              ],
              [
                6.783129547988684,
                53.16816098340635
              ],
              [
                6.783269791084619,
                53.167910237405586
              ],
              [
                6.783368458106161,
                53.16765243828885
              ],
              [
                6.783424599546967,
                53.167390068902094
              ],
              [
                6.783437675497997,
                53.16712565606254
              ],
              [
                6.7834075608178,
                53.16686174622146
              ],
              [
                6.783334546307422,
                53.166600880940486
              ],
              [
                6.783219335879867,
                53.16634557241586
              ],
              [
                6.783155685246436,
                53.16624486418626
              ],
              [
                6.783445119559674,
                53.166344587599085
              ],
              [
                6.783846618693365,
                53.16645303298198
              ],
              [
                6.784263874194279,
                53.16653730526535
              ],
              [
                6.784692867032929,
                53.16659659272223
              ],
              [
                6.784928339245171,
                53.16661478550762
              ],
              [
                6.7851939609032215,
                53.16670629839061
              ],
              [
                6.785595467723794,
                53.16681473787866
              ],
              [
                6.786012730062814,
                53.166899004043096
              ],
              [
                6.786441728824907,
                53.16695828521581
              ],
              [
                6.786878331806462,
                53.16699201038712
              ],
              [
                6.787135857763996,
                53.166996601739264
              ],
              [
                6.787202148462431,
                53.16700172204092
              ],
              [
                6.787511638446504,
                53.167064218846306
              ],
              [
                6.787940640848937,
                53.16712349464057
              ],
              [
                6.788081534770793,
                53.16713437626398
              ],
              [
                6.788236146652438,
                53.16723296624494
              ],
              [
                6.788567999222432,
                53.16740676828381
              ],
              [
                6.78892660499444,
                53.167560185704474
              ],
              [
                6.789308510136649,
                53.16769174079354
              ],
              [
                6.789710036291572,
                53.16780016640328
              ],
              [
                6.7901273160160995,
                53.167884418163105
              ],
              [
                6.790556330047329,
                53.16794368454351
              ],
              [
                6.790992946034515,
                53.167977394677294
              ],
              [
                6.79143295836321,
                53.167985223861024
              ],
              [
                6.791872128686982,
                53.167967096684244
              ],
              [
                6.792306226775268,
                53.16792318775618
              ],
              [
                6.792731071282796,
                53.16785392002283
              ],
              [
                6.793142570046803,
                53.16775996069063
              ],
              [
                6.793536759522857,
                53.167642214796544
              ],
              [
                6.793909842978488,
                53.16750181648564
              ],
              [
                6.794258227075961,
                53.16734011808173
              ],
              [
                6.794578556491135,
                53.167158677055454
              ],
              [
                6.794867746234576,
                53.16695924101643
              ],
              [
                6.795123011363279,
                53.16674373087371
              ],
              [
                6.7953418937968895,
                53.16651422232757
              ],
              [
                6.795522285980258,
                53.166272925870885
              ],
              [
                6.79566245116489,
                53.166022165493324
              ],
              [
                6.795761040114516,
                53.16576435629319
              ],
              [
                6.795817104074738,
                53.16550198121358
              ],
              [
                6.795830103882691,
                53.165237567126276
              ],
              [
                6.7957999151301625,
                53.16497366049463
              ],
              [
                6.795726829331436,
                53.1647128028491
              ],
              [
                6.795611551085872,
                53.164457506312445
              ],
              [
                6.795455191263702,
                53.16421022940943
              ],
              [
                6.7952592562816765,
                53.16397335339479
              ],
              [
                6.79502563357293,
                53.163749159326144
              ],
              [
                6.79475657339185,
                53.16353980610375
              ],
              [
                6.794454667129806,
                53.16334730968699
              ],
              [
                6.794122822351191,
                53.16317352368823
              ],
              [
                6.793764234790354,
                53.16302012153079
              ],
              [
                6.7933823575792625,
                53.1628885803415
              ],
              [
                6.792980868002019,
                53.162780166733846
              ],
              [
                6.792563632096082,
                53.162695924617324
              ],
              [
                6.792134667440424,
                53.16263666515074
              ],
              [
                6.792047312644093,
                53.16262992078058
              ],
              [
                6.791839181205075,
                53.16249720290793
              ],
              [
                6.791507353399938,
                53.16232340956504
              ],
              [
                6.791148782097126,
                53.16216999948805
              ],
              [
                6.790766920272108,
                53.16203844988015
              ],
              [
                6.7903654450608855,
                53.161930027435844
              ],
              [
                6.789948222362628,
                53.161845776149754
              ],
              [
                6.789519269629192,
                53.16178650726892
              ],
              [
                6.7892187268186355,
                53.161763295946194
              ],
              [
                6.788819763062785,
                53.16165554485536
              ],
              [
                6.788402545970107,
                53.1615712881639
              ],
              [
                6.787973598022105,
                53.16151201373146
              ],
              [
                6.787537049511228,
                53.161478292303784
              ],
              [
                6.7872672086765204,
                53.161473481544476
              ],
              [
                6.787118031292132,
                53.16143318912865
              ],
              [
                6.786700819600579,
                53.16134892649097
              ],
              [
                6.786271876129589,
                53.16128964595074
              ],
              [
                6.785835331128522,
                53.16125591831248
              ],
              [
                6.785395388000933,
                53.16124806833529
              ],
              [
                6.784956282852827,
                53.16126617160758
              ]
            ]
          ],
          [
            [
              [
                6.794912756444062,
                53.204212469961924
              ],
              [
                6.794610563922548,
                53.20401997744471
              ],
              [
                6.794278404973956,
                53.20384619523306
              ],
              [
                6.793919478358021,
                53.203692796713455
              ],
              [
                6.793537240471426,
                53.20356125897759
              ],
              [
                6.7931353720709025,
                53.20345284860542
              ],
              [
                6.792717742841037,
                53.20336860947513
              ],
              [
                6.792288374147377,
                53.20330935271667
              ],
              [
                6.791851400332749,
                53.203275648905375
              ],
              [
                6.791411028928687,
                53.20326782257094
              ],
              [
                6.790971500163967,
                53.203285949074065
              ],
              [
                6.790537046159207,
                53.20332985388121
              ],
              [
                6.79011185019925,
                53.20339911424418
              ],
              [
                6.789700006474467,
                53.203493063268276
              ],
              [
                6.789305480677549,
                53.20361079633017
              ],
              [
                6.788932071834307,
                53.203751179784085
              ],
              [
                6.788583375735153,
                53.203912861872084
              ],
              [
                6.788262750318771,
                53.204094285734
              ],
              [
                6.787973283340859,
                53.204293704392406
              ],
              [
                6.787717762638964,
                53.20450919756777
              ],
              [
                6.787498649279785,
                53.20473869016297
              ],
              [
                6.78731805384767,
                53.204979972239244
              ],
              [
                6.7871777161030495,
                53.20523072029124
              ],
              [
                6.787078988207321,
                53.205488519617205
              ],
              [
                6.7870228216765165,
                53.20575088756832
              ],
              [
                6.7870097581903055,
                53.20601529745438
              ],
              [
                6.787039924345903,
                53.20627920287473
              ],
              [
                6.78711303040858,
                53.20654006224136
              ],
              [
                6.78722837307191,
                53.20679536325695
              ],
              [
                6.787384842202365,
                53.207042647112694
              ],
              [
                6.7875809315043965,
                53.20727953217267
              ],
              [
                6.7878147530042945,
                53.207503736916244
              ],
              [
                6.7880840552142,
                53.2077131019178
              ],
              [
                6.788386244802055,
                53.20790561065102
              ],
              [
                6.788718411559293,
                53.20807940891805
              ],
              [
                6.789077356426104,
                53.20823282271531
              ],
              [
                6.789459622304436,
                53.208364374364145
              ],
              [
                6.7898615273618494,
                53.20847279674977
              ],
              [
                6.790279200505045,
                53.20855704553241
              ],
              [
                6.790708618680927,
                53.208616309211166
              ],
              [
                6.791145645645077,
                53.20865001694479
              ],
              [
                6.7915860718234695,
                53.20865784405284
              ],
              [
                6.792025654882373,
                53.20863971514487
              ],
              [
                6.792460160614678,
                53.20859580484681
              ],
              [
                6.792885403747682,
                53.208526536117894
              ],
              [
                6.793297288278177,
                53.2084325761744
              ],
              [
                6.79369184694533,
                53.20831483005915
              ],
              [
                6.794065279460151,
                53.208174431919595
              ],
              [
                6.794413989122542,
                53.20801273407809
              ],
              [
                6.794734617472583,
                53.20783129400011
              ],
              [
                6.795024076641847,
                53.207631859286366
              ],
              [
                6.795279579092862,
                53.207416350833306
              ],
              [
                6.795498664460306,
                53.207186844325186
              ],
              [
                6.7956792232355365,
                53.20694555023546
              ],
              [
                6.795819517066821,
                53.20669479253109
              ],
              [
                6.795918195480334,
                53.20643698628481
              ],
              [
                6.795974308861612,
                53.20617461441138
              ],
              [
                6.795987317573495,
                53.205910203751735
              ],
              [
                6.795957097123712,
                53.20564630073623
              ],
              [
                6.79588393933349,
                53.20538544686048
              ],
              [
                6.795768549497117,
                53.20513015421085
              ],
              [
                6.7956120395609485,
                53.20488288127452
              ],
              [
                6.795415917388681,
                53.20464600926794
              ],
              [
                6.795182072217201,
                53.20442181920995
              ],
              [
                6.794912756444062,
                53.204212469961924
              ]
            ]
          ],
          [
            [
              [
                6.801450474748914,
                53.22052637826318
              ],
              [
                6.801013319970799,
                53.22049270863201
              ],
              [
                6.800572771834023,
                53.22048491657592
              ],
              [
                6.800133072268656,
                53.22050307712558
              ],
              [
                6.799698455039544,
                53.22054701541971
              ],
              [
                6.79927310500287,
                53.22061630838763
              ],
              [
                6.798861117832341,
                53.22071028882076
              ],
              [
                6.798466460601733,
                53.22082805179343
              ],
              [
                6.798092933602388,
                53.22096846337199
              ],
              [
                6.797744133762518,
                53.221130171527626
              ],
              [
                6.797423420019943,
                53.221311619149375
              ],
              [
                6.797133880981174,
                53.221511059031
              ],
              [
                6.796878305178081,
                53.22172657068866
              ],
              [
                6.7966591542084736,
                53.22195607884739
              ],
              [
                6.796478539019475,
                53.222197373418425
              ],
              [
                6.796338199562435,
                53.222448130776286
              ],
              [
                6.796239488015969,
                53.222705936129444
              ],
              [
                6.7961833557394,
                53.22296830677112
              ],
              [
                6.7961703440832615,
                53.22323271598503
              ],
              [
                6.796200579146353,
                53.223496617377
              ],
              [
                6.796273770531008,
                53.22375746939775
              ],
              [
                6.796389214109707,
                53.22401275982049
              ],
              [
                6.796545798777551,
                53.22426002993837
              ],
              [
                6.796742017126686,
                53.22449689824769
              ],
              [
                6.796975979940854,
                53.224721083389014
              ],
              [
                6.797245434371362,
                53.22493042612534
              ],
              [
                6.797547785620146,
                53.225122910144655
              ],
              [
                6.797880121921554,
                53.22529668148704
              ],
              [
                6.7978801446684125,
                53.22529669120257
              ],
              [
                6.797880158856015,
                53.22529669862091
              ],
              [
                6.79823927951738,
                53.225450083541936
              ],
              [
                6.798621725746914,
                53.22558160464098
              ],
              [
                6.799023813974727,
                53.225689995097554
              ],
              [
                6.799441671342843,
                53.225774210879266
              ],
              [
                6.799871273023253,
                53.22583344080307
              ],
              [
                6.8003084810035475,
                53.22586711435281
              ],
              [
                6.800749083965657,
                53.22587490717733
              ],
              [
                6.801188837872596,
                53.2258567442164
              ],
              [
                6.801623506871213,
                53.22581280042401
              ],
              [
                6.802048904115858,
                53.22574349908206
              ],
              [
                6.802460932118648,
                53.225649507720995
              ],
              [
                6.802855622236649,
                53.2255317316864
              ],
              [
                6.803229172914681,
                53.22539130541392
              ],
              [
                6.803577986314566,
                53.22522958149703
              ],
              [
                6.803898702977381,
                53.22504811765238
              ],
              [
                6.804188234184397,
                53.22484866170961
              ],
              [
                6.804443791704713,
                53.22463313476979
              ],
              [
                6.804662914643106,
                53.22440361269525
              ],
              [
                6.80484349312968,
                53.224162306109385
              ],
              [
                6.804983788623531,
                53.22391153909958
              ],
              [
                6.805082450635523,
                53.22365372682811
              ],
              [
                6.805138529709909,
                53.22339135226775
              ],
              [
                6.805151486540677,
                53.22312694228526
              ],
              [
                6.805121197135932,
                53.22286304330438
              ],
              [
                6.8050479539816475,
                53.22260219678182
              ],
              [
                6.804932463194823,
                53.222346914732995
              ],
              [
                6.8047758376945255,
                53.22209965554295
              ],
              [
                6.804579586457771,
                53.221862800295526
              ],
              [
                6.804345599964663,
                53.221638629848094
              ],
              [
                6.804076131973848,
                53.22142930287299
              ],
              [
                6.80377377780451,
                53.22123683507661
              ],
              [
                6.803441449334515,
                53.22106307979537
              ],
              [
                6.80344142658866,
                53.22106307008087
              ],
              [
                6.803441412401499,
                53.22106306266317
              ],
              [
                6.803082310023101,
                53.22090969302407
              ],
              [
                6.802699891824933,
                53.220778185840686
              ],
              [
                6.80229784029966,
                53.220669807398714
              ],
              [
                6.8018800268948105,
                53.22058560126886
              ],
              [
                6.801450474748914,
                53.22052637826318
              ]
            ]
          ],
          [
            [
              [
                6.817374637752833,
                53.22685831545538
              ],
              [
                6.817105074167392,
                53.22664901842779
              ],
              [
                6.816802625568971,
                53.2264565841157
              ],
              [
                6.816470204744529,
                53.22628286553309
              ],
              [
                6.8161110129751075,
                53.22612953545364
              ],
              [
                6.8157285092101265,
                53.22599807030979
              ],
              [
                6.815326376765911,
                53.22588973598248
              ],
              [
                6.814908487868895,
                53.22580557561754
              ],
              [
                6.814478866384265,
                53.22574639958642
              ],
              [
                6.814041649088287,
                53.22571277768715
              ],
              [
                6.813601045856294,
                53.225705033660674
              ],
              [
                6.81316129914874,
                53.225723242075226
              ],
              [
                6.8127266431842886,
                53.225767227608664
              ],
              [
                6.812301263192076,
                53.22583656673555
              ],
              [
                6.811889255134274,
                53.22593059180278
              ],
              [
                6.811494586285878,
                53.22604839745505
              ],
              [
                6.811354151536917,
                53.2261012030064
              ],
              [
                6.8110051047749005,
                53.2262053885594
              ],
              [
                6.810631572582387,
                53.22634583893159
              ],
              [
                6.810282776802988,
                53.22650758322751
              ],
              [
                6.809962076335667,
                53.22668906398812
              ],
              [
                6.80967255965939,
                53.226888533688076
              ],
              [
                6.809417015091012,
                53.227104071556454
              ],
              [
                6.809197903927908,
                53.22733360206579
              ],
              [
                6.809017336734224,
                53.22757491491213
              ],
              [
                6.808877052999482,
                53.227825686293826
              ],
              [
                6.80877840436602,
                53.228083501284274
              ],
              [
                6.8087223415876235,
                53.228345877083825
              ],
              [
                6.808709405345809,
                53.22861028692647
              ],
              [
                6.80873972101334,
                53.22887418441176
              ],
              [
                6.80881299741646,
                53.229135028027976
              ],
              [
                6.808928529608983,
                53.22939030562921
              ],
              [
                6.809085205632646,
                53.229637558631936
              ],
              [
                6.80928151719974,
                53.2298744056972
              ],
              [
                6.809515574196148,
                53.23009856567003
              ],
              [
                6.809785122865969,
                53.23030787955577
              ],
              [
                6.8099462176029855,
                53.230410387772494
              ],
              [
                6.809974887090212,
                53.23043784421815
              ],
              [
                6.810244440106439,
                53.23064715703398
              ],
              [
                6.810546889166779,
                53.2308396076043
              ],
              [
                6.810879321563303,
                53.231013342291185
              ],
              [
                6.811238535677252,
                53.23116668770339
              ],
              [
                6.811621071816734,
                53.231298166820615
              ],
              [
                6.812023245545576,
                53.23140651322675
              ],
              [
                6.81244118318197,
                53.23149068331362
              ],
              [
                6.8128708591245,
                53.231549866338426
              ],
              [
                6.813308134645212,
                53.231583492236666
              ],
              [
                6.8137487977752675,
                53.23159123711626
              ],
              [
                6.814188603897984,
                53.23157302637879
              ],
              [
                6.81462331665715,
                53.23152903543848
              ],
              [
                6.815048748785556,
                53.23145968803137
              ],
              [
                6.815460802459338,
                53.231365652131686
              ],
              [
                6.815855508788376,
                53.23124783351401
              ],
              [
                6.816229066061485,
                53.23110736702423
              ],
              [
                6.816577876377167,
                53.23094560564315
              ],
              [
                6.816898580306464,
                53.230764107448316
              ],
              [
                6.817188089253585,
                53.230564620600234
              ],
              [
                6.817443615202366,
                53.230349066497595
              ],
              [
                6.817662697562024,
                53.23011952126433
              ],
              [
                6.81784322685386,
                53.22987819574681
              ],
              [
                6.817983465011142,
                53.22962741421471
              ],
              [
                6.818005730900769,
                53.229569191250704
              ],
              [
                6.818047527564023,
                53.22949444740463
              ],
              [
                6.818146123971841,
                53.22923662509844
              ],
              [
                6.818202130603056,
                53.228974245170534
              ],
              [
                6.818215008849637,
                53.22870983453931
              ],
              [
                6.81818463547674,
                53.22844593963465
              ],
              [
                6.818177470850661,
                53.22842045550552
              ],
              [
                6.818181071157885,
                53.22834653593238
              ],
              [
                6.818150698268786,
                53.228082640985924
              ],
              [
                6.818077367413344,
                53.22782180317022
              ],
              [
                6.817961785553255,
                53.227566534416894
              ],
              [
                6.8178050664846985,
                53.227319292982806
              ],
              [
                6.817608720085746,
                53.227082459780604
              ],
              [
                6.817374637752833,
                53.22685831545538
              ]
            ]
          ],
          [
            [
              [
                6.878257762467868,
                53.1324562264751
              ],
              [
                6.877988497991247,
                53.13224705879652
              ],
              [
                6.877686443644596,
                53.13205477068125
              ],
              [
                6.877354508416292,
                53.13188121373582
              ],
              [
                6.876995888909893,
                53.13172805917787
              ],
              [
                6.876614038563489,
                53.13159678175012
              ],
              [
                6.876212634401348,
                53.131488645526325
              ],
              [
                6.875795541637656,
                53.1314046917453
              ],
              [
                6.875366776472661,
                53.131345728789675
              ],
              [
                6.8749304674387,
                53.13131232440609
              ],
              [
                6.8744908156675075,
                53.1313048002413
              ],
              [
                6.874052054460291,
                53.131323228746766
              ],
              [
                6.873618408548949,
                53.131367432481134
              ],
              [
                6.873194053439466,
                53.13143698581783
              ],
              [
                6.872783075228006,
                53.13153121904106
              ],
              [
                6.872389431275523,
                53.13164922479081
              ],
              [
                6.872016912118641,
                53.13178986679525
              ],
              [
                6.871669104982777,
                53.13195179080633
              ],
              [
                6.871349359248165,
                53.13213343763397
              ],
              [
                6.871060754200919,
                53.13233305815297
              ],
              [
                6.8708060693793485,
                53.132548730139334
              ],
              [
                6.870587757801122,
                53.13277837677328
              ],
              [
                6.870407922329242,
                53.13301978663188
              ],
              [
                6.870268295404844,
                53.133270634978416
              ],
              [
                6.870170222342577,
                53.13352850614438
              ],
              [
                6.870114648350245,
                53.13379091678844
              ],
              [
                6.870102109398644,
                53.13405533980833
              ],
              [
                6.870132727030545,
                53.134319228676276
              ],
              [
                6.870206207159982,
                53.134580041962984
              ],
              [
                6.870321842874533,
                53.134835267814424
              ],
              [
                6.870478521214778,
                53.135082448145205
              ],
              [
                6.8706747338667435,
                53.135319202316275
              ],
              [
                6.870908591665327,
                53.13554325006736
              ],
              [
                6.871177842769919,
                53.13575243348478
              ],
              [
                6.871479894337885,
                53.135944737791235
              ],
              [
                6.871811837487632,
                53.13611831075798
              ],
              [
                6.872170475311184,
                53.13627148055166
              ],
              [
                6.872552353666532,
                53.13640277184413
              ],
              [
                6.87295379445304,
                53.13651092002869
              ],
              [
                6.87337093104907,
                53.13659488340695
              ],
              [
                6.873799745569925,
                53.13665385322751
              ],
              [
                6.87423610758654,
                53.13668726147984
              ],
              [
                6.8746758139310975,
                53.13669478636855
              ],
              [
                6.875114629205157,
                53.136676355414366
              ],
              [
                6.875548326599072,
                53.1366321461527
              ],
              [
                6.8759727286284,
                53.13656258442257
              ],
              [
                6.87638374739388,
                53.13646834026232
              ],
              [
                6.876777423976091,
                53.13635032145227
              ],
              [
                6.877149966584466,
                53.13620966476617
              ],
              [
                6.8774977870923575,
                53.13604772501621
              ],
              [
                6.877817535605652,
                53.13586606199741
              ],
              [
                6.878106132731458,
                53.13566642545708
              ],
              [
                6.878360799235877,
                53.13545073823497
              ],
              [
                6.87857908280516,
                53.13522107773637
              ],
              [
                6.8787588816526695,
                53.13497965591697
              ],
              [
                6.87889846474473,
                53.1347287979732
              ],
              [
                6.878996488451141,
                53.1344709199423
              ],
              [
                6.879052009460817,
                53.13420850542949
              ],
              [
                6.879064493839053,
                53.13394408168568
              ],
              [
                6.879033822140303,
                53.133680195266486
              ],
              [
                6.8789602905282985,
                53.13341938750707
              ],
              [
                6.878844607893903,
                53.13316417004904
              ],
              [
                6.878687888999636,
                53.132917000655254
              ],
              [
                6.8784916437179415,
                53.13268025954453
              ],
              [
                6.878257762467868,
                53.1324562264751
              ]
            ]
          ],
          [
            [
              [
                6.866453282347741,
                53.15897385228245
              ],
              [
                6.866151091361536,
                53.15878153721344
              ],
              [
                6.865818996157594,
                53.158607950362466
              ],
              [
                6.865460194880251,
                53.15845476323489
              ],
              [
                6.865078142718048,
                53.158323450887
              ],
              [
                6.8646765186385235,
                53.1582152777287
              ],
              [
                6.864259189973253,
                53.158131285354266
              ],
              [
                6.863830175193622,
                53.15807228251788
              ],
              [
                6.863393605235023,
                53.15803883735007
              ],
              [
                6.862953683741013,
                53.1580312718903
              ],
              [
                6.862514646609292,
                53.158049658987586
              ],
              [
                6.862080721227909,
                53.15809382159923
              ],
              [
                6.86165608579316,
                53.15816333449472
              ],
              [
                6.861244829099789,
                53.158257528347704
              ],
              [
                6.861240547311338,
                53.15825881063872
              ],
              [
                6.8612289008388725,
                53.15826147810897
              ],
              [
                6.860834982849027,
                53.15837944588642
              ],
              [
                6.860462196810175,
                53.15852005173676
              ],
              [
                6.8601141325172055,
                53.15868194176022
              ],
              [
                6.859794141826373,
                53.158863557094136
              ],
              [
                6.859505306382502,
                53.159063148916786
              ],
              [
                6.859250407942625,
                53.159278795280635
              ],
              [
                6.859031901581779,
                53.1595084196129
              ],
              [
                6.8588518920391515,
                53.15974981070552
              ],
              [
                6.858712113432809,
                53.16000064400276
              ],
              [
                6.858613912538895,
                53.16025850398121
              ],
              [
                6.858558235797192,
                53.16052090740732
              ],
              [
                6.858545620169034,
                53.16078532724855
              ],
              [
                6.858576187936727,
                53.161049217007886
              ],
              [
                6.858649645495671,
                53.16131003524744
              ],
              [
                6.858765286151952,
                53.161565270065545
              ],
              [
                6.858921996899667,
                53.16181246329053
              ],
              [
                6.858939269408688,
                53.16183329991374
              ],
              [
                6.858956745977711,
                53.16189534939586
              ],
              [
                6.859072390038046,
                53.16215058385786
              ],
              [
                6.859229104685787,
                53.16239777662127
              ],
              [
                6.859425381258334,
                53.162634546927094
              ],
              [
                6.859659329975898,
                53.1628586143598
              ],
              [
                6.859928698123013,
                53.163067820815925
              ],
              [
                6.860230891730408,
                53.163260151296285
              ],
              [
                6.860288838863463,
                53.163290441956235
              ],
              [
                6.8603661938056,
                53.16333967382978
              ],
              [
                6.860698303775786,
                53.163513275470024
              ],
              [
                6.8610571304383905,
                53.16366647651059
              ],
              [
                6.861439217832662,
                53.16379780132217
              ],
              [
                6.86184088584446,
                53.1639059849751
              ],
              [
                6.86225826566328,
                53.163989985429346
              ],
              [
                6.862687337061302,
                53.16404899357614
              ],
              [
                6.863123967134684,
                53.16408244103578
              ],
              [
                6.863563950133039,
                53.164090005635096
              ],
              [
                6.864003047992468,
                53.16407161451236
              ],
              [
                6.864437031180704,
                53.164027444819304
              ],
              [
                6.864861719459786,
                53.1639579220138
              ],
              [
                6.865273022172584,
                53.163863715759334
              ],
              [
                6.865666977664075,
                53.163745733471224
              ],
              [
                6.86603979145674,
                53.163605111571535
              ],
              [
                6.866387872811546,
                53.16344320453755
              ],
              [
                6.866707869321729,
                53.163261571849326
              ],
              [
                6.866996699205715,
                53.163061962962274
              ],
              [
                6.867251580987918,
                53.162846300449914
              ],
              [
                6.867470060281461,
                53.16261666147976
              ],
              [
                6.867650033415123,
                53.16237525780039
              ],
              [
                6.867789767677322,
                53.162124414433684
              ],
              [
                6.867887917982757,
                53.161866547276595
              ],
              [
                6.867943539802034,
                53.16160413982988
              ],
              [
                6.867956098230644,
                53.16133971927649
              ],
              [
                6.867956098160581,
                53.16133971867279
              ],
              [
                6.8679560982230425,
                53.16133971735761
              ],
              [
                6.867925473103416,
                53.16107583022248
              ],
              [
                6.867851960151865,
                53.16081501784777
              ],
              [
                6.867736268080719,
                53.16055979191961
              ],
              [
                6.867579511744497,
                53.16031261028238
              ],
              [
                6.867405820110138,
                53.16010313238759
              ],
              [
                6.867309682740881,
                53.159891037118754
              ],
              [
                6.867152931292187,
                53.15964385485338
              ],
              [
                6.86695662631748,
                53.15940709707538
              ],
              [
                6.866722658811578,
                53.15918304370342
              ],
              [
                6.866453282347741,
                53.15897385228245
              ]
            ]
          ],
          [
            [
              [
                6.869225307128428,
                53.166212425920676
              ],
              [
                6.8689230530671255,
                53.16602011851105
              ],
              [
                6.868590891026928,
                53.165846539980805
              ],
              [
                6.868232019795721,
                53.165693361755345
              ],
              [
                6.867849895235579,
                53.165562058804994
              ],
              [
                6.867448197011053,
                53.16545389544925
              ],
              [
                6.867030793167525,
                53.165369913187966
              ],
              [
                6.866601702900103,
                53.165310920677854
              ],
              [
                6.8661650578708615,
                53.16527748595009
              ],
              [
                6.865725062446025,
                53.16526993094352
              ],
              [
                6.865285953234979,
                53.16528832840652
              ],
              [
                6.86485195831965,
                53.16533250119669
              ],
              [
                6.8644272565657225,
                53.165402023985465
              ],
              [
                6.864015937406408,
                53.16549622735122
              ],
              [
                6.863992878975008,
                53.165503132297594
              ],
              [
                6.863937622135185,
                53.16551217736381
              ],
              [
                6.863526300850095,
                53.165606379054196
              ],
              [
                6.863132322579511,
                53.16572435431998
              ],
              [
                6.862759481078684,
                53.16586496718297
              ],
              [
                6.862411366676565,
                53.16602686367601
              ],
              [
                6.862091331711968,
                53.166208484874076
              ],
              [
                6.8618024582561326,
                53.16640808189906
              ],
              [
                6.861547528432277,
                53.16662373275338
              ],
              [
                6.861328997617838,
                53.166853360821
              ],
              [
                6.861148970787714,
                53.1670947548579
              ],
              [
                6.861009182226697,
                53.16734559028003
              ],
              [
                6.8609109788070946,
                53.16760345154353
              ],
              [
                6.8608553069933045,
                53.167865855402475
              ],
              [
                6.8608427036995145,
                53.16813027482012
              ],
              [
                6.860873291089557,
                53.168394163303525
              ],
              [
                6.860946775370149,
                53.168654979427124
              ],
              [
                6.861062449590301,
                53.1689102113095
              ],
              [
                6.861219200421107,
                53.16915740080725
              ],
              [
                6.861415518851673,
                53.16939416719284
              ],
              [
                6.861649514699223,
                53.1696182300884
              ],
              [
                6.861918934794482,
                53.16982743143426
              ],
              [
                6.862221184667907,
                53.170019756280176
              ],
              [
                6.862553353528424,
                53.17019335219951
              ],
              [
                6.862912242294352,
                53.17034654713767
              ],
              [
                6.863294394406714,
                53.17047786552405
              ],
              [
                6.863696129127917,
                53.17058604249098
              ],
              [
                6.864113577004784,
                53.170670036062624
              ],
              [
                6.864542717153816,
                53.17072903719658
              ],
              [
                6.864979416008783,
                53.170762477580666
              ],
              [
                6.865419467156606,
                53.170770035109854
              ],
              [
                6.865858631876803,
                53.1707516369905
              ],
              [
                6.866292679992921,
                53.1707074604418
              ],
              [
                6.866717430641465,
                53.1706379309876
              ],
              [
                6.8671287925644355,
                53.17054371835554
              ],
              [
                6.867151853166103,
                53.170536812809424
              ],
              [
                6.867207115721711,
                53.17052776625589
              ],
              [
                6.867618475518101,
                53.17043355194823
              ],
              [
                6.868012484140051,
                53.170315562010224
              ],
              [
                6.868385346598243,
                53.1701749329377
              ],
              [
                6.868733471684908,
                53.17001301927708
              ],
              [
                6.869053506572108,
                53.169831380572155
              ],
              [
                6.869342369108727,
                53.1696317663365
              ],
              [
                6.869597277504808,
                53.16941609919504
              ],
              [
                6.8698157771173225,
                53.16918645635995
              ],
              [
                6.869995764079562,
                53.16894504961705
              ],
              [
                6.870135505546978,
                53.16869420401767
              ],
              [
                6.870233656365151,
                53.168436335480365
              ],
              [
                6.870289272000013,
                53.168173927519184
              ],
              [
                6.8703018176068955,
                53.167909507321966
              ],
              [
                6.87027117315199,
                53.16764562141018
              ],
              [
                6.870197634538073,
                53.1673848111142
              ],
              [
                6.870081910724856,
                53.167129588100124
              ],
              [
                6.8699251168727615,
                53.16688241018428
              ],
              [
                6.869728763577311,
                53.16664565766739
              ],
              [
                6.869494742298808,
                53.16642161041757
              ],
              [
                6.869225307128428,
                53.166212425920676
              ]
            ]
          ],
          [
            [
              [
                6.865118458035543,
                53.17184084513133
              ],
              [
                6.864849009926339,
                53.1716316512103
              ],
              [
                6.86454673712196,
                53.171439333170085
              ],
              [
                6.86421455071505,
                53.171265742905184
              ],
              [
                6.863855649728247,
                53.171112551953875
              ],
              [
                6.863473490310209,
                53.17098123540916
              ],
              [
                6.863071752461167,
                53.17087305772128
              ],
              [
                6.862654304608041,
                53.17078906052807
              ],
              [
                6.862225166369652,
                53.170730052630056
              ],
              [
                6.86178846986991,
                53.17069660220654
              ],
              [
                6.861348419970533,
                53.17068903134753
              ],
              [
                6.8609092538053105,
                53.17070741295398
              ],
              [
                6.860475200004423,
                53.17075157003615
              ],
              [
                6.8600504380004095,
                53.17082107741673
              ],
              [
                6.859639057806472,
                53.170915265822565
              ],
              [
                6.859245020653432,
                53.17103322832526
              ],
              [
                6.858872120863415,
                53.171173829069616
              ],
              [
                6.858523949326538,
                53.17133571420506
              ],
              [
                6.858203858931707,
                53.171517324916124
              ],
              [
                6.8579149322838795,
                53.17171691242559
              ],
              [
                6.857659952018478,
                53.17193255482763
              ],
              [
                6.857441373998693,
                53.17216217558762
              ],
              [
                6.857261303654076,
                53.17240356353202
              ],
              [
                6.857121475688564,
                53.17265439413541
              ],
              [
                6.857023237354063,
                53.17291225190038
              ],
              [
                6.8569675354513855,
                53.17317465361482
              ],
              [
                6.856954907184683,
                53.17343907226263
              ],
              [
                6.8569854749585035,
                53.1737029613583
              ],
              [
                6.857058945168714,
                53.17396377947037
              ],
              [
                6.857174611000071,
                53.17421901469839
              ],
              [
                6.857331359204698,
                53.17446620886671
              ],
              [
                6.857527680797225,
                53.17470298120281
              ],
              [
                6.857761685564627,
                53.17492705127148
              ],
              [
                6.85803112025192,
                53.175136260943944
              ],
              [
                6.858333390249173,
                53.175328595189846
              ],
              [
                6.858665584571613,
                53.175502201491945
              ],
              [
                6.85902450389242,
                53.17565540769559
              ],
              [
                6.859406691358372,
                53.17578673812167
              ],
              [
                6.859808465891365,
                53.17589492778648
              ],
              [
                6.860225957654742,
                53.17597893459193
              ],
              [
                6.860655145342233,
                53.1760379493681
              ],
              [
                6.861091894929623,
                53.17607140367138
              ],
              [
                6.861531999515072,
                53.176078975262634
              ],
              [
                6.861971219863231,
                53.1760605912128
              ],
              [
                6.862405325261702,
                53.17601642860548
              ],
              [
                6.86283013429508,
                53.175946912830305
              ],
              [
                6.863241555142849,
                53.1758527134831
              ],
              [
                6.863635625011884,
                53.1757347379127
              ],
              [
                6.864008548322802,
                53.175594122476475
              ],
              [
                6.864356733281592,
                53.1754322215895
              ],
              [
                6.864676826483554,
                53.17525059467282
              ],
              [
                6.864965745215845,
                53.17505099112614
              ],
              [
                6.865220707147241,
                53.17483533347176
              ],
              [
                6.865439257119112,
                53.17460569883042
              ],
              [
                6.865619290779776,
                53.17436429890909
              ],
              [
                6.865759074835041,
                53.174113458693434
              ],
              [
                6.86585726372044,
                53.173855594050295
              ],
              [
                6.86591291253547,
                53.17359318845612
              ],
              [
                6.865925486116101,
                53.17332876907606
              ],
              [
                6.865894864159344,
                53.17306488242378
              ],
              [
                6.865821342351551,
                53.17280406983683
              ],
              [
                6.8657056294908285,
                53.17254884300337
              ],
              [
                6.865548840632369,
                53.17230165977643
              ],
              [
                6.865352486323852,
                53.17206490050809
              ],
              [
                6.865118458035543,
                53.17184084513133
              ]
            ]
          ],
          [
            [
              [
                6.878000151356008,
                53.1930381853801
              ],
              [
                6.877697669949667,
                53.19284590257585
              ],
              [
                6.877365265961752,
                53.19267235072996
              ],
              [
                6.877006140509868,
                53.19251920101051
              ],
              [
                6.8766237519037805,
                53.192387928113384
              ],
              [
                6.876221782350184,
                53.192279796068455
              ],
              [
                6.875804102506595,
                53.192195846073986
              ],
              [
                6.875374734225118,
                53.19213688647596
              ],
              [
                6.874937811844153,
                53.192103484988564
              ],
              [
                6.874497542399829,
                53.192095963230585
              ],
              [
                6.874058165139365,
                53.19211439363023
              ],
              [
                6.8736239107250725,
                53.192158598728035
              ],
              [
                6.8731989605207655,
                53.192228152884375
              ],
              [
                6.872856475533788,
                53.19230657174345
              ],
              [
                6.872771084709855,
                53.192320547677824
              ],
              [
                6.872359528717264,
                53.19241477970489
              ],
              [
                6.87196533146872,
                53.19253278376652
              ],
              [
                6.8715922888278795,
                53.19267342360736
              ],
              [
                6.8712439930604905,
                53.19283534500056
              ],
              [
                6.870923798251958,
                53.19301698878151
              ],
              [
                6.87063478801308,
                53.193216605854765
              ],
              [
                6.870379745784748,
                53.193432274029774
              ],
              [
                6.870161128027499,
                53.19366191652378
              ],
              [
                6.869981040554302,
                53.19390332195401
              ],
              [
                6.869841218234901,
                53.194154165626706
              ],
              [
                6.869743008267734,
                53.1944120319185
              ],
              [
                6.869742695096984,
                53.194413508587914
              ],
              [
                6.869740705686315,
                53.19441873207751
              ],
              [
                6.869685054577761,
                53.194681137692584
              ],
              [
                6.8696724990722995,
                53.19494555557959
              ],
              [
                6.86970316087466,
                53.19520943926015
              ],
              [
                6.869776745476002,
                53.19547024735495
              ],
              [
                6.869892544960178,
                53.19572546805977
              ],
              [
                6.870049444792766,
                53.19597264333871
              ],
              [
                6.870245934528581,
                53.19620939260098
              ],
              [
                6.870480122335577,
                53.19643343563351
              ],
              [
                6.870749753196085,
                53.196642614567686
              ],
              [
                6.8710522306108315,
                53.19683491466904
              ],
              [
                6.871384641597227,
                53.197008483748974
              ],
              [
                6.871743784741407,
                53.19716165001133
              ],
              [
                6.872126201034009,
                53.19729293816156
              ],
              [
                6.872528207192469,
                53.197401083623014
              ],
              [
                6.872945931148606,
                53.19748504472324
              ],
              [
                6.873375349359093,
                53.197544012732585
              ],
              [
                6.873380484931724,
                53.197544405357746
              ],
              [
                6.873392919401273,
                53.197546112841884
              ],
              [
                6.873829895655052,
                53.19757951970297
              ],
              [
                6.874270220822205,
                53.19758704369684
              ],
              [
                6.874709653542151,
                53.19756861235272
              ],
              [
                6.875143961056395,
                53.197524403209954
              ],
              [
                6.875568960002308,
                53.197454842106474
              ],
              [
                6.875943962146667,
                53.19736897818617
              ],
              [
                6.875982449029387,
                53.197362678672896
              ],
              [
                6.8763940439670534,
                53.19726843422612
              ],
              [
                6.876788272009779,
                53.19715041568062
              ],
              [
                6.877161336054622,
                53.19700975980786
              ],
              [
                6.877509642952133,
                53.196847821412504
              ],
              [
                6.877829838123386,
                53.19666616027682
              ],
              [
                6.8781188378738,
                53.196466526130365
              ],
              [
                6.878373859092363,
                53.196250841790096
              ],
              [
                6.878592446050086,
                53.1960211846339
              ],
              [
                6.878772494039839,
                53.195779766585616
              ],
              [
                6.878912269630272,
                53.195528912805486
              ],
              [
                6.879010427339364,
                53.195271039290894
              ],
              [
                6.8790660225677955,
                53.19500862960377
              ],
              [
                6.879078520668563,
                53.19474421094857
              ],
              [
                6.879077621051328,
                53.19473648304089
              ],
              [
                6.879077683131592,
                53.194735169620024
              ],
              [
                6.879046964541601,
                53.19447128850228
              ],
              [
                6.87897332587561,
                53.194210486206835
              ],
              [
                6.878857477057869,
                53.19395527432261
              ],
              [
                6.8787005344534995,
                53.1937081105585
              ],
              [
                6.878504010091281,
                53.19347137507891
              ],
              [
                6.878269797079461,
                53.193247347587615
              ],
              [
                6.878000151356008,
                53.1930381853801
              ]
            ]
          ],
          [
            [
              [
                6.869065846756401,
                53.244836068939854
              ],
              [
                6.868628395716812,
                53.244802646948806
              ],
              [
                6.86818759006714,
                53.24479510408849
              ],
              [
                6.867747674216358,
                53.24481351299035
              ],
              [
                6.867312884011485,
                53.2448576964019
              ],
              [
                6.8668874059741665,
                53.24492722889243
              ],
              [
                6.8664753370108285,
                53.245021440947156
              ],
              [
                6.8660806449833425,
                53.24513942541034
              ],
              [
                6.865707130518913,
                53.24528004621565
              ],
              [
                6.865358390426142,
                53.245441949319655
              ],
              [
                6.865037783068843,
                53.24562357573428
              ],
              [
                6.864748396030635,
                53.24582317653148
              ],
              [
                6.864493016381366,
                53.246038829677836
              ],
              [
                6.864274103831719,
                53.24626845853558
              ],
              [
                6.86409376703469,
                53.24650985185355
              ],
              [
                6.863953743262512,
                53.24676068505483
              ],
              [
                6.863855381655403,
                53.247018542617205
              ],
              [
                6.863799630204243,
                53.24728094133061
              ],
              [
                6.8637870265934025,
                53.24754535420786
              ],
              [
                6.863817692993093,
                53.24780923481902
              ],
              [
                6.863891334852399,
                53.2480700418142
              ],
              [
                6.863902753798807,
                53.24809518551907
              ],
              [
                6.86390273965691,
                53.248095482215916
              ],
              [
                6.863933407187161,
                53.24835936274522
              ],
              [
                6.864007050715347,
                53.24862016961582
              ],
              [
                6.864122961759962,
                53.248875391035234
              ],
              [
                6.864280024714181,
                53.24912256896055
              ],
              [
                6.864476727563616,
                53.24935932277545
              ],
              [
                6.864711176425268,
                53.24958337222269
              ],
              [
                6.864981113768446,
                53.24979255937166
              ],
              [
                6.865283940142971,
                53.24998486940852
              ],
              [
                6.865616739205829,
                53.250158450048694
              ],
              [
                6.865976305805588,
                53.250311629384434
              ],
              [
                6.866359176854155,
                53.25044293199494
              ],
              [
                6.866761664688408,
                53.250551093164034
              ],
              [
                6.867179892599971,
                53.25063507106783
              ],
              [
                6.8676098321904515,
                53.25069405681456
              ],
              [
                6.868047342191503,
                53.25072748224
              ],
              [
                6.868299723755761,
                53.250731800642775
              ],
              [
                6.868317248863428,
                53.25073313947555
              ],
              [
                6.868758115141935,
                53.250740681627335
              ],
              [
                6.869198090867475,
                53.25072226884435
              ],
              [
                6.869632938049889,
                53.25067807848711
              ],
              [
                6.8700584681271,
                53.25060853621266
              ],
              [
                6.870470582331963,
                53.25051431187226
              ],
              [
                6.870865311191748,
                53.25039631305574
              ],
              [
                6.871238852778917,
                53.250255676344814
              ],
              [
                6.8715876093439405,
                53.25009375635981
              ],
              [
                6.871908221976663,
                53.24991211270594
              ],
              [
                6.872197602961865,
                53.24971249494478
              ],
              [
                6.872452965517211,
                53.24949682573577
              ],
              [
                6.872653334309271,
                53.24928660882553
              ],
              [
                6.87270729146835,
                53.24924103788691
              ],
              [
                6.87292617393884,
                53.249011393988745
              ],
              [
                6.873106471547138,
                53.248769987747146
              ],
              [
                6.87324644845933,
                53.24851914420895
              ],
              [
                6.873344757256243,
                53.24826127927309
              ],
              [
                6.873400451885453,
                53.24799887641903
              ],
              [
                6.873412996744787,
                53.24773446278555
              ],
              [
                6.873382271810975,
                53.24747058483093
              ],
              [
                6.873308573765146,
                53.247209783808835
              ],
              [
                6.873192613105544,
                53.2469545712958
              ],
              [
                6.8730355072763745,
                53.24670740500679
              ],
              [
                6.872838769880103,
                53.2464706651303
              ],
              [
                6.872604296078039,
                53.246246631412276
              ],
              [
                6.872334344320785,
                53.2460374612079
              ],
              [
                6.872031514585034,
                53.24584516871342
              ],
              [
                6.871698723326963,
                53.24567160557691
              ],
              [
                6.871345028266333,
                53.24552093633615
              ],
              [
                6.871058735708719,
                53.245371620133376
              ],
              [
                6.870699192532723,
                53.245218455682554
              ],
              [
                6.870316354894235,
                53.24508716656348
              ],
              [
                6.869913909323379,
                53.244979016962205
              ],
              [
                6.869495731060605,
                53.24489504824561
              ],
              [
                6.869065846756401,
                53.244836068939854
              ]
            ]
          ]
        ]
      },
      "properties": {
        "type": "buffer_union_300m",
        "buffer_m": 300
      }
    },
    {
      "type": "Feature",
      "geometry": {
        "type": "MultiPolygon",
        "coordinates": [
          [
            [
              [
                6.746967593115657,
                53.14710699229988
              ],
              [
                6.746609293959507,
                53.14682770781982
              ],
              [
                6.746207192880475,
                53.14657088132621
              ],
              [
                6.745765162408571,
                53.1463389857841
              ],
              [
                6.745287459341578,
                53.146134254063846
              ],
              [
                6.744778683757355,
                53.14595865745312
              ],
              [
                6.744243734730389,
                53.145813886687286
              ],
              [
                6.743687763178442,
                53.14570133568035
              ],
              [
                6.74311612229223,
                53.14562208811281
              ],
              [
                6.742534316024323,
                53.14557690700452
              ],
              [
                6.7419479461315,
                53.1455662273733
              ],
              [
                6.741362658278885,
                53.14559015204927
              ],
              [
                6.740784087722774,
                53.14564845068553
              ],
              [
                6.74021780509327,
                53.145740561973966
              ],
              [
                6.739669262796821,
                53.14586559904568
              ],
              [
                6.7391437425528355,
                53.14602235800383
              ],
              [
                6.73864630456792,
                53.14620932950723
              ],
              [
                6.738181738835614,
                53.14642471329303
              ],
              [
                6.737754519029431,
                53.14666643550023
              ],
              [
                6.737368759432343,
                53.1469321686262
              ],
              [
                6.7370281753169605,
                53.147219353926225
              ],
              [
                6.736736047157874,
                53.14752522603967
              ],
              [
                6.73649518902111,
                53.14784683960703
              ],
              [
                6.736307921435782,
                53.14818109762129
              ],
              [
                6.7361760490102505,
                53.14852478124265
              ],
              [
                6.736100843009786,
                53.14887458078747
              ],
              [
                6.736083029065107,
                53.14922712759606
              ],
              [
                6.736083035150766,
                53.14922718147024
              ],
              [
                6.7360830346789875,
                53.14922719080687
              ],
              [
                6.7361227857460335,
                53.14957908968132
              ],
              [
                6.736219720386371,
                53.149926951582415
              ],
              [
                6.736372906387533,
                53.15026742627023
              ],
              [
                6.736580869689927,
                53.15059723457431
              ],
              [
                6.736841608536506,
                53.15091319998175
              ],
              [
                6.73715261271068,
                53.15121227923974
              ],
              [
                6.737510887678728,
                53.151491591676404
              ],
              [
                6.737912983405491,
                53.15174844695767
              ],
              [
                6.738355027566652,
                53.15198037101218
              ],
              [
                6.73883276283838,
                53.15218512987392
              ],
              [
                6.739341587905234,
                53.15236075121216
              ],
              [
                6.739876601791144,
                53.152505543341306
              ],
              [
                6.740432651085895,
                53.15261811152632
              ],
              [
                6.741004379611172,
                53.15269737142654
              ],
              [
                6.741586280046513,
                53.15274255954824
              ],
              [
                6.742172747016357,
                53.15275324060406
              ],
              [
                6.742758131124999,
                53.15272931170912
              ],
              [
                6.743336793417097,
                53.1526710033724
              ],
              [
                6.743903159737203,
                53.15257887727492
              ],
              [
                6.744451774462719,
                53.15245382085458
              ],
              [
                6.744977353090846,
                53.15229703875177
              ],
              [
                6.74547483317133,
                53.15211004119721
              ],
              [
                6.745939423092944,
                53.15189462945476
              ],
              [
                6.746366648252607,
                53.15165287845989
              ],
              [
                6.746752394161638,
                53.15138711682145
              ],
              [
                6.747092946073464,
                53.15109990437989
              ],
              [
                6.747385024751074,
                53.15079400753886
              ],
              [
                6.747625818029993,
                53.150472372608235
              ],
              [
                6.747813007873575,
                53.15013809741583
              ],
              [
                6.747944792661031,
                53.149794401461754
              ],
              [
                6.748019904494978,
                53.14944459490349
              ],
              [
                6.748037621363469,
                53.14909204667028
              ],
              [
                6.748037615262969,
                53.149091992796755
              ],
              [
                6.748037615732169,
                53.1490919834601
              ],
              [
                6.74799776841006,
                53.14874008880459
              ],
              [
                6.747900742034764,
                53.148392236603904
              ],
              [
                6.747747472344082,
                53.14805177672509
              ],
              [
                6.747539436613756,
                53.1477219877696
              ],
              [
                6.747278639384205,
                53.147406045506756
              ],
              [
                6.746967593115657,
                53.14710699229988
              ]
            ]
          ],
          [
            [
              [
                6.749747581110836,
                53.15460172349402
              ],
              [
                6.749407019552133,
                53.15488894318887
              ],
              [
                6.749353223211513,
                53.154945283328196
              ],
              [
                6.749256196731596,
                53.15496740396425
              ],
              [
                6.748730601451372,
                53.15512420474878
              ],
              [
                6.748233101052863,
                53.15531121570235
              ],
              [
                6.747768486130779,
                53.155526636182536
              ],
              [
                6.747341230832609,
                53.15576839197492
              ],
              [
                6.746955449783519,
                53.156034155253614
              ],
              [
                6.746614858463228,
                53.156321366983555
              ],
              [
                6.7463227374163495,
                53.156627261549595
              ],
              [
                6.746081900641121,
                53.15694889337598
              ],
              [
                6.745894668461699,
                53.15728316527996
              ],
              [
                6.745762845146265,
                53.15762685828768
              ],
              [
                6.74568770148793,
                53.1579766626252
              ],
              [
                6.745669962517771,
                53.15832920958648
              ],
              [
                6.745709800470278,
                53.15868110397197
              ],
              [
                6.745806833070895,
                53.159028956785626
              ],
              [
                6.74596012716423,
                53.15936941787482
              ],
              [
                6.746168207650072,
                53.15969920819988
              ],
              [
                6.746199483266325,
                53.159737087674756
              ],
              [
                6.745888535303349,
                53.159652969638984
              ],
              [
                6.745332381580661,
                53.159540427359
              ],
              [
                6.745314135299418,
                53.159537898995005
              ],
              [
                6.744887843861568,
                53.1594516331901
              ],
              [
                6.744316019130522,
                53.15937239229966
              ],
              [
                6.743734026834729,
                53.159327217827204
              ],
              [
                6.743147470521521,
                53.15931654472658
              ],
              [
                6.742561997650332,
                53.15934047576512
              ],
              [
                6.741983245258289,
                53.159398780534616
              ],
              [
                6.7414167857257326,
                53.159490897667915
              ],
              [
                6.740868073161931,
                53.15961594023997
              ],
              [
                6.74034239092534,
                53.15977270430113
              ],
              [
                6.739844800782077,
                53.159959680461036
              ],
              [
                6.7393800941906585,
                53.160175068412265
              ],
              [
                6.738952746180948,
                53.1604167942537
              ],
              [
                6.738566872270588,
                53.16068253044795
              ],
              [
                6.738388412010346,
                53.160832968661914
              ],
              [
                6.738359462691933,
                53.16083244069153
              ],
              [
                6.737773966478967,
                53.1608563484131
              ],
              [
                6.737195187193997,
                53.16091463012882
              ],
              [
                6.736628697476188,
                53.16100672469359
              ],
              [
                6.736079951725298,
                53.161131745399594
              ],
              [
                6.735554233619171,
                53.16128848850765
              ],
              [
                6.735056605269124,
                53.161475444829264
              ],
              [
                6.7345918585013855,
                53.161690814248
              ],
              [
                6.734164468732509,
                53.16193252304122
              ],
              [
                6.733778551882076,
                53.16219824383574
              ],
              [
                6.733437824737131,
                53.16248541800573
              ],
              [
                6.7331455691499515,
                53.16279128029791
              ],
              [
                6.732904600414204,
                53.16311288544737
              ],
              [
                6.732717240124757,
                53.16344713652853
              ],
              [
                6.7325852937835835,
                53.16379081476838
              ],
              [
                6.732510033368753,
                53.164140610535206
              ],
              [
                6.732492185036069,
                53.16449315520579
              ],
              [
                6.732531922073673,
                53.16484505360291
              ],
              [
                6.732628863179406,
                53.16519291669196
              ],
              [
                6.732782076079649,
                53.165533394221626
              ],
              [
                6.732990086456813,
                53.165863206994
              ],
              [
                6.733250892101449,
                53.16617917845306
              ],
              [
                6.73356198215447,
                53.16647826528771
              ],
              [
                6.733920361255726,
                53.16675758675292
              ],
              [
                6.73432257836763,
                53.16701445242754
              ],
              [
                6.734764759997087,
                53.167246388140065
              ],
              [
                6.735242647496365,
                53.16745115981195
              ],
              [
                6.735751638083758,
                53.16762679498898
              ],
              [
                6.736286829188714,
                53.16777160185217
              ],
              [
                6.736521890896833,
                53.167819179322414
              ],
              [
                6.736513912093541,
                53.16797705726374
              ],
              [
                6.736553685257022,
                53.168328953816214
              ],
              [
                6.736650666696657,
                53.168676813132464
              ],
              [
                6.736803923750575,
                53.16901728499747
              ],
              [
                6.7370119816760905,
                53.169347090267784
              ],
              [
                6.73727283780591,
                53.16966305245962
              ],
              [
                6.737583980794757,
                53.16996212835097
              ],
              [
                6.737942414772631,
                53.17024143730216
              ],
              [
                6.738344688173348,
                53.17049828901258
              ],
              [
                6.738786926961551,
                53.17073020944513
              ],
              [
                6.739264871938826,
                53.1709349646684
              ],
              [
                6.739773919769664,
                53.171110582386554
              ],
              [
                6.740309167331945,
                53.171255370948764
              ],
              [
                6.740865458964068,
                53.17136793565407
              ],
              [
                6.741437436152757,
                53.1714471921954
              ],
              [
                6.741946822027241,
                53.17148672930983
              ],
              [
                6.741963781595834,
                53.171499942994025
              ],
              [
                6.742366090490767,
                53.171756780992695
              ],
              [
                6.74280836360062,
                53.17198868638697
              ],
              [
                6.743286341396257,
                53.17219342539038
              ],
              [
                6.743795420225904,
                53.17236902586336
              ],
              [
                6.744330696668705,
                53.172513796321006
              ],
              [
                6.744887014784731,
                53.172626342236875
              ],
              [
                6.745459015805464,
                53.17270557948483
              ],
              [
                6.746041189784747,
                53.172750744789205
              ],
              [
                6.746627928711145,
                53.17276140308241
              ],
              [
                6.747213580568371,
                53.17273745169879
              ],
              [
                6.747792503821082,
                53.172679121364105
              ],
              [
                6.748359121799307,
                53.17258697397125
              ],
              [
                6.748907976455665,
                53.172461897163416
              ],
              [
                6.749433780975717,
                53.17230509577753
              ],
              [
                6.7499314707330225,
                53.17211808023017
              ],
              [
                6.750396252096592,
                53.171902651958725
              ],
              [
                6.750823648619475,
                53.17166088605802
              ],
              [
                6.751209544162793,
                53.17139511128066
              ],
              [
                6.75155022253932,
                53.17110788759383
              ],
              [
                6.7518424032948,
                53.17080198150962
              ],
              [
                6.752083273282626,
                53.17048033942708
              ],
              [
                6.752270513728539,
                53.17014605924295
              ],
              [
                6.7524023225257235,
                53.16980236050551
              ],
              [
                6.7524774315470015,
                53.16945255339906
              ],
              [
                6.7524951188089934,
                53.16910000685816
              ],
              [
                6.752455215373073,
                53.16874811611905
              ],
              [
                6.752358106918513,
                53.16840027002099
              ],
              [
                6.752204729974922,
                53.16805981837223
              ],
              [
                6.751996562852119,
                53.167730039694746
              ],
              [
                6.751735611356873,
                53.16741410965867
              ],
              [
                6.751424389435801,
                53.167115070509524
              ],
              [
                6.751065894932391,
                53.16683580178241
              ],
              [
                6.7506635806928355,
                53.166578992585066
              ],
              [
                6.7505690060097665,
                53.16652940736961
              ],
              [
                6.751065675391641,
                53.16641619677965
              ],
              [
                6.751591398800542,
                53.1662593858978
              ],
              [
                6.752089009910576,
                53.16607236129404
              ],
              [
                6.752553715848455,
                53.16585692449288
              ],
              [
                6.752625611660979,
                53.16581624726329
              ],
              [
                6.752851354064561,
                53.16603315211855
              ],
              [
                6.753209853341052,
                53.16631241556331
              ],
              [
                6.753612180111488,
                53.166569216197246
              ],
              [
                6.754054459825839,
                53.16680108047512
              ],
              [
                6.754532432890921,
                53.16700577500646
              ],
              [
                6.755041495700183,
                53.16718132808003
              ],
              [
                6.755576744986808,
                53.16732604866764
              ],
              [
                6.756133025072285,
                53.167438542723296
              ],
              [
                6.756704977554362,
                53.167517726620346
              ],
              [
                6.7572870929544635,
                53.16756283759719
              ],
              [
                6.757873763825552,
                53.167573441109546
              ],
              [
                6.75845933880711,
                53.167549435019566
              ],
              [
                6.759038177104602,
                53.16749105058
              ],
              [
                6.759604702866753,
                53.16739885020493
              ],
              [
                6.760153458934851,
                53.167273722047945
              ],
              [
                6.760570843403114,
                53.16714918943253
              ],
              [
                6.761122634980692,
                53.167159147605005
              ],
              [
                6.761708202413293,
                53.16713512567077
              ],
              [
                6.762287030651401,
                53.16707672557337
              ],
              [
                6.762853543940691,
                53.16698450987775
              ],
              [
                6.763402285242679,
                53.16685936688501
              ],
              [
                6.763927968835335,
                53.16670250206966
              ],
              [
                6.764425531257583,
                53.166515426459206
              ],
              [
                6.764890180105499,
                53.16629994206947
              ],
              [
                6.765317440209063,
                53.166058124535816
              ],
              [
                6.765703196743849,
                53.16579230310794
              ],
              [
                6.7658795549360695,
                53.165643534692826
              ],
              [
                6.766049957235235,
                53.16580719988842
              ],
              [
                6.766408539375313,
                53.16608642360932
              ],
              [
                6.7668109418903715,
                53.16634317971729
              ],
              [
                6.767253289500342,
                53.166574995095964
              ],
              [
                6.767731321957579,
                53.166779636825765
              ],
              [
                6.768240435083011,
                53.16695513370412
              ],
              [
                6.76877572512475,
                53.167099795244035
              ],
              [
                6.7693320360113605,
                53.16721222796833
              ],
              [
                6.769904009043624,
                53.16729134884128
              ],
              [
                6.770486134544811,
                53.16733639570826
              ],
              [
                6.7710728049704905,
                53.16734693464272
              ],
              [
                6.771658368964406,
                53.16732286412884
              ],
              [
                6.772237185837947,
                53.167264416040084
              ],
              [
                6.772803679946371,
                53.16717215340365
              ],
              [
                6.77297889711661,
                53.16713217820677
              ],
              [
                6.772973187393829,
                53.16724707494976
              ],
              [
                6.773013256011038,
                53.16759895846343
              ],
              [
                6.773110528379106,
                53.167946787360464
              ],
              [
                6.773264069033766,
                53.16828721171818
              ],
              [
                6.773472400500235,
                53.16861695285029
              ],
              [
                6.773733517475729,
                53.168932834890235
              ],
              [
                6.774044906101563,
                53.16923181538769
              ],
              [
                6.774403568140633,
                53.169511014621385
              ],
              [
                6.774806049828798,
                53.16976774334724
              ],
              [
                6.775248475123161,
                53.169999528712474
              ],
              [
                6.775726583027547,
                53.17020413808654
              ],
              [
                6.776235768635866,
                53.170379600578556
              ],
              [
                6.776771127497741,
                53.170524226032654
              ],
              [
                6.777327502878538,
                53.170636621319325
              ],
              [
                6.777899535457492,
                53.17071570376333
              ],
              [
                6.778481714984037,
                53.17076071158036
              ],
              [
                6.779068433393102,
                53.170771211219936
              ],
              [
                6.77965403886606,
                53.17074710154487
              ],
              [
                6.780232890314634,
                53.170688614805805
              ],
              [
                6.780799411760982,
                53.17059631440235
              ],
              [
                6.781348146088243,
                53.17047108945171
              ],
              [
                6.781873807641898,
                53.170314146217784
              ],
              [
                6.782371333173589,
                53.170126996483546
              ],
              [
                6.78283593063528,
                53.16991144297887
              ],
              [
                6.783263125352539,
                53.16966956200471
              ],
              [
                6.783648803131435,
                53.16940368342192
              ],
              [
                6.783989249883339,
                53.16911636819731
              ],
              [
                6.784281187385982,
                53.16881038372435
              ],
              [
                6.784521804836584,
                53.16848867715671
              ],
              [
                6.784708785893931,
                53.16815434701184
              ],
              [
                6.784840330950013,
                53.16781061331887
              ],
              [
                6.784884001433047,
                53.16760649329044
              ],
              [
                6.785050188375604,
                53.16765137706367
              ],
              [
                6.785606547898119,
                53.167763734093235
              ],
              [
                6.786178557220251,
                53.16784277719394
              ],
              [
                6.7867607063154365,
                53.1678877449605
              ],
              [
                6.786915040443631,
                53.1678904966863
              ],
              [
                6.7871054847448065,
                53.16792895383129
              ],
              [
                6.787358905511238,
                53.16796396967523
              ],
              [
                6.787642089917727,
                53.16811228382992
              ],
              [
                6.788120234993443,
                53.168316843783
              ],
              [
                6.788629448056668,
                53.168492253657575
              ],
              [
                6.789164824392226,
                53.1686368238048
              ],
              [
                6.789721207096877,
                53.168749161627765
              ],
              [
                6.790293236779113,
                53.16882818500498
              ],
              [
                6.790875403216148,
                53.16887313272099
              ],
              [
                6.791462098468973,
                53.16888357180443
              ],
              [
                6.792047670942075,
                53.168859401701425
              ],
              [
                6.792626479865209,
                53.168800855244776
              ],
              [
                6.7931929496703845,
                53.16870849640934
              ],
              [
                6.7937416237384864,
                53.16858321487522
              ],
              [
                6.7942672169957845,
                53.1684262174514
              ],
              [
                6.794764666852192,
                53.16823901644282
              ],
              [
                6.795229181989022,
                53.168023415073165
              ],
              [
                6.795656288525242,
                53.16778149010446
              ],
              [
                6.796041873116713,
                53.16751557182117
              ],
              [
                6.796382222572781,
                53.16722822157245
              ],
              [
                6.796674059608659,
                53.16692220708892
              ],
              [
                6.796914574389521,
                53.16660047581324
              ],
              [
                6.797101451563237,
                53.16626612650065
              ],
              [
                6.797232892522471,
                53.16592237936468
              ],
              [
                6.797307632683114,
                53.165572545054985
              ],
              [
                6.797324953614341,
                53.165219992767504
              ],
              [
                6.797284689905296,
                53.164868117793205
              ],
              [
                6.79718723070432,
                53.164520308818794
              ],
              [
                6.797033515917956,
                53.16417991529444
              ],
              [
                6.796825027108359,
                53.16385021518171
              ],
              [
                6.796563773178777,
                53.163534383393745
              ],
              [
                6.79625227098666,
                53.16323546122941
              ],
              [
                6.795893521072733,
                53.162956327096964
              ],
              [
                6.795490978740918,
                53.16269966880791
              ],
              [
                6.795048520768613,
                53.16246795770712
              ],
              [
                6.794570408068313,
                53.162263424888685
              ],
              [
                6.794061244660403,
                53.162088039724786
              ],
              [
                6.793525933351835,
                53.16194349091468
              ],
              [
                6.792969628546895,
                53.16183117023529
              ],
              [
                6.7927940378908085,
                53.16180691353288
              ],
              [
                6.792433076578829,
                53.16161786350159
              ],
              [
                6.791954985554758,
                53.16141332012381
              ],
              [
                6.791445842660464,
                53.1612379237352
              ],
              [
                6.79091055050547,
                53.16109336314309
              ],
              [
                6.790354263309734,
                53.16098103023778
              ],
              [
                6.789782337301657,
                53.160902006599805
              ],
              [
                6.7896287300743134,
                53.16089014349185
              ],
              [
                6.7893648950289105,
                53.160818887426416
              ],
              [
                6.788808615306781,
                53.160706547314156
              ],
              [
                6.788236695678868,
                53.16062751627423
              ],
              [
                6.7876546427802955,
                53.160582555241795
              ],
              [
                6.787588077463031,
                53.16058136859852
              ],
              [
                6.7871069209257735,
                53.16048419123466
              ],
              [
                6.786535007266798,
                53.16040515205119
              ],
              [
                6.7859529590476715,
                53.160360182738216
              ],
              [
                6.785366380353775,
                53.16034971627446
              ],
              [
                6.784780918859894,
                53.16037385343776
              ],
              [
                6.784202211493781,
                53.1604323618355
              ],
              [
                6.783635830202712,
                53.16052467814011
              ],
              [
                6.7830872283433346,
                53.16064991350889
              ],
              [
                6.782561688209173,
                53.160806862135914
              ],
              [
                6.782064270199269,
                53.16099401285381
              ],
              [
                6.781599764116071,
                53.16120956367427
              ],
              [
                6.78117264306024,
                53.1614514391279
              ],
              [
                6.7807870203656,
                53.16171731023646
              ],
              [
                6.780446609988388,
                53.162004616926374
              ],
              [
                6.780154690732192,
                53.16231059266795
              ],
              [
                6.779914074653407,
                53.16263229110338
              ],
              [
                6.779727079952161,
                53.162966614408084
              ],
              [
                6.779595508610834,
                53.163310343112975
              ],
              [
                6.779532800992225,
                53.16360330212544
              ],
              [
                6.779424016040806,
                53.16359489177102
              ],
              [
                6.778837394806528,
                53.163584393518434
              ],
              [
                6.778251885664187,
                53.163608498934934
              ],
              [
                6.777673126000138,
                53.16366697593348
              ],
              [
                6.777106688264986,
                53.16375926148883
              ],
              [
                6.776960065093919,
                53.16379272145849
              ],
              [
                6.7769734123235965,
                53.163730383720825
              ],
              [
                6.776990898226588,
                53.16337783361528
              ],
              [
                6.776950801527679,
                53.16302595105067
              ],
              [
                6.776853509766804,
                53.16267812478698
              ],
              [
                6.776699961238139,
                53.16233770444112
              ],
              [
                6.776491635903036,
                53.162007968233404
              ],
              [
                6.776230541090894,
                53.161692091424705
              ],
              [
                6.775919192127424,
                53.16139311574764
              ],
              [
                6.775560588078432,
                53.161113920126105
              ],
              [
                6.775158182843929,
                53.16085719296369
              ],
              [
                6.774715851881885,
                53.16062540626873
              ],
              [
                6.774237854882532,
                53.1604207918632
              ],
              [
                6.773728794752896,
                53.160245319904995
              ],
              [
                6.773193573306146,
                53.160100679929094
              ],
              [
                6.772637344081917,
                53.15998826459018
              ],
              [
                6.772065462750844,
                53.1599091562624
              ],
              [
                6.771483435579591,
                53.159864116624995
              ],
              [
                6.770896866451023,
                53.159853579333685
              ],
              [
                6.770311402947882,
                53.159877645848304
              ],
              [
                6.769732682017213,
                53.15993608445637
              ],
              [
                6.769166275736742,
                53.16002833250216
              ],
              [
                6.768617637703487,
                53.160153501800224
              ],
              [
                6.768092050558936,
                53.16031038718074
              ],
              [
                6.767594575154377,
                53.16049747808528
              ],
              [
                6.767130001844429,
                53.1607129731016
              ],
              [
                6.7667028043765765,
                53.16095479729747
              ],
              [
                6.766317096819885,
                53.161220622188424
              ],
              [
                6.765976593947215,
                53.161507888145984
              ],
              [
                6.765945728151543,
                53.16154022574983
              ],
              [
                6.765916586693395,
                53.16151223362727
              ],
              [
                6.765558045858279,
                53.16123300788811
              ],
              [
                6.765155698494433,
                53.1609762469708
              ],
              [
                6.764713419502938,
                53.16074442320873
              ],
              [
                6.764235468073969,
                53.16053976878086
              ],
              [
                6.763726446676093,
                53.16036425423039
              ],
              [
                6.763191256749856,
                53.16021956950247
              ],
              [
                6.762635051531655,
                53.160107107682656
              ],
              [
                6.762063186461195,
                53.160027951592625
              ],
              [
                6.761481167648725,
                53.15998286337141
              ],
              [
                6.760894598896711,
                53.15997227714256
              ],
              [
                6.760309127784286,
                53.15999629483697
              ],
              [
                6.759730391331698,
                53.160054685212195
              ],
              [
                6.759163961766005,
                53.16014688607692
              ],
              [
                6.75861529290824,
                53.16027200969999
              ],
              [
                6.758197968848878,
                53.16039653558075
              ],
              [
                6.7576462639948085,
                53.160386563638674
              ],
              [
                6.757060785336977,
                53.16041056549216
              ],
              [
                6.756482038830367,
                53.160468940212624
              ],
              [
                6.756335935847767,
                53.160492718020166
              ],
              [
                6.756342197387378,
                53.1604884038141
              ],
              [
                6.756682756460113,
                53.16020116493974
              ],
              [
                6.7567342120548215,
                53.16014727008299
              ],
              [
                6.757231807128547,
                53.160097079361684
              ],
              [
                6.757798240241191,
                53.16000488761226
              ],
              [
                6.758346908117095,
                53.15987976772101
              ],
              [
                6.758872525741597,
                53.159722924939814
              ],
              [
                6.759370030289054,
                53.159535870083886
              ],
              [
                6.759469637049593,
                53.15948967627189
              ],
              [
                6.759844766178373,
                53.15934862986872
              ],
              [
                6.76030936142366,
                53.15913316291601
              ],
              [
                6.760736576924718,
                53.158891361300896
              ],
              [
                6.76112229828649,
                53.15862555411983
              ],
              [
                6.7614628109995145,
                53.15833830165189
              ],
              [
                6.761754836205066,
                53.158032370686215
              ],
              [
                6.76199556225447,
                53.15771070786125
              ],
              [
                6.762182671759363,
                53.15737641127334
              ],
              [
                6.7621827986348935,
                53.15737608013645
              ],
              [
                6.762434989756747,
                53.15723332862281
              ],
              [
                6.762820685974396,
                53.156967515920954
              ],
              [
                6.763161174446836,
                53.156680258558396
              ],
              [
                6.76345317654882,
                53.156374323371445
              ],
              [
                6.7636938808541665,
                53.15605265703906
              ],
              [
                6.763880970183904,
                53.15571835769144
              ],
              [
                6.7640126438860015,
                53.15537464506115
              ],
              [
                6.764087635133575,
                53.15502482946609
              ],
              [
                6.764105223076563,
                53.15467227992232
              ],
              [
                6.764105095127702,
                53.154671153870595
              ],
              [
                6.764105196300961,
                53.154669125842
              ],
              [
                6.7641051921617255,
                53.154669089413396
              ],
              [
                6.764105192635064,
                53.15466907992523
              ],
              [
                6.764065209293733,
                53.15431719169743
              ],
              [
                6.763968041116576,
                53.15396935360083
              ],
              [
                6.763899544267181,
                53.15381735606954
              ],
              [
                6.764001112268751,
                53.153825223719465
              ],
              [
                6.764587598387371,
                53.15383579504731
              ],
              [
                6.765172983701383,
                53.1538117567
              ],
              [
                6.765751629243905,
                53.153753340241124
              ],
              [
                6.766317961021055,
                53.15366110839307
              ],
              [
                6.766866523743339,
                53.15353594961256
              ],
              [
                6.767392033409384,
                53.15337906952601
              ],
              [
                6.7678894282338335,
                53.15319197930804
              ],
              [
                6.768353917427391,
                53.15297648111496
              ],
              [
                6.768781027357987,
                53.15273465071498
              ],
              [
                6.769166644647649,
                53.15246881748163
              ],
              [
                6.769507055789481,
                53.15218154194491
              ],
              [
                6.7697989829031275,
                53.15187559111591
              ],
              [
                6.770039615284667,
                53.15155391182437
              ],
              [
                6.7702266364477675,
                53.151219602325014
              ],
              [
                6.770358246396793,
                53.15087588244815
              ],
              [
                6.770433178918649,
                53.15052606258133
              ],
              [
                6.770450713728585,
                53.15017351178166
              ],
              [
                6.770410683354811,
                53.149821625326155
              ],
              [
                6.77031347469758,
                53.14947379201264
              ],
              [
                6.770301086567628,
                53.149446308922634
              ],
              [
                6.770296541789838,
                53.149430046568355
              ],
              [
                6.770143092633166,
                53.14908961605425
              ],
              [
                6.769934881743457,
                53.148759866677345
              ],
              [
                6.769673915347401,
                53.14844397382543
              ],
              [
                6.769362707533646,
                53.14814497938594
              ],
              [
                6.769004256008483,
                53.14786576246345
              ],
              [
                6.768602013203079,
                53.147609011666944
              ],
              [
                6.768594767144527,
                53.14760521279102
              ],
              [
                6.768586776272052,
                53.147600112186346
              ],
              [
                6.768144616252595,
                53.147368299694456
              ],
              [
                6.767666796890559,
                53.14716365763015
              ],
              [
                6.7671579193828135,
                53.14698815641769
              ],
              [
                6.766622883784544,
                53.146843485873944
              ],
              [
                6.766066841846431,
                53.14673103894799
              ],
              [
                6.765495147436408,
                53.14665189831814
              ],
              [
                6.764913305021993,
                53.14660682597471
              ],
              [
                6.7643269167077715,
                53.14659625588835
              ],
              [
                6.76374162833614,
                53.14662028983464
              ],
              [
                6.763163075168458,
                53.146678696414526
              ],
              [
                6.762596827667635,
                53.14677091328078
              ],
              [
                6.762048337902247,
                53.14689605254794
              ],
              [
                6.761522887086411,
                53.14705290933531
              ],
              [
                6.761025534758854,
                53.14723997335963
              ],
              [
                6.760561070089054,
                53.147455443467365
              ],
              [
                6.760133965778188,
                53.14769724496607
              ],
              [
                6.75974833499793,
                53.14796304958964
              ],
              [
                6.759407891781309,
                53.148250297904795
              ],
              [
                6.759115915246958,
                53.14855622394384
              ],
              [
                6.75907055557743,
                53.148616841139706
              ],
              [
                6.758658872419956,
                53.14847482615381
              ],
              [
                6.758123846448488,
                53.148330117709904
              ],
              [
                6.757567807092493,
                53.148217631402325
              ],
              [
                6.756996108195173,
                53.14813845028869
              ],
              [
                6.7564142542673284,
                53.14809333674902
              ],
              [
                6.7558278475244125,
                53.14808272515057
              ],
              [
                6.755242533986206,
                53.14810671766853
              ],
              [
                6.754663949156277,
                53.14816508330285
              ],
              [
                6.754097663802226,
                53.14825726010035
              ],
              [
                6.753549130356888,
                53.1483823605614
              ],
              [
                6.753023630454716,
                53.14853918017902
              ],
              [
                6.752526224106788,
                53.14872620902776
              ],
              [
                6.7520617010024395,
                53.14894164629279
              ],
              [
                6.7516345344052136,
                53.14918341759805
              ],
              [
                6.75124883808625,
                53.14944919496817
              ],
              [
                6.750908326709396,
                53.14973641923232
              ],
              [
                6.750616280049379,
                53.15004232465454
              ],
              [
                6.7503755113879675,
                53.15036396555438
              ],
              [
                6.750188340393159,
                53.15069824466171
              ],
              [
                6.750056570743625,
                53.15104194293323
              ],
              [
                6.749981472715271,
                53.15139175054417
              ],
              [
                6.749963770899322,
                53.15174429875685
              ],
              [
                6.750003637171972,
                53.15209619235964
              ],
              [
                6.7501006889854125,
                53.15244404236399
              ],
              [
                6.750253992998701,
                53.1527844986443
              ],
              [
                6.750462074015576,
                53.153114282207184
              ],
              [
                6.750653786057148,
                53.1533464746689
              ],
              [
                6.750565827953819,
                53.15357589164644
              ],
              [
                6.750490729835701,
                53.153925699294554
              ],
              [
                6.750479982489021,
                53.154139783142256
              ],
              [
                6.750133332270695,
                53.15433595120821
              ],
              [
                6.749747581110836,
                53.15460172349402
              ]
            ]
          ],
          [
            [
              [
                6.748953945438247,
                53.18137782339655
              ],
              [
                6.748595347836111,
                53.18109854890513
              ],
              [
                6.748192914838694,
                53.18084173298881
              ],
              [
                6.747750522172609,
                53.1806098485105
              ],
              [
                6.747272430123319,
                53.180405128233616
              ],
              [
                6.74676324251386,
                53.18022954333535
              ],
              [
                6.746227862385389,
                53.18008478443802
              ],
              [
                6.745671444805625,
                53.17997224534109
              ],
              [
                6.745099347258708,
                53.17989300961019
              ],
              [
                6.7445170780927555,
                53.179847840151005
              ],
              [
                6.743930243520036,
                53.17983717186917
              ],
              [
                6.743344493678248,
                53.179861107485564
              ],
              [
                6.7427654682703935,
                53.179919416547925
              ],
              [
                6.7421987423046845,
                53.18001153764789
              ],
              [
                6.741649772454993,
                53.18013658382224
              ],
              [
                6.741123844556473,
                53.18029335108683
              ],
              [
                6.740626022740214,
                53.180480330020565
              ],
              [
                6.740161100695244,
                53.18069572028957
              ],
              [
                6.73973355552602,
                53.18093744797054
              ],
              [
                6.73934750464889,
                53.1812031855086
              ],
              [
                6.7390066661420995,
                53.181490374116834
              ],
              [
                6.738714322931094,
                53.18179624840307
              ],
              [
                6.738473291154342,
                53.182117862987
              ],
              [
                6.738285893014961,
                53.18245212085224
              ],
              [
                6.738153934380717,
                53.1827958031605
              ],
              [
                6.738078687349443,
                53.18314560024095
              ],
              [
                6.73806087794949,
                53.18349814345762
              ],
              [
                6.738100679095461,
                53.18385003764719
              ],
              [
                6.738197708869166,
                53.18419789381553
              ],
              [
                6.738351034144319,
                53.18453836177782
              ],
              [
                6.7385591795221815,
                53.18486816242807
              ],
              [
                6.7388201414940525,
                53.185184119327005
              ],
              [
                6.739131407695977,
                53.18548318930325
              ],
              [
                6.739489981071784,
                53.185762491774184
              ],
              [
                6.739892408713021,
                53.18601933650129
              ],
              [
                6.740334815098908,
                53.186251249514534
              ],
              [
                6.740812939416742,
                53.18645599695395
              ],
              [
                6.741322176603415,
                53.186631606598496
              ],
              [
                6.741857621712564,
                53.18677638687493
              ],
              [
                6.742414117179278,
                53.18688894316204
              ],
              [
                6.74298630252628,
                53.18696819123372
              ],
              [
                6.743568666031339,
                53.18701336770994
              ],
              [
                6.744155597856787,
                53.187024037415476
              ],
              [
                6.744741444127557,
                53.187000097574746
              ],
              [
                6.74532056143494,
                53.18694177880231
              ],
              [
                6.745887371239071,
                53.186849642879665
              ],
              [
                6.7464364136442185,
                53.186724577339724
              ],
              [
                6.74696240002696,
                53.186567786910786
              ],
              [
                6.747460264008688,
                53.18638078190415
              ],
              [
                6.747925210279988,
                53.18616536365567
              ],
              [
                6.748352760805392,
                53.1859236071639
              ],
              [
                6.748738797962719,
                53.18565784109087
              ],
              [
                6.749079604200967,
                53.18537062532008
              ],
              [
                6.74937189783475,
                53.18506472628762
              ],
              [
                6.74961286463083,
                53.18474309032465
              ],
              [
                6.749800184883255,
                53.18440881526916
              ],
              [
                6.749932055717416,
                53.18406512062018
              ],
              [
                6.750007208409585,
                53.183715316522694
              ],
              [
                6.750024920556815,
                53.1833627718823
              ],
              [
                6.749985022981859,
                53.18301088191706
              ],
              [
                6.749887901308629,
                53.18266303545879
              ],
              [
                6.749734492195054,
                53.18232258231916
              ],
              [
                6.749526274261738,
                53.181992801034475
              ],
              [
                6.7492652538056435,
                53.18167686729995
              ],
              [
                6.748953945438247,
                53.18137782339655
              ]
            ]
          ],
          [
            [
              [
                6.696194745867899,
                53.20947525476767
              ],
              [
                6.6956152588719515,
                53.209533337089056
              ],
              [
                6.695048043129366,
                53.20962523604008
              ],
              [
                6.6944985600278635,
                53.20975006679661
              ],
              [
                6.693972100342456,
                53.209906627448625
              ],
              [
                6.693473733322623,
                53.210093410564745
              ],
              [
                6.69300825790515,
                53.21030861769678
              ],
              [
                6.6925801565212,
                53.210550176685274
              ],
              [
                6.692193551941538,
                53.21081576160026
              ],
              [
                6.691852167575104,
                53.211102815124924
              ],
              [
                6.691559291603018,
                53.21140857316867
              ],
              [
                6.691317745293834,
                53.21173009147119
              ],
              [
                6.691129855805801,
                53.212064273944094
              ],
              [
                6.690997433739144,
                53.21240790247578
              ],
              [
                6.690921755655871,
                53.212757667914175
              ],
              [
                6.690903551737211,
                53.213110201928785
              ],
              [
                6.6909429986992865,
                53.21346210944563
              ],
              [
                6.690942999165313,
                53.213462111121885
              ],
              [
                6.690943006937203,
                53.21346218045455
              ],
              [
                6.691039726275517,
                53.213810072351755
              ],
              [
                6.691192787856074,
                53.21415059810099
              ],
              [
                6.691400718822635,
                53.214480478040244
              ],
              [
                6.691661517734438,
                53.21479653496686
              ],
              [
                6.691972673800893,
                53.215095724746554
              ],
              [
                6.692331191029345,
                53.21537516564276
              ],
              [
                6.692733617054651,
                53.21563216608385
              ],
              [
                6.692741608497802,
                53.21563635789637
              ],
              [
                6.692748854880365,
                53.21564098559544
              ],
              [
                6.6931913143715,
                53.21587307005412
              ],
              [
                6.693669545833426,
                53.216078003071296
              ],
              [
                6.694178943172447,
                53.21625381063821
              ],
              [
                6.694714599900515,
                53.21639879927486
              ],
              [
                6.695271356414827,
                53.21651157235286
              ],
              [
                6.695843849723564,
                53.216591043557436
              ],
              [
                6.69619932414998,
                53.216618741628935
              ],
              [
                6.696515727065879,
                53.216727931458145
              ],
              [
                6.697051397425608,
                53.21687290959825
              ],
              [
                6.697608166054993,
                53.21698567177862
              ],
              [
                6.698180669845445,
                53.21706513178948
              ],
              [
                6.698763394006805,
                53.217110524208984
              ],
              [
                6.699350725226411,
                53.21712141178157
              ],
              [
                6.699937005780691,
                53.21709768963272
              ],
              [
                6.70051658807604,
                53.217039586279945
              ],
              [
                6.701083889091734,
                53.216947661429636
              ],
              [
                6.701633444198455,
                53.216822800581404
              ],
              [
                6.7021599598321915,
                53.216666206492135
              ],
              [
                6.702658364514413,
                53.21647938758192
              ],
              [
                6.703123857725682,
                53.21626414339455
              ],
              [
                6.70355195616072,
                53.2160225472522
              ],
              [
                6.703938536918554,
                53.21575692627308
              ],
              [
                6.704279877211352,
                53.215469838943704
              ],
              [
                6.704572690209346,
                53.21516405046361
              ],
              [
                6.7048141566769575,
                53.214842506099956
              ],
              [
                6.7050019520961355,
                53.21450830280921
              ],
              [
                6.705042089988457,
                53.2144040603278
              ],
              [
                6.705148360140809,
                53.214214937296866
              ],
              [
                6.705280675019427,
                53.21387129369971
              ],
              [
                6.7053562387461385,
                53.21352151970379
              ],
              [
                6.705374324961162,
                53.2131689839256
              ],
              [
                6.70533476088688,
                53.21281708149848
              ],
              [
                6.705237928937883,
                53.21246920137487
              ],
              [
                6.705084762984656,
                53.2121286936912
              ],
              [
                6.704876739308956,
                53.211798837509484
              ],
              [
                6.704615862339917,
                53.21148280924655
              ],
              [
                6.704304645310079,
                53.21118365209387
              ],
              [
                6.703946086019127,
                53.210904246723
              ],
              [
                6.703543637940049,
                53.2106472835574
              ],
              [
                6.703101176946804,
                53.2104152368778
              ],
              [
                6.70262296398454,
                53.21021034100935
              ],
              [
                6.702113604041903,
                53.2100345688197
              ],
              [
                6.701578001820286,
                53.20988961273436
              ],
              [
                6.701021314526302,
                53.20977686845117
              ],
              [
                6.700448902240997,
                53.209697421511024
              ],
              [
                6.699866276342462,
                53.20965203685312
              ],
              [
                6.699279046476843,
                53.2096411514547
              ],
              [
                6.698870624419645,
                53.209657677794105
              ],
              [
                6.6985231775523735,
                53.20958730162719
              ],
              [
                6.697950772263678,
                53.20950784274265
              ],
              [
                6.697368151435911,
                53.20946244593592
              ],
              [
                6.696780924666423,
                53.20945154830127
              ],
              [
                6.696194745867899,
                53.20947525476767
              ]
            ]
          ],
          [
            [
              [
                6.792093954166276,
                53.08865837602434
              ],
              [
                6.7915462837129645,
                53.08878364973592
              ],
              [
                6.791021642469062,
                53.08894063591084
              ],
              [
                6.791021635927727,
                53.088940638376734
              ],
              [
                6.791021549283637,
                53.088940664302605
              ],
              [
                6.790524988994136,
                53.08912785141099
              ],
              [
                6.790061291204469,
                53.089343437113975
              ],
              [
                6.789634921232671,
                53.08958534560545
              ],
              [
                6.7892499851798584,
                53.08985124758846
              ],
              [
                6.78891019038914,
                53.090138582691345
              ],
              [
                6.788618809734251,
                53.09044458411001
              ],
              [
                6.788378650082168,
                53.090766305238745
              ],
              [
                6.788192025234103,
                53.0911006480339
              ],
              [
                6.788060733606525,
                53.091444392838106
              ],
              [
                6.787986040868478,
                53.09179422937763
              ],
              [
                6.787968667704162,
                53.09214678863554
              ],
              [
                6.787968712306425,
                53.092147179886396
              ],
              [
                6.787968667525373,
                53.09214808863606
              ],
              [
                6.788008782642884,
                53.09249997529368
              ],
              [
                6.788106001093721,
                53.09284780042885
              ],
              [
                6.788259387927421,
                53.093188214155276
              ],
              [
                6.78846746714546,
                53.09351793788905
              ],
              [
                6.7887282358697805,
                53.093833795931694
              ],
              [
                6.78903918359168,
                53.09413274606424
              ],
              [
                6.789397316317209,
                53.0944119088586
              ],
              [
                6.789799185377802,
                53.09466859542211
              ],
              [
                6.790240920629538,
                53.09490033330889
              ],
              [
                6.790718267721872,
                53.09510489034631
              ],
              [
                6.791226629076969,
                53.09528029614821
              ],
              [
                6.7917611081847395,
                53.09542486110563
              ],
              [
                6.792316556786279,
                53.095537192672126
              ],
              [
                6.7928876244902705,
                53.09561620878688
              ],
              [
                6.793468810343146,
                53.09566114830483
              ],
              [
                6.794054515854677,
                53.095671578333636
              ],
              [
                6.794098261826216,
                53.095669768982496
              ],
              [
                6.794153822073675,
                53.095670758209685
              ],
              [
                6.7947384051145265,
                53.095646577798355
              ],
              [
                6.795316234440397,
                53.095588020364495
              ],
              [
                6.795881743922506,
                53.09549564998861
              ],
              [
                6.796429486194879,
                53.09537035646147
              ],
              [
                6.796954185161599,
                53.0952133467072
              ],
              [
                6.797450786848407,
                53.095026133148906
              ],
              [
                6.797914508107395,
                53.09481051913052
              ],
              [
                6.798340882704455,
                53.09456858153522
              ],
              [
                6.798725804344809,
                53.09430265076839
              ],
              [
                6.799065566221735,
                53.0940152882986
              ],
              [
                6.79935689670745,
                53.09370926197366
              ],
              [
                6.799596990842808,
                53.093387519349456
              ],
              [
                6.799783537323196,
                53.093053159290115
              ],
              [
                6.799914740721758,
                53.09270940211206
              ],
              [
                6.799989338737394,
                53.09235955856148
              ],
              [
                6.800006614302989,
                53.092006997922994
              ],
              [
                6.799966402439186,
                53.09165511556791
              ],
              [
                6.799869091789656,
                53.091307300254215
              ],
              [
                6.799715620825167,
                53.090966901493125
              ],
              [
                6.799507468755029,
                53.09063719729719
              ],
              [
                6.799246641235402,
                53.090321362619164
              ],
              [
                6.798935651013852,
                53.09002243878636
              ],
              [
                6.798577493698104,
                53.08974330422368
              ],
              [
                6.798175618883602,
                53.08948664674749
              ],
              [
                6.797733896918781,
                53.08925493769551
              ],
              [
                6.797256581628656,
                53.08905040814283
              ],
              [
                6.7967482693558035,
                53.08887502743083
              ],
              [
                6.796213854712954,
                53.08873048421657
              ],
              [
                6.795658483472545,
                53.08861817022355
              ],
              [
                6.795087503045973,
                53.08853916685064
              ],
              [
                6.794506411028026,
                53.08849423476688
              ],
              [
                6.793920802300388,
                53.088483806592684
              ],
              [
                6.793899540074384,
                53.0884846861128
              ],
              [
                6.793821605704731,
                53.088483298073456
              ],
              [
                6.793237118553182,
                53.08850747373421
              ],
              [
                6.792659380501236,
                53.08856602095169
              ],
              [
                6.792093954166276,
                53.08865837602434
              ]
            ]
          ],
          [
            [
              [
                6.7960507657528,
                53.20362899349767
              ],
              [
                6.795647841740397,
                53.20337234041151
              ],
              [
                6.795204964878629,
                53.20314063436355
              ],
              [
                6.794726400113694,
                53.20293610639883
              ],
              [
                6.7942167558185815,
                53.20276072584234
              ],
              [
                6.793680939429904,
                53.202616181348766
              ],
              [
                6.793124110214113,
                53.20250386465303
              ],
              [
                6.792551629617025,
                53.20242485717937
              ],
              [
                6.791969009673311,
                53.2023799196358
              ],
              [
                6.79138185997128,
                53.20236948469506
              ],
              [
                6.790795833681714,
                53.202393652831546
              ],
              [
                6.790216573168608,
                53.20245219135442
              ],
              [
                6.7896496557034896,
                53.20254453664623
              ],
              [
                6.789100539804122,
                53.20266979958549
              ],
              [
                6.788574512712369,
                53.202826774100956
              ],
              [
                6.788076639515297,
                53.20301394877645
              ],
              [
                6.787611714397948,
                53.20322952139326
              ],
              [
                6.787184214496011,
                53.203471416272514
              ],
              [
                6.786798256791907,
                53.20373730424926
              ],
              [
                6.7864575584689115,
                53.204024625087996
              ],
              [
                6.786165401104981,
                53.204330612123016
              ],
              [
                6.785924599051447,
                53.204652318888
              ],
              [
                6.785737472301766,
                53.20498664747859
              ],
              [
                6.785605824112673,
                53.20533037837478
              ],
              [
                6.785530923594677,
                53.20568020143734
              ],
              [
                6.785513493441152,
                53.206032747779474
              ],
              [
                6.785553702916144,
                53.20638462220704
              ],
              [
                6.7856511661703856,
                53.20673243591547
              ],
              [
                6.785804945903802,
                53.20707283912816
              ],
              [
                6.7860135623413385,
                53.20740255336193
              ],
              [
                6.786275007437555,
                53.207718403009046
              ],
              [
                6.786586764175053,
                53.208017345930514
              ],
              [
                6.786945830772347,
                53.20829650276669
              ],
              [
                6.787348749569354,
                53.2085531846814
              ],
              [
                6.787791640313162,
                53.208784919272205
              ],
              [
                6.788270237524106,
                53.208989474397306
              ],
              [
                6.7887799315823,
                53.20916487968782
              ],
              [
                6.789315813138778,
                53.209309445538736
              ],
              [
                6.789872720422715,
                53.2094217793942
              ],
              [
                6.790445288988193,
                53.20950079917064
              ],
              [
                6.791028003419953,
                53.209545743687215
              ],
              [
                6.7916152504985705,
                53.20955618000321
              ],
              [
                6.792201373311131,
                53.209532007591456
              ],
              [
                6.79278072578432,
                53.20947345930698
              ],
              [
                6.793347727112629,
                53.20938109914242
              ],
              [
                6.793896915555485,
                53.20925581679082
              ],
              [
                6.794423001083215,
                53.20909881906933
              ],
              [
                6.794920916363094,
                53.20891161828616
              ],
              [
                6.795385865592859,
                53.20869601766306
              ],
              [
                6.795813370710194,
                53.208454093955346
              ],
              [
                6.796199314532253,
                53.208188177435694
              ],
              [
                6.796539980409242,
                53.2079008294366
              ],
              [
                6.7968320880100865,
                53.207594817667534
              ],
              [
                6.797072824895821,
                53.20727308954522
              ],
              [
                6.797259873577356,
                53.206938743794915
              ],
              [
                6.797391433798059,
                53.20659500059593
              ],
              [
                6.797466239828012,
                53.20624517056035
              ],
              [
                6.7974835726049525,
                53.20589262284294
              ],
              [
                6.797443266606966,
                53.205540752690695
              ],
              [
                6.797345711392645,
                53.20519294874386
              ],
              [
                6.797191847796038,
                53.204852560403936
              ],
              [
                6.796983158815015,
                53.204522865582504
              ],
              [
                6.796721655282819,
                53.204207039141366
              ],
              [
                6.796409856462512,
                53.20390812232762
              ],
              [
                6.7960507657528,
                53.20362899349767
              ]
            ]
          ],
          [
            [
              [
                6.801713644080536,
                53.21964186790273
              ],
              [
                6.8011307828638285,
                53.21959697593185
              ],
              [
                6.800543397529465,
                53.21958658669451
              ],
              [
                6.799957143516199,
                53.21961080022503
              ],
              [
                6.799377665379917,
                53.21966938339554
              ],
              [
                6.798810542486911,
                53.219761772158876
              ],
              [
                6.798261235332431,
                53.21988707697496
              ],
              [
                6.79773503299956,
                53.220044091369665
              ],
              [
                6.797237002262586,
                53.22023130354277
              ],
              [
                6.796771938823574,
                53.22044691091479
              ],
              [
                6.796344321150403,
                53.22068883747223
              ],
              [
                6.795958267360039,
                53.2209547537454
              ],
              [
                6.795617495561713,
                53.22124209922622
              ],
              [
                6.795325288041799,
                53.22154810701193
              ],
              [
                6.795084459635666,
                53.2218698304364
              ],
              [
                6.79489733059172,
                53.222204171434875
              ],
              [
                6.794765704190071,
                53.222547910367744
              ],
              [
                6.794690849332725,
                53.22289773701853
              ],
              [
                6.794673488274673,
                53.22325028246559
              ],
              [
                6.794713789615829,
                53.22360215152337
              ],
              [
                6.794811366623413,
                53.2239499554389
              ],
              [
                6.794965280902912,
                53.22429034452953
              ],
              [
                6.795174051384417,
                53.22462004044807
              ],
              [
                6.7954356685396355,
                53.22493586776282
              ],
              [
                6.795747613694584,
                53.22523478454979
              ],
              [
                6.796106883253398,
                53.225513911700695
              ],
              [
                6.7965100176012765,
                53.22577056066504
              ],
              [
                6.796953134409102,
                53.226002259357614
              ],
              [
                6.796953157156128,
                53.226002269073305
              ],
              [
                6.796953171343804,
                53.226002276491755
              ],
              [
                6.7974320029545545,
                53.22620679311612
              ],
              [
                6.79794193748977,
                53.226382157674315
              ],
              [
                6.798478063283541,
                53.22652668095337
              ],
              [
                6.799035216211746,
                53.22663897080752
              ],
              [
                6.799608029461505,
                53.22671794557688
              ],
              [
                6.800190985259782,
                53.226762844514155
              ],
              [
                6.800778468061318,
                53.22677323511768
              ],
              [
                6.801364818681754,
                53.22674901730055
              ],
              [
                6.8019443888526565,
                53.22669042435536
              ],
              [
                6.8025115956708975,
                53.22659802070498
              ],
              [
                6.803060975416027,
                53.2264726964615
              ],
              [
                6.803587236215354,
                53.22631565884567
              ],
              [
                6.8040853090477516,
                53.226128420550076
              ],
              [
                6.804550396593458,
                53.22591278515806
              ],
              [
                6.804978019458185,
                53.225670829759906
              ],
              [
                6.8053640593254565,
                53.22540488493366
              ],
              [
                6.805704798621102,
                53.22511751228462
              ],
              [
                6.805996956307798,
                53.22481147975969
              ],
              [
                6.806237719465234,
                53.224489734975634
              ],
              [
                6.8064247703524705,
                53.2241553768181
              ],
              [
                6.806556308692914,
                53.22381162558602
              ],
              [
                6.806631068968686,
                53.223461791968646
              ],
              [
                6.806648332559517,
                53.2231092451552
              ],
              [
                6.806607934611078,
                53.22275738038388
              ],
              [
                6.80651026556872,
                53.22240958624292
              ],
              [
                6.8063562673637765,
                53.222069212039194
              ],
              [
                6.806147424291366,
                53.221739535547925
              ],
              [
                6.805885748669393,
                53.22142373145422
              ],
              [
                6.80557376141867,
                53.221124840789706
              ],
              [
                6.805214467752779,
                53.220845741658785
              ],
              [
                6.804811328212924,
                53.22058912153514
              ],
              [
                6.804368225327739,
                53.220357451395664
              ],
              [
                6.804368202582052,
                53.220357441681344
              ],
              [
                6.804368188394965,
                53.22035743426377
              ],
              [
                6.803889389287145,
                53.220152944807325
              ],
              [
                6.80337950458535,
                53.21997760498814
              ],
              [
                6.802843444040428,
                53.219833103068446
              ],
              [
                6.8022863692690345,
                53.21972083037314
              ],
              [
                6.801713644080536,
                53.21964186790273
              ]
            ]
          ],
          [
            [
              [
                6.818602790751649,
                53.22634439398036
              ],
              [
                6.818243369630331,
                53.22606533478024
              ],
              [
                6.817840104189909,
                53.225808759302886
              ],
              [
                6.81739687817095,
                53.22557713809514
              ],
              [
                6.816917959880993,
                53.225372701384714
              ],
              [
                6.816407961096187,
                53.2251974176178
              ],
              [
                6.815871792665356,
                53.22505297451681
              ],
              [
                6.815314617243467,
                53.22494076284035
              ],
              [
                6.814741799608541,
                53.22486186300133
              ],
              [
                6.814158855039191,
                53.224817034671446
              ],
              [
                6.813571396248179,
                53.224806709471885
              ],
              [
                6.812985079381266,
                53.224830986820486
              ],
              [
                6.812405549599353,
                53.2248896329751
              ],
              [
                6.8118383867659364,
                53.22498208328196
              ],
              [
                6.811289051760881,
                53.2251074476087
              ],
              [
                6.810762833935581,
                53.22526451890809
              ],
              [
                6.810622400822053,
                53.225317323611236
              ],
              [
                6.81027335858772,
                53.22542150704745
              ],
              [
                6.809775320923619,
                53.22560877094429
              ],
              [
                6.8093102628947015,
                53.22582442650245
              ],
              [
                6.808882662917194,
                53.22606639724455
              ],
              [
                6.808496638938168,
                53.2263323532753
              ],
              [
                6.808155908780379,
                53.2266197337039
              ],
              [
                6.8078637543298415,
                53.22692577129084
              ],
              [
                6.807622989911522,
                53.22724751908309
              ],
              [
                6.807435935158275,
                53.22758187878105
              ],
              [
                6.8073043926354035,
                53.227925630565
              ],
              [
                6.807229630437719,
                53.228275464094395
              ],
              [
                6.807212369928375,
                53.22862801038133
              ],
              [
                6.807252778739379,
                53.228979874231925
              ],
              [
                6.807350469103266,
                53.229327666943085
              ],
              [
                6.80750450153404,
                53.22966803894002
              ],
              [
                6.807713393823975,
                53.229997712039854
              ],
              [
                6.807975135271631,
                53.23031351103052
              ],
              [
                6.808287206005805,
                53.2306123942606
              ],
              [
                6.808646601220899,
                53.23089148294496
              ],
              [
                6.8087706501784435,
                53.23097041956525
              ],
              [
                6.80910591581156,
                53.23123076472364
              ],
              [
                6.809509180579705,
                53.231487369089855
              ],
              [
                6.809952425519871,
                53.23171901890865
              ],
              [
                6.810431381740062,
                53.2319234828545
              ],
              [
                6.810941436161436,
                53.23209879143642
              ],
              [
                6.811477675962799,
                53.23224325598079
              ],
              [
                6.812034935921358,
                53.23235548490745
              ],
              [
                6.812607848192785,
                53.23243439714352
              ],
              [
                6.813190894049771,
                53.232479232543966
              ],
              [
                6.813778457079189,
                53.23248955921924
              ],
              [
                6.814364877323591,
                53.2324652776983
              ],
              [
                6.814944505843686,
                53.23240662188744
              ],
              [
                6.815511759174199,
                53.23231415681516
              ],
              [
                6.816061173146682,
                53.232188773185264
              ],
              [
                6.816587455558887,
                53.23203167879064
              ],
              [
                6.817085537181753,
                53.231844386870804
              ],
              [
                6.8175506206112,
                53.2316287015257
              ],
              [
                6.81797822649305,
                53.23138670032673
              ],
              [
                6.8183642366749355,
                53.231120714293155
              ],
              [
                6.818704933869207,
                53.230833305427126
              ],
              [
                6.818997037444695,
                53.23052724202432
              ],
              [
                6.819237735002924,
                53.2302054719988
              ],
              [
                6.819424709435429,
                53.2298710944793
              ],
              [
                6.819446973503287,
                53.22981287125901
              ],
              [
                6.819488767900816,
                53.229738126924886
              ],
              [
                6.819620218763586,
                53.22939436231447
              ],
              [
                6.819694882443725,
                53.22904452154195
              ],
              [
                6.819712041251768,
                53.228691973865224
              ],
              [
                6.819675750582328,
                53.22837676211101
              ],
              [
                6.819678090996239,
                53.22832867572314
              ],
              [
                6.819637581732726,
                53.22797681633268
              ],
              [
                6.819539795753998,
                53.22762903380268
              ],
              [
                6.819385676117731,
                53.22728867732796
              ],
              [
                6.819176708288527,
                53.226959024512816
              ],
              [
                6.818914905785661,
                53.226643249814146
              ],
              [
                6.818602790751649,
                53.22634439398036
              ]
            ]
          ],
          [
            [
              [
                6.879482522270394,
                53.1319416788054
              ],
              [
                6.879123499998513,
                53.13166279206476
              ],
              [
                6.878720760253691,
                53.131406411508934
              ],
              [
                6.878278181710692,
                53.13117500580846
              ],
              [
                6.877800026439847,
                53.13097080311654
              ],
              [
                6.8772908988688135,
                53.130795769626864
              ],
              [
                6.876755701457416,
                53.13065159065275
              ],
              [
                6.876199587511859,
                53.13053965441047
              ],
              [
                6.87562791159158,
                53.13046103866156
              ],
              [
                6.875046177985015,
                53.130416500343
              ],
              [
                6.874459987748827,
                53.13040646828416
              ],
              [
                6.873874984818762,
                53.1304310390807
              ],
              [
                6.873296801709117,
                53.13048997616508
              ],
              [
                6.87273100532171,
                53.13058271208243
              ],
              [
                6.872183043384192,
                53.13070835394999
              ],
              [
                6.87165819203158,
                53.130865692047735
              ],
              [
                6.8711615050340855,
                53.131053211458045
              ],
              [
                6.870697765158634,
                53.13126910664231
              ],
              [
                6.870271438131287,
                53.131511298814644
              ],
              [
                6.869886629643002,
                53.131777455946455
              ],
              [
                6.869547045812366,
                53.132065015209164
              ],
              [
                6.869255957485868,
                53.13237120763988
              ],
              [
                6.869016168719863,
                53.13269308479305
              ],
              [
                6.868829989748468,
                53.13302754712191
              ],
              [
                6.8686992146987205,
                53.13337137381711
              ],
              [
                6.868625104269089,
                53.133721253815445
              ],
              [
                6.868608373539694,
                53.13407381768041
              ],
              [
                6.868649185033606,
                53.13442567004782
              ],
              [
                6.868747147097968,
                53.13477342232451
              ],
              [
                6.868901317622613,
                53.1351137253244
              ],
              [
                6.869110213062474,
                53.13544330152887
              ],
              [
                6.869371822678726,
                53.13575897665892
              ],
              [
                6.869683627863393,
                53.13605771025618
              ],
              [
                6.870042626362775,
                53.13633662497698
              ],
              [
                6.8704453611677145,
                53.13659303431713
              ],
              [
                6.870887953793278,
                53.13682446850001
              ],
              [
                6.871366141627947,
                53.13702869827765
              ],
              [
                6.87187531899266,
                53.13720375641564
              ],
              [
                6.872410581514044,
                53.13734795665339
              ],
              [
                6.872966773383756,
                53.13745990995746
              ],
              [
                6.873538537047785,
                53.137538537910665
              ],
              [
                6.874120364845742,
                53.137583083106996
              ],
              [
                6.874706652101241,
                53.13759311645279
              ],
              [
                6.875291751150143,
                53.137568541302954
              ],
              [
                6.875870025784354,
                53.13750959439227
              ],
              [
                6.876435905584823,
                53.13741684355327
              ],
              [
                6.876983939618381,
                53.137291182242144
              ],
              [
                6.8775088489794,
                53.1371338209261
              ],
              [
                6.878005577668433,
                53.136946275415035
              ],
              [
                6.878469341316376,
                53.136730352250574
              ],
              [
                6.878895673283609,
                53.13648813129393
              ],
              [
                6.8792804676893295,
                53.136221945679786
              ],
              [
                6.879620018956138,
                53.13593435933129
              ],
              [
                6.879911057488958,
                53.135628142252266
              ],
              [
                6.880150781144973,
                53.13530624383551
              ],
              [
                6.880336882192213,
                53.13497176444486
              ],
              [
                6.880467569498213,
                53.134627925545345
              ],
              [
                6.880541585736459,
                53.13427803866922
              ],
              [
                6.880558219446538,
                53.13392547351728
              ],
              [
                6.880517311833789,
                53.133573625503175
              ],
              [
                6.880419258244864,
                53.133225883052816
              ],
              [
                6.880265004307153,
                53.13288559497455
              ],
              [
                6.880056036771257,
                53.13255603821368
              ],
              [
                6.879794369146599,
                53.132240386301916
              ],
              [
                6.879482522270394,
                53.1319416788054
              ]
            ]
          ],
          [
            [
              [
                6.867589137727507,
                53.15838969668076
              ],
              [
                6.867186215791317,
                53.158133280188835
              ],
              [
                6.866743423945579,
                53.15790183461667
              ],
              [
                6.866265026315066,
                53.15769758850124
              ],
              [
                6.865755629661302,
                53.15752250845407
              ],
              [
                6.865220139034958,
                53.157378280236635
              ],
              [
                6.864663710565104,
                53.157266292538985
              ],
              [
                6.864091701838935,
                53.15718762361803
              ],
              [
                6.86350962034842,
                53.157143030922505
              ],
              [
                6.862923070498751,
                53.15713294380531
              ],
              [
                6.862337699686984,
                53.15715745939201
              ],
              [
                6.861759143968292,
                53.15721634164679
              ],
              [
                6.861192973830887,
                53.15730902364265
              ],
              [
                6.860644640599874,
                53.157434613016115
              ],
              [
                6.86064035887455,
                53.1574358952858
              ],
              [
                6.860628712585307,
                53.157438562697756
              ],
              [
                6.860103495863371,
                53.15759585016491
              ],
              [
                6.859606453034631,
                53.15778332136836
              ],
              [
                6.8591423702915515,
                53.15799917123397
              ],
              [
                6.858715716661209,
                53.15824132141249
              ],
              [
                6.858330600979325,
                53.158507440280054
              ],
              [
                6.857990732322706,
                53.15879496537683
              ],
              [
                6.857699384281053,
                53.15910112806923
              ],
              [
                6.857459363412494,
                53.159422980198464
              ],
              [
                6.857272982187365,
                53.15975742245903
              ],
              [
                6.857142036681808,
                53.16010123423523
              ],
              [
                6.857067789237434,
                53.160451104607695
              ],
              [
                6.857050956255693,
                53.160803664232866
              ],
              [
                6.857091701246346,
                53.16115551778765
              ],
              [
                6.857189633199032,
                53.161503276667425
              ],
              [
                6.8573438102956175,
                53.161843591622784
              ],
              [
                6.857494789769782,
                53.16208175701684
              ],
              [
                6.857496715381907,
                53.16208859458494
              ],
              [
                6.857650897016968,
                53.162428909065525
              ],
              [
                6.857859840850893,
                53.1627585018472
              ],
              [
                6.85812153568063,
                53.16307419849131
              ],
              [
                6.858433462079159,
                53.163372958332154
              ],
              [
                6.858792616626753,
                53.16365190377314
              ],
              [
                6.859195540812389,
                53.163908348014004
              ],
              [
                6.859253488098058,
                53.16393863916752
              ],
              [
                6.859330843034931,
                53.16398787169891
              ],
              [
                6.859773658086078,
                53.16421934411561
              ],
              [
                6.860252097708038,
                53.16442361555839
              ],
              [
                6.860761553796685,
                53.16459871839126
              ],
              [
                6.861297119293762,
                53.164742965922855
              ],
              [
                6.861853635472111,
                53.16485496866406
              ],
              [
                6.86242487080107,
                53.16493352795931
              ],
              [
                6.8624006687774814,
                53.16494077505229
              ],
              [
                6.861903552000665,
                53.1651282556053
              ],
              [
                6.861439402445675,
                53.1653441140963
              ],
              [
                6.861012689782989,
                53.16558627209308
              ],
              [
                6.860627523416921,
                53.16585239789654
              ],
              [
                6.860287612912568,
                53.1661399289801
              ],
              [
                6.859996232262935,
                53.166446096652614
              ],
              [
                6.859756188340543,
                53.16676795270729
              ],
              [
                6.8595697938381965,
                53.16710239780093
              ],
              [
                6.8594388449603985,
                53.167446211290496
              ],
              [
                6.859364604081775,
                53.16779608224022
              ],
              [
                6.859347787541094,
                53.16814864130089
              ],
              [
                6.859388558690332,
                53.16850049315485
              ],
              [
                6.859486526267727,
                53.16884824921383
              ],
              [
                6.859640748112543,
                53.169188560255456
              ],
              [
                6.859849740187843,
                53.16951814868354
              ],
              [
                6.860111490826299,
                53.16983384010128
              ],
              [
                6.860153528308532,
                53.1698740945283
              ],
              [
                6.859587219796576,
                53.16996676419964
              ],
              [
                6.859038721904591,
                53.17009234630964
              ],
              [
                6.858513346303741,
                53.17024962674302
              ],
              [
                6.858016151810823,
                53.17043709113761
              ],
              [
                6.857551926078446,
                53.17065293448489
              ],
              [
                6.857125139510456,
                53.17089507849856
              ],
              [
                6.856739902222716,
                53.171161191614146
              ],
              [
                6.856399924463236,
                53.171448711427416
              ],
              [
                6.8561084808726775,
                53.171754869355794
              ],
              [
                6.855868378929785,
                53.172076717286444
              ],
              [
                6.855681931886259,
                53.17241115595443
              ],
              [
                6.855550936452821,
                53.1727549647787
              ],
              [
                6.855476655452731,
                53.17310483286848
              ],
              [
                6.855459805611493,
                53.17345739090215
              ],
              [
                6.855500550602166,
                53.173809243571995
              ],
              [
                6.855598499415326,
                53.174157002281994
              ],
              [
                6.855752710071378,
                53.174497317784294
              ],
              [
                6.855961698641563,
                53.1748269124397
              ],
              [
                6.856223453492718,
                53.17514261179147
              ],
              [
                6.856535454620384,
                53.17544137514782
              ],
              [
                6.8568946978856005,
                53.175720324878135
              ],
              [
                6.857297723923265,
                53.17597677414075
              ],
              [
                6.857740651444437,
                53.17620825277424
              ],
              [
                6.8582192146125225,
                53.1764125311022
              ],
              [
                6.8587288041333645,
                53.17658764142212
              ],
              [
                6.859264511663307,
                53.17673189697046
              ],
              [
                6.859821177106801,
                53.17684390818075
              ],
              [
                6.860393438347064,
                53.1769225960777
              ],
              [
                6.860975782929391,
                53.176967202677716
              ],
              [
                6.861562601197797,
                53.176977298295455
              ],
              [
                6.8621482403713046,
                53.17695278568597
              ],
              [
                6.862727059037157,
                53.17689390098152
              ],
              [
                6.863293481534031,
                53.176801211415544
              ],
              [
                6.8638420516994945,
                53.176675609854215
              ],
              [
                6.864367485462115,
                53.176518306189315
              ],
              [
                6.864864721769967,
                53.17633081567581
              ],
              [
                6.865328971363522,
                53.17611494432593
              ],
              [
                6.865755762921961,
                53.17587277150215
              ],
              [
                6.8661409861376415,
                53.17560662987604
              ],
              [
                6.866480931303332,
                53.17531908294749
              ],
              [
                6.866772325030937,
                53.17501290034113
              ],
              [
                6.867012361757912,
                53.17469103111818
              ],
              [
                6.8671987307387745,
                53.17435657536173
              ],
              [
                6.867329638262699,
                53.174012754309615
              ],
              [
                6.867403824884747,
                53.17366287932251
              ],
              [
                6.867420577506305,
                53.173310319987024
              ],
              [
                6.867379736190409,
                53.17295847166099
              ],
              [
                6.867281695648213,
                53.1726107227735
              ],
              [
                6.867127401384406,
                53.17227042219488
              ],
              [
                6.866918340540742,
                53.17194084699081
              ],
              [
                6.866656527527817,
                53.1716251708705
              ],
              [
                6.866614482305844,
                53.171584918773895
              ],
              [
                6.867180796574963,
                53.171492215941626
              ],
              [
                6.86764008651909,
                53.17138702645612
              ],
              [
                6.867670490097808,
                53.171382049317415
              ],
              [
                6.868218978857709,
                53.17125642780864
              ],
              [
                6.868744330954108,
                53.17109910498703
              ],
              [
                6.86924148612197,
                53.17091159629196
              ],
              [
                6.869705655883536,
                53.17069570791076
              ],
              [
                6.870132369687096,
                53.170453519369914
              ],
              [
                6.870517517974049,
                53.17018736349227
              ],
              [
                6.870857391758904,
                53.16989980391493
              ],
              [
                6.871148718341041,
                53.16959361038424
              ],
              [
                6.871388692804532,
                53.16927173206655
              ],
              [
                6.871575005003393,
                53.16893726913251
              ],
              [
                6.8717058617734486,
                53.168593442888955
              ],
              [
                6.871780004158247,
                53.16824356474651
              ],
              [
                6.871796719484877,
                53.16789100432203
              ],
              [
                6.871755848175145,
                53.16753915698378
              ],
              [
                6.8716577852286385,
                53.167191411151286
              ],
              [
                6.871503476365371,
                53.16685111566548
              ],
              [
                6.871294408867249,
                53.16652154754292
              ],
              [
                6.871032597208524,
                53.16620588042459
              ],
              [
                6.870720563615347,
                53.16590715402295
              ],
              [
                6.870361313743204,
                53.16562824486044
              ],
              [
                6.8699583077077255,
                53.16537183858159
              ],
              [
                6.869515426748721,
                53.165140404104335
              ],
              [
                6.869036935848969,
                53.16493616985879
              ],
              [
                6.868527442667932,
                53.16476110234205
              ],
              [
                6.86799185318551,
                53.16461688719483
              ],
              [
                6.867435324482357,
                53.16450491298147
              ],
              [
                6.866863215110464,
                53.16442625782883
              ],
              [
                6.86670412836333,
                53.164414076537334
              ],
              [
                6.866895760243069,
                53.164341793836755
              ],
              [
                6.86735987169534,
                53.16412591429175
              ],
              [
                6.867786534330244,
                53.16388373377365
              ],
              [
                6.868171639081866,
                53.163617585028014
              ],
              [
                6.8685114773838265,
                53.163330031623225
              ],
              [
                6.868802776876952,
                53.16302384324614
              ],
              [
                6.869042732905862,
                53.16270196901336
              ],
              [
                6.8692290355017,
                53.16236750905625
              ],
              [
                6.869359891592317,
                53.162023684652944
              ],
              [
                6.869434042227323,
                53.16167380719626
              ],
              [
                6.869450774653856,
                53.1613212462967
              ],
              [
                6.86945077458377,
                53.16132124569299
              ],
              [
                6.869450774646189,
                53.161321244377795
              ],
              [
                6.869409929120883,
                53.16096939540804
              ],
              [
                6.869311900394538,
                53.16062164680342
              ],
              [
                6.869157633857187,
                53.16028134743156
              ],
              [
                6.868948616382754,
                53.15995177434657
              ],
              [
                6.86880779717945,
                53.159781948502115
              ],
              [
                6.868731029406196,
                53.15961259769763
              ],
              [
                6.868522018448672,
                53.15928302377515
              ],
              [
                6.868260271219521,
                53.158967349641244
              ],
              [
                6.867948309324169,
                53.15866861507609
              ],
              [
                6.867589137727507,
                53.15838969668076
              ]
            ]
          ],
          [
            [
              [
                6.879136739287309,
                53.19245392412139
              ],
              [
                6.878733430127657,
                53.19219755065203
              ],
              [
                6.878290226577597,
                53.19196615175589
              ],
              [
                6.877811396725965,
                53.191761955520164
              ],
              [
                6.877301551495469,
                53.191586928075736
              ],
              [
                6.876765600255073,
                53.191442754677205
              ],
              [
                6.876208703567743,
                53.19133082348668
              ],
              [
                6.875636223527522,
                53.19125221221676
              ],
              [
                6.8750536721628945,
                53.19120767776099
              ],
              [
                6.874466658401605,
                53.19119764891146
              ],
              [
                6.873880834105901,
                53.191222222232824
              ],
              [
                6.873301839695817,
                53.19128116113336
              ],
              [
                6.872735249882198,
                53.19137389814094
              ],
              [
                6.872392770787688,
                53.19145231567648
              ],
              [
                6.87230738149378,
                53.191466291279106
              ],
              [
                6.871758649210554,
                53.19159193154833
              ],
              [
                6.871233060153335,
                53.19174926739116
              ],
              [
                6.8707356751941235,
                53.191936783912105
              ],
              [
                6.870271283819659,
                53.19215267560089
              ],
              [
                6.869844358029169,
                53.19239486370591
              ],
              [
                6.869459009279789,
                53.19266101623826
              ],
              [
                6.869118948893768,
                53.19294857041435
              ],
              [
                6.868827452308576,
                53.19325475732079
              ],
              [
                6.868587327514628,
                53.19357662856562
              ],
              [
                6.868400887985183,
                53.19391108465957
              ],
              [
                6.868269930360223,
                53.19425490485366
              ],
              [
                6.868269617140244,
                53.19425638151943
              ],
              [
                6.86826762755852,
                53.194261604985506
              ],
              [
                6.868193414269287,
                53.19461147827728
              ],
              [
                6.8681766614289455,
                53.19496403529811
              ],
              [
                6.8682175317780105,
                53.195315880749774
              ],
              [
                6.868315633101287,
                53.19566362610553
              ],
              [
                6.8684700219517305,
                53.19600392224592
              ],
              [
                6.868679212685558,
                53.19633349171794
              ],
              [
                6.8689411917234615,
                53.1966491603071
              ],
              [
                6.869253436902435,
                53.19694788761754
              ],
              [
                6.8696129417333465,
                53.19722679636559
              ],
              [
                6.870016244331904,
                53.19748320010409
              ],
              [
                6.87045946074525,
                53.19771462910964
              ],
              [
                6.870938322353809,
                53.19791885418368
              ],
              [
                6.871448216988205,
                53.19809390813645
              ],
              [
                6.871984233365058,
                53.19823810474717
              ],
              [
                6.872541208412971,
                53.198350055016945
              ],
              [
                6.873113777031873,
                53.19842868055737
              ],
              [
                6.873118912707344,
                53.198429073193275
              ],
              [
                6.873131347421475,
                53.198430780703156
              ],
              [
                6.8737139942402985,
                53.198475324045766
              ],
              [
                6.874301106631735,
                53.19848535619873
              ],
              [
                6.874887028980623,
                53.198460780528265
              ],
              [
                6.875466117145568,
                53.19840183377442
              ],
              [
                6.876032792868515,
                53.19830908376837
              ],
              [
                6.8764078014656524,
                53.198223218398574
              ],
              [
                6.876446289038059,
                53.19821691873576
              ],
              [
                6.876995091330194,
                53.198091257039174
              ],
              [
                6.877520735995206,
                53.19793389607174
              ],
              [
                6.878018159949591,
                53.19774635164043
              ],
              [
                6.878482572126525,
                53.197530430277205
              ],
              [
                6.87890949963961,
                53.19728821182626
              ],
              [
                6.879294830872388,
                53.19702202939887
              ],
              [
                6.879634855078188,
                53.19673444688806
              ],
              [
                6.879926298108795,
                53.19642823426124
              ],
              [
                6.880166353928175,
                53.19610634086878
              ],
              [
                6.880352711608472,
                53.195771867026636
              ],
              [
                6.880483577549328,
                53.19542803414674
              ],
              [
                6.880557692707952,
                53.1950781537036
              ],
              [
                6.880574344675653,
                53.19472559533625
              ],
              [
                6.880573444791767,
                53.19471786744067
              ],
              [
                6.880573506826596,
                53.194716554019216
              ],
              [
                6.880532536653489,
                53.19436471307451
              ],
              [
                6.880434340289086,
                53.19401697791123
              ],
              [
                6.880279864740033,
                53.19367669726729
              ],
              [
                6.880070598895022,
                53.19334714801607
              ],
              [
                6.879808559139704,
                53.19303150361668
              ],
              [
                6.87949626989779,
                53.19273280356226
              ],
              [
                6.879136739287309,
                53.19245392412139
              ]
            ]
          ],
          [
            [
              [
                6.869327773500868,
                53.2439514221442
              ],
              [
                6.86874451729052,
                53.24390686035208
              ],
              [
                6.868156788622663,
                53.24389680336711
              ],
              [
                6.867570246240583,
                53.24392134802487
              ],
              [
                6.866990537475956,
                53.243980258009685
              ],
              [
                6.866423243915464,
                53.24407296612792
              ],
              [
                6.865873827697974,
                53.24419857976495
              ],
              [
                6.865347578957583,
                53.24435588947346
              ],
              [
                6.864849564916865,
                53.24454338060995
              ],
              [
                6.864384581119034,
                53.244759247909
              ],
              [
                6.8639571052674775,
                53.24500141285444
              ],
              [
                6.863571254116267,
                53.24526754368097
              ],
              [
                6.86323074382636,
                53.2455550778144
              ],
              [
                6.862938854169122,
                53.24586124653495
              ],
              [
                6.862698396922258,
                53.2461831016263
              ],
              [
                6.862511688763164,
                53.246517543755154
              ],
              [
                6.862380528921853,
                53.24686135230747
              ],
              [
                6.8623061818100455,
                53.24721121639518
              ],
              [
                6.862289364795352,
                53.24756376673541
              ],
              [
                6.862330241240216,
                53.247915608094395
              ],
              [
                6.862418230174876,
                53.24822726401486
              ],
              [
                6.862445936802921,
                53.24846573750117
              ],
              [
                6.862544116662208,
                53.248813481225454
              ],
              [
                6.862698654229274,
                53.24915377832031
              ],
              [
                6.862908062431639,
                53.24948335132336
              ],
              [
                6.8631703255987615,
                53.249799025985844
              ],
              [
                6.863482918833887,
                53.25009776185296
              ],
              [
                6.863842832297836,
                53.25037668155823
              ],
              [
                6.864246600172168,
                53.25063309854849
              ],
              [
                6.864690334023622,
                53.25086454297226
              ],
              [
                6.86516976024908,
                53.251068785481934
              ],
              [
                6.865680261240517,
                53.251243858719306
              ],
              [
                6.866216919873178,
                53.25138807627741
              ],
              [
                6.866774566887929,
                53.25150004895518
              ],
              [
                6.8673478307102656,
                53.25157869814805
              ],
              [
                6.867931189224915,
                53.2516232662449
              ],
              [
                6.868183576015285,
                53.251627584871805
              ],
              [
                6.868201101483278,
                53.25162892371984
              ],
              [
                6.868788935390748,
                53.251638980084344
              ],
              [
                6.869375581781406,
                53.2516144291621
              ],
              [
                6.869955389536993,
                53.25155550745473
              ],
              [
                6.870522773465586,
                53.25146278255229
              ],
              [
                6.871072268141037,
                53.25133714766176
              ],
              [
                6.871598580584483,
                53.25117981299649
              ],
              [
                6.872096641278765,
                53.250992294110524
              ],
              [
                6.872561653022972,
                53.25077639729026
              ],
              [
                6.872989137155332,
                53.25053420214397
              ],
              [
                6.873374976698377,
                53.250268041559075
              ],
              [
                6.873715456010453,
                53.2499804792187
              ],
              [
                6.873915820857084,
                53.24977026024966
              ],
              [
                6.873969777277574,
                53.24972468875376
              ],
              [
                6.874261614309468,
                53.24941849380008
              ],
              [
                6.874502002932195,
                53.2490966161461
              ],
              [
                6.874688629015289,
                53.24876215595662
              ],
              [
                6.8748196963765436,
                53.24841833451251
              ],
              [
                6.874893944036837,
                53.248068463178306
              ],
              [
                6.874910658315185,
                53.24771591150564
              ],
              [
                6.874869679649431,
                53.24736407477836
              ],
              [
                6.8747714040789125,
                53.247016341313675
              ],
              [
                6.8746167793768675,
                53.24667605983308
              ],
              [
                6.874407295871935,
                53.24634650721782
              ],
              [
                6.874144972049034,
                53.24603085695902
              ],
              [
                6.873832335070167,
                53.24573214860603
              ],
              [
                6.873472396404169,
                53.24545325850686
              ],
              [
                6.873068622801435,
                53.245196872121625
              ],
              [
                6.872624902894017,
                53.244965458175884
              ],
              [
                6.872271210436552,
                53.24481479161897
              ],
              [
                6.871984919403887,
                53.24466547758429
              ],
              [
                6.871505532595948,
                53.24446126171115
              ],
              [
                6.870995088670995,
                53.2442862126417
              ],
              [
                6.870458502761984,
                53.2441420158385
              ],
              [
                6.869900941541646,
                53.24403005968841
              ],
              [
                6.869327773500868,
                53.2439514221442
              ]
            ]
          ]
        ]
      },
      "properties": {
        "type": "buffer_union_400m",
        "buffer_m": 400
      }
    },
    {
      "type": "Feature",
      "geometry": {
        "type": "Polygon",
        "coordinates": [
          [
            [
              6.6394681,
              53.1859807
            ],
            [
              6.6394704,
              53.1859814
            ],
            [
              6.6395229,
              53.1859967
            ],
            [
              6.6395388,
              53.1860018
            ],
            [
              6.639539,
              53.1860019
            ],
            [
              6.6398571,
              53.1861053
            ],
            [
              6.6398833,
              53.1861138
            ],
            [
              6.6399938,
              53.1861497
            ],
            [
              6.6402906,
              53.1862423
            ],
            [
              6.6403981,
              53.1862758
            ],
            [
              6.6404372,
              53.1862877
            ],
            [
              6.6404472,
              53.1862908
            ],
            [
              6.6417797,
              53.186695
            ],
            [
              6.6432981,
              53.1871555
            ],
            [
              6.6433098,
              53.187159
            ],
            [
              6.6433534,
              53.1871722
            ],
            [
              6.6433583,
              53.1871737
            ],
            [
              6.6434468,
              53.1872005
            ],
            [
              6.643458,
              53.1872039
            ],
            [
              6.6434662,
              53.1872064
            ],
            [
              6.6434873,
              53.1872127
            ],
            [
              6.6436112,
              53.1872502
            ],
            [
              6.6436504,
              53.1872621
            ],
            [
              6.6439927,
              53.1873656
            ],
            [
              6.6443047,
              53.18746
            ],
            [
              6.6443644,
              53.1874383
            ],
            [
              6.6443999,
              53.1874266
            ],
            [
              6.6444452,
              53.1874149
            ],
            [
              6.6444838,
              53.1874064
            ],
            [
              6.6445269,
              53.1873983
            ],
            [
              6.6446049,
              53.1873844
            ],
            [
              6.644636,
              53.1873828
            ],
            [
              6.6446687,
              53.1873821
            ],
            [
              6.6446999,
              53.1873837
            ],
            [
              6.6447319,
              53.1873867
            ],
            [
              6.6447761,
              53.18739
            ],
            [
              6.6448172,
              53.1873947
            ],
            [
              6.644889,
              53.187406
            ],
            [
              6.6449226,
              53.1874131
            ],
            [
              6.6449548,
              53.1874256
            ],
            [
              6.6452006,
              53.1874929
            ],
            [
              6.6458551,
              53.1876721
            ],
            [
              6.6468213,
              53.1879374
            ],
            [
              6.6462479,
              53.1881324
            ],
            [
              6.6457185,
              53.1883124
            ],
            [
              6.6456235,
              53.1883446
            ],
            [
              6.6455275,
              53.1883755
            ],
            [
              6.6451133,
              53.1885087
            ],
            [
              6.6450454,
              53.1885302
            ],
            [
              6.6449435,
              53.1885602
            ],
            [
              6.6447721,
              53.1886104
            ],
            [
              6.6439625,
              53.1888462
            ],
            [
              6.6435571,
              53.188967
            ],
            [
              6.6433404,
              53.189034
            ],
            [
              6.6431895,
              53.1890826
            ],
            [
              6.6430733,
              53.1891218
            ],
            [
              6.6428177,
              53.189211
            ],
            [
              6.6424272,
              53.1893559
            ],
            [
              6.6418225,
              53.1895742
            ],
            [
              6.6407986,
              53.1899431
            ],
            [
              6.6398131,
              53.1902966
            ],
            [
              6.639977,
              53.1903921
            ],
            [
              6.6400057,
              53.1904088
            ],
            [
              6.6401889,
              53.1905124
            ],
            [
              6.6401978,
              53.1905176
            ],
            [
              6.6409289,
              53.1909437
            ],
            [
              6.6410071,
              53.1909893
            ],
            [
              6.6410757,
              53.1910298
            ],
            [
              6.6411797,
              53.1910888
            ],
            [
              6.6412916,
              53.1911531
            ],
            [
              6.6417431,
              53.1914127
            ],
            [
              6.6422759,
              53.1917187
            ],
            [
              6.6423469,
              53.1917582
            ],
            [
              6.6423895,
              53.1917815
            ],
            [
              6.6424322,
              53.1918089
            ],
            [
              6.6424616,
              53.1918231
            ],
            [
              6.6425247,
              53.1918471
            ],
            [
              6.642529,
              53.1918486
            ],
            [
              6.6425624,
              53.1918603
            ],
            [
              6.6425848,
              53.1918697
            ],
            [
              6.6426114,
              53.1918823
            ],
            [
              6.6426228,
              53.1918715
            ],
            [
              6.6426309,
              53.1918632
            ],
            [
              6.6426569,
              53.1918428
            ],
            [
              6.6426746,
              53.1918275
            ],
            [
              6.6426887,
              53.1918164
            ],
            [
              6.6426964,
              53.1918121
            ],
            [
              6.6427402,
              53.191787
            ],
            [
              6.6427619,
              53.1917749
            ],
            [
              6.6427866,
              53.1917641
            ],
            [
              6.6428172,
              53.1917522
            ],
            [
              6.6428351,
              53.1917443
            ],
            [
              6.6428647,
              53.1917345
            ],
            [
              6.6428827,
              53.1917283
            ],
            [
              6.6429127,
              53.1917189
            ],
            [
              6.6429641,
              53.1917036
            ],
            [
              6.6429904,
              53.1916951
            ],
            [
              6.6430187,
              53.1916872
            ],
            [
              6.6430676,
              53.1916846
            ],
            [
              6.6439995,
              53.191906
            ],
            [
              6.6442492,
              53.1919634
            ],
            [
              6.6444959,
              53.1920186
            ],
            [
              6.6447579,
              53.1920792
            ],
            [
              6.6452238,
              53.192187
            ],
            [
              6.6460534,
              53.1923725
            ],
            [
              6.6465137,
              53.1924749
            ],
            [
              6.6478753,
              53.1927659
            ],
            [
              6.6478899,
              53.192769
            ],
            [
              6.6484133,
              53.1928797
            ],
            [
              6.6491142,
              53.193028
            ],
            [
              6.6494432,
              53.1930904
            ],
            [
              6.6497869,
              53.1931582
            ],
            [
              6.6499791,
              53.193177
            ],
            [
              6.6499744,
              53.1931967
            ],
            [
              6.6499818,
              53.1932126
            ],
            [
              6.6501029,
              53.1934293
            ],
            [
              6.6501792,
              53.1934104
            ],
            [
              6.6517236,
              53.1941249
            ],
            [
              6.6519718,
              53.1942284
            ],
            [
              6.6520495,
              53.1942607
            ],
            [
              6.6520906,
              53.1942778
            ],
            [
              6.6520689,
              53.1943385
            ],
            [
              6.6520415,
              53.1943811
            ],
            [
              6.6519927,
              53.1944232
            ],
            [
              6.6518181,
              53.1945463
            ],
            [
              6.6517516,
              53.1945827
            ],
            [
              6.6517053,
              53.1946263
            ],
            [
              6.6532493,
              53.195331
            ],
            [
              6.6535572,
              53.1954739
            ],
            [
              6.6548448,
              53.1960723
            ],
            [
              6.6547922,
              53.1961145
            ],
            [
              6.6550856,
              53.1962551
            ],
            [
              6.6553493,
              53.1963816
            ],
            [
              6.6553637,
              53.1963885
            ],
            [
              6.6556571,
              53.1965279
            ],
            [
              6.6559967,
              53.1966893
            ],
            [
              6.656448,
              53.1969038
            ],
            [
              6.6564982,
              53.1969275
            ],
            [
              6.656321,
              53.1970415
            ],
            [
              6.6562616,
              53.1970841
            ],
            [
              6.6565574,
              53.1972228
            ],
            [
              6.6572595,
              53.1975491
            ],
            [
              6.657385,
              53.197618
            ],
            [
              6.6575259,
              53.1976702
            ],
            [
              6.6576036,
              53.19772
            ],
            [
              6.6580631,
              53.1979293
            ],
            [
              6.6580681,
              53.1979315
            ],
            [
              6.6581278,
              53.1979583
            ],
            [
              6.6581632,
              53.1979694
            ],
            [
              6.6581923,
              53.1979763
            ],
            [
              6.6582995,
              53.1980459
            ],
            [
              6.6591629,
              53.1984537
            ],
            [
              6.6593476,
              53.1985413
            ],
            [
              6.6595348,
              53.1986585
            ],
            [
              6.6595915,
              53.1986863
            ],
            [
              6.6608901,
              53.1993223
            ],
            [
              6.6609158,
              53.1993349
            ],
            [
              6.6609637,
              53.1993584
            ],
            [
              6.6611036,
              53.1994269
            ],
            [
              6.6612767,
              53.199406
            ],
            [
              6.6612857,
              53.1994102
            ],
            [
              6.6614245,
              53.1994748
            ],
            [
              6.661465,
              53.1994936
            ],
            [
              6.662156,
              53.1998153
            ],
            [
              6.6627473,
              53.2000905
            ],
            [
              6.6637236,
              53.2005449
            ],
            [
              6.6642622,
              53.2007955
            ],
            [
              6.6646826,
              53.200991
            ],
            [
              6.6667817,
              53.2019774
            ],
            [
              6.6668727,
              53.2020203
            ],
            [
              6.6672599,
              53.2018408
            ],
            [
              6.6673866,
              53.2017875
            ],
            [
              6.6675992,
              53.2017103
            ],
            [
              6.6677965,
              53.20165
            ],
            [
              6.6679485,
              53.2016089
            ],
            [
              6.668049,
              53.2015871
            ],
            [
              6.6683151,
              53.2015353
            ],
            [
              6.6688011,
              53.2014551
            ],
            [
              6.6689396,
              53.2014326
            ],
            [
              6.6691759,
              53.2013969
            ],
            [
              6.6693276,
              53.2013748
            ],
            [
              6.6696061,
              53.2013323
            ],
            [
              6.6699618,
              53.2012644
            ],
            [
              6.6700995,
              53.2012349
            ],
            [
              6.6702794,
              53.2011916
            ],
            [
              6.6704044,
              53.2011568
            ],
            [
              6.6706636,
              53.2010807
            ],
            [
              6.6709213,
              53.201014
            ],
            [
              6.6714202,
              53.2009154
            ],
            [
              6.6716467,
              53.2008777
            ],
            [
              6.6719327,
              53.2008319
            ],
            [
              6.6722159,
              53.2007939
            ],
            [
              6.672558,
              53.2007528
            ],
            [
              6.6728768,
              53.2007206
            ],
            [
              6.6729072,
              53.2007176
            ],
            [
              6.6735969,
              53.2006506
            ],
            [
              6.6735745,
              53.2006872
            ],
            [
              6.6734961,
              53.2007046
            ],
            [
              6.6736208,
              53.2006927
            ],
            [
              6.6737041,
              53.2006858
            ],
            [
              6.6737966,
              53.2006796
            ],
            [
              6.6738629,
              53.2006769
            ],
            [
              6.6739228,
              53.2006756
            ],
            [
              6.6740072,
              53.2006774
            ],
            [
              6.6741985,
              53.2006941
            ],
            [
              6.6743906,
              53.2007109
            ],
            [
              6.6749772,
              53.2007228
            ],
            [
              6.6757367,
              53.2007582
            ],
            [
              6.6761295,
              53.2007746
            ],
            [
              6.6762828,
              53.2007816
            ],
            [
              6.676666,
              53.2007941
            ],
            [
              6.6770702,
              53.2008068
            ],
            [
              6.6778291,
              53.2008285
            ],
            [
              6.6780988,
              53.200836
            ],
            [
              6.6783677,
              53.200842
            ],
            [
              6.6786456,
              53.2008468
            ],
            [
              6.6786456,
              53.2008465
            ],
            [
              6.6789525,
              53.2008491
            ],
            [
              6.6805089,
              53.2008503
            ],
            [
              6.6807959,
              53.2008505
            ],
            [
              6.6813194,
              53.2008326
            ],
            [
              6.6815765,
              53.2008179
            ],
            [
              6.6823397,
              53.20078
            ],
            [
              6.6827003,
              53.2007621
            ],
            [
              6.6827316,
              53.2007875
            ],
            [
              6.6828546,
              53.2008736
            ],
            [
              6.6829774,
              53.2009544
            ],
            [
              6.6830604,
              53.2010125
            ],
            [
              6.6831894,
              53.2011022
            ],
            [
              6.6834554,
              53.2011277
            ],
            [
              6.6834709,
              53.2014753
            ],
            [
              6.6834836,
              53.2014951
            ],
            [
              6.6834973,
              53.2015148
            ],
            [
              6.683512,
              53.2015342
            ],
            [
              6.6835276,
              53.2015533
            ],
            [
              6.6835442,
              53.2015721
            ],
            [
              6.6835617,
              53.2015906
            ],
            [
              6.6835801,
              53.2016088
            ],
            [
              6.6835994,
              53.2016267
            ],
            [
              6.6836196,
              53.2016442
            ],
            [
              6.6836406,
              53.2016613
            ],
            [
              6.6836625,
              53.2016781
            ],
            [
              6.6836889,
              53.2016928
            ],
            [
              6.6837145,
              53.2017081
            ],
            [
              6.6837393,
              53.2017238
            ],
            [
              6.6837632,
              53.20174
            ],
            [
              6.6837862,
              53.2017567
            ],
            [
              6.6838082,
              53.2017738
            ],
            [
              6.6838293,
              53.2017913
            ],
            [
              6.6838495,
              53.2018093
            ],
            [
              6.6838686,
              53.2018276
            ],
            [
              6.6838867,
              53.2018463
            ],
            [
              6.6839038,
              53.2018654
            ],
            [
              6.6839199,
              53.2018848
            ],
            [
              6.6839349,
              53.2019045
            ],
            [
              6.6839488,
              53.2019244
            ],
            [
              6.6839616,
              53.2019447
            ],
            [
              6.6839733,
              53.2019651
            ],
            [
              6.6839838,
              53.2019858
            ],
            [
              6.6839932,
              53.2020067
            ],
            [
              6.6840015,
              53.2020278
            ],
            [
              6.6840064,
              53.2020475
            ],
            [
              6.6840101,
              53.2020673
            ],
            [
              6.6840127,
              53.2020872
            ],
            [
              6.684014,
              53.2021071
            ],
            [
              6.6840142,
              53.202127
            ],
            [
              6.6840131,
              53.202147
            ],
            [
              6.6840109,
              53.2021668
            ],
            [
              6.6840075,
              53.2021867
            ],
            [
              6.6840029,
              53.2022064
            ],
            [
              6.6839793,
              53.2023594
            ],
            [
              6.6837424,
              53.2033141
            ],
            [
              6.6835376,
              53.2041249
            ],
            [
              6.6835369,
              53.2041276
            ],
            [
              6.6834946,
              53.2043093
            ],
            [
              6.683477,
              53.2043846
            ],
            [
              6.6833378,
              53.2049454
            ],
            [
              6.6833048,
              53.2050723
            ],
            [
              6.6831678,
              53.2057653
            ],
            [
              6.6830241,
              53.2064446
            ],
            [
              6.6830144,
              53.2064962
            ],
            [
              6.6830589,
              53.2065004
            ],
            [
              6.6830138,
              53.2066913
            ],
            [
              6.6829738,
              53.2066873
            ],
            [
              6.6829577,
              53.2067463
            ],
            [
              6.6829573,
              53.2067477
            ],
            [
              6.6829287,
              53.2068529
            ],
            [
              6.6824843,
              53.2084873
            ],
            [
              6.6818513,
              53.2084191
            ],
            [
              6.6809168,
              53.2083183
            ],
            [
              6.6797621,
              53.2083223
            ],
            [
              6.6797235,
              53.2086593
            ],
            [
              6.6796588,
              53.2092238
            ],
            [
              6.6796539,
              53.209267
            ],
            [
              6.6796473,
              53.2093242
            ],
            [
              6.6796384,
              53.2094014
            ],
            [
              6.6798407,
              53.209443
            ],
            [
              6.6801436,
              53.2095113
            ],
            [
              6.6800967,
              53.2099126
            ],
            [
              6.6800812,
              53.21003
            ],
            [
              6.6803252,
              53.2100371
            ],
            [
              6.6804997,
              53.2100423
            ],
            [
              6.6806981,
              53.2100481
            ],
            [
              6.6806937,
              53.2100811
            ],
            [
              6.6805819,
              53.2108967
            ],
            [
              6.680473,
              53.2116917
            ],
            [
              6.6806267,
              53.2117546
            ],
            [
              6.6808462,
              53.2118531
            ],
            [
              6.6809433,
              53.21189
            ],
            [
              6.6809869,
              53.2119066
            ],
            [
              6.6810435,
              53.211917
            ],
            [
              6.6813058,
              53.2119411
            ],
            [
              6.6817664,
              53.2119851
            ],
            [
              6.6819791,
              53.2119986
            ],
            [
              6.6820202,
              53.2120023
            ],
            [
              6.6823748,
              53.212034
            ],
            [
              6.6826581,
              53.2120593
            ],
            [
              6.6827584,
              53.2116568
            ],
            [
              6.6828445,
              53.2113122
            ],
            [
              6.6828477,
              53.2112991
            ],
            [
              6.6829056,
              53.211058
            ],
            [
              6.6835611,
              53.2110975
            ],
            [
              6.6835835,
              53.2110988
            ],
            [
              6.6842335,
              53.2111381
            ],
            [
              6.6842401,
              53.2111147
            ],
            [
              6.6843638,
              53.2111177
            ],
            [
              6.684538,
              53.2111211
            ],
            [
              6.6845529,
              53.2111215
            ],
            [
              6.6846846,
              53.2111313
            ],
            [
              6.6847553,
              53.2111374
            ],
            [
              6.684889,
              53.2111576
            ],
            [
              6.6849485,
              53.2111747
            ],
            [
              6.6848512,
              53.2115928
            ],
            [
              6.6852527,
              53.2116261
            ],
            [
              6.685675,
              53.2116619
            ],
            [
              6.6859628,
              53.2116853
            ],
            [
              6.6859628,
              53.2116856
            ],
            [
              6.6863537,
              53.2117322
            ],
            [
              6.6867984,
              53.2117852
            ],
            [
              6.6868271,
              53.2117886
            ],
            [
              6.6868364,
              53.2117898
            ],
            [
              6.6870426,
              53.2118147
            ],
            [
              6.687054,
              53.2118863
            ],
            [
              6.6870861,
              53.2121378
            ],
            [
              6.6881854,
              53.2121232
            ],
            [
              6.6881859,
              53.2121307
            ],
            [
              6.6881899,
              53.2121776
            ],
            [
              6.6881901,
              53.21218
            ],
            [
              6.6882117,
              53.212487
            ],
            [
              6.6882323,
              53.212634
            ],
            [
              6.688643,
              53.2126212
            ],
            [
              6.6892118,
              53.212607
            ],
            [
              6.6893298,
              53.2126038
            ],
            [
              6.6895232,
              53.2125985
            ],
            [
              6.6898925,
              53.2125885
            ],
            [
              6.689911,
              53.21232
            ],
            [
              6.6902104,
              53.2123197
            ],
            [
              6.6903272,
              53.2123816
            ],
            [
              6.6904895,
              53.2124677
            ],
            [
              6.6904912,
              53.2124528
            ],
            [
              6.690768,
              53.2124566
            ],
            [
              6.6907703,
              53.2130331
            ],
            [
              6.6907708,
              53.213161
            ],
            [
              6.6919795,
              53.213168
            ],
            [
              6.6919926,
              53.2130198
            ],
            [
              6.6919944,
              53.2129994
            ],
            [
              6.6919967,
              53.2129442
            ],
            [
              6.6933613,
              53.2129955
            ],
            [
              6.6933604,
              53.2130006
            ],
            [
              6.6933594,
              53.2130049
            ],
            [
              6.6933425,
              53.2130824
            ],
            [
              6.6933354,
              53.213121
            ],
            [
              6.6933505,
              53.2131444
            ],
            [
              6.6933733,
              53.2131615
            ],
            [
              6.6933782,
              53.2131652
            ],
            [
              6.6934484,
              53.2132437
            ],
            [
              6.6933952,
              53.2136175
            ],
            [
              6.693394,
              53.2136254
            ],
            [
              6.693367,
              53.2138035
            ],
            [
              6.6933522,
              53.2139303
            ],
            [
              6.6933087,
              53.214252
            ],
            [
              6.6934931,
              53.2142849
            ],
            [
              6.6936165,
              53.2142987
            ],
            [
              6.6936795,
              53.2143156
            ],
            [
              6.6937306,
              53.2143294
            ],
            [
              6.6938395,
              53.2143398
            ],
            [
              6.6941044,
              53.2143485
            ],
            [
              6.6943882,
              53.2143642
            ],
            [
              6.6944507,
              53.2143691
            ],
            [
              6.694471,
              53.2143778
            ],
            [
              6.6945028,
              53.2143914
            ],
            [
              6.6945654,
              53.2144375
            ],
            [
              6.6947461,
              53.2144526
            ],
            [
              6.6949912,
              53.2144829
            ],
            [
              6.6949683,
              53.2145626
            ],
            [
              6.6959362,
              53.2146437
            ],
            [
              6.6959529,
              53.2145853
            ],
            [
              6.6959736,
              53.2145158
            ],
            [
              6.6967502,
              53.2146017
            ],
            [
              6.6970701,
              53.2146372
            ],
            [
              6.6974007,
              53.2146738
            ],
            [
              6.6980745,
              53.2147486
            ],
            [
              6.6981179,
              53.214643
            ],
            [
              6.6982453,
              53.2146675
            ],
            [
              6.6981995,
              53.215125
            ],
            [
              6.6981921,
              53.2151989
            ],
            [
              6.6981588,
              53.2155322
            ],
            [
              6.6981253,
              53.2155975
            ],
            [
              6.6981026,
              53.2156418
            ],
            [
              6.6980077,
              53.2158508
            ],
            [
              6.6979725,
              53.215928
            ],
            [
              6.6979028,
              53.2160807
            ],
            [
              6.6978599,
              53.2161619
            ],
            [
              6.6978287,
              53.2162125
            ],
            [
              6.6978135,
              53.2162383
            ],
            [
              6.6977992,
              53.2162625
            ],
            [
              6.6977774,
              53.2163094
            ],
            [
              6.6977745,
              53.2163156
            ],
            [
              6.6977196,
              53.2164503
            ],
            [
              6.6976494,
              53.2166251
            ],
            [
              6.697637,
              53.2166559
            ],
            [
              6.6976227,
              53.2166925
            ],
            [
              6.6975953,
              53.2167623
            ],
            [
              6.697556,
              53.2168623
            ],
            [
              6.6975155,
              53.2169656
            ],
            [
              6.6979823,
              53.2170412
            ],
            [
              6.6980432,
              53.2170506
            ],
            [
              6.6982929,
              53.2170892
            ],
            [
              6.6983759,
              53.2171256
            ],
            [
              6.6986062,
              53.2172265
            ],
            [
              6.6987898,
              53.217307
            ],
            [
              6.6988376,
              53.2173279
            ],
            [
              6.6988567,
              53.2173364
            ],
            [
              6.698832,
              53.2173614
            ],
            [
              6.6988107,
              53.2173929
            ],
            [
              6.6987804,
              53.2174391
            ],
            [
              6.6987157,
              53.2175375
            ],
            [
              6.6986286,
              53.2176647
            ],
            [
              6.6985294,
              53.2178021
            ],
            [
              6.6985483,
              53.2178062
            ],
            [
              6.6988808,
              53.2178766
            ],
            [
              6.6991407,
              53.2179316
            ],
            [
              6.6990958,
              53.2180121
            ],
            [
              6.6991377,
              53.2180202
            ],
            [
              6.6996686,
              53.2181228
            ],
            [
              6.6996051,
              53.2182403
            ],
            [
              6.6995149,
              53.2184024
            ],
            [
              6.6994951,
              53.2184234
            ],
            [
              6.6993892,
              53.2185108
            ],
            [
              6.6995106,
              53.2185301
            ],
            [
              6.7005832,
              53.2187263
            ],
            [
              6.7014587,
              53.2188755
            ],
            [
              6.7014761,
              53.2188973
            ],
            [
              6.7015126,
              53.2189427
            ],
            [
              6.7009921,
              53.2197222
            ],
            [
              6.7010985,
              53.2197517
            ],
            [
              6.7013821,
              53.2198302
            ],
            [
              6.7017808,
              53.2199406
            ],
            [
              6.7021273,
              53.2200375
            ],
            [
              6.7020214,
              53.2201853
            ],
            [
              6.7025177,
              53.2203246
            ],
            [
              6.7023524,
              53.2205512
            ],
            [
              6.7021432,
              53.2208381
            ],
            [
              6.7027186,
              53.2210073
            ],
            [
              6.7027993,
              53.2210309
            ],
            [
              6.7030669,
              53.2211095
            ],
            [
              6.7033837,
              53.2212015
            ],
            [
              6.7030884,
              53.221545
            ],
            [
              6.7029454,
              53.2217113
            ],
            [
              6.7034848,
              53.2218809
            ],
            [
              6.703935,
              53.222023
            ],
            [
              6.7042931,
              53.2221361
            ],
            [
              6.7055414,
              53.223334
            ],
            [
              6.7051236,
              53.2237064
            ],
            [
              6.7056605,
              53.2239523
            ],
            [
              6.7058921,
              53.2241406
            ],
            [
              6.7063673,
              53.2245304
            ],
            [
              6.70576,
              53.2250116
            ],
            [
              6.7058722,
              53.2250627
            ],
            [
              6.705879,
              53.2250658
            ],
            [
              6.7070494,
              53.2255992
            ],
            [
              6.707806,
              53.2251022
            ],
            [
              6.7081011,
              53.2249083
            ],
            [
              6.7082809,
              53.2248187
            ],
            [
              6.7083584,
              53.2247833
            ],
            [
              6.7086186,
              53.2250118
            ],
            [
              6.7086887,
              53.2250799
            ],
            [
              6.7087502,
              53.2251614
            ],
            [
              6.7087917,
              53.2252298
            ],
            [
              6.7088344,
              53.2253238
            ],
            [
              6.7088516,
              53.2254228
            ],
            [
              6.7088531,
              53.2255055
            ],
            [
              6.7088041,
              53.2257333
            ],
            [
              6.7087964,
              53.2258241
            ],
            [
              6.7087639,
              53.2258447
            ],
            [
              6.7080091,
              53.2263245
            ],
            [
              6.7077703,
              53.2264763
            ],
            [
              6.7074927,
              53.2266528
            ],
            [
              6.7071983,
              53.22684
            ],
            [
              6.7076317,
              53.2271044
            ],
            [
              6.7056722,
              53.2282563
            ],
            [
              6.7073777,
              53.229301
            ],
            [
              6.7064056,
              53.2298724
            ],
            [
              6.7071289,
              53.230418
            ],
            [
              6.7077039,
              53.2308515
            ],
            [
              6.706825,
              53.2313311
            ],
            [
              6.7075099,
              53.2318325
            ],
            [
              6.7077117,
              53.2319804
            ],
            [
              6.7080559,
              53.2322327
            ],
            [
              6.7091117,
              53.2317013
            ],
            [
              6.709453,
              53.2315292
            ],
            [
              6.7098245,
              53.2327091
            ],
            [
              6.707205,
              53.2340279
            ],
            [
              6.7076571,
              53.2343516
            ],
            [
              6.7068444,
              53.2347601
            ],
            [
              6.7065444,
              53.234911
            ],
            [
              6.7093257,
              53.2349076
            ],
            [
              6.7092288,
              53.2349576
            ],
            [
              6.7091154,
              53.2350161
            ],
            [
              6.7088766,
              53.2351392
            ],
            [
              6.7088706,
              53.2351772
            ],
            [
              6.7088471,
              53.2353269
            ],
            [
              6.7088298,
              53.2354365
            ],
            [
              6.7104665,
              53.2367017
            ],
            [
              6.7102921,
              53.2367886
            ],
            [
              6.7120263,
              53.2380008
            ],
            [
              6.71183,
              53.2380982
            ],
            [
              6.7116338,
              53.2381955
            ],
            [
              6.7118213,
              53.2383264
            ],
            [
              6.7120088,
              53.2384574
            ],
            [
              6.7121391,
              53.2383929
            ],
            [
              6.7122693,
              53.2383284
            ],
            [
              6.7126495,
              53.2386001
            ],
            [
              6.7130297,
              53.2388719
            ],
            [
              6.7131558,
              53.2388081
            ],
            [
              6.7144598,
              53.2397401
            ],
            [
              6.7150522,
              53.2401341
            ],
            [
              6.7159529,
              53.2407331
            ],
            [
              6.7164429,
              53.2410566
            ],
            [
              6.7170643,
              53.2414646
            ],
            [
              6.7176858,
              53.2418725
            ],
            [
              6.7175485,
              53.2419478
            ],
            [
              6.7158718,
              53.2428758
            ],
            [
              6.7141951,
              53.2438039
            ],
            [
              6.7134106,
              53.244238
            ],
            [
              6.7130657,
              53.244429
            ],
            [
              6.7127208,
              53.2446199
            ],
            [
              6.7132838,
              53.2449333
            ],
            [
              6.7138362,
              53.245241
            ],
            [
              6.714193,
              53.2454377
            ],
            [
              6.7145077,
              53.2456109
            ],
            [
              6.7143735,
              53.2456897
            ],
            [
              6.714336,
              53.2456697
            ],
            [
              6.7140247,
              53.2458448
            ],
            [
              6.7137217,
              53.2460151
            ],
            [
              6.7134043,
              53.2461934
            ],
            [
              6.7131638,
              53.2463284
            ],
            [
              6.7128835,
              53.2464896
            ],
            [
              6.7126136,
              53.2466448
            ],
            [
              6.7121914,
              53.2468958
            ],
            [
              6.7117692,
              53.2471467
            ],
            [
              6.7116781,
              53.2472008
            ],
            [
              6.7113705,
              53.2473856
            ],
            [
              6.7110629,
              53.2475704
            ],
            [
              6.7108391,
              53.2477128
            ],
            [
              6.7106154,
              53.2478552
            ],
            [
              6.7103766,
              53.2480122
            ],
            [
              6.7101378,
              53.2481692
            ],
            [
              6.7101031,
              53.248192
            ],
            [
              6.7101455,
              53.2482192
            ],
            [
              6.7099866,
              53.2483194
            ],
            [
              6.7098492,
              53.248407
            ],
            [
              6.7098108,
              53.2484313
            ],
            [
              6.7097773,
              53.24841
            ],
            [
              6.7094519,
              53.2485943
            ],
            [
              6.7091264,
              53.2487786
            ],
            [
              6.7086594,
              53.249043
            ],
            [
              6.7084874,
              53.2491409
            ],
            [
              6.7083155,
              53.2492388
            ],
            [
              6.7082675,
              53.2492661
            ],
            [
              6.7080388,
              53.2493955
            ],
            [
              6.7078102,
              53.2495249
            ],
            [
              6.7071661,
              53.2498907
            ],
            [
              6.7065221,
              53.2502564
            ],
            [
              6.7063142,
              53.2503744
            ],
            [
              6.7061063,
              53.2504924
            ],
            [
              6.7059974,
              53.2505504
            ],
            [
              6.7058271,
              53.2506457
            ],
            [
              6.7053321,
              53.2509229
            ],
            [
              6.7050072,
              53.2511047
            ],
            [
              6.7044354,
              53.2514244
            ],
            [
              6.7038636,
              53.251744
            ],
            [
              6.7037566,
              53.2518038
            ],
            [
              6.7036658,
              53.2518593
            ],
            [
              6.7035749,
              53.2519148
            ],
            [
              6.7035624,
              53.2519228
            ],
            [
              6.7035601,
              53.2519242
            ],
            [
              6.7035568,
              53.251927
            ],
            [
              6.7035521,
              53.2519299
            ],
            [
              6.7035468,
              53.251935
            ],
            [
              6.7035432,
              53.2519374
            ],
            [
              6.7035408,
              53.2519395
            ],
            [
              6.7035375,
              53.2519421
            ],
            [
              6.7035349,
              53.2519452
            ],
            [
              6.7035316,
              53.2519485
            ],
            [
              6.7035297,
              53.2519503
            ],
            [
              6.7035278,
              53.251952
            ],
            [
              6.7035247,
              53.2519554
            ],
            [
              6.7035234,
              53.2519571
            ],
            [
              6.703522,
              53.2519588
            ],
            [
              6.7035207,
              53.2519603
            ],
            [
              6.7035194,
              53.2519619
            ],
            [
              6.7035165,
              53.2519661
            ],
            [
              6.7035142,
              53.2519687
            ],
            [
              6.7035106,
              53.2519739
            ],
            [
              6.7035092,
              53.2519758
            ],
            [
              6.7035084,
              53.2519771
            ],
            [
              6.7035076,
              53.2519784
            ],
            [
              6.7035066,
              53.2519805
            ],
            [
              6.7035056,
              53.2519826
            ],
            [
              6.7035044,
              53.2519849
            ],
            [
              6.7035031,
              53.2519871
            ],
            [
              6.7035014,
              53.2519899
            ],
            [
              6.7034876,
              53.2520084
            ],
            [
              6.7034837,
              53.2520151
            ],
            [
              6.7034798,
              53.2520217
            ],
            [
              6.703475,
              53.2520296
            ],
            [
              6.7034701,
              53.2520376
            ],
            [
              6.703466,
              53.2520449
            ],
            [
              6.7034619,
              53.2520523
            ],
            [
              6.7034581,
              53.2520593
            ],
            [
              6.7034544,
              53.2520662
            ],
            [
              6.7034514,
              53.2520731
            ],
            [
              6.7034483,
              53.2520799
            ],
            [
              6.7034449,
              53.25209
            ],
            [
              6.7034415,
              53.2521
            ],
            [
              6.7034358,
              53.2521137
            ],
            [
              6.7034322,
              53.2521266
            ],
            [
              6.7034296,
              53.2521398
            ],
            [
              6.7034279,
              53.2521459
            ],
            [
              6.7034263,
              53.252152
            ],
            [
              6.7034246,
              53.2521675
            ],
            [
              6.7034235,
              53.2521759
            ],
            [
              6.7034223,
              53.2521843
            ],
            [
              6.7034213,
              53.2521962
            ],
            [
              6.7034211,
              53.2522125
            ],
            [
              6.7034214,
              53.2522283
            ],
            [
              6.7034218,
              53.2522359
            ],
            [
              6.7034223,
              53.2522434
            ],
            [
              6.7034241,
              53.2522533
            ],
            [
              6.7034259,
              53.2522631
            ],
            [
              6.7034271,
              53.2522716
            ],
            [
              6.7034283,
              53.2522801
            ],
            [
              6.703433,
              53.252298
            ],
            [
              6.7034353,
              53.2523078
            ],
            [
              6.7034376,
              53.2523176
            ],
            [
              6.7034439,
              53.2523319
            ],
            [
              6.7034497,
              53.252347
            ],
            [
              6.7034534,
              53.2523553
            ],
            [
              6.7034572,
              53.2523635
            ],
            [
              6.7037375,
              53.2530092
            ],
            [
              6.7038766,
              53.2533295
            ],
            [
              6.7038893,
              53.2533588
            ],
            [
              6.703902,
              53.253388
            ],
            [
              6.7039052,
              53.2533935
            ],
            [
              6.7039083,
              53.2533989
            ],
            [
              6.7039109,
              53.2534044
            ],
            [
              6.7039135,
              53.25341
            ],
            [
              6.7039156,
              53.2534156
            ],
            [
              6.7039176,
              53.2534213
            ],
            [
              6.703919,
              53.253427
            ],
            [
              6.7039204,
              53.2534327
            ],
            [
              6.7039213,
              53.2534384
            ],
            [
              6.7039221,
              53.2534442
            ],
            [
              6.7039224,
              53.2534499
            ],
            [
              6.7039226,
              53.2534557
            ],
            [
              6.7039223,
              53.2534615
            ],
            [
              6.7039219,
              53.2534672
            ],
            [
              6.703921,
              53.253473
            ],
            [
              6.70392,
              53.2534787
            ],
            [
              6.7039185,
              53.2534844
            ],
            [
              6.703917,
              53.2534901
            ],
            [
              6.7039148,
              53.2534957
            ],
            [
              6.7039127,
              53.2535013
            ],
            [
              6.70391,
              53.2535069
            ],
            [
              6.7039073,
              53.2535124
            ],
            [
              6.703904,
              53.2535178
            ],
            [
              6.7039008,
              53.2535233
            ],
            [
              6.703897,
              53.2535286
            ],
            [
              6.7038931,
              53.2535338
            ],
            [
              6.7038888,
              53.253539
            ],
            [
              6.7038844,
              53.2535441
            ],
            [
              6.7038795,
              53.2535491
            ],
            [
              6.7038746,
              53.2535541
            ],
            [
              6.7038693,
              53.2535588
            ],
            [
              6.7038639,
              53.2535636
            ],
            [
              6.703858,
              53.2535682
            ],
            [
              6.7038521,
              53.2535727
            ],
            [
              6.7038458,
              53.2535771
            ],
            [
              6.7038394,
              53.2535814
            ],
            [
              6.7038327,
              53.2535855
            ],
            [
              6.7038259,
              53.2535896
            ],
            [
              6.7038187,
              53.2535934
            ],
            [
              6.7038115,
              53.2535973
            ],
            [
              6.7037964,
              53.2536044
            ],
            [
              6.7037805,
              53.2536109
            ],
            [
              6.7037641,
              53.2536169
            ],
            [
              6.7027174,
              53.2541296
            ],
            [
              6.7016706,
              53.2546423
            ],
            [
              6.7017037,
              53.2546593
            ],
            [
              6.7014188,
              53.2547968
            ],
            [
              6.7011339,
              53.2549344
            ],
            [
              6.7011115,
              53.2549182
            ],
            [
              6.7006179,
              53.2551557
            ],
            [
              6.7001242,
              53.2553932
            ],
            [
              6.6999366,
              53.2554784
            ],
            [
              6.6997489,
              53.2555636
            ],
            [
              6.6996692,
              53.2555824
            ],
            [
              6.6995299,
              53.255603
            ],
            [
              6.6995095,
              53.2556095
            ],
            [
              6.69892,
              53.2558772
            ],
            [
              6.6983304,
              53.256145
            ],
            [
              6.6991643,
              53.2564446
            ],
            [
              6.6998844,
              53.2566998
            ],
            [
              6.7007567,
              53.2570202
            ],
            [
              6.701519,
              53.2572946
            ],
            [
              6.7024306,
              53.2576188
            ],
            [
              6.7028676,
              53.2577749
            ],
            [
              6.7030644,
              53.2578452
            ],
            [
              6.7039701,
              53.2581674
            ],
            [
              6.7050372,
              53.2585496
            ],
            [
              6.7061979,
              53.2589641
            ],
            [
              6.7071694,
              53.2593088
            ],
            [
              6.7075156,
              53.2594304
            ],
            [
              6.7075167,
              53.2594308
            ],
            [
              6.7076208,
              53.259475
            ],
            [
              6.7095847,
              53.2601749
            ],
            [
              6.7114755,
              53.2608449
            ],
            [
              6.7142463,
              53.2618333
            ],
            [
              6.715221,
              53.2621911
            ],
            [
              6.7153829,
              53.2622505
            ],
            [
              6.7154978,
              53.2622927
            ],
            [
              6.7163264,
              53.2626113
            ],
            [
              6.7176577,
              53.2631677
            ],
            [
              6.7188177,
              53.2636525
            ],
            [
              6.7210682,
              53.264588
            ],
            [
              6.7254769,
              53.2664202
            ],
            [
              6.7258481,
              53.2665644
            ],
            [
              6.7258525,
              53.2665663
            ],
            [
              6.7268505,
              53.2669811
            ],
            [
              6.7275428,
              53.2672678
            ],
            [
              6.7284216,
              53.2676345
            ],
            [
              6.7286602,
              53.2677342
            ],
            [
              6.7294738,
              53.2680741
            ],
            [
              6.7297501,
              53.2681895
            ],
            [
              6.7306807,
              53.2685665
            ],
            [
              6.7311359,
              53.2687539
            ],
            [
              6.7317279,
              53.2689975
            ],
            [
              6.7319793,
              53.2690922
            ],
            [
              6.7321353,
              53.2691506
            ],
            [
              6.7322918,
              53.2692086
            ],
            [
              6.7325222,
              53.2692905
            ],
            [
              6.7338322,
              53.2697418
            ],
            [
              6.7338799,
              53.2697514
            ],
            [
              6.7343238,
              53.2698872
            ],
            [
              6.7343555,
              53.2699063
            ],
            [
              6.7358936,
              53.270372
            ],
            [
              6.7362407,
              53.2704764
            ],
            [
              6.7371024,
              53.2707356
            ],
            [
              6.7375646,
              53.2708759
            ],
            [
              6.7377351,
              53.2709265
            ],
            [
              6.7396333,
              53.2714897
            ],
            [
              6.7404573,
              53.2717369
            ],
            [
              6.7407336,
              53.2718189
            ],
            [
              6.7414109,
              53.2720209
            ],
            [
              6.7428403,
              53.2724555
            ],
            [
              6.7430817,
              53.2725314
            ],
            [
              6.7433693,
              53.2726224
            ],
            [
              6.7439445,
              53.272813
            ],
            [
              6.7441469,
              53.2728867
            ],
            [
              6.7443169,
              53.2729535
            ],
            [
              6.7446194,
              53.273062
            ],
            [
              6.744675,
              53.2730828
            ],
            [
              6.745023,
              53.2732002
            ],
            [
              6.7456898,
              53.2734407
            ],
            [
              6.7457092,
              53.2734496
            ],
            [
              6.746971,
              53.2739091
            ],
            [
              6.7499774,
              53.2749884
            ],
            [
              6.750779,
              53.2752723
            ],
            [
              6.7510205,
              53.2753579
            ],
            [
              6.7511366,
              53.2753996
            ],
            [
              6.7513897,
              53.2754907
            ],
            [
              6.7566371,
              53.2773774
            ],
            [
              6.756658,
              53.2773849
            ],
            [
              6.7568821,
              53.2774344
            ],
            [
              6.7569078,
              53.2774086
            ],
            [
              6.7570249,
              53.2774507
            ],
            [
              6.7569984,
              53.277477
            ],
            [
              6.7571667,
              53.2775655
            ],
            [
              6.7585441,
              53.2780648
            ],
            [
              6.7608286,
              53.2788867
            ],
            [
              6.7614496,
              53.2791081
            ],
            [
              6.7628978,
              53.2796274
            ],
            [
              6.7639875,
              53.2800185
            ],
            [
              6.7650689,
              53.2804085
            ],
            [
              6.7662425,
              53.2808317
            ],
            [
              6.7663266,
              53.280862
            ],
            [
              6.7665564,
              53.2809453
            ],
            [
              6.7670814,
              53.2811358
            ],
            [
              6.7680617,
              53.2814891
            ],
            [
              6.7697314,
              53.2820883
            ],
            [
              6.769922,
              53.2821538
            ],
            [
              6.7717314,
              53.2828026
            ],
            [
              6.7725268,
              53.2830866
            ],
            [
              6.7726007,
              53.283113
            ],
            [
              6.7726299,
              53.2831235
            ],
            [
              6.7743734,
              53.2837488
            ],
            [
              6.775021,
              53.2839812
            ],
            [
              6.7765427,
              53.2845271
            ],
            [
              6.7767768,
              53.284611
            ],
            [
              6.7783762,
              53.2851839
            ],
            [
              6.7804749,
              53.2859346
            ],
            [
              6.7813793,
              53.2862607
            ],
            [
              6.7817264,
              53.2863848
            ],
            [
              6.7819643,
              53.2864697
            ],
            [
              6.7842271,
              53.2872779
            ],
            [
              6.7844536,
              53.2873593
            ],
            [
              6.7863885,
              53.2880564
            ],
            [
              6.7871707,
              53.2883238
            ],
            [
              6.7871981,
              53.2883331
            ],
            [
              6.7883777,
              53.2887363
            ],
            [
              6.7897374,
              53.2892007
            ],
            [
              6.7905304,
              53.2894709
            ],
            [
              6.791994,
              53.2899671
            ],
            [
              6.7924763,
              53.2901306
            ],
            [
              6.7945242,
              53.2908276
            ],
            [
              6.7950573,
              53.2910092
            ],
            [
              6.7964538,
              53.2914851
            ],
            [
              6.7968941,
              53.2916349
            ],
            [
              6.7987454,
              53.2922646
            ],
            [
              6.7999544,
              53.2926771
            ],
            [
              6.8005444,
              53.2928783
            ],
            [
              6.8042078,
              53.2941292
            ],
            [
              6.8043895,
              53.294191
            ],
            [
              6.8082091,
              53.2954896
            ],
            [
              6.8094878,
              53.2959239
            ],
            [
              6.8106086,
              53.2963053
            ],
            [
              6.8118098,
              53.2967152
            ],
            [
              6.812063,
              53.2968053
            ],
            [
              6.8125018,
              53.2969616
            ],
            [
              6.812673,
              53.2970201
            ],
            [
              6.8143445,
              53.2975917
            ],
            [
              6.8147638,
              53.2971168
            ],
            [
              6.8147741,
              53.2971067
            ],
            [
              6.8148887,
              53.2969938
            ],
            [
              6.8149846,
              53.2968994
            ],
            [
              6.815112,
              53.2967712
            ],
            [
              6.8155128,
              53.2963695
            ],
            [
              6.8160504,
              53.2958075
            ],
            [
              6.8166493,
              53.2951821
            ],
            [
              6.8169758,
              53.2952674
            ],
            [
              6.8171316,
              53.2953995
            ],
            [
              6.8176329,
              53.2955572
            ],
            [
              6.8180936,
              53.295887
            ],
            [
              6.8181291,
              53.2959124
            ],
            [
              6.8181403,
              53.2959204
            ],
            [
              6.8182992,
              53.2960123
            ],
            [
              6.8187899,
              53.2960803
            ],
            [
              6.8193957,
              53.2962041
            ],
            [
              6.8199127,
              53.2963611
            ],
            [
              6.8202641,
              53.2964703
            ],
            [
              6.8202753,
              53.2964738
            ],
            [
              6.8205438,
              53.2965515
            ],
            [
              6.8206198,
              53.2965702
            ],
            [
              6.8206729,
              53.2965833
            ],
            [
              6.8209787,
              53.2966514
            ],
            [
              6.821438,
              53.296735
            ],
            [
              6.8217011,
              53.2967976
            ],
            [
              6.8221368,
              53.2969074
            ],
            [
              6.8222816,
              53.296944
            ],
            [
              6.8227991,
              53.2970756
            ],
            [
              6.8230323,
              53.297135
            ],
            [
              6.8238687,
              53.2973393
            ],
            [
              6.8246857,
              53.297538
            ],
            [
              6.8249088,
              53.2975855
            ],
            [
              6.8251221,
              53.2976165
            ],
            [
              6.8251616,
              53.2976223
            ],
            [
              6.8254605,
              53.2968677
            ],
            [
              6.825517,
              53.2967249
            ],
            [
              6.8256563,
              53.2963739
            ],
            [
              6.8259896,
              53.2955283
            ],
            [
              6.8260657,
              53.2953672
            ],
            [
              6.8261676,
              53.2951785
            ],
            [
              6.8261954,
              53.2951269
            ],
            [
              6.8262501,
              53.2950094
            ],
            [
              6.8264522,
              53.2945812
            ],
            [
              6.8268432,
              53.2937342
            ],
            [
              6.826952,
              53.2934852
            ],
            [
              6.8269967,
              53.293383
            ],
            [
              6.8272486,
              53.2928073
            ],
            [
              6.8273492,
              53.292576
            ],
            [
              6.827414,
              53.2924273
            ],
            [
              6.8274491,
              53.2923506
            ],
            [
              6.8276234,
              53.2919704
            ],
            [
              6.8277636,
              53.2917031
            ],
            [
              6.8278831,
              53.2915061
            ],
            [
              6.8279189,
              53.2914425
            ],
            [
              6.8280022,
              53.2912721
            ],
            [
              6.8280421,
              53.2911709
            ],
            [
              6.8280724,
              53.2910918
            ],
            [
              6.8280921,
              53.2910903
            ],
            [
              6.8281032,
              53.2910894
            ],
            [
              6.8281266,
              53.2910876
            ],
            [
              6.8282571,
              53.2910773
            ],
            [
              6.8282973,
              53.2910741
            ],
            [
              6.8286936,
              53.2910429
            ],
            [
              6.8290388,
              53.2910154
            ],
            [
              6.8290522,
              53.2910143
            ],
            [
              6.8290772,
              53.2910124
            ],
            [
              6.8292436,
              53.2910026
            ],
            [
              6.8299055,
              53.2909621
            ],
            [
              6.830413,
              53.290931
            ],
            [
              6.8315777,
              53.2908713
            ],
            [
              6.8322782,
              53.2908332
            ],
            [
              6.8326683,
              53.2908146
            ],
            [
              6.8332927,
              53.290774
            ],
            [
              6.8340713,
              53.2907215
            ],
            [
              6.8349478,
              53.2906651
            ],
            [
              6.8359253,
              53.2906043
            ],
            [
              6.8368125,
              53.2905429
            ],
            [
              6.8376531,
              53.2904875
            ],
            [
              6.8379208,
              53.2904687
            ],
            [
              6.8382784,
              53.2903482
            ],
            [
              6.8418414,
              53.2902404
            ],
            [
              6.8456168,
              53.290126
            ],
            [
              6.8458056,
              53.290126
            ],
            [
              6.8462845,
              53.2907264
            ],
            [
              6.8471556,
              53.2918259
            ],
            [
              6.8474092,
              53.2921096
            ],
            [
              6.8476339,
              53.2923611
            ],
            [
              6.8485315,
              53.2932098
            ],
            [
              6.8488621,
              53.2936925
            ],
            [
              6.8491613,
              53.2940864
            ],
            [
              6.8494218,
              53.294389
            ],
            [
              6.8498577,
              53.2947897
            ],
            [
              6.8499737,
              53.2949364
            ],
            [
              6.8504043,
              53.2957213
            ],
            [
              6.8508985,
              53.2965605
            ],
            [
              6.8509508,
              53.2966494
            ],
            [
              6.8511578,
              53.2970382
            ],
            [
              6.8513689,
              53.2968661
            ],
            [
              6.8514041,
              53.2968435
            ],
            [
              6.8514376,
              53.2968221
            ],
            [
              6.8514933,
              53.2967865
            ],
            [
              6.8514957,
              53.2967855
            ],
            [
              6.8515684,
              53.2967541
            ],
            [
              6.8516969,
              53.2967131
            ],
            [
              6.851791,
              53.2966941
            ],
            [
              6.851902,
              53.2966819
            ],
            [
              6.8519161,
              53.2966814
            ],
            [
              6.8519866,
              53.2966785
            ],
            [
              6.8526487,
              53.2966855
            ],
            [
              6.8539127,
              53.296687
            ],
            [
              6.8541819,
              53.2966911
            ],
            [
              6.8552879,
              53.2967105
            ],
            [
              6.856072,
              53.2967745
            ],
            [
              6.8562433,
              53.2967885
            ],
            [
              6.8568223,
              53.2967233
            ],
            [
              6.857059,
              53.2966958
            ],
            [
              6.8574279,
              53.296653
            ],
            [
              6.8582145,
              53.296561
            ],
            [
              6.8590383,
              53.296461
            ],
            [
              6.8593978,
              53.2964174
            ],
            [
              6.8602544,
              53.2963257
            ],
            [
              6.8603248,
              53.294998
            ],
            [
              6.8604013,
              53.2949809
            ],
            [
              6.8607232,
              53.294987
            ],
            [
              6.8622941,
              53.2951713
            ],
            [
              6.862341,
              53.2951768
            ],
            [
              6.8634316,
              53.2953047
            ],
            [
              6.8669044,
              53.2957254
            ],
            [
              6.8678978,
              53.2958507
            ],
            [
              6.86795,
              53.2958573
            ],
            [
              6.8679654,
              53.2958592
            ],
            [
              6.8705542,
              53.2961717
            ],
            [
              6.8716642,
              53.2963057
            ],
            [
              6.8720472,
              53.2963519
            ],
            [
              6.8732223,
              53.2964938
            ],
            [
              6.8732661,
              53.2963723
            ],
            [
              6.8733138,
              53.2962853
            ],
            [
              6.873615,
              53.2957356
            ],
            [
              6.8736609,
              53.2956915
            ],
            [
              6.8737165,
              53.2956529
            ],
            [
              6.8737578,
              53.2956273
            ],
            [
              6.8737856,
              53.2956169
            ],
            [
              6.8738817,
              53.2956202
            ],
            [
              6.8738843,
              53.2956203
            ],
            [
              6.8739447,
              53.2956224
            ],
            [
              6.8740174,
              53.295635
            ],
            [
              6.8740519,
              53.2956377
            ],
            [
              6.8741675,
              53.295636
            ],
            [
              6.8742297,
              53.2956338
            ],
            [
              6.8743588,
              53.2956181
            ],
            [
              6.8744324,
              53.2956114
            ],
            [
              6.8744886,
              53.2956092
            ],
            [
              6.8745404,
              53.2956101
            ],
            [
              6.8745667,
              53.2956115
            ],
            [
              6.8745974,
              53.2956164
            ],
            [
              6.8746687,
              53.2956385
            ],
            [
              6.8748733,
              53.2957209
            ],
            [
              6.8750059,
              53.2957925
            ],
            [
              6.8750771,
              53.2958388
            ],
            [
              6.8751076,
              53.2958598
            ],
            [
              6.875134,
              53.295878
            ],
            [
              6.8751677,
              53.2959001
            ],
            [
              6.8751917,
              53.2959122
            ],
            [
              6.8752375,
              53.2959298
            ],
            [
              6.8753162,
              53.2959523
            ],
            [
              6.8753867,
              53.2959694
            ],
            [
              6.8754369,
              53.2959829
            ],
            [
              6.8754826,
              53.2960041
            ],
            [
              6.8755381,
              53.2960343
            ],
            [
              6.8755696,
              53.2960509
            ],
            [
              6.8755922,
              53.2960638
            ],
            [
              6.8755973,
              53.2960667
            ],
            [
              6.8756082,
              53.2960709
            ],
            [
              6.875658,
              53.2960901
            ],
            [
              6.87591,
              53.2961388
            ],
            [
              6.8762099,
              53.2962494
            ],
            [
              6.8762481,
              53.2962635
            ],
            [
              6.8765045,
              53.2963662
            ],
            [
              6.877102,
              53.2965572
            ],
            [
              6.8772423,
              53.2965789
            ],
            [
              6.8773458,
              53.2965811
            ],
            [
              6.8773518,
              53.2965812
            ],
            [
              6.8774313,
              53.296583
            ],
            [
              6.8774278,
              53.2964908
            ],
            [
              6.8774873,
              53.29649
            ],
            [
              6.8775681,
              53.296489
            ],
            [
              6.8776341,
              53.296503
            ],
            [
              6.8777196,
              53.2965291
            ],
            [
              6.8777953,
              53.2965458
            ],
            [
              6.8779153,
              53.2965661
            ],
            [
              6.8780211,
              53.2965792
            ],
            [
              6.8782507,
              53.296591
            ],
            [
              6.8783129,
              53.2965978
            ],
            [
              6.8783752,
              53.2966077
            ],
            [
              6.8784591,
              53.2966437
            ],
            [
              6.8785341,
              53.2966712
            ],
            [
              6.8785963,
              53.2966892
            ],
            [
              6.8786586,
              53.2966978
            ],
            [
              6.8788027,
              53.2966893
            ],
            [
              6.8790976,
              53.2966476
            ],
            [
              6.8791569,
              53.2966395
            ],
            [
              6.8792537,
              53.2966333
            ],
            [
              6.8792935,
              53.2966355
            ],
            [
              6.8795133,
              53.2966451
            ],
            [
              6.8796089,
              53.2978497
            ],
            [
              6.8796472,
              53.2978402
            ],
            [
              6.8796743,
              53.2978335
            ],
            [
              6.8797276,
              53.2978272
            ],
            [
              6.8797853,
              53.2978277
            ],
            [
              6.8798596,
              53.297839
            ],
            [
              6.8799263,
              53.2978511
            ],
            [
              6.8799983,
              53.297866
            ],
            [
              6.8800576,
              53.2978804
            ],
            [
              6.8800831,
              53.2978881
            ],
            [
              6.8800958,
              53.2978913
            ],
            [
              6.8801146,
              53.2978895
            ],
            [
              6.8801431,
              53.2978827
            ],
            [
              6.8801972,
              53.2978603
            ],
            [
              6.880234,
              53.2978445
            ],
            [
              6.8804737,
              53.2976967
            ],
            [
              6.8805157,
              53.2976746
            ],
            [
              6.8805878,
              53.297654
            ],
            [
              6.8806516,
              53.2976522
            ],
            [
              6.8807139,
              53.2976536
            ],
            [
              6.8811077,
              53.2976947
            ],
            [
              6.8814047,
              53.2977258
            ],
            [
              6.8815848,
              53.2977524
            ],
            [
              6.8821428,
              53.2978588
            ],
            [
              6.8821983,
              53.2978665
            ],
            [
              6.8822583,
              53.2978697
            ],
            [
              6.8823131,
              53.2978692
            ],
            [
              6.8823416,
              53.2978656
            ],
            [
              6.8823798,
              53.2978565
            ],
            [
              6.8824054,
              53.2978504
            ],
            [
              6.8824647,
              53.2978329
            ],
            [
              6.8825781,
              53.2977933
            ],
            [
              6.8826577,
              53.2977691
            ],
            [
              6.8827305,
              53.2977525
            ],
            [
              6.8828131,
              53.297743
            ],
            [
              6.8828671,
              53.297739
            ],
            [
              6.8829332,
              53.2977318
            ],
            [
              6.8829939,
              53.2977215
            ],
            [
              6.8830886,
              53.2976923
            ],
            [
              6.8832537,
              53.2976393
            ],
            [
              6.8833746,
              53.2975993
            ],
            [
              6.8834114,
              53.2975814
            ],
            [
              6.8834437,
              53.297562
            ],
            [
              6.8835331,
              53.2975054
            ],
            [
              6.8835654,
              53.2974883
            ],
            [
              6.8836188,
              53.2974713
            ],
            [
              6.8836683,
              53.2974636
            ],
            [
              6.8837066,
              53.2974659
            ],
            [
              6.8837373,
              53.297474
            ],
            [
              6.883837,
              53.2975042
            ],
            [
              6.8839164,
              53.2975627
            ],
            [
              6.8839532,
              53.2975861
            ],
            [
              6.8839966,
              53.2976072
            ],
            [
              6.8840379,
              53.2976221
            ],
            [
              6.8840874,
              53.297628
            ],
            [
              6.8841594,
              53.2976289
            ],
            [
              6.8842434,
              53.2976244
            ],
            [
              6.8843455,
              53.2976132
            ],
            [
              6.8845061,
              53.2975867
            ],
            [
              6.8846037,
              53.2975728
            ],
            [
              6.88466,
              53.2975711
            ],
            [
              6.8847073,
              53.297572
            ],
            [
              6.8847643,
              53.2975819
            ],
            [
              6.8848175,
              53.2975932
            ],
            [
              6.884876,
              53.2976121
            ],
            [
              6.884936,
              53.2976431
            ],
            [
              6.8849952,
              53.2976769
            ],
            [
              6.8850783,
              53.2977291
            ],
            [
              6.885187,
              53.2977939
            ],
            [
              6.885256,
              53.2978317
            ],
            [
              6.8853534,
              53.2978686
            ],
            [
              6.8853999,
              53.2978871
            ],
            [
              6.8854639,
              53.2979077
            ],
            [
              6.8854951,
              53.2979177
            ],
            [
              6.8855032,
              53.2979201
            ],
            [
              6.8856016,
              53.2979483
            ],
            [
              6.8861131,
              53.2980866
            ],
            [
              6.8861123,
              53.2981118
            ],
            [
              6.8862742,
              53.2981501
            ],
            [
              6.8864752,
              53.298219
            ],
            [
              6.8866311,
              53.2982748
            ],
            [
              6.8867069,
              53.2982933
            ],
            [
              6.8867519,
              53.2983019
            ],
            [
              6.8868794,
              53.2983352
            ],
            [
              6.8869259,
              53.298346
            ],
            [
              6.8869642,
              53.2983523
            ],
            [
              6.8870062,
              53.2983514
            ],
            [
              6.8871161,
              53.298337
            ],
            [
              6.8871698,
              53.2983299
            ],
            [
              6.8872217,
              53.2982562
            ],
            [
              6.8873164,
              53.2980281
            ],
            [
              6.8873206,
              53.298018
            ],
            [
              6.8873346,
              53.2979844
            ],
            [
              6.887377,
              53.297882
            ],
            [
              6.8873822,
              53.297868
            ],
            [
              6.8873779,
              53.2977657
            ],
            [
              6.8881498,
              53.2961009
            ],
            [
              6.8883058,
              53.2957645
            ],
            [
              6.8886936,
              53.2949223
            ],
            [
              6.8890903,
              53.2940567
            ],
            [
              6.8897265,
              53.292738
            ],
            [
              6.8898379,
              53.2925071
            ],
            [
              6.8902865,
              53.2915808
            ],
            [
              6.8903547,
              53.2914399
            ],
            [
              6.8904625,
              53.2911871
            ],
            [
              6.8904984,
              53.2910942
            ],
            [
              6.8907675,
              53.2905339
            ],
            [
              6.8907181,
              53.2905123
            ],
            [
              6.890709,
              53.2905068
            ],
            [
              6.8904897,
              53.2904054
            ],
            [
              6.8892392,
              53.2898199
            ],
            [
              6.8911615,
              53.2870765
            ],
            [
              6.8912707,
              53.2869206
            ],
            [
              6.8915889,
              53.2870712
            ],
            [
              6.8931121,
              53.287792
            ],
            [
              6.8941094,
              53.2870396
            ],
            [
              6.8951706,
              53.2862389
            ],
            [
              6.8953385,
              53.2861123
            ],
            [
              6.8953524,
              53.2861017
            ],
            [
              6.8955965,
              53.2859176
            ],
            [
              6.8955598,
              53.2858999
            ],
            [
              6.8946485,
              53.2854717
            ],
            [
              6.8932658,
              53.2847957
            ],
            [
              6.8929564,
              53.2846418
            ],
            [
              6.8929119,
              53.2846336
            ],
            [
              6.8924358,
              53.2844104
            ],
            [
              6.8917711,
              53.2840826
            ],
            [
              6.8909873,
              53.2837089
            ],
            [
              6.8903985,
              53.2834287
            ],
            [
              6.8900358,
              53.2832543
            ],
            [
              6.8897751,
              53.2831074
            ],
            [
              6.8896283,
              53.2830063
            ],
            [
              6.8895167,
              53.282923
            ],
            [
              6.8894572,
              53.2828739
            ],
            [
              6.8892919,
              53.2827643
            ],
            [
              6.8892361,
              53.2827387
            ],
            [
              6.8890277,
              53.2826098
            ],
            [
              6.8888121,
              53.2824766
            ],
            [
              6.8886404,
              53.2823824
            ],
            [
              6.8884825,
              53.2823081
            ],
            [
              6.8882917,
              53.282224
            ],
            [
              6.8880524,
              53.2820958
            ],
            [
              6.8877918,
              53.2819323
            ],
            [
              6.887472,
              53.2816919
            ],
            [
              6.8871947,
              53.28146
            ],
            [
              6.8870739,
              53.2813445
            ],
            [
              6.8870382,
              53.2813084
            ],
            [
              6.8870572,
              53.2808389
            ],
            [
              6.8870248,
              53.2807034
            ],
            [
              6.8869422,
              53.2805486
            ],
            [
              6.8867115,
              53.2803054
            ],
            [
              6.8868146,
              53.2802686
            ],
            [
              6.8865237,
              53.2799758
            ],
            [
              6.886477,
              53.2799518
            ],
            [
              6.886414,
              53.2799194
            ],
            [
              6.8864759,
              53.2799196
            ],
            [
              6.8873285,
              53.2799213
            ],
            [
              6.8873311,
              53.2794692
            ],
            [
              6.8873329,
              53.2791789
            ],
            [
              6.8881757,
              53.2792156
            ],
            [
              6.8887694,
              53.279243
            ],
            [
              6.8889411,
              53.2792528
            ],
            [
              6.8892513,
              53.2792712
            ],
            [
              6.8893714,
              53.2792794
            ],
            [
              6.889522,
              53.2792889
            ],
            [
              6.8901167,
              53.2793168
            ],
            [
              6.8902717,
              53.2793314
            ],
            [
              6.8912487,
              53.279379
            ],
            [
              6.8914094,
              53.2793919
            ],
            [
              6.8918615,
              53.2794057
            ],
            [
              6.8923809,
              53.27943
            ],
            [
              6.892574,
              53.2794361
            ],
            [
              6.8930076,
              53.2794555
            ],
            [
              6.8933977,
              53.279465
            ],
            [
              6.8939355,
              53.2794684
            ],
            [
              6.8941021,
              53.279467
            ],
            [
              6.8953025,
              53.2794521
            ],
            [
              6.8953861,
              53.2794302
            ],
            [
              6.8966528,
              53.2794111
            ],
            [
              6.8967736,
              53.2794339
            ],
            [
              6.8972656,
              53.2794341
            ],
            [
              6.8974171,
              53.2794338
            ],
            [
              6.8977755,
              53.2794416
            ],
            [
              6.8983667,
              53.279454
            ],
            [
              6.8990899,
              53.2794664
            ],
            [
              6.8997401,
              53.2794611
            ],
            [
              6.9003466,
              53.2794535
            ],
            [
              6.9014532,
              53.2794379
            ],
            [
              6.9014604,
              53.2794378
            ],
            [
              6.9021662,
              53.2794283
            ],
            [
              6.9037094,
              53.2794101
            ],
            [
              6.9038163,
              53.2794104
            ],
            [
              6.9056895,
              53.2793837
            ],
            [
              6.9058363,
              53.2793824
            ],
            [
              6.9069257,
              53.2793661
            ],
            [
              6.9079079,
              53.2793527
            ],
            [
              6.9079043,
              53.2793027
            ],
            [
              6.9078985,
              53.279221
            ],
            [
              6.9078924,
              53.2791382
            ],
            [
              6.907892,
              53.2791324
            ],
            [
              6.9078894,
              53.2790968
            ],
            [
              6.9079655,
              53.2790931
            ],
            [
              6.9082617,
              53.2790511
            ],
            [
              6.9082138,
              53.2787018
            ],
            [
              6.9082583,
              53.2787008
            ],
            [
              6.9087725,
              53.2788871
            ],
            [
              6.9090825,
              53.2790001
            ],
            [
              6.9091029,
              53.278977
            ],
            [
              6.9089503,
              53.2778657
            ],
            [
              6.9088928,
              53.2774463
            ],
            [
              6.9088329,
              53.2770111
            ],
            [
              6.9087046,
              53.2760819
            ],
            [
              6.9086039,
              53.2753378
            ],
            [
              6.9085686,
              53.2750779
            ],
            [
              6.9084168,
              53.2739694
            ],
            [
              6.9083329,
              53.2734378
            ],
            [
              6.9083263,
              53.2733802
            ],
            [
              6.9082937,
              53.273096
            ],
            [
              6.9082868,
              53.273046
            ],
            [
              6.9085551,
              53.2730385
            ],
            [
              6.9085482,
              53.2729884
            ],
            [
              6.9083551,
              53.2715758
            ],
            [
              6.9082228,
              53.2706073
            ],
            [
              6.9081977,
              53.270424
            ],
            [
              6.9081425,
              53.2700198
            ],
            [
              6.9079878,
              53.2688911
            ],
            [
              6.907946,
              53.2685863
            ],
            [
              6.9079395,
              53.2685703
            ],
            [
              6.9102023,
              53.2684455
            ],
            [
              6.9101612,
              53.2682132
            ],
            [
              6.9099944,
              53.2672714
            ],
            [
              6.909482,
              53.2643788
            ],
            [
              6.9093492,
              53.2636295
            ],
            [
              6.9093367,
              53.2635589
            ],
            [
              6.9121499,
              53.2634852
            ],
            [
              6.912145,
              53.2634161
            ],
            [
              6.9118925,
              53.2598548
            ],
            [
              6.9118753,
              53.2596119
            ],
            [
              6.9118458,
              53.2592227
            ],
            [
              6.9116733,
              53.2567347
            ],
            [
              6.9116274,
              53.2560588
            ],
            [
              6.9115792,
              53.2553653
            ],
            [
              6.9114987,
              53.2542086
            ],
            [
              6.9113473,
              53.2520388
            ],
            [
              6.9113437,
              53.2519863
            ],
            [
              6.9110387,
              53.251994
            ],
            [
              6.9110281,
              53.2519431
            ],
            [
              6.9108059,
              53.2508817
            ],
            [
              6.9101884,
              53.2479305
            ],
            [
              6.910089,
              53.2474583
            ],
            [
              6.9098664,
              53.2464002
            ],
            [
              6.9095002,
              53.2446597
            ],
            [
              6.9092559,
              53.2435183
            ],
            [
              6.9093857,
              53.2435028
            ],
            [
              6.9101235,
              53.2433747
            ],
            [
              6.9103166,
              53.243336
            ],
            [
              6.9105933,
              53.2432925
            ],
            [
              6.9112029,
              53.2431901
            ],
            [
              6.911376,
              53.2431666
            ],
            [
              6.9113443,
              53.2430155
            ],
            [
              6.9111074,
              53.241891
            ],
            [
              6.9107339,
              53.2401181
            ],
            [
              6.9104814,
              53.2389192
            ],
            [
              6.9104771,
              53.2388987
            ],
            [
              6.9101966,
              53.2375672
            ],
            [
              6.9097765,
              53.2375936
            ],
            [
              6.9095982,
              53.2376129
            ],
            [
              6.9093669,
              53.2376379
            ],
            [
              6.9093689,
              53.2376454
            ],
            [
              6.9092523,
              53.2376484
            ],
            [
              6.9092507,
              53.2375325
            ],
            [
              6.9093032,
              53.2375303
            ],
            [
              6.9093001,
              53.2375024
            ],
            [
              6.9092909,
              53.2374206
            ],
            [
              6.9092442,
              53.2370056
            ],
            [
              6.9092049,
              53.2365601
            ],
            [
              6.9085913,
              53.2339539
            ],
            [
              6.9086465,
              53.2338271
            ],
            [
              6.9090566,
              53.2329301
            ],
            [
              6.9091548,
              53.2327153
            ],
            [
              6.9098004,
              53.2312924
            ],
            [
              6.9104527,
              53.2298579
            ],
            [
              6.9110415,
              53.2286288
            ],
            [
              6.9111456,
              53.2284101
            ],
            [
              6.911617,
              53.2274196
            ],
            [
              6.912242,
              53.2261144
            ],
            [
              6.9124077,
              53.2257687
            ],
            [
              6.9125566,
              53.225458
            ],
            [
              6.9126752,
              53.2252106
            ],
            [
              6.9127164,
              53.2251246
            ],
            [
              6.913127,
              53.2252146
            ],
            [
              6.9142129,
              53.2254807
            ],
            [
              6.9145406,
              53.2255636
            ],
            [
              6.9150039,
              53.2256807
            ],
            [
              6.9150625,
              53.2256963
            ],
            [
              6.9152511,
              53.2257464
            ],
            [
              6.9152961,
              53.2257588
            ],
            [
              6.9154837,
              53.2258125
            ],
            [
              6.9156834,
              53.2258716
            ],
            [
              6.9174626,
              53.2263968
            ],
            [
              6.9180544,
              53.2265745
            ],
            [
              6.9187985,
              53.2267922
            ],
            [
              6.919102,
              53.2268942
            ],
            [
              6.9192898,
              53.2269696
            ],
            [
              6.9196104,
              53.2271165
            ],
            [
              6.9196648,
              53.227145
            ],
            [
              6.9200415,
              53.2273425
            ],
            [
              6.920114,
              53.2272618
            ],
            [
              6.9209819,
              53.2263549
            ],
            [
              6.9221674,
              53.2251162
            ],
            [
              6.9234502,
              53.2237598
            ],
            [
              6.9240514,
              53.223124
            ],
            [
              6.9255324,
              53.2215576
            ],
            [
              6.9254709,
              53.2215367
            ],
            [
              6.9241284,
              53.2210782
            ],
            [
              6.9235683,
              53.2208869
            ],
            [
              6.9228157,
              53.2206299
            ],
            [
              6.9231945,
              53.2202266
            ],
            [
              6.9236465,
              53.2197491
            ],
            [
              6.9240037,
              53.2193718
            ],
            [
              6.9241116,
              53.2192578
            ],
            [
              6.9246241,
              53.2187164
            ],
            [
              6.9242772,
              53.2185931
            ],
            [
              6.9247055,
              53.217951
            ],
            [
              6.9268547,
              53.2147291
            ],
            [
              6.9269425,
              53.2145974
            ],
            [
              6.9269619,
              53.2145437
            ],
            [
              6.9269179,
              53.2144932
            ],
            [
              6.9270888,
              53.2143791
            ],
            [
              6.9290049,
              53.2130841
            ],
            [
              6.9290693,
              53.2130406
            ],
            [
              6.9291614,
              53.2129783
            ],
            [
              6.9292882,
              53.2128926
            ],
            [
              6.9293995,
              53.2128174
            ],
            [
              6.9290551,
              53.2126435
            ],
            [
              6.9290017,
              53.2126166
            ],
            [
              6.9277426,
              53.2119408
            ],
            [
              6.9250859,
              53.2102583
            ],
            [
              6.9250163,
              53.2102143
            ],
            [
              6.9205964,
              53.2074489
            ],
            [
              6.9207424,
              53.2073662
            ],
            [
              6.9214426,
              53.2069589
            ],
            [
              6.9234598,
              53.2057856
            ],
            [
              6.9246879,
              53.2050713
            ],
            [
              6.9237885,
              53.204531
            ],
            [
              6.9235707,
              53.2043768
            ],
            [
              6.9224098,
              53.2033947
            ],
            [
              6.9219644,
              53.2028838
            ],
            [
              6.9216744,
              53.2025468
            ],
            [
              6.9214577,
              53.2023171
            ],
            [
              6.9213748,
              53.2022175
            ],
            [
              6.921301,
              53.2021214
            ],
            [
              6.9212951,
              53.202106
            ],
            [
              6.9206272,
              53.2013284
            ],
            [
              6.9203289,
              53.2009811
            ],
            [
              6.9194187,
              53.1999235
            ],
            [
              6.9183976,
              53.1987334
            ],
            [
              6.9183676,
              53.1986894
            ],
            [
              6.9179862,
              53.1979211
            ],
            [
              6.9176483,
              53.1972132
            ],
            [
              6.9175252,
              53.1969593
            ],
            [
              6.9174821,
              53.196875
            ],
            [
              6.9171631,
              53.1962511
            ],
            [
              6.9168201,
              53.1955699
            ],
            [
              6.9168309,
              53.195546
            ],
            [
              6.916862,
              53.1955327
            ],
            [
              6.9175868,
              53.1954263
            ],
            [
              6.9193577,
              53.195159
            ],
            [
              6.9216631,
              53.1948056
            ],
            [
              6.9243897,
              53.1943979
            ],
            [
              6.9251235,
              53.1942861
            ],
            [
              6.9251233,
              53.1942857
            ],
            [
              6.9251014,
              53.1942298
            ],
            [
              6.9249808,
              53.1940572
            ],
            [
              6.9248679,
              53.1938928
            ],
            [
              6.9245846,
              53.1935064
            ],
            [
              6.9245659,
              53.1934771
            ],
            [
              6.9244307,
              53.1932664
            ],
            [
              6.924358,
              53.1931359
            ],
            [
              6.9242266,
              53.1928614
            ],
            [
              6.9242248,
              53.1928576
            ],
            [
              6.9241311,
              53.1926083
            ],
            [
              6.9240729,
              53.1924183
            ],
            [
              6.9240456,
              53.1922976
            ],
            [
              6.9239985,
              53.1920897
            ],
            [
              6.9239601,
              53.1919197
            ],
            [
              6.9239031,
              53.1917637
            ],
            [
              6.923851,
              53.1916599
            ],
            [
              6.9237885,
              53.1915615
            ],
            [
              6.9236197,
              53.1913917
            ],
            [
              6.9234448,
              53.1912411
            ],
            [
              6.9232234,
              53.1910752
            ],
            [
              6.9230973,
              53.1909671
            ],
            [
              6.9230231,
              53.1908746
            ],
            [
              6.9229265,
              53.1907173
            ],
            [
              6.9229029,
              53.1907044
            ],
            [
              6.9228716,
              53.1906922
            ],
            [
              6.9228059,
              53.1906868
            ],
            [
              6.9226844,
              53.1906791
            ],
            [
              6.9220236,
              53.1907909
            ],
            [
              6.9205482,
              53.1910482
            ],
            [
              6.9192402,
              53.1912759
            ],
            [
              6.9192139,
              53.1912404
            ],
            [
              6.9188455,
              53.1913478
            ],
            [
              6.9186896,
              53.1913924
            ],
            [
              6.9185128,
              53.19117
            ],
            [
              6.9185274,
              53.1911468
            ],
            [
              6.9185269,
              53.1911252
            ],
            [
              6.9184431,
              53.1907604
            ],
            [
              6.9183649,
              53.1903722
            ],
            [
              6.9182612,
              53.1898585
            ],
            [
              6.9181914,
              53.1895597
            ],
            [
              6.9181362,
              53.1894618
            ],
            [
              6.9180489,
              53.1893877
            ],
            [
              6.9179498,
              53.1893338
            ],
            [
              6.9178338,
              53.1892862
            ],
            [
              6.9173598,
              53.1891241
            ],
            [
              6.9166638,
              53.1888867
            ],
            [
              6.9164387,
              53.1888027
            ],
            [
              6.916256,
              53.1887046
            ],
            [
              6.9161453,
              53.1886354
            ],
            [
              6.9159969,
              53.1885171
            ],
            [
              6.9158912,
              53.1884056
            ],
            [
              6.9157958,
              53.1882786
            ],
            [
              6.9157085,
              53.1880876
            ],
            [
              6.91565,
              53.1879113
            ],
            [
              6.9156293,
              53.1878489
            ],
            [
              6.9157488,
              53.187846
            ],
            [
              6.9156978,
              53.1876941
            ],
            [
              6.9156262,
              53.1874597
            ],
            [
              6.9156236,
              53.1873319
            ],
            [
              6.915614,
              53.1871792
            ],
            [
              6.9156189,
              53.1870915
            ],
            [
              6.9156298,
              53.1870444
            ],
            [
              6.915649,
              53.1869826
            ],
            [
              6.9156958,
              53.1868848
            ],
            [
              6.9157478,
              53.1867773
            ],
            [
              6.9157709,
              53.1867098
            ],
            [
              6.9157758,
              53.1866814
            ],
            [
              6.9155113,
              53.1861767
            ],
            [
              6.915268,
              53.1857068
            ],
            [
              6.9152429,
              53.1856642
            ],
            [
              6.9152198,
              53.1856198
            ],
            [
              6.9145587,
              53.184355
            ],
            [
              6.9142055,
              53.1836861
            ],
            [
              6.9140755,
              53.1834379
            ],
            [
              6.9138924,
              53.1830885
            ],
            [
              6.9138603,
              53.1830271
            ],
            [
              6.9138601,
              53.1830268
            ],
            [
              6.9138203,
              53.1829531
            ],
            [
              6.9132486,
              53.1824255
            ],
            [
              6.9130101,
              53.1822086
            ],
            [
              6.9129035,
              53.1821117
            ],
            [
              6.912526,
              53.1817685
            ],
            [
              6.9120053,
              53.1812985
            ],
            [
              6.9119444,
              53.1812745
            ],
            [
              6.9115802,
              53.1812837
            ],
            [
              6.9115475,
              53.180295
            ],
            [
              6.9115156,
              53.1792252
            ],
            [
              6.9115073,
              53.178977
            ],
            [
              6.9114981,
              53.1787036
            ],
            [
              6.9119562,
              53.1786923
            ],
            [
              6.9121015,
              53.1783194
            ],
            [
              6.9122187,
              53.178032
            ],
            [
              6.912293,
              53.1779278
            ],
            [
              6.9126676,
              53.1774593
            ],
            [
              6.9128353,
              53.1772518
            ],
            [
              6.9130756,
              53.1769546
            ],
            [
              6.9130847,
              53.1769294
            ],
            [
              6.9130942,
              53.1768354
            ],
            [
              6.9130841,
              53.1767566
            ],
            [
              6.9130638,
              53.1766944
            ],
            [
              6.9129795,
              53.1765477
            ],
            [
              6.9127992,
              53.1762276
            ],
            [
              6.9126883,
              53.1760307
            ],
            [
              6.9124938,
              53.1756892
            ],
            [
              6.9124849,
              53.1756715
            ],
            [
              6.9124934,
              53.1756519
            ],
            [
              6.9125343,
              53.1756234
            ],
            [
              6.9118295,
              53.1750771
            ],
            [
              6.9115211,
              53.1749715
            ],
            [
              6.9105494,
              53.1747331
            ],
            [
              6.9104429,
              53.174721
            ],
            [
              6.910337,
              53.1747164
            ],
            [
              6.9095098,
              53.1747548
            ],
            [
              6.90942,
              53.1747481
            ],
            [
              6.9089302,
              53.1746345
            ],
            [
              6.9086877,
              53.1745193
            ],
            [
              6.9086083,
              53.1744816
            ],
            [
              6.908417,
              53.1744001
            ],
            [
              6.9082704,
              53.1743379
            ],
            [
              6.9082031,
              53.1742869
            ],
            [
              6.9081579,
              53.1742442
            ],
            [
              6.9081165,
              53.1741789
            ],
            [
              6.9079887,
              53.1738245
            ],
            [
              6.9077212,
              53.1730859
            ],
            [
              6.9076362,
              53.172878
            ],
            [
              6.9078329,
              53.172914
            ],
            [
              6.9078141,
              53.1728851
            ],
            [
              6.9079585,
              53.1728198
            ],
            [
              6.9081175,
              53.1725959
            ],
            [
              6.9081247,
              53.1725025
            ],
            [
              6.9081271,
              53.1724714
            ],
            [
              6.9081074,
              53.1724235
            ],
            [
              6.9081256,
              53.1723884
            ],
            [
              6.9082842,
              53.1722342
            ],
            [
              6.9084302,
              53.1720943
            ],
            [
              6.9084741,
              53.1720636
            ],
            [
              6.9085365,
              53.17204
            ],
            [
              6.9086008,
              53.1720339
            ],
            [
              6.9086913,
              53.1720399
            ],
            [
              6.9090457,
              53.1721062
            ],
            [
              6.9091767,
              53.1721256
            ],
            [
              6.9093694,
              53.1721453
            ],
            [
              6.9095535,
              53.1721552
            ],
            [
              6.9098152,
              53.1721594
            ],
            [
              6.9100357,
              53.1721521
            ],
            [
              6.9098864,
              53.1721007
            ],
            [
              6.9100685,
              53.1720928
            ],
            [
              6.9102931,
              53.1720762
            ],
            [
              6.9107143,
              53.1720253
            ],
            [
              6.9109525,
              53.1719966
            ],
            [
              6.9114654,
              53.171982
            ],
            [
              6.9115696,
              53.171976
            ],
            [
              6.9116627,
              53.1719815
            ],
            [
              6.9122084,
              53.1719663
            ],
            [
              6.9108813,
              53.1714364
            ],
            [
              6.9105897,
              53.1713044
            ],
            [
              6.9104426,
              53.1712302
            ],
            [
              6.9102196,
              53.1711164
            ],
            [
              6.9101407,
              53.1710787
            ],
            [
              6.910185,
              53.1711035
            ],
            [
              6.9097752,
              53.1709162
            ],
            [
              6.90918,
              53.1706363
            ],
            [
              6.9085385,
              53.1703484
            ],
            [
              6.908,
              53.1700695
            ],
            [
              6.9079317,
              53.1700353
            ],
            [
              6.907835,
              53.169987
            ],
            [
              6.9077173,
              53.1699173
            ],
            [
              6.9076327,
              53.1698679
            ],
            [
              6.907539,
              53.169801
            ],
            [
              6.9074755,
              53.1697544
            ],
            [
              6.9074048,
              53.1696993
            ],
            [
              6.9072942,
              53.1696062
            ],
            [
              6.906958,
              53.1693295
            ],
            [
              6.9066099,
              53.1690636
            ],
            [
              6.9064678,
              53.1689416
            ],
            [
              6.9058835,
              53.1684787
            ],
            [
              6.9055708,
              53.1682313
            ],
            [
              6.9054958,
              53.1681719
            ],
            [
              6.905098,
              53.1678567
            ],
            [
              6.9045053,
              53.1673737
            ],
            [
              6.9039825,
              53.166961
            ],
            [
              6.9039545,
              53.1669403
            ],
            [
              6.9037298,
              53.1667735
            ],
            [
              6.9034478,
              53.1665653
            ],
            [
              6.9033867,
              53.166524
            ],
            [
              6.9033002,
              53.1664626
            ],
            [
              6.903302,
              53.1664628
            ],
            [
              6.9033069,
              53.1664633
            ],
            [
              6.9037311,
              53.166506
            ],
            [
              6.9037379,
              53.1665067
            ],
            [
              6.9037419,
              53.1665071
            ],
            [
              6.9040982,
              53.166543
            ],
            [
              6.904105,
              53.1665437
            ],
            [
              6.9044603,
              53.1665789
            ],
            [
              6.904877,
              53.1666194
            ],
            [
              6.9053144,
              53.1666643
            ],
            [
              6.9064299,
              53.166777
            ],
            [
              6.9068502,
              53.1668181
            ],
            [
              6.9071552,
              53.1668382
            ],
            [
              6.9077136,
              53.1668938
            ],
            [
              6.9081172,
              53.1669344
            ],
            [
              6.9083168,
              53.166949
            ],
            [
              6.9089624,
              53.167015
            ],
            [
              6.9092244,
              53.1670428
            ],
            [
              6.9100878,
              53.1671285
            ],
            [
              6.9104678,
              53.1671668
            ],
            [
              6.9108304,
              53.167202
            ],
            [
              6.9119489,
              53.1673189
            ],
            [
              6.9123389,
              53.1673573
            ],
            [
              6.9124871,
              53.1673698
            ],
            [
              6.9125838,
              53.1673779
            ],
            [
              6.9131926,
              53.1674397
            ],
            [
              6.9135843,
              53.1674792
            ],
            [
              6.9149457,
              53.167614
            ],
            [
              6.915088,
              53.1676273
            ],
            [
              6.9159969,
              53.1677193
            ],
            [
              6.9163252,
              53.1677515
            ],
            [
              6.9171601,
              53.167837
            ],
            [
              6.9173103,
              53.167853
            ],
            [
              6.9174983,
              53.1678671
            ],
            [
              6.9177543,
              53.1678928
            ],
            [
              6.918162,
              53.1679349
            ],
            [
              6.9194968,
              53.1680676
            ],
            [
              6.9200047,
              53.1681151
            ],
            [
              6.9202321,
              53.1681376
            ],
            [
              6.9208987,
              53.1682046
            ],
            [
              6.9211443,
              53.168229
            ],
            [
              6.9219655,
              53.1683121
            ],
            [
              6.9221003,
              53.1683279
            ],
            [
              6.9223047,
              53.1683496
            ],
            [
              6.9225429,
              53.1683749
            ],
            [
              6.9233001,
              53.1684495
            ],
            [
              6.9235797,
              53.168476
            ],
            [
              6.9242441,
              53.1685427
            ],
            [
              6.9252309,
              53.1686424
            ],
            [
              6.9262236,
              53.1687425
            ],
            [
              6.9268705,
              53.1688094
            ],
            [
              6.9270636,
              53.1688292
            ],
            [
              6.9274958,
              53.1688703
            ],
            [
              6.9277471,
              53.1688943
            ],
            [
              6.9282885,
              53.1689478
            ],
            [
              6.9292756,
              53.1690507
            ],
            [
              6.929286,
              53.1689992
            ],
            [
              6.9293929,
              53.1683908
            ],
            [
              6.9297157,
              53.1661746
            ],
            [
              6.9297919,
              53.1657887
            ],
            [
              6.9298006,
              53.1656802
            ],
            [
              6.9298108,
              53.1655537
            ],
            [
              6.9298207,
              53.1654302
            ],
            [
              6.9298336,
              53.1653347
            ],
            [
              6.9299036,
              53.1653384
            ],
            [
              6.930054,
              53.1653497
            ],
            [
              6.9310935,
              53.1654565
            ],
            [
              6.9314623,
              53.165491
            ],
            [
              6.9318006,
              53.1655267
            ],
            [
              6.9324832,
              53.1655952
            ],
            [
              6.9337225,
              53.1657186
            ],
            [
              6.9340323,
              53.1657496
            ],
            [
              6.9350138,
              53.1658518
            ],
            [
              6.9355934,
              53.1659099
            ],
            [
              6.936379,
              53.1659895
            ],
            [
              6.9366332,
              53.1660118
            ],
            [
              6.9373145,
              53.1660775
            ],
            [
              6.9380428,
              53.1661473
            ],
            [
              6.9383919,
              53.1661836
            ],
            [
              6.9394364,
              53.1662871
            ],
            [
              6.9398909,
              53.1663302
            ],
            [
              6.9406558,
              53.1664081
            ],
            [
              6.9412471,
              53.1664654
            ],
            [
              6.9415872,
              53.1665008
            ],
            [
              6.941879,
              53.1665376
            ],
            [
              6.9419656,
              53.166542
            ],
            [
              6.9421011,
              53.1665452
            ],
            [
              6.9421839,
              53.1665408
            ],
            [
              6.942236,
              53.1665319
            ],
            [
              6.9422655,
              53.1665049
            ],
            [
              6.9422863,
              53.1664689
            ],
            [
              6.9423045,
              53.1663989
            ],
            [
              6.9423212,
              53.1662468
            ],
            [
              6.9423482,
              53.165999
            ],
            [
              6.9423484,
              53.1659948
            ],
            [
              6.9423546,
              53.1658617
            ],
            [
              6.9423656,
              53.1657835
            ],
            [
              6.9423714,
              53.1657519
            ],
            [
              6.9423815,
              53.165726
            ],
            [
              6.9424014,
              53.1657033
            ],
            [
              6.9424202,
              53.1656881
            ],
            [
              6.9424542,
              53.1656719
            ],
            [
              6.9425221,
              53.1656578
            ],
            [
              6.942829,
              53.1656661
            ],
            [
              6.9430472,
              53.1656719
            ],
            [
              6.9430716,
              53.1654299
            ],
            [
              6.9431125,
              53.1651417
            ],
            [
              6.9431194,
              53.1650902
            ],
            [
              6.9431526,
              53.1648402
            ],
            [
              6.9431829,
              53.1644794
            ],
            [
              6.9432233,
              53.1640714
            ],
            [
              6.9432527,
              53.1637358
            ],
            [
              6.9432969,
              53.1633406
            ],
            [
              6.9433613,
              53.1628173
            ],
            [
              6.9434201,
              53.1622975
            ],
            [
              6.9434723,
              53.1617539
            ],
            [
              6.9435487,
              53.1611006
            ],
            [
              6.9436098,
              53.160591
            ],
            [
              6.9436098,
              53.1605903
            ],
            [
              6.9436329,
              53.1603351
            ],
            [
              6.9437068,
              53.1597206
            ],
            [
              6.9437641,
              53.15921
            ],
            [
              6.9437767,
              53.1590877
            ],
            [
              6.9437836,
              53.1590135
            ],
            [
              6.9441077,
              53.1589971
            ],
            [
              6.9446099,
              53.1589835
            ],
            [
              6.9449895,
              53.1589786
            ],
            [
              6.9460802,
              53.158959
            ],
            [
              6.947057,
              53.1589431
            ],
            [
              6.947914,
              53.1589289
            ],
            [
              6.9487694,
              53.1589169
            ],
            [
              6.949659,
              53.1589021
            ],
            [
              6.9501049,
              53.1588951
            ],
            [
              6.9503812,
              53.1588951
            ],
            [
              6.9504042,
              53.1588091
            ],
            [
              6.9504546,
              53.1586263
            ],
            [
              6.9504996,
              53.1584594
            ],
            [
              6.950725,
              53.1576238
            ],
            [
              6.9509663,
              53.1567215
            ],
            [
              6.9511052,
              53.1561958
            ],
            [
              6.9511595,
              53.1559984
            ],
            [
              6.951226,
              53.155757
            ],
            [
              6.9513834,
              53.1551674
            ],
            [
              6.9515184,
              53.1546707
            ],
            [
              6.9516134,
              53.1543154
            ],
            [
              6.9518561,
              53.1534026
            ],
            [
              6.9521867,
              53.152181
            ],
            [
              6.9521876,
              53.1521776
            ],
            [
              6.9522363,
              53.1519966
            ],
            [
              6.9523739,
              53.1514889
            ],
            [
              6.9524596,
              53.151173
            ],
            [
              6.9525093,
              53.1509804
            ],
            [
              6.9527518,
              53.1500729
            ],
            [
              6.9529988,
              53.1491478
            ],
            [
              6.9531146,
              53.1487277
            ],
            [
              6.9532515,
              53.1482276
            ],
            [
              6.9533291,
              53.1479506
            ],
            [
              6.9535873,
              53.1469795
            ],
            [
              6.9536277,
              53.1468277
            ],
            [
              6.9538791,
              53.1458884
            ],
            [
              6.9539707,
              53.1455357
            ],
            [
              6.954204,
              53.1446866
            ],
            [
              6.9544478,
              53.1437958
            ],
            [
              6.9546487,
              53.1430595
            ],
            [
              6.9546647,
              53.1430165
            ],
            [
              6.9546711,
              53.1429306
            ],
            [
              6.9546627,
              53.1424718
            ],
            [
              6.9546627,
              53.1424702
            ],
            [
              6.954663,
              53.1422416
            ],
            [
              6.9546569,
              53.1414688
            ],
            [
              6.9546552,
              53.14119
            ],
            [
              6.9546511,
              53.1403462
            ],
            [
              6.9546513,
              53.1400303
            ],
            [
              6.9546488,
              53.1396583
            ],
            [
              6.9546487,
              53.139649
            ],
            [
              6.9546458,
              53.1390356
            ],
            [
              6.9546419,
              53.1384461
            ],
            [
              6.9546425,
              53.1379784
            ],
            [
              6.9546427,
              53.1378078
            ],
            [
              6.9546397,
              53.1375906
            ],
            [
              6.9546395,
              53.1372479
            ],
            [
              6.954639,
              53.1369276
            ],
            [
              6.9546389,
              53.1367316
            ],
            [
              6.9546403,
              53.1366544
            ],
            [
              6.9547227,
              53.1366811
            ],
            [
              6.9547462,
              53.1366882
            ],
            [
              6.9547462,
              53.1366887
            ],
            [
              6.9548473,
              53.1367207
            ],
            [
              6.9549287,
              53.1367433
            ],
            [
              6.9553054,
              53.1368633
            ],
            [
              6.9553888,
              53.13689
            ],
            [
              6.9554774,
              53.1369198
            ],
            [
              6.9555101,
              53.1368896
            ],
            [
              6.9555162,
              53.1368839
            ],
            [
              6.9556467,
              53.1367532
            ],
            [
              6.9556848,
              53.1367146
            ],
            [
              6.9557879,
              53.1366305
            ],
            [
              6.9558366,
              53.1365782
            ],
            [
              6.9558716,
              53.1365169
            ],
            [
              6.9559025,
              53.1364477
            ],
            [
              6.9559361,
              53.1363518
            ],
            [
              6.9559677,
              53.1362647
            ],
            [
              6.9559241,
              53.136258
            ],
            [
              6.9559573,
              53.1361606
            ],
            [
              6.9560191,
              53.1359754
            ],
            [
              6.9560253,
              53.1359572
            ],
            [
              6.9560538,
              53.1358843
            ],
            [
              6.9560701,
              53.1358244
            ],
            [
              6.9561808,
              53.1354925
            ],
            [
              6.9561964,
              53.1354475
            ],
            [
              6.9562258,
              53.1353626
            ],
            [
              6.9562697,
              53.1352281
            ],
            [
              6.9563083,
              53.13507
            ],
            [
              6.9565351,
              53.1343959
            ],
            [
              6.9565756,
              53.1342673
            ],
            [
              6.9567572,
              53.1336983
            ],
            [
              6.9568064,
              53.1335529
            ],
            [
              6.9568386,
              53.133456
            ],
            [
              6.9569006,
              53.1332694
            ],
            [
              6.9569559,
              53.1331179
            ],
            [
              6.9569727,
              53.133081
            ],
            [
              6.9569795,
              53.1330647
            ],
            [
              6.957009,
              53.1329722
            ],
            [
              6.9570221,
              53.1329434
            ],
            [
              6.9571449,
              53.1326691
            ],
            [
              6.9572249,
              53.1324927
            ],
            [
              6.9574,
              53.1321069
            ],
            [
              6.9576271,
              53.1316142
            ],
            [
              6.9576615,
              53.1315286
            ],
            [
              6.9579239,
              53.1309425
            ],
            [
              6.9582118,
              53.1303066
            ],
            [
              6.958245,
              53.1302277
            ],
            [
              6.9582762,
              53.1301573
            ],
            [
              6.9585444,
              53.1295321
            ],
            [
              6.9587828,
              53.1290012
            ],
            [
              6.9588133,
              53.1289365
            ],
            [
              6.9588404,
              53.1288789
            ],
            [
              6.9589378,
              53.1286667
            ],
            [
              6.9592828,
              53.1279425
            ],
            [
              6.9597014,
              53.1270545
            ],
            [
              6.9597841,
              53.1268811
            ],
            [
              6.9601151,
              53.126195
            ],
            [
              6.960326,
              53.1257619
            ],
            [
              6.9604532,
              53.1254901
            ],
            [
              6.9604915,
              53.125411
            ],
            [
              6.9607336,
              53.1249124
            ],
            [
              6.9607419,
              53.1248902
            ],
            [
              6.9607541,
              53.1248578
            ],
            [
              6.9607624,
              53.1248356
            ],
            [
              6.9607548,
              53.124794
            ],
            [
              6.9607552,
              53.1247932
            ],
            [
              6.9608102,
              53.1246793
            ],
            [
              6.9605891,
              53.1246436
            ],
            [
              6.9598722,
              53.1244994
            ],
            [
              6.9599063,
              53.1244285
            ],
            [
              6.9599349,
              53.1243692
            ],
            [
              6.9616448,
              53.1208153
            ],
            [
              6.9616986,
              53.1207035
            ],
            [
              6.9620822,
              53.1199062
            ],
            [
              6.9630534,
              53.1178874
            ],
            [
              6.9630563,
              53.1178813
            ],
            [
              6.9630592,
              53.1178752
            ],
            [
              6.9631091,
              53.1177717
            ],
            [
              6.9639643,
              53.1159937
            ],
            [
              6.964021,
              53.1158758
            ],
            [
              6.9642576,
              53.1153839
            ],
            [
              6.9658071,
              53.1121621
            ],
            [
              6.9658468,
              53.1120779
            ],
            [
              6.9658554,
              53.1120198
            ],
            [
              6.9658326,
              53.1119815
            ],
            [
              6.965778,
              53.11195
            ],
            [
              6.9652921,
              53.111834
            ],
            [
              6.964948,
              53.1117512
            ],
            [
              6.964949,
              53.1117486
            ],
            [
              6.9652777,
              53.1108768
            ],
            [
              6.965295,
              53.1108311
            ],
            [
              6.964859,
              53.1107284
            ],
            [
              6.9643868,
              53.1106212
            ],
            [
              6.9640056,
              53.1105285
            ],
            [
              6.9639745,
              53.110521
            ],
            [
              6.9635694,
              53.1104252
            ],
            [
              6.9624772,
              53.1101818
            ],
            [
              6.9617353,
              53.1100213
            ],
            [
              6.9616221,
              53.1104385
            ],
            [
              6.9615788,
              53.1106019
            ],
            [
              6.9615432,
              53.1107535
            ],
            [
              6.9615182,
              53.1108549
            ],
            [
              6.9615067,
              53.1109034
            ],
            [
              6.9615011,
              53.1109265
            ],
            [
              6.9614643,
              53.1110786
            ],
            [
              6.9614114,
              53.1113012
            ],
            [
              6.9613636,
              53.1115001
            ],
            [
              6.9612865,
              53.1118232
            ],
            [
              6.9612817,
              53.1118437
            ],
            [
              6.9612767,
              53.1118647
            ],
            [
              6.9612535,
              53.1119599
            ],
            [
              6.9612506,
              53.111974
            ],
            [
              6.961218,
              53.1121053
            ],
            [
              6.9612158,
              53.1121121
            ],
            [
              6.9611957,
              53.1121736
            ],
            [
              6.9611401,
              53.1123995
            ],
            [
              6.961139,
              53.1124039
            ],
            [
              6.9611046,
              53.1125438
            ],
            [
              6.9610945,
              53.1126052
            ],
            [
              6.9610312,
              53.112861
            ],
            [
              6.9609396,
              53.1132195
            ],
            [
              6.960922,
              53.1132753
            ],
            [
              6.9608923,
              53.1133824
            ],
            [
              6.9608791,
              53.1134545
            ],
            [
              6.9608134,
              53.1137278
            ],
            [
              6.9607186,
              53.1141144
            ],
            [
              6.9606177,
              53.1145168
            ],
            [
              6.9606041,
              53.1145699
            ],
            [
              6.9604337,
              53.1152341
            ],
            [
              6.9603821,
              53.1154349
            ],
            [
              6.9603738,
              53.1154676
            ],
            [
              6.9603531,
              53.1155527
            ],
            [
              6.9603385,
              53.1156208
            ],
            [
              6.9603108,
              53.1157262
            ],
            [
              6.9602189,
              53.1160689
            ],
            [
              6.9601711,
              53.1162757
            ],
            [
              6.9601232,
              53.1164876
            ],
            [
              6.9600891,
              53.1166082
            ],
            [
              6.9600726,
              53.1166791
            ],
            [
              6.9600673,
              53.116702
            ],
            [
              6.960065,
              53.1167119
            ],
            [
              6.9600648,
              53.1167126
            ],
            [
              6.9599976,
              53.1170011
            ],
            [
              6.9599346,
              53.1172719
            ],
            [
              6.959918,
              53.1173399
            ],
            [
              6.9599117,
              53.1173657
            ],
            [
              6.959466,
              53.1191862
            ],
            [
              6.9594347,
              53.1193203
            ],
            [
              6.9594135,
              53.1194576
            ],
            [
              6.9594,
              53.1196061
            ],
            [
              6.9593897,
              53.1197472
            ],
            [
              6.9593668,
              53.1199419
            ],
            [
              6.9593392,
              53.1201759
            ],
            [
              6.9591672,
              53.1201887
            ],
            [
              6.9590881,
              53.1201953
            ],
            [
              6.9585263,
              53.1202422
            ],
            [
              6.9584726,
              53.1202471
            ],
            [
              6.9576307,
              53.1203379
            ],
            [
              6.9567555,
              53.1204327
            ],
            [
              6.9567398,
              53.1204339
            ],
            [
              6.9564026,
              53.1204702
            ],
            [
              6.9557059,
              53.1205453
            ],
            [
              6.9556636,
              53.1205498
            ],
            [
              6.9556572,
              53.1205505
            ],
            [
              6.9542983,
              53.1206969
            ],
            [
              6.9530745,
              53.1208281
            ],
            [
              6.9517699,
              53.1209678
            ],
            [
              6.9517688,
              53.1209643
            ],
            [
              6.9498869,
              53.1211693
            ],
            [
              6.9498358,
              53.1211688
            ],
            [
              6.9497983,
              53.1211643
            ],
            [
              6.9497647,
              53.1211523
            ],
            [
              6.9497475,
              53.121135
            ],
            [
              6.94973,
              53.1211103
            ],
            [
              6.9497083,
              53.1210856
            ],
            [
              6.9496908,
              53.1210609
            ],
            [
              6.9496693,
              53.1210387
            ],
            [
              6.9496356,
              53.1210242
            ],
            [
              6.9495979,
              53.1210147
            ],
            [
              6.9495144,
              53.1210008
            ],
            [
              6.9494229,
              53.1209945
            ],
            [
              6.9492819,
              53.1209963
            ],
            [
              6.9489298,
              53.1210109
            ],
            [
              6.9487884,
              53.1210185
            ],
            [
              6.9484991,
              53.121034
            ],
            [
              6.9482879,
              53.1210442
            ],
            [
              6.9481306,
              53.1210563
            ],
            [
              6.9480814,
              53.1210719
            ],
            [
              6.9480199,
              53.1210927
            ],
            [
              6.9479631,
              53.1211284
            ],
            [
              6.9479065,
              53.121169
            ],
            [
              6.9478688,
              53.1211978
            ],
            [
              6.9478499,
              53.1212122
            ],
            [
              6.9478017,
              53.1212553
            ],
            [
              6.9477733,
              53.1212731
            ],
            [
              6.9477326,
              53.1212961
            ],
            [
              6.9476915,
              53.1213066
            ],
            [
              6.9476296,
              53.1213149
            ],
            [
              6.9475601,
              53.1213199
            ],
            [
              6.947001,
              53.1213489
            ],
            [
              6.9465843,
              53.1213649
            ],
            [
              6.9465377,
              53.1213669
            ],
            [
              6.9464668,
              53.1213699
            ],
            [
              6.9464024,
              53.1213778
            ],
            [
              6.9463379,
              53.1213822
            ],
            [
              6.9462446,
              53.1214047
            ],
            [
              6.9461836,
              53.1214311
            ],
            [
              6.9452371,
              53.121796
            ],
            [
              6.9450685,
              53.1218611
            ],
            [
              6.9439396,
              53.1222964
            ],
            [
              6.9437885,
              53.1223586
            ],
            [
              6.9437077,
              53.1223896
            ],
            [
              6.9435242,
              53.1224601
            ],
            [
              6.9434227,
              53.1224906
            ],
            [
              6.9433032,
              53.1225207
            ],
            [
              6.9429745,
              53.1225613
            ],
            [
              6.942852,
              53.1225764
            ],
            [
              6.9423738,
              53.1226404
            ],
            [
              6.9422008,
              53.1226689
            ],
            [
              6.9419618,
              53.1227241
            ],
            [
              6.9416114,
              53.122817
            ],
            [
              6.9415385,
              53.1228363
            ],
            [
              6.9413894,
              53.1228788
            ],
            [
              6.9408073,
              53.1230441
            ],
            [
              6.9406966,
              53.1230756
            ],
            [
              6.9405395,
              53.1231202
            ],
            [
              6.9404289,
              53.1231424
            ],
            [
              6.9399368,
              53.1232304
            ],
            [
              6.9393143,
              53.1233389
            ],
            [
              6.9382146,
              53.1235334
            ],
            [
              6.9377263,
              53.1236216
            ],
            [
              6.9372588,
              53.1237067
            ],
            [
              6.9370947,
              53.1237354
            ],
            [
              6.9370906,
              53.1237347
            ],
            [
              6.9369854,
              53.1237546
            ],
            [
              6.9362909,
              53.1238846
            ],
            [
              6.9358734,
              53.1239613
            ],
            [
              6.9357692,
              53.1239788
            ],
            [
              6.9355814,
              53.1240134
            ],
            [
              6.9353539,
              53.1240555
            ],
            [
              6.9351209,
              53.1240953
            ],
            [
              6.9348016,
              53.1241425
            ],
            [
              6.9342327,
              53.1242074
            ],
            [
              6.9340391,
              53.1242284
            ],
            [
              6.9338479,
              53.1242492
            ],
            [
              6.9333677,
              53.1243014
            ],
            [
              6.9325855,
              53.1243934
            ],
            [
              6.9319977,
              53.1244576
            ],
            [
              6.9319559,
              53.1244612
            ],
            [
              6.9317037,
              53.1244897
            ],
            [
              6.930821,
              53.124583
            ],
            [
              6.9307503,
              53.1245905
            ],
            [
              6.9296443,
              53.1247081
            ],
            [
              6.9295908,
              53.1247166
            ],
            [
              6.9295776,
              53.1247187
            ],
            [
              6.9292557,
              53.1247585
            ],
            [
              6.9285831,
              53.1248347
            ],
            [
              6.9285746,
              53.1248357
            ],
            [
              6.9276311,
              53.1249426
            ],
            [
              6.9275753,
              53.1249482
            ],
            [
              6.9274264,
              53.1249629
            ],
            [
              6.9264153,
              53.1250631
            ],
            [
              6.9259473,
              53.1251094
            ],
            [
              6.9259405,
              53.12511
            ],
            [
              6.9258351,
              53.1251205
            ],
            [
              6.9252055,
              53.1251813
            ],
            [
              6.925111,
              53.1251904
            ],
            [
              6.9237693,
              53.1253334
            ],
            [
              6.9237029,
              53.1253404
            ],
            [
              6.9236945,
              53.1253413
            ],
            [
              6.9236847,
              53.1253439
            ],
            [
              6.9236103,
              53.1253636
            ],
            [
              6.9233005,
              53.1253973
            ],
            [
              6.9224349,
              53.1254936
            ],
            [
              6.9218333,
              53.1255606
            ],
            [
              6.9199873,
              53.125762
            ],
            [
              6.9178692,
              53.1259932
            ],
            [
              6.917783,
              53.1260029
            ],
            [
              6.9166958,
              53.1261252
            ],
            [
              6.9156476,
              53.1262432
            ],
            [
              6.9156248,
              53.1262457
            ],
            [
              6.9144968,
              53.1263726
            ],
            [
              6.9144304,
              53.1263801
            ],
            [
              6.9140342,
              53.1264217
            ],
            [
              6.9129417,
              53.1265365
            ],
            [
              6.9125463,
              53.1265781
            ],
            [
              6.9117719,
              53.1266634
            ],
            [
              6.9112581,
              53.12672
            ],
            [
              6.9110571,
              53.1267412
            ],
            [
              6.9099089,
              53.1268619
            ],
            [
              6.9098602,
              53.1268722
            ],
            [
              6.9094239,
              53.1269198
            ],
            [
              6.9085346,
              53.1270182
            ],
            [
              6.908208,
              53.1270472
            ],
            [
              6.9078473,
              53.1270894
            ],
            [
              6.9071186,
              53.1271664
            ],
            [
              6.9067712,
              53.1272056
            ],
            [
              6.9064067,
              53.1272448
            ],
            [
              6.9056624,
              53.1273247
            ],
            [
              6.9054746,
              53.1273443
            ],
            [
              6.9049192,
              53.1274025
            ],
            [
              6.9042266,
              53.1274789
            ],
            [
              6.903683,
              53.1275393
            ],
            [
              6.9036451,
              53.1275437
            ],
            [
              6.9023142,
              53.1276995
            ],
            [
              6.9023107,
              53.1277
            ],
            [
              6.9006851,
              53.1279161
            ],
            [
              6.8995802,
              53.1280805
            ],
            [
              6.8994621,
              53.1280981
            ],
            [
              6.8994448,
              53.1281006
            ],
            [
              6.8993321,
              53.1281174
            ],
            [
              6.8989797,
              53.128159
            ],
            [
              6.8989434,
              53.1281633
            ],
            [
              6.8989402,
              53.1281637
            ],
            [
              6.8981339,
              53.1282589
            ],
            [
              6.8979331,
              53.1282879
            ],
            [
              6.8978946,
              53.1282935
            ],
            [
              6.8977874,
              53.1283094
            ],
            [
              6.897753,
              53.1283159
            ],
            [
              6.8972538,
              53.1284412
            ],
            [
              6.8970399,
              53.1284942
            ],
            [
              6.89699,
              53.1285066
            ],
            [
              6.8970302,
              53.1282038
            ],
            [
              6.8970713,
              53.1278677
            ],
            [
              6.8970998,
              53.1275781
            ],
            [
              6.8970635,
              53.1275828
            ],
            [
              6.8964478,
              53.1276539
            ],
            [
              6.8964427,
              53.1276545
            ],
            [
              6.8961489,
              53.1276885
            ],
            [
              6.8957492,
              53.1277347
            ],
            [
              6.8954546,
              53.1277687
            ],
            [
              6.8947516,
              53.1278499
            ],
            [
              6.8943523,
              53.1278955
            ],
            [
              6.8943037,
              53.127901
            ],
            [
              6.8942349,
              53.1279087
            ],
            [
              6.8940793,
              53.127926
            ],
            [
              6.8939387,
              53.1279417
            ],
            [
              6.8938773,
              53.1279484
            ],
            [
              6.8935406,
              53.127985
            ],
            [
              6.8927143,
              53.1280761
            ],
            [
              6.8924193,
              53.1281087
            ],
            [
              6.8918137,
              53.1281754
            ],
            [
              6.8904121,
              53.1283331
            ],
            [
              6.8904002,
              53.1283345
            ],
            [
              6.8903187,
              53.1283436
            ],
            [
              6.8902349,
              53.1281175
            ],
            [
              6.8900884,
              53.128135
            ],
            [
              6.890072,
              53.1281369
            ],
            [
              6.8893485,
              53.1282232
            ],
            [
              6.8885765,
              53.1283105
            ],
            [
              6.887498,
              53.1284468
            ],
            [
              6.8863129,
              53.1285922
            ],
            [
              6.8862536,
              53.1285995
            ],
            [
              6.8861492,
              53.1284462
            ],
            [
              6.8860845,
              53.1283636
            ],
            [
              6.8860781,
              53.1283553
            ],
            [
              6.8859644,
              53.1282322
            ],
            [
              6.8858838,
              53.1281499
            ],
            [
              6.8858195,
              53.1280934
            ],
            [
              6.8858122,
              53.128087
            ],
            [
              6.885763,
              53.1280543
            ],
            [
              6.8857098,
              53.1280144
            ],
            [
              6.8856197,
              53.1279231
            ],
            [
              6.8855091,
              53.1277789
            ],
            [
              6.8854434,
              53.1277112
            ],
            [
              6.8853062,
              53.1276149
            ],
            [
              6.8852552,
              53.1275791
            ],
            [
              6.8850476,
              53.1274257
            ],
            [
              6.8849911,
              53.1273673
            ],
            [
              6.8849247,
              53.1272501
            ],
            [
              6.8849126,
              53.1272107
            ],
            [
              6.8849061,
              53.1271675
            ],
            [
              6.8849203,
              53.1271392
            ],
            [
              6.8849267,
              53.1271265
            ],
            [
              6.8849871,
              53.1270529
            ],
            [
              6.8850125,
              53.1270022
            ],
            [
              6.8850027,
              53.1269588
            ],
            [
              6.8849479,
              53.1269209
            ],
            [
              6.8848431,
              53.1268761
            ],
            [
              6.8848094,
              53.1268526
            ],
            [
              6.8847937,
              53.1268252
            ],
            [
              6.8848107,
              53.1266049
            ],
            [
              6.8848241,
              53.1264959
            ],
            [
              6.8848242,
              53.1264324
            ],
            [
              6.8848066,
              53.126415
            ],
            [
              6.8847734,
              53.126382
            ],
            [
              6.8846604,
              53.126298
            ],
            [
              6.8846035,
              53.1262442
            ],
            [
              6.8845143,
              53.1261382
            ],
            [
              6.884445,
              53.1260818
            ],
            [
              6.8844016,
              53.1260541
            ],
            [
              6.8843654,
              53.1260326
            ],
            [
              6.8843258,
              53.126007
            ],
            [
              6.8843165,
              53.1259839
            ],
            [
              6.8843052,
              53.1259228
            ],
            [
              6.8842982,
              53.1258289
            ],
            [
              6.8842688,
              53.1256164
            ],
            [
              6.8834078,
              53.125759
            ],
            [
              6.883027,
              53.1258173
            ],
            [
              6.8830545,
              53.1257441
            ],
            [
              6.8831052,
              53.1256761
            ],
            [
              6.8832096,
              53.1255756
            ],
            [
              6.883213,
              53.1255385
            ],
            [
              6.8831609,
              53.1254413
            ],
            [
              6.8831545,
              53.1254115
            ],
            [
              6.8831157,
              53.1252297
            ],
            [
              6.882993,
              53.125229
            ],
            [
              6.88287,
              53.12522
            ],
            [
              6.8828151,
              53.1251954
            ],
            [
              6.8813382,
              53.1254341
            ],
            [
              6.8811308,
              53.1254677
            ],
            [
              6.8802008,
              53.125618
            ],
            [
              6.8800174,
              53.1256476
            ],
            [
              6.8791171,
              53.1257932
            ],
            [
              6.879006,
              53.1258111
            ],
            [
              6.8789396,
              53.1258218
            ],
            [
              6.87878,
              53.125466
            ],
            [
              6.8787675,
              53.1254383
            ],
            [
              6.8786193,
              53.1251487
            ],
            [
              6.8783319,
              53.1251599
            ],
            [
              6.8783279,
              53.1251601
            ],
            [
              6.8782297,
              53.1251639
            ],
            [
              6.8782211,
              53.1251642
            ],
            [
              6.8782318,
              53.1251846
            ],
            [
              6.8782319,
              53.1251848
            ],
            [
              6.877952,
              53.1252238
            ],
            [
              6.8779478,
              53.1251894
            ],
            [
              6.8776098,
              53.1251891
            ],
            [
              6.8775755,
              53.1251896
            ],
            [
              6.8761838,
              53.125258
            ],
            [
              6.8756008,
              53.125293
            ],
            [
              6.8749319,
              53.1253316
            ],
            [
              6.8743668,
              53.1253642
            ],
            [
              6.8742929,
              53.1253685
            ],
            [
              6.8742021,
              53.1249601
            ],
            [
              6.8741624,
              53.1247755
            ],
            [
              6.8741408,
              53.1246162
            ],
            [
              6.8741349,
              53.1243489
            ],
            [
              6.8741239,
              53.1238974
            ],
            [
              6.8741239,
              53.1235473
            ],
            [
              6.8740377,
              53.1235521
            ],
            [
              6.8736044,
              53.1235723
            ],
            [
              6.8735954,
              53.1235727
            ],
            [
              6.8727365,
              53.1236127
            ],
            [
              6.8662389,
              53.1239151
            ],
            [
              6.8662366,
              53.1239152
            ],
            [
              6.8661372,
              53.1239198
            ],
            [
              6.8659581,
              53.1239281
            ],
            [
              6.8659395,
              53.1242213
            ],
            [
              6.865929,
              53.1243873
            ],
            [
              6.8659035,
              53.1243884
            ],
            [
              6.8657649,
              53.1243945
            ],
            [
              6.865739,
              53.1243956
            ],
            [
              6.8618654,
              53.1245665
            ],
            [
              6.8515423,
              53.1250212
            ],
            [
              6.8514298,
              53.1250261
            ],
            [
              6.8512348,
              53.1250351
            ],
            [
              6.8512137,
              53.1250361
            ],
            [
              6.8511159,
              53.1250405
            ],
            [
              6.8509818,
              53.1250464
            ],
            [
              6.8453489,
              53.1252971
            ],
            [
              6.8451293,
              53.1252997
            ],
            [
              6.8449179,
              53.1252483
            ],
            [
              6.8447065,
              53.1251968
            ],
            [
              6.8444358,
              53.125164
            ],
            [
              6.836312,
              53.1255648
            ],
            [
              6.8355707,
              53.1256013
            ],
            [
              6.8345276,
              53.1256527
            ],
            [
              6.8344893,
              53.1256546
            ],
            [
              6.83439,
              53.1256595
            ],
            [
              6.8342762,
              53.1256651
            ],
            [
              6.834163,
              53.1256707
            ],
            [
              6.8341581,
              53.125671
            ],
            [
              6.8341072,
              53.1256735
            ],
            [
              6.8250386,
              53.1261231
            ],
            [
              6.8234192,
              53.1262033
            ],
            [
              6.8231731,
              53.1262155
            ],
            [
              6.8231012,
              53.126219
            ],
            [
              6.8214662,
              53.12843
            ],
            [
              6.8211691,
              53.1288317
            ],
            [
              6.8211632,
              53.1288397
            ],
            [
              6.8211495,
              53.1288361
            ],
            [
              6.8211221,
              53.1288289
            ],
            [
              6.8210593,
              53.1288123
            ],
            [
              6.8209915,
              53.1287943
            ],
            [
              6.8209531,
              53.1287842
            ],
            [
              6.8133818,
              53.1267809
            ],
            [
              6.8129923,
              53.1266778
            ],
            [
              6.8123917,
              53.1265189
            ],
            [
              6.8123912,
              53.1265187
            ],
            [
              6.8122345,
              53.1264772
            ],
            [
              6.8121576,
              53.1264569
            ],
            [
              6.8116485,
              53.1263222
            ],
            [
              6.8115074,
              53.1262847
            ],
            [
              6.8103621,
              53.1259807
            ],
            [
              6.8094244,
              53.1257318
            ],
            [
              6.8085391,
              53.1254967
            ],
            [
              6.80641,
              53.1249315
            ],
            [
              6.8034165,
              53.1241367
            ],
            [
              6.8032618,
              53.1240956
            ],
            [
              6.8032396,
              53.1240897
            ],
            [
              6.8059882,
              53.120326
            ],
            [
              6.801674,
              53.1191717
            ],
            [
              6.8020208,
              53.1178065
            ],
            [
              6.8024537,
              53.1160891
            ],
            [
              6.8026443,
              53.1153339
            ],
            [
              6.8034526,
              53.1122178
            ],
            [
              6.8034331,
              53.112216
            ],
            [
              6.8037718,
              53.1108774
            ],
            [
              6.8041408,
              53.109455
            ],
            [
              6.8042197,
              53.1091506
            ],
            [
              6.804326,
              53.1087709
            ],
            [
              6.8052238,
              53.1051918
            ],
            [
              6.8060522,
              53.1018741
            ],
            [
              6.8069842,
              53.0981579
            ],
            [
              6.8078451,
              53.0947353
            ],
            [
              6.8084025,
              53.092498
            ],
            [
              6.8084505,
              53.09228
            ],
            [
              6.8084719,
              53.092183
            ],
            [
              6.8084884,
              53.0921083
            ],
            [
              6.8093542,
              53.088729
            ],
            [
              6.8093807,
              53.0887316
            ],
            [
              6.8096382,
              53.0877841
            ],
            [
              6.8096622,
              53.087723
            ],
            [
              6.8098422,
              53.0870517
            ],
            [
              6.8100336,
              53.0863152
            ],
            [
              6.8106417,
              53.0840916
            ],
            [
              6.8105448,
              53.0840949
            ],
            [
              6.8105844,
              53.0839601
            ],
            [
              6.810614,
              53.0838764
            ],
            [
              6.8106479,
              53.0837552
            ],
            [
              6.8107158,
              53.0835165
            ],
            [
              6.8107372,
              53.0834193
            ],
            [
              6.8107623,
              53.0833384
            ],
            [
              6.810927,
              53.0826941
            ],
            [
              6.8109715,
              53.0825398
            ],
            [
              6.8111382,
              53.0819065
            ],
            [
              6.8111612,
              53.081811
            ],
            [
              6.8113321,
              53.0811152
            ],
            [
              6.8113526,
              53.081061
            ],
            [
              6.8116211,
              53.0800472
            ],
            [
              6.81194,
              53.0787859
            ],
            [
              6.813565,
              53.0725018
            ],
            [
              6.8136735,
              53.0720434
            ],
            [
              6.8139448,
              53.0709716
            ],
            [
              6.8125474,
              53.0718614
            ],
            [
              6.8113319,
              53.0726328
            ],
            [
              6.8081977,
              53.0746303
            ],
            [
              6.8063126,
              53.0758285
            ],
            [
              6.7998145,
              53.0799599
            ],
            [
              6.7974911,
              53.0814252
            ],
            [
              6.7965781,
              53.0820005
            ],
            [
              6.7942651,
              53.0834879
            ],
            [
              6.7915441,
              53.0852242
            ],
            [
              6.788745,
              53.0869904
            ],
            [
              6.7880319,
              53.0874403
            ],
            [
              6.7782,
              53.0936868
            ],
            [
              6.7765095,
              53.0947607
            ],
            [
              6.7724004,
              53.0973704
            ],
            [
              6.7640733,
              53.1026576
            ],
            [
              6.7519426,
              53.1103564
            ],
            [
              6.7518118,
              53.1103588
            ],
            [
              6.7519301,
              53.1106549
            ],
            [
              6.7519376,
              53.1106789
            ],
            [
              6.7519285,
              53.1107051
            ],
            [
              6.7519059,
              53.110726
            ],
            [
              6.7518653,
              53.1107452
            ],
            [
              6.7515921,
              53.1107288
            ],
            [
              6.7513562,
              53.1114349
            ],
            [
              6.7490485,
              53.1115812
            ],
            [
              6.7486968,
              53.1122432
            ],
            [
              6.7487053,
              53.1122462
            ],
            [
              6.7479216,
              53.1133587
            ],
            [
              6.7478632,
              53.1134234
            ],
            [
              6.7477942,
              53.1134882
            ],
            [
              6.7477587,
              53.1135142
            ],
            [
              6.7476992,
              53.1135488
            ],
            [
              6.7470835,
              53.1138378
            ],
            [
              6.7469677,
              53.1138922
            ],
            [
              6.7468688,
              53.1139488
            ],
            [
              6.7462353,
              53.1143122
            ],
            [
              6.7456859,
              53.1146686
            ],
            [
              6.7452372,
              53.1149503
            ],
            [
              6.7450957,
              53.1150368
            ],
            [
              6.7449539,
              53.1151186
            ],
            [
              6.744555,
              53.1153491
            ],
            [
              6.7442547,
              53.1155131
            ],
            [
              6.7439795,
              53.1156302
            ],
            [
              6.7439114,
              53.115666
            ],
            [
              6.7438328,
              53.1157048
            ],
            [
              6.7437737,
              53.1157387
            ],
            [
              6.7437282,
              53.1157714
            ],
            [
              6.7436555,
              53.1158338
            ],
            [
              6.7435274,
              53.1159915
            ],
            [
              6.7433906,
              53.1162835
            ],
            [
              6.7433283,
              53.1164523
            ],
            [
              6.743318,
              53.1164801
            ],
            [
              6.7432538,
              53.1165683
            ],
            [
              6.7423966,
              53.1163707
            ],
            [
              6.7422623,
              53.1164538
            ],
            [
              6.737451,
              53.1194617
            ],
            [
              6.7213809,
              53.1201303
            ],
            [
              6.7210973,
              53.120185
            ],
            [
              6.7127644,
              53.1204058
            ],
            [
              6.712448,
              53.1203878
            ],
            [
              6.7123096,
              53.1203715
            ],
            [
              6.7121502,
              53.1203457
            ],
            [
              6.7114805,
              53.1202186
            ],
            [
              6.711385,
              53.1202207
            ],
            [
              6.7098685,
              53.1202543
            ],
            [
              6.7017026,
              53.1207736
            ],
            [
              6.6953669,
              53.121176
            ],
            [
              6.6946865,
              53.1233403
            ],
            [
              6.6945031,
              53.1239237
            ],
            [
              6.6938192,
              53.1260989
            ],
            [
              6.6936369,
              53.1266788
            ],
            [
              6.6930466,
              53.1285559
            ],
            [
              6.6929071,
              53.1291308
            ],
            [
              6.6923303,
              53.131508
            ],
            [
              6.6921948,
              53.1320662
            ],
            [
              6.6917974,
              53.1337035
            ],
            [
              6.6904371,
              53.1395744
            ],
            [
              6.6895723,
              53.1433061
            ],
            [
              6.6890528,
              53.1446644
            ],
            [
              6.6889639,
              53.1447748
            ],
            [
              6.6888918,
              53.1448634
            ],
            [
              6.6887638,
              53.145038
            ],
            [
              6.6886526,
              53.1451233
            ],
            [
              6.6881026,
              53.1455978
            ],
            [
              6.6879783,
              53.145706
            ],
            [
              6.6878976,
              53.1457725
            ],
            [
              6.6878211,
              53.145836
            ],
            [
              6.6877326,
              53.1459222
            ],
            [
              6.6876423,
              53.1460097
            ],
            [
              6.6875678,
              53.1460843
            ],
            [
              6.6875186,
              53.1461376
            ],
            [
              6.6874836,
              53.1461691
            ],
            [
              6.6872107,
              53.1463582
            ],
            [
              6.6871681,
              53.146384
            ],
            [
              6.6871269,
              53.1464176
            ],
            [
              6.6870879,
              53.1464584
            ],
            [
              6.6864943,
              53.1471942
            ],
            [
              6.6864357,
              53.1474717
            ],
            [
              6.6862747,
              53.1478476
            ],
            [
              6.6862781,
              53.1481416
            ],
            [
              6.6863967,
              53.1484053
            ],
            [
              6.6866321,
              53.1486713
            ],
            [
              6.6867743,
              53.1487979
            ],
            [
              6.6869865,
              53.1489654
            ],
            [
              6.6871814,
              53.1490823
            ],
            [
              6.6875228,
              53.1492558
            ],
            [
              6.6876755,
              53.1493393
            ],
            [
              6.6877754,
              53.14937
            ],
            [
              6.6878856,
              53.1494066
            ],
            [
              6.6880852,
              53.149479
            ],
            [
              6.6890072,
              53.1498032
            ],
            [
              6.6892944,
              53.1499006
            ],
            [
              6.6893674,
              53.149929
            ],
            [
              6.6894514,
              53.1499801
            ],
            [
              6.6895682,
              53.1500492
            ],
            [
              6.6896318,
              53.150085
            ],
            [
              6.6897839,
              53.150157
            ],
            [
              6.6899179,
              53.1502151
            ],
            [
              6.6899715,
              53.1502444
            ],
            [
              6.6902155,
              53.1503932
            ],
            [
              6.6902408,
              53.1504189
            ],
            [
              6.6902511,
              53.1504409
            ],
            [
              6.6902499,
              53.1504684
            ],
            [
              6.6902497,
              53.1505465
            ],
            [
              6.6902669,
              53.1507821
            ],
            [
              6.6902856,
              53.1510806
            ],
            [
              6.6902696,
              53.151155
            ],
            [
              6.6901945,
              53.1513787
            ],
            [
              6.6901033,
              53.1515808
            ],
            [
              6.6898825,
              53.1520151
            ],
            [
              6.6897341,
              53.1523023
            ],
            [
              6.6896493,
              53.1525213
            ],
            [
              6.6896302,
              53.1525988
            ],
            [
              6.6895433,
              53.1528854
            ],
            [
              6.6894585,
              53.1530641
            ],
            [
              6.6894517,
              53.1530776
            ],
            [
              6.6894171,
              53.1531398
            ],
            [
              6.689262,
              53.153513
            ],
            [
              6.6892232,
              53.1535844
            ],
            [
              6.6889834,
              53.1541845
            ],
            [
              6.6887142,
              53.1546111
            ],
            [
              6.6882624,
              53.1551559
            ],
            [
              6.687276,
              53.156064
            ],
            [
              6.6864164,
              53.1567666
            ],
            [
              6.6857227,
              53.1574557
            ],
            [
              6.685448,
              53.1577914
            ],
            [
              6.6852944,
              53.1580622
            ],
            [
              6.6851334,
              53.1585864
            ],
            [
              6.6844912,
              53.159637
            ],
            [
              6.6835014,
              53.1604743
            ],
            [
              6.6826223,
              53.1609366
            ],
            [
              6.6804734,
              53.1619542
            ],
            [
              6.6799824,
              53.1622581
            ],
            [
              6.6798359,
              53.162612
            ],
            [
              6.6799023,
              53.1628678
            ],
            [
              6.6798706,
              53.1629047
            ],
            [
              6.6798343,
              53.1630117
            ],
            [
              6.6798214,
              53.1630428
            ],
            [
              6.6796599,
              53.1633713
            ],
            [
              6.6791213,
              53.1639175
            ],
            [
              6.678842,
              53.1641854
            ],
            [
              6.6785618,
              53.1644585
            ],
            [
              6.6783304,
              53.1646375
            ],
            [
              6.6780593,
              53.1647974
            ],
            [
              6.6776672,
              53.1649937
            ],
            [
              6.6773258,
              53.1651364
            ],
            [
              6.6770012,
              53.1652567
            ],
            [
              6.6766867,
              53.16536
            ],
            [
              6.6762096,
              53.16551
            ],
            [
              6.675697,
              53.1656645
            ],
            [
              6.6751937,
              53.1658085
            ],
            [
              6.6747013,
              53.1659438
            ],
            [
              6.6741608,
              53.166056
            ],
            [
              6.6736707,
              53.166173
            ],
            [
              6.673169,
              53.166333
            ],
            [
              6.6726501,
              53.1665317
            ],
            [
              6.6723483,
              53.1666676
            ],
            [
              6.6719338,
              53.166902
            ],
            [
              6.6716598,
              53.1670901
            ],
            [
              6.6715287,
              53.1671907
            ],
            [
              6.6713659,
              53.1673128
            ],
            [
              6.6711859,
              53.1674676
            ],
            [
              6.6710163,
              53.1676242
            ],
            [
              6.6708443,
              53.1677952
            ],
            [
              6.6706004,
              53.1680572
            ],
            [
              6.6704437,
              53.1682244
            ],
            [
              6.67037,
              53.1683011
            ],
            [
              6.6702492,
              53.1684269
            ],
            [
              6.6700843,
              53.1685984
            ],
            [
              6.6699085,
              53.1687412
            ],
            [
              6.6697496,
              53.1688531
            ],
            [
              6.6695901,
              53.1689393
            ],
            [
              6.6693327,
              53.1690463
            ],
            [
              6.6690838,
              53.1691281
            ],
            [
              6.6688813,
              53.1691836
            ],
            [
              6.6686609,
              53.1692222
            ],
            [
              6.6683609,
              53.1692563
            ],
            [
              6.6681885,
              53.1692696
            ],
            [
              6.6679066,
              53.1692933
            ],
            [
              6.667303,
              53.1693269
            ],
            [
              6.6667653,
              53.1693517
            ],
            [
              6.6662199,
              53.169379
            ],
            [
              6.665793,
              53.1694234
            ],
            [
              6.6655276,
              53.169465
            ],
            [
              6.6652447,
              53.1695269
            ],
            [
              6.6650046,
              53.1696003
            ],
            [
              6.6646542,
              53.169744
            ],
            [
              6.6643716,
              53.1699039
            ],
            [
              6.6642306,
              53.1700127
            ],
            [
              6.6637987,
              53.1703058
            ],
            [
              6.663462,
              53.1705221
            ],
            [
              6.6631574,
              53.1707057
            ],
            [
              6.6627257,
              53.1709884
            ],
            [
              6.6623311,
              53.1712963
            ],
            [
              6.6620344,
              53.1716063
            ],
            [
              6.6618123,
              53.1718901
            ],
            [
              6.6616187,
              53.1721719
            ],
            [
              6.6614546,
              53.1724683
            ],
            [
              6.6613353,
              53.1727151
            ],
            [
              6.6612374,
              53.1730947
            ],
            [
              6.6611647,
              53.1733244
            ],
            [
              6.661045,
              53.173793
            ],
            [
              6.6609583,
              53.1741256
            ],
            [
              6.6608519,
              53.1745214
            ],
            [
              6.6607481,
              53.1749238
            ],
            [
              6.6606409,
              53.1753294
            ],
            [
              6.6605622,
              53.1757023
            ],
            [
              6.6604787,
              53.1760807
            ],
            [
              6.660386,
              53.1763657
            ],
            [
              6.6602649,
              53.1766224
            ],
            [
              6.6600244,
              53.1769869
            ],
            [
              6.6597235,
              53.1773958
            ],
            [
              6.6595053,
              53.1777012
            ],
            [
              6.6593546,
              53.177855
            ],
            [
              6.6591767,
              53.1780916
            ],
            [
              6.6590647,
              53.1782699
            ],
            [
              6.6588536,
              53.1786243
            ],
            [
              6.6587716,
              53.1787559
            ],
            [
              6.6586735,
              53.1789459
            ],
            [
              6.6584279,
              53.1794042
            ],
            [
              6.6583347,
              53.179549
            ],
            [
              6.6582157,
              53.1797182
            ],
            [
              6.6579674,
              53.1800036
            ],
            [
              6.6576206,
              53.1803513
            ],
            [
              6.6576358,
              53.1803533
            ],
            [
              6.6576338,
              53.1803553
            ],
            [
              6.6573278,
              53.1806768
            ],
            [
              6.6573121,
              53.1806934
            ],
            [
              6.6572991,
              53.1807073
            ],
            [
              6.6572409,
              53.1807693
            ],
            [
              6.6570753,
              53.1807349
            ],
            [
              6.6564747,
              53.18061
            ],
            [
              6.6562421,
              53.180883
            ],
            [
              6.6560356,
              53.1811022
            ],
            [
              6.6559932,
              53.1811497
            ],
            [
              6.655909,
              53.1811275
            ],
            [
              6.6558451,
              53.1811531
            ],
            [
              6.6550759,
              53.1813782
            ],
            [
              6.6548994,
              53.1814295
            ],
            [
              6.654883,
              53.1814346
            ],
            [
              6.6541587,
              53.1816438
            ],
            [
              6.6536087,
              53.1818064
            ],
            [
              6.6534569,
              53.1818512
            ],
            [
              6.6526835,
              53.1820757
            ],
            [
              6.6524576,
              53.1821439
            ],
            [
              6.6524875,
              53.1821525
            ],
            [
              6.6520693,
              53.182281
            ],
            [
              6.6513286,
              53.182502
            ],
            [
              6.6513,
              53.1825106
            ],
            [
              6.6512562,
              53.1825245
            ],
            [
              6.6506936,
              53.1827036
            ],
            [
              6.6503566,
              53.1828069
            ],
            [
              6.64972,
              53.183002
            ],
            [
              6.6495523,
              53.1830523
            ],
            [
              6.6488953,
              53.183249
            ],
            [
              6.6481082,
              53.1834918
            ],
            [
              6.6481641,
              53.1835044
            ],
            [
              6.6475927,
              53.1836807
            ],
            [
              6.6475546,
              53.1836924
            ],
            [
              6.6472512,
              53.183782
            ],
            [
              6.6470256,
              53.1838486
            ],
            [
              6.646909,
              53.183883
            ],
            [
              6.646033,
              53.1841519
            ],
            [
              6.6451855,
              53.1844066
            ],
            [
              6.6452196,
              53.1844334
            ],
            [
              6.643624,
              53.1849138
            ],
            [
              6.643352,
              53.1849948
            ],
            [
              6.6426573,
              53.1852053
            ],
            [
              6.6417056,
              53.1854808
            ],
            [
              6.6413167,
              53.1855825
            ],
            [
              6.640927,
              53.1856806
            ],
            [
              6.6406108,
              53.1857561
            ],
            [
              6.6403158,
              53.1858163
            ],
            [
              6.6398536,
              53.1859
            ],
            [
              6.6394681,
              53.1859807
            ]
          ]
        ]
      },
      "properties": {
        "type": "boundary",
        "gemeente": "Midden-Groningen"
      }
    }
  ]
}