{
  "type": "FeatureCollection",
  "metadata": {
    "gemeente": "Oegstgeest",
    "slug": "oegstgeest",
    "generated_at": "2026-05-19T20:02:45.583709Z",
    "total_points": 11,
    "providers": [
      "Amazon",
      "DHL",
      "DPD",
      "PostNL",
      "Budbee"
    ],
    "bounds": [
      4.450903184,
      52.17708833,
      4.47691089672535,
      52.199965739471736
    ]
  },
  "features": [
    {
      "type": "Feature",
      "geometry": {
        "type": "Point",
        "coordinates": [
          4.471220775,
          52.18545602
        ]
      },
      "properties": {
        "type": "pakketpunt",
        "locatieNaam": "Primera Oegstgeest",
        "straatNaam": "Ommevoort 10",
        "straatNr": "",
        "vervoerder": "Amazon",
        "puntType": "3p",
        "bezettingsgraad": 50,
        "latitude": 52.18545602,
        "longitude": 4.471220775,
        "canPickup": true,
        "canDropoff": false,
        "openingstijden": null
      }
    },
    {
      "type": "Feature",
      "geometry": {
        "type": "Point",
        "coordinates": [
          4.47691089672535,
          52.199965739471736
        ]
      },
      "properties": {
        "type": "pakketpunt",
        "locatieNaam": "Pakketautomaat Praxis Oegstgeest",
        "straatNaam": "De Boeg",
        "straatNr": "1-PS/127",
        "vervoerder": "DHL",
        "puntType": "packStation",
        "bezettingsgraad": 50,
        "latitude": 52.199965739471736,
        "longitude": 4.47691089672535,
        "canPickup": true,
        "canDropoff": true,
        "openingstijden": {
          "ma": "09:00 - 21:00",
          "di": "09:00 - 21:00",
          "wo": "09:00 - 21:00",
          "do": "09:00 - 21:00",
          "vr": "09:00 - 21:00",
          "za": "09:00 - 18:00",
          "zo": "10:00 - 17:00"
        }
      }
    },
    {
      "type": "Feature",
      "geometry": {
        "type": "Point",
        "coordinates": [
          4.46878922,
          52.17708833
        ]
      },
      "properties": {
        "type": "pakketpunt",
        "locatieNaam": "UR469 Pakketautomaat Budbee",
        "straatNaam": "TERWEEPLEIN",
        "straatNr": "3",
        "vervoerder": "DPD",
        "puntType": "dpd_box",
        "bezettingsgraad": 50,
        "latitude": 52.17708833,
        "longitude": 4.46878922,
        "canPickup": true,
        "canDropoff": false,
        "openingstijden": {
          "ma": "08:00 - 22:00",
          "di": "08:00 - 22:00",
          "wo": "08:00 - 22:00",
          "do": "08:00 - 22:00",
          "vr": "08:00 - 22:00",
          "za": "08:00 - 22:00",
          "zo": "12:00 - 20:00"
        }
      }
    },
    {
      "type": "Feature",
      "geometry": {
        "type": "Point",
        "coordinates": [
          4.471285,
          52.18702
        ]
      },
      "properties": {
        "type": "pakketpunt",
        "locatieNaam": "UR750 Pakketautomaat Budbee",
        "straatNaam": "IRISLAAN",
        "straatNr": "83",
        "vervoerder": "DPD",
        "puntType": "dpd_box",
        "bezettingsgraad": 50,
        "latitude": 52.18702,
        "longitude": 4.471285,
        "canPickup": true,
        "canDropoff": false,
        "openingstijden": {
          "ma": "08:00 - 22:00",
          "di": "08:00 - 22:00",
          "wo": "08:00 - 22:00",
          "do": "08:00 - 22:00",
          "vr": "08:00 - 22:00",
          "za": "08:00 - 22:00",
          "zo": "08:00 - 22:00"
        }
      }
    },
    {
      "type": "Feature",
      "geometry": {
        "type": "Point",
        "coordinates": [
          4.470629755,
          52.1836178
        ]
      },
      "properties": {
        "type": "pakketpunt",
        "locatieNaam": "Pakket- en briefautomaat",
        "straatNaam": "Lijtweg",
        "straatNr": "2PBA",
        "vervoerder": "PostNL",
        "puntType": "automaat",
        "bezettingsgraad": 50,
        "latitude": 52.1836178,
        "longitude": 4.470629755,
        "canPickup": true,
        "canDropoff": true,
        "openingstijden": "00:00 - 23:59"
      }
    },
    {
      "type": "Feature",
      "geometry": {
        "type": "Point",
        "coordinates": [
          4.471220775,
          52.18545602
        ]
      },
      "properties": {
        "type": "pakketpunt",
        "locatieNaam": "Primera Oegstgeest",
        "straatNaam": "Ommevoort",
        "straatNr": "10",
        "vervoerder": "PostNL",
        "puntType": "servicepunt",
        "bezettingsgraad": 50,
        "latitude": 52.18545602,
        "longitude": 4.471220775,
        "canPickup": true,
        "canDropoff": true,
        "openingstijden": "09:00 - 18:00 (Na 18:00 open; Zaterdag open; Zondag open)"
      }
    },
    {
      "type": "Feature",
      "geometry": {
        "type": "Point",
        "coordinates": [
          4.468252819,
          52.17762204
        ]
      },
      "properties": {
        "type": "pakketpunt",
        "locatieNaam": "Optie1 Oegstgeest",
        "straatNaam": "de Kempenaerstraat",
        "straatNr": "11",
        "vervoerder": "PostNL",
        "puntType": "servicepunt",
        "bezettingsgraad": 50,
        "latitude": 52.17762204,
        "longitude": 4.468252819,
        "canPickup": true,
        "canDropoff": true,
        "openingstijden": "10:00 - 17:30 (Zaterdag open)"
      }
    },
    {
      "type": "Feature",
      "geometry": {
        "type": "Point",
        "coordinates": [
          4.450903184,
          52.17806992
        ]
      },
      "properties": {
        "type": "pakketpunt",
        "locatieNaam": "Pakketautomaat",
        "straatNaam": "Rustenburgerpad",
        "straatNr": "9PBA",
        "vervoerder": "PostNL",
        "puntType": "automaat",
        "bezettingsgraad": 50,
        "latitude": 52.17806992,
        "longitude": 4.450903184,
        "canPickup": true,
        "canDropoff": true,
        "openingstijden": "08:00 - 20:00"
      }
    },
    {
      "type": "Feature",
      "geometry": {
        "type": "Point",
        "coordinates": [
          4.473334169,
          52.19864036
        ]
      },
      "properties": {
        "type": "pakketpunt",
        "locatieNaam": "ALLSAFE Mini Opslag Oegstgeest",
        "straatNaam": "Haarlemmerstraatweg",
        "straatNr": "31",
        "vervoerder": "PostNL",
        "puntType": "servicepunt",
        "bezettingsgraad": 50,
        "latitude": 52.19864036,
        "longitude": 4.473334169,
        "canPickup": true,
        "canDropoff": true,
        "openingstijden": "09:00 - 18:00"
      }
    },
    {
      "type": "Feature",
      "geometry": {
        "type": "Point",
        "coordinates": [
          4.46878922,
          52.17708833
        ]
      },
      "properties": {
        "type": "pakketpunt",
        "locatieNaam": "UR469 Pakketautomaat Budbee",
        "straatNaam": "TERWEEPLEIN",
        "straatNr": "3",
        "vervoerder": "Budbee",
        "puntType": "automaat",
        "bezettingsgraad": 50,
        "latitude": 52.17708833,
        "longitude": 4.46878922,
        "canPickup": true,
        "canDropoff": true,
        "openingstijden": null
      }
    },
    {
      "type": "Feature",
      "geometry": {
        "type": "Point",
        "coordinates": [
          4.471285,
          52.18702
        ]
      },
      "properties": {
        "type": "pakketpunt",
        "locatieNaam": "UR750 Pakketautomaat Budbee",
        "straatNaam": "IRISLAAN",
        "straatNr": "83",
        "vervoerder": "Budbee",
        "puntType": "automaat",
        "bezettingsgraad": 50,
        "latitude": 52.18702,
        "longitude": 4.471285,
        "canPickup": true,
        "canDropoff": true,
        "openingstijden": null
      }
    },
    {
      "type": "Feature",
      "geometry": {
        "type": "MultiPolygon",
        "coordinates": [
          [
            [
              [
                4.473001898735131,
                52.176338284851454
              ],
              [
                4.472862020381574,
                52.17608804630266
              ],
              [
                4.472682921361838,
                52.17584744152605
              ],
              [
                4.4724663269887515,
                52.17561878750567
              ],
              [
                4.472214323556319,
                52.17540428610688
              ],
              [
                4.471929338233277,
                52.17520600287939
              ],
              [
                4.471614115678997,
                52.17502584717261
              ],
              [
                4.471271691607284,
                52.174865553756824
              ],
              [
                4.47090536355277,
                52.174726666124585
              ],
              [
                4.470518659121407,
                52.174610521635074
              ],
              [
                4.470115302030515,
                52.17451823864201
              ],
              [
                4.469699176264928,
                52.174450705730514
              ],
              [
                4.469274288693791,
                52.1744085731653
              ],
              [
                4.468844730507176,
                52.17439224663249
              ],
              [
                4.4684146378429395,
                52.174401883335705
              ],
              [
                4.467988151981972,
                52.174437390483114
              ],
              [
                4.467569379494094,
                52.1744984261804
              ],
              [
                4.467162352717275,
                52.1745844027214
              ],
              [
                4.466770990949776,
                52.17469449224389
              ],
              [
                4.4663990627278904,
                52.17482763469715
              ],
              [
                4.466050149551793,
                52.17498254804427
              ],
              [
                4.465727611408008,
                52.17515774060114
              ],
              [
                4.46543455442006,
                52.175351525394014
              ],
              [
                4.465173800938464,
                52.17556203639721
              ],
              [
                4.464947862357977,
                52.17578724649517
              ],
              [
                4.464819622460523,
                52.17594860288805
              ],
              [
                4.464637375246966,
                52.176095730044004
              ],
              [
                4.464411431243561,
                52.176320939081215
              ],
              [
                4.464222478676511,
                52.17655867868938
              ],
              [
                4.464072337719975,
                52.17680665948727
              ],
              [
                4.463962454877835,
                52.177062493434825
              ],
              [
                4.463893889031401,
                52.17732371682554
              ],
              [
                4.463867301216833,
                52.17758781400884
              ],
              [
                4.463882948231752,
                52.17785224161443
              ],
              [
                4.463940680133599,
                52.17811445304503
              ],
              [
                4.464039941654967,
                52.17837192300227
              ],
              [
                4.4641797775233725,
                52.1786221718088
              ],
              [
                4.464358841635287,
                52.17886278929295
              ],
              [
                4.464575409997075,
                52.17909145800515
              ],
              [
                4.464827397309114,
                52.17930597554307
              ],
              [
                4.465112377034041,
                52.179504275769325
              ],
              [
                4.465427604756488,
                52.179684448718035
              ],
              [
                4.4657700446096396,
                52.179844758997305
              ],
              [
                4.466136398514255,
                52.17998366251095
              ],
              [
                4.466523137948529,
                52.18009982133734
              ],
              [
                4.466926537942483,
                52.18019211662232
              ],
              [
                4.4673427129690735,
                52.18025965936117
              ],
              [
                4.467767654385625,
                52.18030179896617
              ],
              [
                4.468197269064231,
                52.180318129536424
              ],
              [
                4.468627418838095,
                52.180308493769694
              ],
              [
                4.469053960382882,
                52.18027298447861
              ],
              [
                4.469472785147898,
                52.180211943696015
              ],
              [
                4.469879858951458,
                52.18012595937899
              ],
              [
                4.470271260858019,
                52.18001585974251
              ],
              [
                4.470643220961699,
                52.179882705277784
              ],
              [
                4.4709921567114215,
                52.17972777853293
              ],
              [
                4.471314707427134,
                52.17955257175331
              ],
              [
                4.471607766674143,
                52.17935877250244
              ],
              [
                4.47186851218342,
                52.1791482474008
              ],
              [
                4.472094433029612,
                52.178923024140886
              ],
              [
                4.472222655274255,
                52.178761659883605
              ],
              [
                4.472404888484506,
                52.17861452104741
              ],
              [
                4.472630803907624,
                52.178389296727055
              ],
              [
                4.472819719550213,
                52.178151543643985
              ],
              [
                4.472969816509277,
                52.17790355167153
              ],
              [
                4.473079649833681,
                52.17764770925857
              ],
              [
                4.473148162418123,
                52.17738648042153
              ],
              [
                4.473174695158653,
                52.17712238101034
              ],
              [
                4.47315899327294,
                52.17685795447659
              ],
              [
                4.473101208725426,
                52.17659574737741
              ],
              [
                4.473001898735131,
                52.176338284851454
              ]
            ]
          ],
          [
            [
              [
                4.454976471344453,
                52.17707025501444
              ],
              [
                4.454797465080678,
                52.17682962335771
              ],
              [
                4.454580957879272,
                52.17660093675806
              ],
              [
                4.454329035195113,
                52.176386397394836
              ],
              [
                4.454044123419701,
                52.17618807118332
              ],
              [
                4.453728966504535,
                52.17600786788695
              ],
              [
                4.453386599531697,
                52.17584752273423
              ],
              [
                4.453020319486325,
                52.17570857971606
              ],
              [
                4.452633653512388,
                52.175592376724865
              ],
              [
                4.452230324957141,
                52.17550003267761
              ],
              [
                4.451814217530865,
                52.17543243674739
              ],
              [
                4.451389337926264,
                52.17539023980569
              ],
              [
                4.4509597772567835,
                52.17537384815841
              ],
              [
                4.45052967168421,
                52.17538341963615
              ],
              [
                4.450103162613683,
                52.175418862075055
              ],
              [
                4.4496843568383975,
                52.175479834203905
              ],
              [
                4.449277287016675,
                52.17556574892853
              ],
              [
                4.44888587286103,
                52.17567577898201
              ],
              [
                4.448513883411946,
                52.17580886488623
              ],
              [
                4.4481649007588535,
                52.175963725148726
              ],
              [
                4.447842285556966,
                52.1761388685967
              ],
              [
                4.447549144671495,
                52.17633260872922
              ],
              [
                4.447288301260511,
                52.17654307995076
              ],
              [
                4.447062267584443,
                52.17676825552901
              ],
              [
                4.446873220804103,
                52.17700596710485
              ],
              [
                4.44672298200066,
                52.17725392556716
              ],
              [
                4.446612998620061,
                52.177509743091115
              ],
              [
                4.446544330511659,
                52.177770956128526
              ],
              [
                4.446517639696343,
                52.17803504912861
              ],
              [
                4.446533183963648,
                52.17829947876147
              ],
              [
                4.4465908143605795,
                52.17856169841056
              ],
              [
                4.446689976597399,
                52.17881918269836
              ],
              [
                4.446829716357987,
                52.17906945180978
              ],
              [
                4.447008688464651,
                52.1793100953776
              ],
              [
                4.44722516981014,
                52.179538795701184
              ],
              [
                4.447477075933208,
                52.17975335007389
              ],
              [
                4.447761981078785,
                52.17995169200354
              ],
              [
                4.448077141550154,
                52.18013191112264
              ],
              [
                4.448419522128577,
                52.180292271594745
              ],
              [
                4.448785825306049,
                52.18043122884013
              ],
              [
                4.44917252304966,
                52.18054744441975
              ],
              [
                4.449575890791252,
                52.180639798932674
              ],
              [
                4.449992043314644,
                52.18070740280376
              ],
              [
                4.450416972194073,
                52.180749604856416
              ],
              [
                4.450846584422484,
                52.18076599858818
              ],
              [
                4.451276741856717,
                52.18075642608843
              ],
              [
                4.451703301098612,
                52.18072097956031
              ],
              [
                4.452122153426925,
                52.18066000043212
              ],
              [
                4.4525292643943155,
                52.180574076066996
              ],
              [
                4.452920712707074,
                52.18046403410249
              ],
              [
                4.453292728012077,
                52.18033093447437
              ],
              [
                4.453641727226258,
                52.180176059202374
              ],
              [
                4.45396434905798,
                52.18000090003628
              ],
              [
                4.454257486387245,
                52.179807144080975
              ],
              [
                4.454518316192645,
                52.17959665754008
              ],
              [
                4.45474432673661,
                52.179371467734626
              ],
              [
                4.454933341747281,
                52.179133743570425
              ],
              [
                4.455083541364377,
                52.17888577464236
              ],
              [
                4.4551934796478605,
                52.178629949177505
              ],
              [
                4.455262098481437,
                52.178368731029224
              ],
              [
                4.45528873773782,
                52.178104635944635
              ],
              [
                4.455273141608856,
                52.17784020733379
              ],
              [
                4.455215461040557,
                52.17757799177394
              ],
              [
                4.455116252250713,
                52.177320514485416
              ],
              [
                4.454976471344453,
                52.17707025501444
              ]
            ]
          ],
          [
            [
              [
                4.474703111773379,
                52.18261745520268
              ],
              [
                4.474523976795647,
                52.18237685340842
              ],
              [
                4.474307341453702,
                52.182148202929945
              ],
              [
                4.474055292436187,
                52.181933705598716
              ],
              [
                4.473770257350888,
                52.18173542692505
              ],
              [
                4.473454981336406,
                52.18155527621458
              ],
              [
                4.473112500621329,
                52.18139498818932
              ],
              [
                4.472746113285691,
                52.181256106290014
              ],
              [
                4.472359347506207,
                52.18113996782053
              ],
              [
                4.471955927590818,
                52.18104769107662
              ],
              [
                4.471539738129175,
                52.18098016458326
              ],
              [
                4.471114786603611,
                52.18093803854323
              ],
              [
                4.4706851648198604,
                52.180921718579896
              ],
              [
                4.470255009528,
                52.18093136183366
              ],
              [
                4.469828462611809,
                52.18096687544948
              ],
              [
                4.46940963122887,
                52.18102791747091
              ],
              [
                4.46900254828414,
                52.1811139001308
              ],
              [
                4.468611133616632,
                52.18122399550815
              ],
              [
                4.4682391562719666,
                52.18135714349581
              ],
              [
                4.467890198223303,
                52.18151206200362
              ],
              [
                4.467567619889282,
                52.1816872592978
              ],
              [
                4.467274527780486,
                52.181881048359045
              ],
              [
                4.467013744585727,
                52.182091563120544
              ],
              [
                4.4667877819860236,
                52.182316776430625
              ],
              [
                4.466598816458203,
                52.182554519566864
              ],
              [
                4.466448668301426,
                52.182802503114026
              ],
              [
                4.466338784089135,
                52.18305833900565
              ],
              [
                4.466270222716056,
                52.18331956351647
              ],
              [
                4.4662436451755125,
                52.18358366098517
              ],
              [
                4.466259308166413,
                52.183848088038566
              ],
              [
                4.466317061592573,
                52.18411029808479
              ],
              [
                4.466416349979501,
                52.1843677658387
              ],
              [
                4.466556217796167,
                52.1846180116442
              ],
              [
                4.46673531863151,
                52.184858625358444
              ],
              [
                4.4668952656378975,
                52.185027473963956
              ],
              [
                4.466861058970712,
                52.18515780501114
              ],
              [
                4.46683448376528,
                52.18542190253404
              ],
              [
                4.46685015083844,
                52.18568632943413
              ],
              [
                4.466907910054762,
                52.18594853912103
              ],
              [
                4.467007205884057,
                52.186206006313064
              ],
              [
                4.467061392948189,
                52.18630294940733
              ],
              [
                4.466993693553855,
                52.186460562369454
              ],
              [
                4.46692513065933,
                52.18672178710265
              ],
              [
                4.466898554843316,
                52.186985884566624
              ],
              [
                4.466914222788248,
                52.18725031138829
              ],
              [
                4.466971984350357,
                52.187512520977954
              ],
              [
                4.467071283976922,
                52.18776998805487
              ],
              [
                4.467211166028782,
                52.18802023296953
              ],
              [
                4.467390283957876,
                52.188260845587514
              ],
              [
                4.467606913252472,
                52.18848950850616
              ],
              [
                4.467858968026241,
                52.18870401937884
              ],
              [
                4.468144021092177,
                52.18890231213236
              ],
              [
                4.4684593273285795,
                52.18908247687271
              ],
              [
                4.4688018501123965,
                52.18924277828703
              ],
              [
                4.46916829056556,
                52.18938167236442
              ],
              [
                4.469555119332522,
                52.18949782127413
              ],
              [
                4.469958610582713,
                52.18959010625747
              ],
              [
                4.470374877909913,
                52.18965763840893
              ],
              [
                4.47079991178219,
                52.1896997672428
              ],
              [
                4.471229618180876,
                52.18971608696179
              ],
              [
                4.471659858055488,
                52.189706440368326
              ],
              [
                4.472086487213611,
                52.18967092037921
              ],
              [
                4.472505396260459,
                52.18960986913051
              ],
              [
                4.472912550202371,
                52.18952387467996
              ],
              [
                4.473304027331786,
                52.18941376534029
              ],
              [
                4.473676057018196,
                52.1892806016962
              ],
              [
                4.47402505604029,
                52.1891256663842
              ],
              [
                4.474347663108622,
                52.18895045173229
              ],
              [
                4.474640771245816,
                52.1887566453798
              ],
              [
                4.474901557712099,
                52.18854611401567
              ],
              [
                4.475127511187842,
                52.18832088539271
              ],
              [
                4.47531645595137,
                52.18808312879055
              ],
              [
                4.4754665728195215,
                52.187835134116305
              ],
              [
                4.475576416649747,
                52.18757928984495
              ],
              [
                4.4756449302359345,
                52.18731806001079
              ],
              [
                4.47567145446487,
                52.18705396047345
              ],
              [
                4.4756557346365815,
                52.1867895346856
              ],
              [
                4.475597922888686,
                52.18652732919724
              ],
              [
                4.475498576702511,
                52.186269869131436
              ],
              [
                4.475444371309388,
                52.186172929868256
              ],
              [
                4.475512040416766,
                52.18601531198053
              ],
              [
                4.475580551919973,
                52.18575408210776
              ],
              [
                4.475607075542505,
                52.185489982511534
              ],
              [
                4.475591356590168,
                52.18522555664518
              ],
              [
                4.475533547192087,
                52.18496335105939
              ],
              [
                4.475434204806898,
                52.18470589087821
              ],
              [
                4.47529428682637,
                52.184455655482985
              ],
              [
                4.475115141329434,
                52.18421505463835
              ],
              [
                4.474955166022744,
                52.18404621708442
              ],
              [
                4.47498934817244,
                52.18391588360921
              ],
              [
                4.475015874135106,
                52.18365178406693
              ],
              [
                4.475000159269884,
                52.1833873580469
              ],
              [
                4.474942355666473,
                52.18312515210128
              ],
              [
                4.474843020727641,
                52.182867691357615
              ],
              [
                4.474703111773379,
                52.18261745520268
              ]
            ]
          ],
          [
            [
              [
                4.476160227075079,
                52.19657777882264
              ],
              [
                4.475817621495236,
                52.19641749877743
              ],
              [
                4.47545110248994,
                52.19627862533365
              ],
              [
                4.4750641995036355,
                52.19616249571368
              ],
              [
                4.474660638165239,
                52.19607022812804
              ],
              [
                4.474244304425901,
                52.19600271101338
              ],
              [
                4.473819207156896,
                52.195960594482244
              ],
              [
                4.473389439566971,
                52.1959442840664
              ],
              [
                4.47295913980981,
                52.19595393681425
              ],
              [
                4.472532451159903,
                52.19598945977942
              ],
              [
                4.472113482139259,
                52.19605051091545
              ],
              [
                4.471706266977868,
                52.19613650236746
              ],
              [
                4.471314726787643,
                52.19624660612981
              ],
              [
                4.470942631822722,
                52.19637976201473
              ],
              [
                4.470593565188784,
                52.19653468785601
              ],
              [
                4.4702708883500675,
                52.19670989184939
              ],
              [
                4.46997770876581,
                52.19690368691106
              ],
              [
                4.469716849967361,
                52.19711420691658
              ],
              [
                4.469490824364055,
                52.1973394246638
              ],
              [
                4.469301809039796,
                52.197577171387614
              ],
              [
                4.469151624773717,
                52.197825157638306
              ],
              [
                4.469041718487492,
                52.198080995323394
              ],
              [
                4.468973149288967,
                52.198342220700326
              ],
              [
                4.468946578247404,
                52.198606318099536
              ],
              [
                4.4689622619997005,
                52.198870744148444
              ],
              [
                4.4690200502503075,
                52.1991329522648
              ],
              [
                4.469119387189901,
                52.19939041718211
              ],
              [
                4.469259316820352,
                52.199640659271445
              ],
              [
                4.469438492135718,
                52.19988126842573
              ],
              [
                4.469655188071866,
                52.20010992727551
              ],
              [
                4.469907318100854,
                52.20032443351328
              ],
              [
                4.470192454311029,
                52.20052272111047
              ],
              [
                4.470507850779964,
                52.20070288022258
              ],
              [
                4.47085047001555,
                52.20086317559095
              ],
              [
                4.471217012210667,
                52.20100206326289
              ],
              [
                4.4716039470296955,
                52.20111820546925
              ],
              [
                4.472007547620409,
                52.20121048351584
              ],
              [
                4.472423926523209,
                52.20127800856397
              ],
              [
                4.47284907313122,
                52.201320130196216
              ],
              [
                4.47313285971328,
                52.201330900634844
              ],
              [
                4.4732319233701325,
                52.20143541789976
              ],
              [
                4.473484078121332,
                52.201649916505254
              ],
              [
                4.473769238743082,
                52.20184819547301
              ],
              [
                4.474084659077793,
                52.20202834504168
              ],
              [
                4.474427301403413,
                52.202188630044525
              ],
              [
                4.474793865690366,
                52.20232750662861
              ],
              [
                4.4751808213901745,
                52.20244363713165
              ],
              [
                4.47558444144942,
                52.20253590297217
              ],
              [
                4.476000838220914,
                52.20260341542902
              ],
              [
                4.4764260009256125,
                52.2026455242061
              ],
              [
                4.476855834303595,
                52.20266182369942
              ],
              [
                4.477286198080992,
                52.20265215690616
              ],
              [
                4.4777129468716375,
                52.20261661693772
              ],
              [
                4.47813197012818,
                52.20255554612256
              ],
              [
                4.478539231756659,
                52.20246953270705
              ],
              [
                4.478930809012122,
                52.202359405186584
              ],
              [
                4.479302930299567,
                52.202226224321
              ],
              [
                4.479652011515376,
                52.2020712729128
              ],
              [
                4.479974690578499,
                52.20189604344504
              ],
              [
                4.4802678598182855,
                52.20170222369985
              ],
              [
                4.480528695906677,
                52.2014916804952
              ],
              [
                4.4807546870464146,
                52.20126644169795
              ],
              [
                4.480943657153441,
                52.20102867668565
              ],
              [
                4.481093786800933,
                52.20078067544666
              ],
              [
                4.481203630723743,
                52.200524826519064
              ],
              [
                4.481272131715359,
                52.200263593982015
              ],
              [
                4.481298630784383,
                52.19999949372115
              ],
              [
                4.481282873473655,
                52.19973506919605
              ],
              [
                4.481225012282263,
                52.19947286694449
              ],
              [
                4.481125605168152,
                52.199215412058386
              ],
              [
                4.480985610146905,
                52.19896518386794
              ],
              [
                4.480806376039756,
                52.198724592068345
              ],
              [
                4.480589629460943,
                52.19849595351839
              ],
              [
                4.480337458170558,
                52.19828146993453
              ],
              [
                4.480052290954008,
                52.198083206694584
              ],
              [
                4.479736874222318,
                52.19790307295547
              ],
              [
                4.479394245559071,
                52.1977428032757
              ],
              [
                4.479027704468814,
                52.19760394091924
              ],
              [
                4.478640780608585,
                52.19748782300174
              ],
              [
                4.478237199808225,
                52.197395567620916
              ],
              [
                4.477820848206223,
                52.19732806309601
              ],
              [
                4.477395734845788,
                52.19728595941832
              ],
              [
                4.477111972919355,
                52.197275199277954
              ],
              [
                4.477012909330147,
                52.197170685192965
              ],
              [
                4.476760762757512,
                52.196956193975666
              ],
              [
                4.4764756199471325,
                52.196757922105554
              ],
              [
                4.476160227075079,
                52.19657777882264
              ]
            ]
          ]
        ]
      },
      "properties": {
        "type": "buffer_union_300m",
        "buffer_m": 300
      }
    },
    {
      "type": "Feature",
      "geometry": {
        "type": "MultiPolygon",
        "coordinates": [
          [
            [
              [
                4.474406093415155,
                52.17608823494385
              ],
              [
                4.474219579806292,
                52.175754585689965
              ],
              [
                4.473980773529959,
                52.17543378196985
              ],
              [
                4.473691975294602,
                52.17512891299362
              ],
              [
                4.47335596704597,
                52.17484291446471
              ],
              [
                4.472975985150079,
                52.17457854032106
              ],
              [
                4.472555689208989,
                52.174338336227784
              ],
              [
                4.472099126810383,
                52.17412461507671
              ],
              [
                4.471610694550618,
                52.173939434727274
              ],
              [
                4.471095095706522,
                52.17378457820351
              ],
              [
                4.470557294963055,
                52.17366153653641
              ],
              [
                4.4700024706319486,
                52.17357149441684
              ],
              [
                4.469435964820277,
                52.17351531879657
              ],
              [
                4.468863232027422,
                52.1734935505471
              ],
              [
                4.468289786663697,
                52.17350639925543
              ],
              [
                4.467721149994268,
                52.17355374120784
              ],
              [
                4.467162797017334,
                52.173635120580386
              ],
              [
                4.466620103786229,
                52.1737497538246
              ],
              [
                4.4660982956808395,
                52.173896537206645
              ],
              [
                4.465602397124788,
                52.17407405742717
              ],
              [
                4.4651371832310565,
                52.17428060522089
              ],
              [
                4.464707133840443,
                52.17451419180385
              ],
              [
                4.464316390394528,
                52.17477256801187
              ],
              [
                4.463968716057828,
                52.175053245945826
              ],
              [
                4.463667459472958,
                52.17535352291576
              ],
              [
                4.46357086068333,
                52.175475063130904
              ],
              [
                4.463432282137874,
                52.17558693414133
              ],
              [
                4.463131018322485,
                52.175887209696896
              ],
              [
                4.462879074503448,
                52.17620419304478
              ],
              [
                4.462678877850986,
                52.1765348317842
              ],
              [
                4.4625323573715985,
                52.17687594195106
              ],
              [
                4.462440925292152,
                52.17722423867108
              ],
              [
                4.4624054634149894,
                52.17757636778714
              ],
              [
                4.462426314577237,
                52.17792893815655
              ],
              [
                4.462503279298362,
                52.17827855430759
              ],
              [
                4.462635617650272,
                52.17862184914075
              ],
              [
                4.462822056333861,
                52.17895551635972
              ],
              [
                4.46306080089578,
                52.1792763423199
              ],
              [
                4.463349552969516,
                52.17958123698686
              ],
              [
                4.463685532376317,
                52.17986726370683
              ],
              [
                4.46406550387438,
                52.18013166750182
              ],
              [
                4.464485808299727,
                52.18037190161626
              ],
              [
                4.4649423977994225,
                52.18058565205927
              ],
              [
                4.465430874818121,
                52.18077085990509
              ],
              [
                4.465946534462328,
                52.18092574113665
              ],
              [
                4.466484409833888,
                52.18104880384096
              ],
              [
                4.46652847225602,
                52.18105595503021
              ],
              [
                4.4661561765600535,
                52.1813021086247
              ],
              [
                4.4658084626041346,
                52.1815827915693
              ],
              [
                4.465507173991311,
                52.18188307282176
              ],
              [
                4.465255212888374,
                52.182200060873576
              ],
              [
                4.4650550066323245,
                52.182530703278594
              ],
              [
                4.464908484322531,
                52.18287181603755
              ],
              [
                4.464817058203891,
                52.18322011425121
              ],
              [
                4.464781610021771,
                52.183572243747996
              ],
              [
                4.464802482481817,
                52.18392481338147
              ],
              [
                4.464879475898801,
                52.18427442768706
              ],
              [
                4.465011850068642,
                52.18461771958293
              ],
              [
                4.465198331347611,
                52.1849513828011
              ],
              [
                4.4653923617980125,
                52.18521206458914
              ],
              [
                4.465372388140296,
                52.18541049247749
              ],
              [
                4.465393266042276,
                52.18576306190666
              ],
              [
                4.465470267178473,
                52.18611267573329
              ],
              [
                4.465550813780022,
                52.18632154539501
              ],
              [
                4.465471853795782,
                52.18662234569506
              ],
              [
                4.465436407910986,
                52.18697447518562
              ],
              [
                4.465457286974398,
                52.18732704451028
              ],
              [
                4.465534291237416,
                52.18767665820728
              ],
              [
                4.465666680391728,
                52.18801994920071
              ],
              [
                4.4658531806494945,
                52.18835361123121
              ],
              [
                4.466091996964806,
                52.188674430704026
              ],
              [
                4.466380830280456,
                52.18897931764707
              ],
              [
                4.466716899635493,
                52.18926533548094
              ],
              [
                4.467096968921956,
                52.18952972931302
              ],
              [
                4.467517378034064,
                52.1897699524837
              ],
              [
                4.467974078110517,
                52.18998369110737
              ],
              [
                4.468462670530763,
                52.19016888637202
              ],
              [
                4.468978449289534,
                52.190323754381765
              ],
              [
                4.4695164463410295,
                52.19044680335076
              ],
              [
                4.470071479475228,
                52.19053684798241
              ],
              [
                4.4706382022639986,
                52.190593020894546
              ],
              [
                4.471211155594548,
                52.190614780980766
              ],
              [
                4.471784820292195,
                52.190601918626356
              ],
              [
                4.472353670323817,
                52.19055455772936
              ],
              [
                4.472912226067631,
                52.190473154506044
              ],
              [
                4.473455107134361,
                52.190358493093605
              ],
              [
                4.473977084229132,
                52.19021167799117
              ],
              [
                4.4744731295529405,
                52.190034123413724
              ],
              [
                4.474938465256711,
                52.189827539660456
              ],
              [
                4.475368609480004,
                52.189593916630386
              ],
              [
                4.4757594195300525,
                52.189335504643566
              ],
              [
                4.476107131784624,
                52.189054792753765
              ],
              [
                4.476408397934215,
                52.18875448476222
              ],
              [
                4.476660317214644,
                52.188437473163134
              ],
              [
                4.47686046432018,
                52.18810681127365
              ],
              [
                4.477006912729234,
                52.18776568381626
              ],
              [
                4.477098253219203,
                52.18741737623781
              ],
              [
                4.477133607393635,
                52.18706524306118
              ],
              [
                4.477112636093144,
                52.18671267557443
              ],
              [
                4.477035542610945,
                52.18636306916863
              ],
              [
                4.476954942085644,
                52.18615420722306
              ],
              [
                4.477033823797017,
                52.18585339903571
              ],
              [
                4.477069177163841,
                52.18550126578066
              ],
              [
                4.477048207032215,
                52.185148698189145
              ],
              [
                4.476971116683997,
                52.184799091653424
              ],
              [
                4.476838649825856,
                52.18445581297041
              ],
              [
                4.476652083377625,
                52.184122167921885
              ],
              [
                4.476457991689003,
                52.18386150445664
              ],
              [
                4.4764779152884735,
                52.183663074523494
              ],
              [
                4.476456950607418,
                52.183310506727054
              ],
              [
                4.476379867986428,
                52.18296089971143
              ],
              [
                4.4762474110576465,
                52.18261762027829
              ],
              [
                4.476060856645174,
                52.182283974216666
              ],
              [
                4.475822002422796,
                52.18196317447351
              ],
              [
                4.475533149560941,
                52.18165831022045
              ],
              [
                4.475197080531598,
                52.18137231711545
              ],
              [
                4.474817032286203,
                52.18110794904414
              ],
              [
                4.474396665065779,
                52.18086775161306
              ],
              [
                4.473940027144359,
                52.18065403764987
              ],
              [
                4.473451515845432,
                52.18046886494471
              ],
              [
                4.47293583520675,
                52.180314016447966
              ],
              [
                4.472397950700665,
                52.18019098311323
              ],
              [
                4.472353888177595,
                52.18018383411438
              ],
              [
                4.472726140408399,
                52.17993766081764
              ],
              [
                4.473073798056172,
                52.17965695727846
              ],
              [
                4.47337502070318,
                52.179356656438046
              ],
              [
                4.47347160129552,
                52.1792351082361
              ],
              [
                4.473610166122244,
                52.17912322547412
              ],
              [
                4.473911381538453,
                52.17882292321988
              ],
              [
                4.4741632619953045,
                52.17850591631343
              ],
              [
                4.474363382560462,
                52.17817525802665
              ],
              [
                4.474509816967347,
                52.177834133047206
              ],
              [
                4.474601156127562,
                52.17748582679814
              ],
              [
                4.47463652165678,
                52.177133693789585
              ],
              [
                4.474615574285575,
                52.17678112530791
              ],
              [
                4.47453851707603,
                52.176431516753816
              ],
              [
                4.474406093415155,
                52.17608823494385
              ]
            ]
          ],
          [
            [
              [
                4.456334193118396,
                52.17673700063007
              ],
              [
                4.456095510511352,
                52.17641616106829
              ],
              [
                4.455806828498921,
                52.17611124865205
              ],
              [
                4.455470927908255,
                52.1758251995032
              ],
              [
                4.455091044069296,
                52.17556076804729
              ],
              [
                4.454670835640524,
                52.17532050050145
              ],
              [
                4.454214349367576,
                52.175106710368524
              ],
              [
                4.453725981114388,
                52.174921456172235
              ],
              [
                4.4532104335420195,
                52.17476652164763
              ],
              [
                4.452672670842215,
                52.17464339857674
              ],
              [
                4.452117870960761,
                52.17455327243419
              ],
              [
                4.451551375769596,
                52.17449701098078
              ],
              [
                4.450978639665995,
                52.174475155914266
              ],
              [
                4.450405177092182,
                52.17448791765751
              ],
              [
                4.449836509478949,
                52.174535173334135
              ],
              [
                4.449278112122242,
                52.17461646795074
              ],
              [
                4.448735361502396,
                52.174731018774956
              ],
              [
                4.448213483551472,
                52.17487772286639
              ],
              [
                4.447717503365126,
                52.17505516768923
              ],
              [
                4.4472521968418,
                52.17526164470411
              ],
              [
                4.446822044713628,
                52.1754951658087
              ],
              [
                4.446431189410853,
                52.17575348246941
              ],
              [
                4.446083395174479,
                52.17603410736049
              ],
              [
                4.445782011801115,
                52.17633433830303
              ],
              [
                4.445529942369236,
                52.17665128427317
              ],
              [
                4.445329615258213,
                52.17698189323013
              ],
              [
                4.445182960730484,
                52.17732298149695
              ],
              [
                4.445091392303528,
                52.17767126441042
              ],
              [
                4.44505579309259,
                52.17802338794669
              ],
              [
                4.445076507257324,
                52.178375961017
              ],
              [
                4.445153336636645,
                52.178725588123854
              ],
              [
                4.445285542606093,
                52.1790689020625
              ],
              [
                4.445471853141833,
                52.17940259635293
              ],
              [
                4.445710475025119,
                52.17972345708994
              ],
              [
                4.445999111071473,
                52.18002839390432
              ],
              [
                4.446334982220198,
                52.18031446973661
              ],
              [
                4.446714854272791,
                52.18057892913585
              ],
              [
                4.447135069023705,
                52.18081922481108
              ],
              [
                4.447591579484354,
                52.18103304217846
              ],
              [
                4.44807998886128,
                52.18121832166759
              ],
              [
                4.448595592913062,
                52.181373278571506
              ],
              [
                4.449133425277488,
                52.18149642024811
              ],
              [
                4.4496883053315885,
                52.181586560507824
              ],
              [
                4.450254888122443,
                52.18164283104729
              ],
              [
                4.450827715886374,
                52.181664689819605
              ],
              [
                4.45140127065869,
                52.18165192625946
              ],
              [
                4.451970027465469,
                52.18160466331303
              ],
              [
                4.452528507583109,
                52.181523356253166
              ],
              [
                4.453071331350814,
                52.18140878829045
              ],
              [
                4.453593270025493,
                52.18126206302381
              ],
              [
                4.454089296177912,
                52.18108459380281
              ],
              [
                4.454554632143179,
                52.180878090104436
              ],
              [
                4.45498479605772,
                52.180644541056516
              ],
              [
                4.455375645038352,
                52.18038619626646
              ],
              [
                4.4557234150870215,
                52.18010554414093
              ],
              [
                4.456024757336647,
                52.1798052879055
              ],
              [
                4.456276770289112,
                52.1794883195561
              ],
              [
                4.456477027735515,
                52.179157691993375
              ],
              [
                4.4566236020905965,
                52.17881658960945
              ],
              [
                4.456715082917863,
                52.1784682976099
              ],
              [
                4.456750590468477,
                52.17811617036785
              ],
              [
                4.45672978410524,
                52.17776359911445
              ],
              [
                4.456652865532372,
                52.177413979277325
              ],
              [
                4.456520576801994,
                52.17707067778193
              ],
              [
                4.456334193118396,
                52.17673700063007
              ]
            ]
          ],
          [
            [
              [
                4.476645383600758,
                52.19567653175837
              ],
              [
                4.47615669674716,
                52.19549137032813
              ],
              [
                4.475640833172315,
                52.195336533631476
              ],
              [
                4.475102760109628,
                52.195213512508275
              ],
              [
                4.474547658492171,
                52.19512349145147
              ],
              [
                4.473980873096062,
                52.19506733721001
              ],
              [
                4.473407861111757,
                52.19504559044947
              ],
              [
                4.472834139636852,
                52.1950584605499
              ],
              [
                4.472265232594147,
                52.19510582359174
              ],
              [
                4.471706617584306,
                52.19518722354796
              ],
              [
                4.471163673182938,
                52.195301876672076
              ],
              [
                4.470641627187783,
                52.19544867903888
              ],
              [
                4.470145506312638,
                52.19562621716649
              ],
              [
                4.469680087810974,
                52.19583278161731
              ],
              [
                4.469249853493784,
                52.19606638344714
              ],
              [
                4.468858946583591,
                52.19632477334524
              ],
              [
                4.468511131819452,
                52.19660546328082
              ],
              [
                4.468209759196951,
                52.19690575044849
              ],
              [
                4.467957731692502,
                52.197222743282985
              ],
              [
                4.467757477283308,
                52.19755338929222
              ],
              [
                4.467610925533332,
                52.19789450444215
              ],
              [
                4.467519488971953,
                52.198242803810594
              ],
              [
                4.4674840494461145,
                52.1985949332149
              ],
              [
                4.467504949579145,
                52.19894750150952
              ],
              [
                4.467581989420328,
                52.19929711324262
              ],
              [
                4.467714428319459,
                52.199640401357165
              ],
              [
                4.467900992010312,
                52.19997405962141
              ],
              [
                4.468139884836658,
                52.20029487447677
              ],
              [
                4.468428807004906,
                52.200599755995576
              ],
              [
                4.468764976698734,
                52.200885767650526
              ],
              [
                4.469145156844036,
                52.20115015460841
              ],
              [
                4.469565686267411,
                52.20139037027572
              ],
              [
                4.47002251494876,
                52.201604100838985
              ],
              [
                4.470511243028703,
                52.20178928756373
              ],
              [
                4.4710271631950596,
                52.201944146636194
              ],
              [
                4.471565306039642,
                52.202067186356615
              ],
              [
                4.4721204879477,
                52.20215722151738
              ],
              [
                4.472298982855039,
                52.20217490632144
              ],
              [
                4.472341747477598,
                52.20221128515017
              ],
              [
                4.47272196017287,
                52.202475660602374
              ],
              [
                4.473142521418637,
                52.20271586354518
              ],
              [
                4.473599380888176,
                52.20292958028769
              ],
              [
                4.474088138425429,
                52.203114752228565
              ],
              [
                4.474604086434347,
                52.2032695956964
              ],
              [
                4.475142255238429,
                52.20339261914178
              ],
              [
                4.475697460972758,
                52.20348263751384
              ],
              [
                4.476264355546074,
                52.2035387836833
              ],
              [
                4.476837478190286,
                52.20356051680134
              ],
              [
                4.477411308099219,
                52.20354762751306
              ],
              [
                4.477980317647794,
                52.20350023997598
              ],
              [
                4.4785390256772075,
                52.20341881066307
              ],
              [
                4.479082050330887,
                52.20330412396281
              ],
              [
                4.479604160930581,
                52.20315728461805
              ],
              [
                4.480100328391155,
                52.20297970707741
              ],
              [
                4.480565773687053,
                52.20277310186136
              ],
              [
                4.480996013902346,
                52.20253945907568
              ],
              [
                4.481386905419931,
                52.202281029230925
              ],
              [
                4.481734683833296,
                52.20200030155293
              ],
              [
                4.48203600019626,
                52.20169997999498
              ],
              [
                4.482287953261664,
                52.201382957182155
              ],
              [
                4.482488117399142,
                52.20105228653953
              ],
              [
                4.482634565923905,
                52.20071115287385
              ],
              [
                4.482725889613128,
                52.200362841691906
              ],
              [
                4.48276121023308,
                52.200010707551165
              ],
              [
                4.482740188948435,
                52.199658141748884
              ],
              [
                4.482663029534654,
                52.199308539659825
              ],
              [
                4.482530476364453,
                52.19896526803798
              ],
              [
                4.4823438071896815,
                52.198631632597106
              ],
              [
                4.482104820790072,
                52.198310846181705
              ],
              [
                4.481815819609533,
                52.19800599783484
              ],
              [
                4.4814795875487725,
                52.19772002306119
              ],
              [
                4.481099363129412,
                52.19745567556952
              ],
              [
                4.480678808289009,
                52.19721550076822
              ],
              [
                4.480221973108137,
                52.197001811266674
              ],
              [
                4.479733256809453,
                52.19681666461947
              ],
              [
                4.4792173654042315,
                52.19666184352583
              ],
              [
                4.47867926639372,
                52.196538838675494
              ],
              [
                4.478124140960714,
                52.196448834404684
              ],
              [
                4.477945666605355,
                52.19643115843896
              ],
              [
                4.477902902913147,
                52.196394781605626
              ],
              [
                4.477522711034152,
                52.19613042260693
              ],
              [
                4.477102188005233,
                52.195890235080526
              ],
              [
                4.476645383600758,
                52.19567653175837
              ]
            ]
          ]
        ]
      },
      "properties": {
        "type": "buffer_union_400m",
        "buffer_m": 400
      }
    },
    {
      "type": "Feature",
      "geometry": {
        "type": "Polygon",
        "coordinates": [
          [
            [
              4.434947,
              52.180856
            ],
            [
              4.435705,
              52.181212
            ],
            [
              4.43579,
              52.18124
            ],
            [
              4.435851,
              52.181251
            ],
            [
              4.4359,
              52.18125
            ],
            [
              4.436009,
              52.181217
            ],
            [
              4.436055,
              52.181207
            ],
            [
              4.436482,
              52.181393
            ],
            [
              4.436709,
              52.181479
            ],
            [
              4.437566,
              52.181688
            ],
            [
              4.437752,
              52.181728
            ],
            [
              4.437875,
              52.181697
            ],
            [
              4.438035,
              52.181664
            ],
            [
              4.438207,
              52.181623
            ],
            [
              4.438313,
              52.181599
            ],
            [
              4.438458,
              52.181563
            ],
            [
              4.438585,
              52.181531
            ],
            [
              4.438868,
              52.181447
            ],
            [
              4.439105,
              52.181374
            ],
            [
              4.439363,
              52.181288
            ],
            [
              4.439679,
              52.181173
            ],
            [
              4.439849,
              52.181116
            ],
            [
              4.440065,
              52.181069
            ],
            [
              4.440205,
              52.181093
            ],
            [
              4.440586,
              52.181152
            ],
            [
              4.441289,
              52.181264
            ],
            [
              4.442018,
              52.181378
            ],
            [
              4.442855,
              52.181505
            ],
            [
              4.443481,
              52.181606
            ],
            [
              4.443904,
              52.181684
            ],
            [
              4.444265,
              52.181758
            ],
            [
              4.445022,
              52.181914
            ],
            [
              4.445525,
              52.182016
            ],
            [
              4.446363,
              52.182189
            ],
            [
              4.448283,
              52.182594
            ],
            [
              4.448347,
              52.182608
            ],
            [
              4.448763,
              52.182655
            ],
            [
              4.44937,
              52.182712
            ],
            [
              4.449788,
              52.18274
            ],
            [
              4.450707,
              52.182814
            ],
            [
              4.45194,
              52.18289
            ],
            [
              4.451938,
              52.183028
            ],
            [
              4.45194,
              52.183045
            ],
            [
              4.451948,
              52.183065
            ],
            [
              4.451963,
              52.18308
            ],
            [
              4.451973,
              52.183084
            ],
            [
              4.451989,
              52.183088
            ],
            [
              4.45201,
              52.183092
            ],
            [
              4.452213,
              52.183088
            ],
            [
              4.452395,
              52.183085
            ],
            [
              4.452483,
              52.183086
            ],
            [
              4.452613,
              52.183102
            ],
            [
              4.454603,
              52.183571
            ],
            [
              4.454758,
              52.183635
            ],
            [
              4.454948,
              52.183628
            ],
            [
              4.454948,
              52.18366
            ],
            [
              4.455817,
              52.183642
            ],
            [
              4.457838,
              52.18362
            ],
            [
              4.458206,
              52.183632
            ],
            [
              4.458172,
              52.183468
            ],
            [
              4.458623,
              52.183456
            ],
            [
              4.458993,
              52.184139
            ],
            [
              4.4597,
              52.185446
            ],
            [
              4.460318,
              52.18659
            ],
            [
              4.460953,
              52.187764
            ],
            [
              4.461293,
              52.188391
            ],
            [
              4.461715,
              52.189171
            ],
            [
              4.462456,
              52.190539
            ],
            [
              4.462666,
              52.190959
            ],
            [
              4.463231,
              52.192072
            ],
            [
              4.463533,
              52.19267
            ],
            [
              4.46349,
              52.192735
            ],
            [
              4.462753,
              52.193014
            ],
            [
              4.46276,
              52.193045
            ],
            [
              4.462658,
              52.193071
            ],
            [
              4.462704,
              52.193147
            ],
            [
              4.462772,
              52.19326
            ],
            [
              4.463645,
              52.193433
            ],
            [
              4.463774,
              52.193641
            ],
            [
              4.464011,
              52.194019
            ],
            [
              4.464095,
              52.194152
            ],
            [
              4.464029,
              52.194153
            ],
            [
              4.464103,
              52.194305
            ],
            [
              4.464157,
              52.194414
            ],
            [
              4.464255,
              52.194634
            ],
            [
              4.464364,
              52.194947
            ],
            [
              4.464441,
              52.195038
            ],
            [
              4.464556,
              52.19512
            ],
            [
              4.464725,
              52.195184
            ],
            [
              4.464819,
              52.19515
            ],
            [
              4.464918,
              52.195114
            ],
            [
              4.465465,
              52.195687
            ],
            [
              4.465736,
              52.195966
            ],
            [
              4.466088,
              52.196335
            ],
            [
              4.46637,
              52.196886
            ],
            [
              4.466321,
              52.197183
            ],
            [
              4.466176,
              52.197414
            ],
            [
              4.465691,
              52.197327
            ],
            [
              4.465424,
              52.197291
            ],
            [
              4.465218,
              52.197269
            ],
            [
              4.46509,
              52.197258
            ],
            [
              4.464982,
              52.19726
            ],
            [
              4.46482,
              52.197267
            ],
            [
              4.464616,
              52.197277
            ],
            [
              4.464395,
              52.197292
            ],
            [
              4.464123,
              52.197313
            ],
            [
              4.463859,
              52.19733
            ],
            [
              4.463645,
              52.19734
            ],
            [
              4.463508,
              52.19734
            ],
            [
              4.463319,
              52.197336
            ],
            [
              4.463142,
              52.197327
            ],
            [
              4.462984,
              52.197314
            ],
            [
              4.462835,
              52.197298
            ],
            [
              4.462669,
              52.197273
            ],
            [
              4.462499,
              52.197246
            ],
            [
              4.462224,
              52.197195
            ],
            [
              4.462102,
              52.197174
            ],
            [
              4.461964,
              52.197149
            ],
            [
              4.461903,
              52.197139
            ],
            [
              4.461761,
              52.197106
            ],
            [
              4.462157,
              52.197557
            ],
            [
              4.462212,
              52.197632
            ],
            [
              4.462249,
              52.197699
            ],
            [
              4.462339,
              52.197866
            ],
            [
              4.462375,
              52.197922
            ],
            [
              4.462469,
              52.198033
            ],
            [
              4.462645,
              52.19818
            ],
            [
              4.462771,
              52.198277
            ],
            [
              4.46285,
              52.198353
            ],
            [
              4.462894,
              52.198417
            ],
            [
              4.462939,
              52.198567
            ],
            [
              4.462989,
              52.198753
            ],
            [
              4.463047,
              52.198845
            ],
            [
              4.463487,
              52.199373
            ],
            [
              4.463502,
              52.199419
            ],
            [
              4.463455,
              52.199486
            ],
            [
              4.463214,
              52.19977
            ],
            [
              4.463253,
              52.199979
            ],
            [
              4.463308,
              52.200075
            ],
            [
              4.463377,
              52.200143
            ],
            [
              4.463471,
              52.200202
            ],
            [
              4.463965,
              52.200314
            ],
            [
              4.464777,
              52.200213
            ],
            [
              4.465289,
              52.200292
            ],
            [
              4.4653,
              52.200294
            ],
            [
              4.465778,
              52.200378
            ],
            [
              4.465985,
              52.200443
            ],
            [
              4.466307,
              52.200549
            ],
            [
              4.46644,
              52.200635
            ],
            [
              4.466636,
              52.2009
            ],
            [
              4.467204,
              52.201344
            ],
            [
              4.467265,
              52.201413
            ],
            [
              4.467306,
              52.201655
            ],
            [
              4.467368,
              52.201782
            ],
            [
              4.46743,
              52.201866
            ],
            [
              4.467482,
              52.2019
            ],
            [
              4.46766,
              52.201933
            ],
            [
              4.468447,
              52.201963
            ],
            [
              4.469039,
              52.202041
            ],
            [
              4.469207,
              52.202067
            ],
            [
              4.469777,
              52.20217
            ],
            [
              4.47024,
              52.202267
            ],
            [
              4.470273,
              52.202253
            ],
            [
              4.470337,
              52.202209
            ],
            [
              4.470394,
              52.202131
            ],
            [
              4.470436,
              52.202042
            ],
            [
              4.470452,
              52.201943
            ],
            [
              4.470457,
              52.201854
            ],
            [
              4.470469,
              52.201783
            ],
            [
              4.470536,
              52.201701
            ],
            [
              4.470613,
              52.201643
            ],
            [
              4.470709,
              52.201595
            ],
            [
              4.470811,
              52.201557
            ],
            [
              4.470952,
              52.201542
            ],
            [
              4.471157,
              52.20154
            ],
            [
              4.471379,
              52.20157
            ],
            [
              4.471505,
              52.201597
            ],
            [
              4.471609,
              52.201634
            ],
            [
              4.471749,
              52.201712
            ],
            [
              4.471808,
              52.201759
            ],
            [
              4.471847,
              52.201808
            ],
            [
              4.471878,
              52.201891
            ],
            [
              4.471943,
              52.202055
            ],
            [
              4.471968,
              52.202095
            ],
            [
              4.472418,
              52.202463
            ],
            [
              4.472826,
              52.202656
            ],
            [
              4.473696,
              52.202838
            ],
            [
              4.474221,
              52.20295
            ],
            [
              4.476248,
              52.203226
            ],
            [
              4.476521,
              52.203356
            ],
            [
              4.476677,
              52.203482
            ],
            [
              4.477268,
              52.203831
            ],
            [
              4.477571,
              52.204079
            ],
            [
              4.477774,
              52.204249
            ],
            [
              4.477963,
              52.20454
            ],
            [
              4.477994,
              52.204575
            ],
            [
              4.478035,
              52.204606
            ],
            [
              4.478285,
              52.204745
            ],
            [
              4.478392,
              52.204791
            ],
            [
              4.478421,
              52.204799
            ],
            [
              4.478459,
              52.204797
            ],
            [
              4.478493,
              52.204788
            ],
            [
              4.478535,
              52.204768
            ],
            [
              4.478665,
              52.204669
            ],
            [
              4.478679,
              52.204637
            ],
            [
              4.478743,
              52.204496
            ],
            [
              4.478838,
              52.204323
            ],
            [
              4.478898,
              52.204223
            ],
            [
              4.478957,
              52.204143
            ],
            [
              4.478998,
              52.2041
            ],
            [
              4.479048,
              52.204046
            ],
            [
              4.47914,
              52.203972
            ],
            [
              4.479237,
              52.203867
            ],
            [
              4.479333,
              52.20375
            ],
            [
              4.479408,
              52.203658
            ],
            [
              4.479466,
              52.203553
            ],
            [
              4.479547,
              52.203414
            ],
            [
              4.479559,
              52.203388
            ],
            [
              4.479618,
              52.203269
            ],
            [
              4.479708,
              52.203072
            ],
            [
              4.479728,
              52.202959
            ],
            [
              4.479728,
              52.202823
            ],
            [
              4.479735,
              52.202594
            ],
            [
              4.479726,
              52.202562
            ],
            [
              4.47971,
              52.20253
            ],
            [
              4.479499,
              52.202397
            ],
            [
              4.479678,
              52.202269
            ],
            [
              4.479806,
              52.202177
            ],
            [
              4.479974,
              52.202056
            ],
            [
              4.480036,
              52.202019
            ],
            [
              4.480088,
              52.201996
            ],
            [
              4.480131,
              52.20198
            ],
            [
              4.480166,
              52.201968
            ],
            [
              4.480201,
              52.201961
            ],
            [
              4.48026,
              52.201951
            ],
            [
              4.480272,
              52.201949
            ],
            [
              4.481586,
              52.202446
            ],
            [
              4.482157,
              52.202649
            ],
            [
              4.48242,
              52.20274
            ],
            [
              4.482682,
              52.202823
            ],
            [
              4.482676,
              52.202831
            ],
            [
              4.482794,
              52.202872
            ],
            [
              4.482899,
              52.202903
            ],
            [
              4.483004,
              52.202929
            ],
            [
              4.483107,
              52.202949
            ],
            [
              4.483248,
              52.202965
            ],
            [
              4.483376,
              52.202973
            ],
            [
              4.48348,
              52.202977
            ],
            [
              4.483604,
              52.202975
            ],
            [
              4.483752,
              52.202953
            ],
            [
              4.483879,
              52.202952
            ],
            [
              4.483968,
              52.202954
            ],
            [
              4.484089,
              52.202968
            ],
            [
              4.484354,
              52.20301
            ],
            [
              4.484646,
              52.203123
            ],
            [
              4.484722,
              52.203152
            ],
            [
              4.484916,
              52.203226
            ],
            [
              4.485127,
              52.203338
            ],
            [
              4.485325,
              52.203443
            ],
            [
              4.485479,
              52.203524
            ],
            [
              4.486258,
              52.203936
            ],
            [
              4.486716,
              52.204179
            ],
            [
              4.486728,
              52.204185
            ],
            [
              4.487239,
              52.203688
            ],
            [
              4.487411,
              52.203521
            ],
            [
              4.487914,
              52.20303
            ],
            [
              4.487947,
              52.202997
            ],
            [
              4.48793,
              52.202987
            ],
            [
              4.488033,
              52.202923
            ],
            [
              4.488881,
              52.203409
            ],
            [
              4.489852,
              52.203978
            ],
            [
              4.490612,
              52.20343
            ],
            [
              4.490936,
              52.20353
            ],
            [
              4.490989,
              52.203546
            ],
            [
              4.491222,
              52.203618
            ],
            [
              4.491447,
              52.203687
            ],
            [
              4.491538,
              52.203425
            ],
            [
              4.491605,
              52.203231
            ],
            [
              4.491619,
              52.20319
            ],
            [
              4.491821,
              52.202602
            ],
            [
              4.492149,
              52.201655
            ],
            [
              4.492241,
              52.201298
            ],
            [
              4.492474,
              52.199476
            ],
            [
              4.492499,
              52.199174
            ],
            [
              4.492503,
              52.19912
            ],
            [
              4.492646,
              52.197583
            ],
            [
              4.492656,
              52.197532
            ],
            [
              4.492689,
              52.197355
            ],
            [
              4.492729,
              52.197155
            ],
            [
              4.492758,
              52.196999
            ],
            [
              4.493012,
              52.196191
            ],
            [
              4.493155,
              52.195789
            ],
            [
              4.493097,
              52.195783
            ],
            [
              4.493384,
              52.195105
            ],
            [
              4.493439,
              52.194967
            ],
            [
              4.493341,
              52.194859
            ],
            [
              4.493256,
              52.194797
            ],
            [
              4.49319,
              52.194745
            ],
            [
              4.493181,
              52.194739
            ],
            [
              4.492899,
              52.194598
            ],
            [
              4.492771,
              52.194536
            ],
            [
              4.492708,
              52.194481
            ],
            [
              4.492649,
              52.194397
            ],
            [
              4.492516,
              52.194235
            ],
            [
              4.492476,
              52.19418
            ],
            [
              4.492453,
              52.194176
            ],
            [
              4.492428,
              52.194172
            ],
            [
              4.492158,
              52.194294
            ],
            [
              4.490433,
              52.193139
            ],
            [
              4.490391,
              52.193091
            ],
            [
              4.490233,
              52.192917
            ],
            [
              4.490173,
              52.192856
            ],
            [
              4.490139,
              52.192823
            ],
            [
              4.49006,
              52.192756
            ],
            [
              4.49,
              52.192705
            ],
            [
              4.489937,
              52.192645
            ],
            [
              4.489895,
              52.192604
            ],
            [
              4.489843,
              52.192555
            ],
            [
              4.489833,
              52.192545
            ],
            [
              4.489771,
              52.192491
            ],
            [
              4.489722,
              52.192449
            ],
            [
              4.489691,
              52.192421
            ],
            [
              4.489681,
              52.192413
            ],
            [
              4.489616,
              52.192354
            ],
            [
              4.489523,
              52.19228
            ],
            [
              4.489459,
              52.192229
            ],
            [
              4.489409,
              52.192186
            ],
            [
              4.489348,
              52.192133
            ],
            [
              4.489288,
              52.192076
            ],
            [
              4.489228,
              52.192017
            ],
            [
              4.489168,
              52.191956
            ],
            [
              4.489118,
              52.191905
            ],
            [
              4.489086,
              52.191872
            ],
            [
              4.489036,
              52.191818
            ],
            [
              4.489001,
              52.19178
            ],
            [
              4.488941,
              52.191715
            ],
            [
              4.488884,
              52.191651
            ],
            [
              4.488862,
              52.191628
            ],
            [
              4.488832,
              52.191596
            ],
            [
              4.48875,
              52.191507
            ],
            [
              4.488704,
              52.19146
            ],
            [
              4.488696,
              52.191453
            ],
            [
              4.488634,
              52.191393
            ],
            [
              4.488521,
              52.191297
            ],
            [
              4.488487,
              52.19127
            ],
            [
              4.488438,
              52.191231
            ],
            [
              4.488382,
              52.19118
            ],
            [
              4.488334,
              52.191139
            ],
            [
              4.488273,
              52.191083
            ],
            [
              4.488265,
              52.191077
            ],
            [
              4.48822,
              52.191036
            ],
            [
              4.488161,
              52.190985
            ],
            [
              4.488107,
              52.190945
            ],
            [
              4.48809,
              52.190932
            ],
            [
              4.488025,
              52.190875
            ],
            [
              4.487989,
              52.190842
            ],
            [
              4.487972,
              52.190827
            ],
            [
              4.487923,
              52.19078
            ],
            [
              4.487886,
              52.190737
            ],
            [
              4.487854,
              52.19069
            ],
            [
              4.487844,
              52.190677
            ],
            [
              4.48782,
              52.190645
            ],
            [
              4.487812,
              52.190634
            ],
            [
              4.487792,
              52.190596
            ],
            [
              4.487777,
              52.190562
            ],
            [
              4.487764,
              52.190521
            ],
            [
              4.48776,
              52.1905
            ],
            [
              4.487756,
              52.190482
            ],
            [
              4.487743,
              52.190441
            ],
            [
              4.487735,
              52.190396
            ],
            [
              4.487736,
              52.190331
            ],
            [
              4.487737,
              52.190313
            ],
            [
              4.487738,
              52.19029
            ],
            [
              4.487741,
              52.190247
            ],
            [
              4.487742,
              52.190233
            ],
            [
              4.487745,
              52.190189
            ],
            [
              4.487753,
              52.190144
            ],
            [
              4.48777,
              52.190082
            ],
            [
              4.487774,
              52.190069
            ],
            [
              4.487791,
              52.190011
            ],
            [
              4.487813,
              52.189959
            ],
            [
              4.487826,
              52.189926
            ],
            [
              4.487859,
              52.189851
            ],
            [
              4.487861,
              52.189847
            ],
            [
              4.48791,
              52.189764
            ],
            [
              4.487922,
              52.189749
            ],
            [
              4.487939,
              52.189727
            ],
            [
              4.487968,
              52.18969
            ],
            [
              4.487997,
              52.189654
            ],
            [
              4.488,
              52.189649
            ],
            [
              4.488042,
              52.189591
            ],
            [
              4.488079,
              52.189542
            ],
            [
              4.488126,
              52.18948
            ],
            [
              4.488159,
              52.189434
            ],
            [
              4.488159,
              52.189433
            ],
            [
              4.488185,
              52.189397
            ],
            [
              4.488224,
              52.189328
            ],
            [
              4.488262,
              52.189259
            ],
            [
              4.488301,
              52.18918
            ],
            [
              4.488326,
              52.189131
            ],
            [
              4.48834,
              52.189103
            ],
            [
              4.488375,
              52.189038
            ],
            [
              4.488423,
              52.188974
            ],
            [
              4.488469,
              52.188915
            ],
            [
              4.488504,
              52.188872
            ],
            [
              4.488558,
              52.18881
            ],
            [
              4.488593,
              52.188772
            ],
            [
              4.488694,
              52.188676
            ],
            [
              4.488788,
              52.188593
            ],
            [
              4.488955,
              52.188458
            ],
            [
              4.48905,
              52.18838
            ],
            [
              4.489126,
              52.188315
            ],
            [
              4.489274,
              52.188188
            ],
            [
              4.489339,
              52.188133
            ],
            [
              4.489376,
              52.188101
            ],
            [
              4.489572,
              52.187934
            ],
            [
              4.489641,
              52.187868
            ],
            [
              4.489701,
              52.187804
            ],
            [
              4.48976,
              52.187748
            ],
            [
              4.489802,
              52.187703
            ],
            [
              4.489822,
              52.187674
            ],
            [
              4.489835,
              52.187655
            ],
            [
              4.489863,
              52.187608
            ],
            [
              4.48992,
              52.187566
            ],
            [
              4.490119,
              52.187417
            ],
            [
              4.490242,
              52.187325
            ],
            [
              4.490334,
              52.187251
            ],
            [
              4.490476,
              52.187126
            ],
            [
              4.490587,
              52.187014
            ],
            [
              4.490833,
              52.186754
            ],
            [
              4.490905,
              52.186663
            ],
            [
              4.490926,
              52.186634
            ],
            [
              4.490995,
              52.186521
            ],
            [
              4.491088,
              52.186353
            ],
            [
              4.491099,
              52.186316
            ],
            [
              4.491154,
              52.186127
            ],
            [
              4.491201,
              52.185947
            ],
            [
              4.491226,
              52.185808
            ],
            [
              4.491258,
              52.185629
            ],
            [
              4.491264,
              52.185594
            ],
            [
              4.491295,
              52.185422
            ],
            [
              4.491299,
              52.185407
            ],
            [
              4.491305,
              52.18538
            ],
            [
              4.491293,
              52.185215
            ],
            [
              4.491291,
              52.185188
            ],
            [
              4.491288,
              52.185156
            ],
            [
              4.491263,
              52.185023
            ],
            [
              4.491235,
              52.184883
            ],
            [
              4.491228,
              52.184847
            ],
            [
              4.49121,
              52.184761
            ],
            [
              4.491209,
              52.184754
            ],
            [
              4.491163,
              52.184619
            ],
            [
              4.49106,
              52.184362
            ],
            [
              4.491049,
              52.184341
            ],
            [
              4.490975,
              52.184188
            ],
            [
              4.490967,
              52.184175
            ],
            [
              4.490894,
              52.184049
            ],
            [
              4.490845,
              52.183963
            ],
            [
              4.490816,
              52.183907
            ],
            [
              4.490767,
              52.183812
            ],
            [
              4.490762,
              52.183801
            ],
            [
              4.490697,
              52.183684
            ],
            [
              4.490637,
              52.183574
            ],
            [
              4.490452,
              52.183237
            ],
            [
              4.490426,
              52.183191
            ],
            [
              4.490329,
              52.183014
            ],
            [
              4.490293,
              52.182948
            ],
            [
              4.490226,
              52.182826
            ],
            [
              4.490224,
              52.182822
            ],
            [
              4.490078,
              52.182556
            ],
            [
              4.490071,
              52.182544
            ],
            [
              4.489869,
              52.182231
            ],
            [
              4.489525,
              52.181698
            ],
            [
              4.489684,
              52.181595
            ],
            [
              4.489839,
              52.181508
            ],
            [
              4.490415,
              52.18119
            ],
            [
              4.490622,
              52.181071
            ],
            [
              4.49066,
              52.181057
            ],
            [
              4.490687,
              52.181049
            ],
            [
              4.490831,
              52.181026
            ],
            [
              4.491119,
              52.180986
            ],
            [
              4.491397,
              52.180955
            ],
            [
              4.491431,
              52.180951
            ],
            [
              4.491609,
              52.181002
            ],
            [
              4.491876,
              52.18107
            ],
            [
              4.492122,
              52.181142
            ],
            [
              4.492477,
              52.181247
            ],
            [
              4.492651,
              52.1813
            ],
            [
              4.49271,
              52.181336
            ],
            [
              4.492761,
              52.181396
            ],
            [
              4.492895,
              52.181541
            ],
            [
              4.493198,
              52.181585
            ],
            [
              4.49349,
              52.181634
            ],
            [
              4.493758,
              52.181635
            ],
            [
              4.4938,
              52.181635
            ],
            [
              4.494188,
              52.181638
            ],
            [
              4.494325,
              52.181669
            ],
            [
              4.494329,
              52.18167
            ],
            [
              4.494129,
              52.182046
            ],
            [
              4.494795,
              52.182498
            ],
            [
              4.494808,
              52.182505
            ],
            [
              4.494899,
              52.18255
            ],
            [
              4.495256,
              52.183939
            ],
            [
              4.495526,
              52.183944
            ],
            [
              4.495569,
              52.183945
            ],
            [
              4.495923,
              52.183951
            ],
            [
              4.496239,
              52.183957
            ],
            [
              4.496437,
              52.183961
            ],
            [
              4.496572,
              52.183964
            ],
            [
              4.496707,
              52.183966
            ],
            [
              4.496795,
              52.183968
            ],
            [
              4.49693,
              52.183971
            ],
            [
              4.497393,
              52.183979
            ],
            [
              4.497562,
              52.183983
            ],
            [
              4.497578,
              52.183821
            ],
            [
              4.497592,
              52.183514
            ],
            [
              4.497584,
              52.183278
            ],
            [
              4.49757,
              52.182927
            ],
            [
              4.497519,
              52.182295
            ],
            [
              4.497493,
              52.182295
            ],
            [
              4.497419,
              52.181863
            ],
            [
              4.497414,
              52.18183
            ],
            [
              4.497408,
              52.181793
            ],
            [
              4.497402,
              52.181762
            ],
            [
              4.497314,
              52.181376
            ],
            [
              4.497201,
              52.181028
            ],
            [
              4.497174,
              52.180943
            ],
            [
              4.497143,
              52.180867
            ],
            [
              4.497089,
              52.180729
            ],
            [
              4.496978,
              52.180458
            ],
            [
              4.496932,
              52.180351
            ],
            [
              4.496837,
              52.180134
            ],
            [
              4.496818,
              52.180092
            ],
            [
              4.496715,
              52.179879
            ],
            [
              4.496696,
              52.179842
            ],
            [
              4.496582,
              52.179622
            ],
            [
              4.496486,
              52.179446
            ],
            [
              4.496417,
              52.17932
            ],
            [
              4.496391,
              52.179274
            ],
            [
              4.496191,
              52.178935
            ],
            [
              4.496166,
              52.178891
            ],
            [
              4.496135,
              52.178843
            ],
            [
              4.496087,
              52.178773
            ],
            [
              4.495895,
              52.178493
            ],
            [
              4.495886,
              52.178481
            ],
            [
              4.495523,
              52.178002
            ],
            [
              4.495368,
              52.177802
            ],
            [
              4.495281,
              52.177688
            ],
            [
              4.495212,
              52.177609
            ],
            [
              4.494959,
              52.177316
            ],
            [
              4.494948,
              52.177303
            ],
            [
              4.494941,
              52.177295
            ],
            [
              4.494634,
              52.176964
            ],
            [
              4.494566,
              52.176895
            ],
            [
              4.494441,
              52.176773
            ],
            [
              4.494212,
              52.176547
            ],
            [
              4.494174,
              52.176511
            ],
            [
              4.494021,
              52.176366
            ],
            [
              4.493967,
              52.176315
            ],
            [
              4.493795,
              52.176157
            ],
            [
              4.493625,
              52.176011
            ],
            [
              4.493586,
              52.175978
            ],
            [
              4.493254,
              52.175701
            ],
            [
              4.493128,
              52.175596
            ],
            [
              4.493058,
              52.175538
            ],
            [
              4.492382,
              52.175343
            ],
            [
              4.492319,
              52.175367
            ],
            [
              4.492154,
              52.175379
            ],
            [
              4.492074,
              52.175385
            ],
            [
              4.492,
              52.175399
            ],
            [
              4.491923,
              52.175407
            ],
            [
              4.491729,
              52.175556
            ],
            [
              4.491435,
              52.175789
            ],
            [
              4.491199,
              52.175973
            ],
            [
              4.490939,
              52.17617
            ],
            [
              4.490785,
              52.176286
            ],
            [
              4.490575,
              52.176445
            ],
            [
              4.490525,
              52.176483
            ],
            [
              4.490291,
              52.17666
            ],
            [
              4.490124,
              52.176779
            ],
            [
              4.489927,
              52.176919
            ],
            [
              4.489698,
              52.177084
            ],
            [
              4.489601,
              52.177145
            ],
            [
              4.489473,
              52.177215
            ],
            [
              4.489382,
              52.177251
            ],
            [
              4.489265,
              52.177303
            ],
            [
              4.488914,
              52.177386
            ],
            [
              4.488807,
              52.177436
            ],
            [
              4.488727,
              52.177478
            ],
            [
              4.48869,
              52.177508
            ],
            [
              4.488621,
              52.177574
            ],
            [
              4.488582,
              52.177624
            ],
            [
              4.488536,
              52.177661
            ],
            [
              4.488514,
              52.177671
            ],
            [
              4.488366,
              52.177723
            ],
            [
              4.488251,
              52.177763
            ],
            [
              4.488184,
              52.177795
            ],
            [
              4.488117,
              52.177855
            ],
            [
              4.488055,
              52.177924
            ],
            [
              4.487978,
              52.178011
            ],
            [
              4.487852,
              52.178149
            ],
            [
              4.48784,
              52.178154
            ],
            [
              4.487819,
              52.178158
            ],
            [
              4.487806,
              52.178158
            ],
            [
              4.487781,
              52.178159
            ],
            [
              4.487691,
              52.17816
            ],
            [
              4.487644,
              52.178161
            ],
            [
              4.487604,
              52.178162
            ],
            [
              4.487435,
              52.178165
            ],
            [
              4.487402,
              52.176924
            ],
            [
              4.487247,
              52.176924
            ],
            [
              4.487229,
              52.176924
            ],
            [
              4.487126,
              52.176925
            ],
            [
              4.486015,
              52.177415
            ],
            [
              4.485226,
              52.177754
            ],
            [
              4.483049,
              52.178673
            ],
            [
              4.482754,
              52.178798
            ],
            [
              4.482334,
              52.178975
            ],
            [
              4.482323,
              52.178967
            ],
            [
              4.482223,
              52.17901
            ],
            [
              4.481681,
              52.179246
            ],
            [
              4.481165,
              52.179468
            ],
            [
              4.480796,
              52.179628
            ],
            [
              4.480711,
              52.17958
            ],
            [
              4.480691,
              52.179569
            ],
            [
              4.479708,
              52.179004
            ],
            [
              4.479611,
              52.179056
            ],
            [
              4.479555,
              52.179086
            ],
            [
              4.478749,
              52.179525
            ],
            [
              4.478694,
              52.179555
            ],
            [
              4.47865,
              52.179578
            ],
            [
              4.478642,
              52.179582
            ],
            [
              4.478638,
              52.179584
            ],
            [
              4.478634,
              52.179585
            ],
            [
              4.47863,
              52.179586
            ],
            [
              4.478624,
              52.179587
            ],
            [
              4.47862,
              52.179587
            ],
            [
              4.478614,
              52.179587
            ],
            [
              4.478609,
              52.179587
            ],
            [
              4.478602,
              52.179587
            ],
            [
              4.478597,
              52.179586
            ],
            [
              4.478414,
              52.179432
            ],
            [
              4.478317,
              52.179348
            ],
            [
              4.478212,
              52.17926
            ],
            [
              4.478114,
              52.179187
            ],
            [
              4.478036,
              52.179128
            ],
            [
              4.477942,
              52.179061
            ],
            [
              4.477851,
              52.178999
            ],
            [
              4.477725,
              52.178911
            ],
            [
              4.477523,
              52.178776
            ],
            [
              4.477421,
              52.178706
            ],
            [
              4.477356,
              52.178658
            ],
            [
              4.477318,
              52.178629
            ],
            [
              4.477305,
              52.17862
            ],
            [
              4.477215,
              52.178541
            ],
            [
              4.477134,
              52.178468
            ],
            [
              4.477027,
              52.178368
            ],
            [
              4.476729,
              52.17809
            ],
            [
              4.476585,
              52.17794
            ],
            [
              4.476513,
              52.177866
            ],
            [
              4.476431,
              52.177792
            ],
            [
              4.476323,
              52.177707
            ],
            [
              4.476291,
              52.177684
            ],
            [
              4.476192,
              52.177619
            ],
            [
              4.476071,
              52.177548
            ],
            [
              4.476013,
              52.177512
            ],
            [
              4.475928,
              52.177461
            ],
            [
              4.475781,
              52.177366
            ],
            [
              4.475719,
              52.177328
            ],
            [
              4.475636,
              52.177278
            ],
            [
              4.475593,
              52.177253
            ],
            [
              4.475502,
              52.177203
            ],
            [
              4.47538,
              52.177136
            ],
            [
              4.47525,
              52.177062
            ],
            [
              4.475039,
              52.17694
            ],
            [
              4.474759,
              52.176771
            ],
            [
              4.47459,
              52.176667
            ],
            [
              4.474543,
              52.176636
            ],
            [
              4.474485,
              52.176597
            ],
            [
              4.474382,
              52.176518
            ],
            [
              4.47429,
              52.176446
            ],
            [
              4.474235,
              52.176404
            ],
            [
              4.474177,
              52.176358
            ],
            [
              4.474019,
              52.176234
            ],
            [
              4.473909,
              52.176147
            ],
            [
              4.47379,
              52.176053
            ],
            [
              4.473644,
              52.175942
            ],
            [
              4.473562,
              52.175881
            ],
            [
              4.473478,
              52.175824
            ],
            [
              4.473447,
              52.175803
            ],
            [
              4.472972,
              52.175461
            ],
            [
              4.472511,
              52.17512
            ],
            [
              4.472268,
              52.17494
            ],
            [
              4.471998,
              52.174736
            ],
            [
              4.471817,
              52.1746
            ],
            [
              4.471705,
              52.174518
            ],
            [
              4.471685,
              52.174503
            ],
            [
              4.471436,
              52.174398
            ],
            [
              4.470942,
              52.174739
            ],
            [
              4.470708,
              52.174672
            ],
            [
              4.469573,
              52.174345
            ],
            [
              4.469237,
              52.174073
            ],
            [
              4.468509,
              52.173482
            ],
            [
              4.467893,
              52.172847
            ],
            [
              4.467887,
              52.17284
            ],
            [
              4.467771,
              52.17272
            ],
            [
              4.467234,
              52.172171
            ],
            [
              4.467305,
              52.17181
            ],
            [
              4.467449,
              52.17108
            ],
            [
              4.467573,
              52.170451
            ],
            [
              4.467343,
              52.170234
            ],
            [
              4.46718,
              52.170077
            ],
            [
              4.467145,
              52.170056
            ],
            [
              4.466903,
              52.169946
            ],
            [
              4.466868,
              52.169929
            ],
            [
              4.466714,
              52.169943
            ],
            [
              4.466707,
              52.169944
            ],
            [
              4.466288,
              52.169984
            ],
            [
              4.465146,
              52.170091
            ],
            [
              4.459819,
              52.170601
            ],
            [
              4.459813,
              52.170602
            ],
            [
              4.459792,
              52.170604
            ],
            [
              4.458965,
              52.170683
            ],
            [
              4.457064,
              52.170865
            ],
            [
              4.456721,
              52.170896
            ],
            [
              4.456507,
              52.170916
            ],
            [
              4.456137,
              52.170952
            ],
            [
              4.455725,
              52.170991
            ],
            [
              4.455656,
              52.170998
            ],
            [
              4.454171,
              52.17114
            ],
            [
              4.454102,
              52.170944
            ],
            [
              4.45401,
              52.170682
            ],
            [
              4.453965,
              52.170552
            ],
            [
              4.453892,
              52.170343
            ],
            [
              4.453775,
              52.170006
            ],
            [
              4.453578,
              52.169456
            ],
            [
              4.45354,
              52.169347
            ],
            [
              4.453446,
              52.16913
            ],
            [
              4.453339,
              52.168917
            ],
            [
              4.45321,
              52.168705
            ],
            [
              4.453052,
              52.168492
            ],
            [
              4.45287,
              52.168291
            ],
            [
              4.452631,
              52.168093
            ],
            [
              4.45237,
              52.167898
            ],
            [
              4.451722,
              52.167488
            ],
            [
              4.451576,
              52.167395
            ],
            [
              4.451338,
              52.167219
            ],
            [
              4.4513,
              52.16719
            ],
            [
              4.451104,
              52.167043
            ],
            [
              4.450874,
              52.166863
            ],
            [
              4.450836,
              52.166827
            ],
            [
              4.450678,
              52.166675
            ],
            [
              4.45062,
              52.166601
            ],
            [
              4.450519,
              52.166472
            ],
            [
              4.450213,
              52.166051
            ],
            [
              4.450079,
              52.165839
            ],
            [
              4.449986,
              52.165625
            ],
            [
              4.449884,
              52.165392
            ],
            [
              4.449814,
              52.165159
            ],
            [
              4.449771,
              52.164931
            ],
            [
              4.449768,
              52.164913
            ],
            [
              4.449721,
              52.164399
            ],
            [
              4.449714,
              52.164373
            ],
            [
              4.449616,
              52.164001
            ],
            [
              4.449597,
              52.163928
            ],
            [
              4.449495,
              52.163706
            ],
            [
              4.449372,
              52.163491
            ],
            [
              4.449204,
              52.163291
            ],
            [
              4.448949,
              52.163009
            ],
            [
              4.448961,
              52.162991
            ],
            [
              4.4488,
              52.162947
            ],
            [
              4.448885,
              52.162839
            ],
            [
              4.449001,
              52.162678
            ],
            [
              4.449,
              52.162678
            ],
            [
              4.448493,
              52.162164
            ],
            [
              4.448487,
              52.162168
            ],
            [
              4.448402,
              52.162085
            ],
            [
              4.448368,
              52.162052
            ],
            [
              4.448052,
              52.162447
            ],
            [
              4.447742,
              52.16284
            ],
            [
              4.447592,
              52.163021
            ],
            [
              4.447194,
              52.163467
            ],
            [
              4.446918,
              52.163851
            ],
            [
              4.446673,
              52.164194
            ],
            [
              4.446452,
              52.164526
            ],
            [
              4.44623,
              52.164862
            ],
            [
              4.446184,
              52.164947
            ],
            [
              4.44604,
              52.165249
            ],
            [
              4.445867,
              52.16555
            ],
            [
              4.445769,
              52.165743
            ],
            [
              4.445655,
              52.166023
            ],
            [
              4.445573,
              52.1662
            ],
            [
              4.445521,
              52.166342
            ],
            [
              4.445495,
              52.16643
            ],
            [
              4.445467,
              52.166601
            ],
            [
              4.445461,
              52.166769
            ],
            [
              4.445453,
              52.166923
            ],
            [
              4.445431,
              52.167095
            ],
            [
              4.445401,
              52.167299
            ],
            [
              4.445391,
              52.167497
            ],
            [
              4.445381,
              52.167648
            ],
            [
              4.445384,
              52.167795
            ],
            [
              4.445449,
              52.168086
            ],
            [
              4.445509,
              52.16886
            ],
            [
              4.445485,
              52.169342
            ],
            [
              4.445482,
              52.169455
            ],
            [
              4.445598,
              52.169852
            ],
            [
              4.445688,
              52.170006
            ],
            [
              4.445798,
              52.170162
            ],
            [
              4.446219,
              52.170697
            ],
            [
              4.446976,
              52.171614
            ],
            [
              4.4473,
              52.171915
            ],
            [
              4.447765,
              52.172342
            ],
            [
              4.447907,
              52.172486
            ],
            [
              4.44803,
              52.172623
            ],
            [
              4.448192,
              52.172805
            ],
            [
              4.448274,
              52.172908
            ],
            [
              4.448374,
              52.173051
            ],
            [
              4.448501,
              52.173243
            ],
            [
              4.448561,
              52.173342
            ],
            [
              4.448599,
              52.173426
            ],
            [
              4.448628,
              52.1735
            ],
            [
              4.448656,
              52.173584
            ],
            [
              4.44868,
              52.173686
            ],
            [
              4.448699,
              52.173816
            ],
            [
              4.448739,
              52.174082
            ],
            [
              4.448768,
              52.174434
            ],
            [
              4.448839,
              52.174954
            ],
            [
              4.448848,
              52.175102
            ],
            [
              4.448844,
              52.17529
            ],
            [
              4.448829,
              52.17542
            ],
            [
              4.448796,
              52.175586
            ],
            [
              4.448751,
              52.175761
            ],
            [
              4.448689,
              52.175935
            ],
            [
              4.448554,
              52.176285
            ],
            [
              4.448389,
              52.176657
            ],
            [
              4.448279,
              52.176876
            ],
            [
              4.448154,
              52.177091
            ],
            [
              4.448093,
              52.17718
            ],
            [
              4.447987,
              52.177307
            ],
            [
              4.447847,
              52.177452
            ],
            [
              4.447601,
              52.177691
            ],
            [
              4.447401,
              52.177847
            ],
            [
              4.44721,
              52.177981
            ],
            [
              4.446665,
              52.178376
            ],
            [
              4.446534,
              52.17846
            ],
            [
              4.446221,
              52.178611
            ],
            [
              4.445831,
              52.178799
            ],
            [
              4.445529,
              52.178908
            ],
            [
              4.445248,
              52.178991
            ],
            [
              4.444893,
              52.179082
            ],
            [
              4.44458,
              52.179153
            ],
            [
              4.444292,
              52.179206
            ],
            [
              4.443962,
              52.179258
            ],
            [
              4.442979,
              52.179377
            ],
            [
              4.44243,
              52.179438
            ],
            [
              4.440454,
              52.179669
            ],
            [
              4.438756,
              52.179917
            ],
            [
              4.437614,
              52.180096
            ],
            [
              4.436964,
              52.180218
            ],
            [
              4.436711,
              52.180261
            ],
            [
              4.436434,
              52.180312
            ],
            [
              4.436041,
              52.18039
            ],
            [
              4.435936,
              52.180412
            ],
            [
              4.435725,
              52.180467
            ],
            [
              4.435498,
              52.180556
            ],
            [
              4.435221,
              52.180685
            ],
            [
              4.434947,
              52.180856
            ]
          ]
        ]
      },
      "properties": {
        "type": "boundary",
        "gemeente": "Oegstgeest"
      }
    }
  ]
}