{
  "type": "FeatureCollection",
  "metadata": {
    "gemeente": "Roermond",
    "slug": "roermond",
    "generated_at": "2026-06-30T17:20:08.953345Z",
    "total_points": 79,
    "providers": [
      "Amazon",
      "DeBuren",
      "DHL",
      "DPD",
      "PostNL",
      "VintedGo",
      "GLS",
      "ViaTim",
      "InPost"
    ],
    "bounds": [
      5.961465,
      51.1670419,
      6.0365793,
      51.234195709228516
    ]
  },
  "features": [
    {
      "type": "Feature",
      "geometry": {
        "type": "Point",
        "coordinates": [
          6.01757993971279,
          51.21271255087732
        ]
      },
      "properties": {
        "type": "pakketpunt",
        "locatieNaam": "Kampeerwinkel Roermond",
        "straatNaam": "Schaarbroekerweg 4",
        "straatNr": "",
        "vervoerder": "Amazon",
        "puntType": "3p",
        "bezettingsgraad": 50,
        "latitude": 51.21271255087732,
        "longitude": 6.01757993971279,
        "canPickup": true,
        "canDropoff": false,
        "openingstijden": null
      }
    },
    {
      "type": "Feature",
      "geometry": {
        "type": "Point",
        "coordinates": [
          6.026484788,
          51.20168699
        ]
      },
      "properties": {
        "type": "pakketpunt",
        "locatieNaam": "GAMMA Roermond",
        "straatNaam": "Sint Wirosingel 178",
        "straatNr": "",
        "vervoerder": "Amazon",
        "puntType": "3p",
        "bezettingsgraad": 50,
        "latitude": 51.20168699,
        "longitude": 6.026484788,
        "canPickup": true,
        "canDropoff": false,
        "openingstijden": null
      }
    },
    {
      "type": "Feature",
      "geometry": {
        "type": "Point",
        "coordinates": [
          6.01147358433641,
          51.199449439548
        ]
      },
      "properties": {
        "type": "pakketpunt",
        "locatieNaam": "Balloonie",
        "straatNaam": "Hoekstraat 5 A",
        "straatNr": "",
        "vervoerder": "Amazon",
        "puntType": "3p",
        "bezettingsgraad": 50,
        "latitude": 51.199449439548,
        "longitude": 6.01147358433641,
        "canPickup": true,
        "canDropoff": false,
        "openingstijden": null
      }
    },
    {
      "type": "Feature",
      "geometry": {
        "type": "Point",
        "coordinates": [
          6.02550745010376,
          51.1960332529046
        ]
      },
      "properties": {
        "type": "pakketpunt",
        "locatieNaam": "Plaza Grafica",
        "straatNaam": "Noordhoven 15",
        "straatNr": "",
        "vervoerder": "Amazon",
        "puntType": "3p",
        "bezettingsgraad": 50,
        "latitude": 51.1960332529046,
        "longitude": 6.02550745010376,
        "canPickup": true,
        "canDropoff": false,
        "openingstijden": null
      }
    },
    {
      "type": "Feature",
      "geometry": {
        "type": "Point",
        "coordinates": [
          5.994738750014847,
          51.196178926816636
        ]
      },
      "properties": {
        "type": "pakketpunt",
        "locatieNaam": "DHL - Pakketautomaat AH Heerschap",
        "straatNaam": "Godsweerdersingel 74",
        "straatNr": "",
        "vervoerder": "Amazon",
        "puntType": "3p",
        "bezettingsgraad": 50,
        "latitude": 51.196178926816636,
        "longitude": 5.994738750014847,
        "canPickup": true,
        "canDropoff": false,
        "openingstijden": null
      }
    },
    {
      "type": "Feature",
      "geometry": {
        "type": "Point",
        "coordinates": [
          6.010317936,
          51.18705082
        ]
      },
      "properties": {
        "type": "pakketpunt",
        "locatieNaam": "The Read Shop",
        "straatNaam": "Kasteel Hornstraat 13",
        "straatNr": "",
        "vervoerder": "Amazon",
        "puntType": "3p",
        "bezettingsgraad": 50,
        "latitude": 51.18705082,
        "longitude": 6.010317936,
        "canPickup": true,
        "canDropoff": false,
        "openingstijden": null
      }
    },
    {
      "type": "Feature",
      "geometry": {
        "type": "Point",
        "coordinates": [
          5.98454560839703,
          51.193865002813
        ]
      },
      "properties": {
        "type": "pakketpunt",
        "locatieNaam": "Budgetdier",
        "straatNaam": "Roersingelpassage 15",
        "straatNr": "",
        "vervoerder": "Amazon",
        "puntType": "3p",
        "bezettingsgraad": 50,
        "latitude": 51.193865002813,
        "longitude": 5.98454560839703,
        "canPickup": true,
        "canDropoff": false,
        "openingstijden": null
      }
    },
    {
      "type": "Feature",
      "geometry": {
        "type": "Point",
        "coordinates": [
          6.00455075621437,
          51.1772746160955
        ]
      },
      "properties": {
        "type": "pakketpunt",
        "locatieNaam": "Buurtwinkel De Hoek",
        "straatNaam": "Kempweg 29",
        "straatNr": "",
        "vervoerder": "Amazon",
        "puntType": "3p",
        "bezettingsgraad": 50,
        "latitude": 51.1772746160955,
        "longitude": 6.00455075621437,
        "canPickup": true,
        "canDropoff": false,
        "openingstijden": null
      }
    },
    {
      "type": "Feature",
      "geometry": {
        "type": "Point",
        "coordinates": [
          6.0169258,
          51.2109146
        ]
      },
      "properties": {
        "type": "pakketpunt",
        "locatieNaam": "Roermond | Schaarbroekerweg | Retailpark Roermond | Pakketautomaat",
        "straatNaam": "Schaarbroekerweg",
        "straatNr": "32-34",
        "vervoerder": "DeBuren",
        "puntType": "Afhaalpunt",
        "bezettingsgraad": 50,
        "latitude": 51.2109146,
        "longitude": 6.0169258,
        "canPickup": true,
        "canDropoff": true,
        "openingstijden": null
      }
    },
    {
      "type": "Feature",
      "geometry": {
        "type": "Point",
        "coordinates": [
          6.02478794,
          51.17340566
        ]
      },
      "properties": {
        "type": "pakketpunt",
        "locatieNaam": "Roermond | Keulsebaan | LEAP24 | Pakketautomaat",
        "straatNaam": "Keulsebaan",
        "straatNr": "509",
        "vervoerder": "DeBuren",
        "puntType": "Buitenkluis",
        "bezettingsgraad": 50,
        "latitude": 51.17340566,
        "longitude": 6.02478794,
        "canPickup": true,
        "canDropoff": true,
        "openingstijden": null
      }
    },
    {
      "type": "Feature",
      "geometry": {
        "type": "Point",
        "coordinates": [
          5.961465,
          51.182759
        ]
      },
      "properties": {
        "type": "pakketpunt",
        "locatieNaam": "Hubo Herten",
        "straatNaam": "Schoolstraat",
        "straatNr": "27",
        "vervoerder": "DHL",
        "puntType": "parcelShop",
        "bezettingsgraad": 50,
        "latitude": 51.182759,
        "longitude": 5.961465,
        "canPickup": true,
        "canDropoff": true,
        "openingstijden": {
          "ma": "09:00 - 18:00",
          "di": "09:00 - 18:00",
          "wo": "09:00 - 18:00",
          "do": "09:00 - 18:00",
          "vr": "09:00 - 18:00",
          "za": "09:00 - 17:00",
          "zo": "gesloten"
        }
      }
    },
    {
      "type": "Feature",
      "geometry": {
        "type": "Point",
        "coordinates": [
          5.9628497,
          51.1670419
        ]
      },
      "properties": {
        "type": "pakketpunt",
        "locatieNaam": "Pakketautomaat DESTIL Herten",
        "straatNaam": "Sodaweg",
        "straatNr": "2-Kast",
        "vervoerder": "DHL",
        "puntType": "packStation",
        "bezettingsgraad": 50,
        "latitude": 51.1670419,
        "longitude": 5.9628497,
        "canPickup": true,
        "canDropoff": true,
        "openingstijden": {
          "ma": "07:30 - 16:30",
          "di": "07:30 - 16:30",
          "wo": "07:30 - 16:30",
          "do": "07:30 - 16:30",
          "vr": "07:30 - 16:30",
          "za": "gesloten",
          "zo": "gesloten"
        }
      }
    },
    {
      "type": "Feature",
      "geometry": {
        "type": "Point",
        "coordinates": [
          5.984556198120117,
          51.19378662109375
        ]
      },
      "properties": {
        "type": "pakketpunt",
        "locatieNaam": "Shoeby Roermond",
        "straatNaam": "Roersingelpassage",
        "straatNr": "20",
        "vervoerder": "DHL",
        "puntType": "parcelShop",
        "bezettingsgraad": 50,
        "latitude": 51.19378662109375,
        "longitude": 5.984556198120117,
        "canPickup": true,
        "canDropoff": true,
        "openingstijden": {
          "ma": "13:00 - 18:00",
          "di": "10:00 - 18:00",
          "wo": "10:00 - 18:00",
          "do": "10:00 - 18:00",
          "vr": "10:00 - 18:00",
          "za": "10:00 - 17:00",
          "zo": "12:00 - 17:00"
        }
      }
    },
    {
      "type": "Feature",
      "geometry": {
        "type": "Point",
        "coordinates": [
          5.9859993,
          51.1909153
        ]
      },
      "properties": {
        "type": "pakketpunt",
        "locatieNaam": "Happy Superstore",
        "straatNaam": "Minderbroederssingel",
        "straatNr": "23",
        "vervoerder": "DHL",
        "puntType": "parcelShop",
        "bezettingsgraad": 50,
        "latitude": 51.1909153,
        "longitude": 5.9859993,
        "canPickup": true,
        "canDropoff": true,
        "openingstijden": {
          "ma": "12:00 - 18:00",
          "di": "10:00 - 18:00",
          "wo": "10:00 - 18:00",
          "do": "10:00 - 18:00",
          "vr": "10:00 - 18:00",
          "za": "10:00 - 18:00",
          "zo": "12:00 - 17:00"
        }
      }
    },
    {
      "type": "Feature",
      "geometry": {
        "type": "Point",
        "coordinates": [
          5.9867229,
          51.1942695
        ]
      },
      "properties": {
        "type": "pakketpunt",
        "locatieNaam": "Jeans Centre Roermond",
        "straatNaam": "Steenweg",
        "straatNr": "10",
        "vervoerder": "DHL",
        "puntType": "parcelShop",
        "bezettingsgraad": 50,
        "latitude": 51.1942695,
        "longitude": 5.9867229,
        "canPickup": true,
        "canDropoff": true,
        "openingstijden": {
          "ma": "12:00 - 18:00",
          "di": "09:30 - 18:00",
          "wo": "09:30 - 18:00",
          "do": "09:30 - 20:00",
          "vr": "09:30 - 18:00",
          "za": "09:30 - 17:30",
          "zo": "12:00 - 17:00"
        }
      }
    },
    {
      "type": "Feature",
      "geometry": {
        "type": "Point",
        "coordinates": [
          5.989361823313522,
          51.19252480782143
        ]
      },
      "properties": {
        "type": "pakketpunt",
        "locatieNaam": "Pakketautomaat HEMA Roermond",
        "straatNaam": "Graaf Gerardstraat",
        "straatNr": "2-Kast",
        "vervoerder": "DHL",
        "puntType": "packStation",
        "bezettingsgraad": 50,
        "latitude": 51.19252480782143,
        "longitude": 5.989361823313522,
        "canPickup": true,
        "canDropoff": true,
        "openingstijden": {
          "ma": "09:00 - 18:00",
          "di": "09:00 - 18:00",
          "wo": "09:00 - 18:00",
          "do": "09:00 - 18:00",
          "vr": "09:00 - 18:00",
          "za": "09:00 - 18:00",
          "zo": "12:00 - 17:00"
        }
      }
    },
    {
      "type": "Feature",
      "geometry": {
        "type": "Point",
        "coordinates": [
          5.991841,
          51.192362
        ]
      },
      "properties": {
        "type": "pakketpunt",
        "locatieNaam": "Kings en Queens",
        "straatNaam": "Stationsplein",
        "straatNr": "1",
        "vervoerder": "DHL",
        "puntType": "parcelShop",
        "bezettingsgraad": 50,
        "latitude": 51.192362,
        "longitude": 5.991841,
        "canPickup": true,
        "canDropoff": true,
        "openingstijden": {
          "ma": "gesloten",
          "di": "09:00 - 18:00",
          "wo": "09:00 - 18:00",
          "do": "09:00 - 18:00",
          "vr": "09:00 - 18:00",
          "za": "09:00 - 17:00",
          "zo": "12:00 - 17:00"
        }
      }
    },
    {
      "type": "Feature",
      "geometry": {
        "type": "Point",
        "coordinates": [
          5.9957668,
          51.189259
        ]
      },
      "properties": {
        "type": "pakketpunt",
        "locatieNaam": "Boja",
        "straatNaam": "Nassaustraat",
        "straatNr": "16",
        "vervoerder": "DHL",
        "puntType": "parcelShop",
        "bezettingsgraad": 50,
        "latitude": 51.189259,
        "longitude": 5.9957668,
        "canPickup": true,
        "canDropoff": true,
        "openingstijden": {
          "ma": "gesloten",
          "di": "11:00 - 19:00",
          "wo": "11:00 - 19:00",
          "do": "11:00 - 19:00",
          "vr": "11:00 - 19:00",
          "za": "11:00 - 19:00",
          "zo": "gesloten"
        }
      }
    },
    {
      "type": "Feature",
      "geometry": {
        "type": "Point",
        "coordinates": [
          5.994738750014847,
          51.196178926816636
        ]
      },
      "properties": {
        "type": "pakketpunt",
        "locatieNaam": "Pakketautomaat AH Heerschap",
        "straatNaam": "Godsweerdersingel",
        "straatNr": "74",
        "vervoerder": "DHL",
        "puntType": "packStation",
        "bezettingsgraad": 50,
        "latitude": 51.196178926816636,
        "longitude": 5.994738750014847,
        "canPickup": true,
        "canDropoff": true,
        "openingstijden": {
          "ma": "00:00 - 23:59",
          "di": "00:00 - 23:59",
          "wo": "00:00 - 23:59",
          "do": "00:00 - 23:59",
          "vr": "00:00 - 23:59",
          "za": "00:00 - 23:59",
          "zo": "00:00 - 23:59"
        }
      }
    },
    {
      "type": "Feature",
      "geometry": {
        "type": "Point",
        "coordinates": [
          5.99699544906616,
          51.1878700256347
        ]
      },
      "properties": {
        "type": "pakketpunt",
        "locatieNaam": "Pakketautomaat GSM No Limit",
        "straatNaam": "Hendriklaan",
        "straatNr": "44",
        "vervoerder": "DHL",
        "puntType": "packStation",
        "bezettingsgraad": 50,
        "latitude": 51.1878700256347,
        "longitude": 5.99699544906616,
        "canPickup": true,
        "canDropoff": true,
        "openingstijden": {
          "ma": "10:00 - 20:00",
          "di": "10:00 - 20:00",
          "wo": "10:00 - 20:00",
          "do": "10:00 - 20:00",
          "vr": "10:00 - 20:00",
          "za": "10:00 - 20:00",
          "zo": "14:00 - 19:00"
        }
      }
    },
    {
      "type": "Feature",
      "geometry": {
        "type": "Point",
        "coordinates": [
          5.998731,
          51.186887
        ]
      },
      "properties": {
        "type": "pakketpunt",
        "locatieNaam": "DHL Buurtpunt ViaTim & Marlies",
        "straatNaam": "Henderiklaan",
        "straatNr": "127",
        "vervoerder": "DHL",
        "puntType": "parcelShop",
        "bezettingsgraad": 50,
        "latitude": 51.186887,
        "longitude": 5.998731,
        "canPickup": true,
        "canDropoff": true,
        "openingstijden": {
          "ma": "16:00 - 21:00",
          "di": "16:00 - 21:00",
          "wo": "16:00 - 21:00",
          "do": "16:00 - 21:00",
          "vr": "16:00 - 21:00",
          "za": "gesloten",
          "zo": "gesloten"
        }
      }
    },
    {
      "type": "Feature",
      "geometry": {
        "type": "Point",
        "coordinates": [
          6.001786,
          51.193166
        ]
      },
      "properties": {
        "type": "pakketpunt",
        "locatieNaam": "Show Mobile Roermond",
        "straatNaam": "Oranjelaan",
        "straatNr": "73-A",
        "vervoerder": "DHL",
        "puntType": "parcelShop",
        "bezettingsgraad": 50,
        "latitude": 51.193166,
        "longitude": 6.001786,
        "canPickup": true,
        "canDropoff": true,
        "openingstijden": {
          "ma": "10:00 - 18:00",
          "di": "10:00 - 18:00",
          "wo": "10:00 - 18:00",
          "do": "10:00 - 18:00",
          "vr": "10:00 - 18:00",
          "za": "10:00 - 18:00",
          "zo": "gesloten"
        }
      }
    },
    {
      "type": "Feature",
      "geometry": {
        "type": "Point",
        "coordinates": [
          6.005003,
          51.177727
        ]
      },
      "properties": {
        "type": "pakketpunt",
        "locatieNaam": "Pakketautomaat Lidl Kempweg",
        "straatNaam": "Kempweg",
        "straatNr": "75",
        "vervoerder": "DHL",
        "puntType": "packStation",
        "bezettingsgraad": 50,
        "latitude": 51.177727,
        "longitude": 6.005003,
        "canPickup": true,
        "canDropoff": true,
        "openingstijden": {
          "ma": "00:00 - 23:59",
          "di": "00:00 - 23:59",
          "wo": "00:00 - 23:59",
          "do": "00:00 - 23:59",
          "vr": "00:00 - 23:59",
          "za": "00:00 - 23:59",
          "zo": "00:00 - 23:59"
        }
      }
    },
    {
      "type": "Feature",
      "geometry": {
        "type": "Point",
        "coordinates": [
          6.0143596,
          51.1920971
        ]
      },
      "properties": {
        "type": "pakketpunt",
        "locatieNaam": "Pakketautomaat Basic-Fit Roermond",
        "straatNaam": "Oranjelaan",
        "straatNr": "101",
        "vervoerder": "DHL",
        "puntType": "packStation",
        "bezettingsgraad": 50,
        "latitude": 51.1920971,
        "longitude": 6.0143596,
        "canPickup": true,
        "canDropoff": true,
        "openingstijden": {
          "ma": "00:00 - 23:59",
          "di": "00:00 - 23:59",
          "wo": "00:00 - 23:59",
          "do": "00:00 - 23:59",
          "vr": "00:00 - 23:59",
          "za": "00:00 - 23:59",
          "zo": "00:00 - 23:59"
        }
      }
    },
    {
      "type": "Feature",
      "geometry": {
        "type": "Point",
        "coordinates": [
          6.0127686,
          51.1999808
        ]
      },
      "properties": {
        "type": "pakketpunt",
        "locatieNaam": "TRL Mobile",
        "straatNaam": "Hoekstraat",
        "straatNr": "5",
        "vervoerder": "DHL",
        "puntType": "parcelShop",
        "bezettingsgraad": 50,
        "latitude": 51.1999808,
        "longitude": 6.0127686,
        "canPickup": true,
        "canDropoff": true,
        "openingstijden": {
          "ma": "13:00 - 18:00",
          "di": "09:00 - 18:00",
          "wo": "09:00 - 18:00",
          "do": "09:00 - 18:00",
          "vr": "09:00 - 18:00",
          "za": "09:00 - 17:00",
          "zo": "gesloten"
        }
      }
    },
    {
      "type": "Feature",
      "geometry": {
        "type": "Point",
        "coordinates": [
          6.0240032,
          51.1724722
        ]
      },
      "properties": {
        "type": "pakketpunt",
        "locatieNaam": "DHL Pakketpunt XL Roermond",
        "straatNaam": "Schepelstraat",
        "straatNr": "18",
        "vervoerder": "DHL",
        "puntType": "parcelShop",
        "bezettingsgraad": 50,
        "latitude": 51.1724722,
        "longitude": 6.0240032,
        "canPickup": true,
        "canDropoff": true,
        "openingstijden": {
          "ma": "09:00 - 19:00",
          "di": "09:00 - 19:00",
          "wo": "09:00 - 19:00",
          "do": "09:00 - 19:00",
          "vr": "09:00 - 19:00",
          "za": "09:00 - 18:00",
          "zo": "gesloten"
        }
      }
    },
    {
      "type": "Feature",
      "geometry": {
        "type": "Point",
        "coordinates": [
          6.018784930537021,
          51.21152135594565
        ]
      },
      "properties": {
        "type": "pakketpunt",
        "locatieNaam": "Pakketautomaat MediaMarkt Roermond",
        "straatNaam": "Schaarbroekerweg",
        "straatNr": "32",
        "vervoerder": "DHL",
        "puntType": "packStation",
        "bezettingsgraad": 50,
        "latitude": 51.21152135594565,
        "longitude": 6.018784930537021,
        "canPickup": true,
        "canDropoff": true,
        "openingstijden": {
          "ma": "10:00 - 21:00",
          "di": "10:00 - 21:00",
          "wo": "10:00 - 21:00",
          "do": "10:00 - 21:00",
          "vr": "10:00 - 21:00",
          "za": "10:00 - 18:00",
          "zo": "12:00 - 17:00"
        }
      }
    },
    {
      "type": "Feature",
      "geometry": {
        "type": "Point",
        "coordinates": [
          6.0251764,
          51.204306
        ]
      },
      "properties": {
        "type": "pakketpunt",
        "locatieNaam": "Pakketautomaat Lidl Wirosingel",
        "straatNaam": "Wirosingel",
        "straatNr": "186",
        "vervoerder": "DHL",
        "puntType": "packStation",
        "bezettingsgraad": 50,
        "latitude": 51.204306,
        "longitude": 6.0251764,
        "canPickup": true,
        "canDropoff": true,
        "openingstijden": {
          "ma": "07:30 - 21:00",
          "di": "07:30 - 21:00",
          "wo": "07:30 - 21:00",
          "do": "07:30 - 21:00",
          "vr": "07:30 - 21:00",
          "za": "07:30 - 21:00",
          "zo": "08:00 - 19:00"
        }
      }
    },
    {
      "type": "Feature",
      "geometry": {
        "type": "Point",
        "coordinates": [
          6.026630299344175,
          51.201745498977665
        ]
      },
      "properties": {
        "type": "pakketpunt",
        "locatieNaam": "Pakketautomaat GAMMA Roermond",
        "straatNaam": "Sint Wirosinge",
        "straatNr": "178",
        "vervoerder": "DHL",
        "puntType": "packStation",
        "bezettingsgraad": 50,
        "latitude": 51.201745498977665,
        "longitude": 6.026630299344175,
        "canPickup": true,
        "canDropoff": true,
        "openingstijden": {
          "ma": "07:30 - 21:30",
          "di": "07:30 - 21:30",
          "wo": "07:30 - 21:30",
          "do": "07:30 - 21:30",
          "vr": "07:30 - 21:30",
          "za": "07:30 - 21:30",
          "zo": "07:30 - 21:30"
        }
      }
    },
    {
      "type": "Feature",
      "geometry": {
        "type": "Point",
        "coordinates": [
          6.036366939544678,
          51.234195709228516
        ]
      },
      "properties": {
        "type": "pakketpunt",
        "locatieNaam": "Hilkens Diervoeders",
        "straatNaam": "Stationsstraat",
        "straatNr": "31",
        "vervoerder": "DHL",
        "puntType": "parcelShop",
        "bezettingsgraad": 50,
        "latitude": 51.234195709228516,
        "longitude": 6.036366939544678,
        "canPickup": true,
        "canDropoff": true,
        "openingstijden": {
          "ma": "13:15 - 18:00",
          "di": "08:30 - 12:15, 13:15 - 18:00",
          "wo": "08:30 - 12:15, 13:15 - 18:00",
          "do": "08:30 - 12:15, 13:15 - 18:00",
          "vr": "08:30 - 12:15, 13:15 - 18:00",
          "za": "08:30 - 15:15",
          "zo": "gesloten"
        }
      }
    },
    {
      "type": "Feature",
      "geometry": {
        "type": "Point",
        "coordinates": [
          5.9968728,
          51.18188379
        ]
      },
      "properties": {
        "type": "pakketpunt",
        "locatieNaam": "T Kepels Winkelke",
        "straatNaam": "KAPELLERLAAN",
        "straatNr": "223",
        "vervoerder": "DPD",
        "puntType": "pickup_point",
        "bezettingsgraad": 50,
        "latitude": 51.18188379,
        "longitude": 5.9968728,
        "canPickup": true,
        "canDropoff": true,
        "openingstijden": {
          "ma": "gesloten",
          "di": "08:00 - 17:00",
          "wo": "08:00 - 17:00",
          "do": "08:00 - 17:00",
          "vr": "08:00 - 17:00",
          "za": "08:00 - 16:00",
          "zo": "gesloten"
        }
      }
    },
    {
      "type": "Feature",
      "geometry": {
        "type": "Point",
        "coordinates": [
          5.9986867,
          51.190279
        ]
      },
      "properties": {
        "type": "pakketpunt",
        "locatieNaam": "Bloemboetiek Hermien",
        "straatNaam": "NASSAUSTRAAT",
        "straatNr": "66",
        "vervoerder": "DPD",
        "puntType": "pickup_point",
        "bezettingsgraad": 50,
        "latitude": 51.190279,
        "longitude": 5.9986867,
        "canPickup": true,
        "canDropoff": true,
        "openingstijden": {
          "ma": "gesloten",
          "di": "09:00 - 18:00",
          "wo": "09:00 - 17:00",
          "do": "09:00 - 17:00",
          "vr": "09:00 - 17:00",
          "za": "09:00 - 17:00",
          "zo": "gesloten"
        }
      }
    },
    {
      "type": "Feature",
      "geometry": {
        "type": "Point",
        "coordinates": [
          5.99446,
          51.19662
        ]
      },
      "properties": {
        "type": "pakketpunt",
        "locatieNaam": "De Drankenmarkt",
        "straatNaam": "SLACHTHUISSTRAAT",
        "straatNr": "5",
        "vervoerder": "DPD",
        "puntType": "pickup_point",
        "bezettingsgraad": 50,
        "latitude": 51.19662,
        "longitude": 5.99446,
        "canPickup": true,
        "canDropoff": true,
        "openingstijden": {
          "ma": "09:00 - 18:00",
          "di": "09:00 - 18:00",
          "wo": "09:00 - 18:00",
          "do": "09:00 - 21:00",
          "vr": "09:00 - 21:00",
          "za": "09:00 - 17:00",
          "zo": "gesloten"
        }
      }
    },
    {
      "type": "Feature",
      "geometry": {
        "type": "Point",
        "coordinates": [
          6.0169258,
          51.2109146
        ]
      },
      "properties": {
        "type": "pakketpunt",
        "locatieNaam": "Pakketautomaat - De Buren - Retailp",
        "straatNaam": "SCHAARBROEKERWEG",
        "straatNr": "32-34",
        "vervoerder": "DPD",
        "puntType": "dpd_box",
        "bezettingsgraad": 50,
        "latitude": 51.2109146,
        "longitude": 6.0169258,
        "canPickup": true,
        "canDropoff": true,
        "openingstijden": {
          "ma": "08:00 - 18:00",
          "di": "08:00 - 18:00",
          "wo": "08:00 - 18:00",
          "do": "08:00 - 18:00",
          "vr": "08:00 - 18:00",
          "za": "09:00 - 18:00",
          "zo": "09:00 - 18:00"
        }
      }
    },
    {
      "type": "Feature",
      "geometry": {
        "type": "Point",
        "coordinates": [
          6.0365793,
          51.2341175
        ]
      },
      "properties": {
        "type": "pakketpunt",
        "locatieNaam": "Hilkens Diervoeders",
        "straatNaam": "STATIONSSTRAAT",
        "straatNr": "31",
        "vervoerder": "DPD",
        "puntType": "pickup_point",
        "bezettingsgraad": 50,
        "latitude": 51.2341175,
        "longitude": 6.0365793,
        "canPickup": true,
        "canDropoff": true,
        "openingstijden": {
          "ma": "13:15 - 18:00",
          "di": "08:30 - 12:15, 13:15 - 18:00",
          "wo": "08:30 - 12:15, 13:15 - 18:00",
          "do": "08:30 - 12:15, 13:15 - 18:00",
          "vr": "08:30 - 12:15, 13:15 - 18:00",
          "za": "08:30 - 15:00",
          "zo": "gesloten"
        }
      }
    },
    {
      "type": "Feature",
      "geometry": {
        "type": "Point",
        "coordinates": [
          6.0127686,
          51.1999808
        ]
      },
      "properties": {
        "type": "pakketpunt",
        "locatieNaam": "Business Point - TRL Mobile",
        "straatNaam": "HOEKSTRAAT",
        "straatNr": "5",
        "vervoerder": "DPD",
        "puntType": "pickup_point",
        "bezettingsgraad": 50,
        "latitude": 51.1999808,
        "longitude": 6.0127686,
        "canPickup": true,
        "canDropoff": true,
        "openingstijden": {
          "ma": "13:00 - 18:00",
          "di": "09:00 - 18:00",
          "wo": "09:00 - 18:00",
          "do": "09:00 - 18:00",
          "vr": "09:00 - 18:00",
          "za": "09:00 - 17:00",
          "zo": "gesloten"
        }
      }
    },
    {
      "type": "Feature",
      "geometry": {
        "type": "Point",
        "coordinates": [
          5.995767,
          51.189259
        ]
      },
      "properties": {
        "type": "pakketpunt",
        "locatieNaam": "Boja",
        "straatNaam": "NASSAUSTRAAT",
        "straatNr": "16",
        "vervoerder": "DPD",
        "puntType": "pickup_point",
        "bezettingsgraad": 50,
        "latitude": 51.189259,
        "longitude": 5.995767,
        "canPickup": true,
        "canDropoff": true,
        "openingstijden": {
          "ma": "gesloten",
          "di": "11:00 - 19:00",
          "wo": "11:00 - 19:00",
          "do": "11:00 - 19:00",
          "vr": "11:00 - 19:00",
          "za": "11:00 - 19:00",
          "zo": "gesloten"
        }
      }
    },
    {
      "type": "Feature",
      "geometry": {
        "type": "Point",
        "coordinates": [
          6.02491,
          51.17379
        ]
      },
      "properties": {
        "type": "pakketpunt",
        "locatieNaam": "Pakketautomaat - De Buren - LEAP24",
        "straatNaam": "KEULSEBAAN",
        "straatNr": "509",
        "vervoerder": "DPD",
        "puntType": "dpd_box",
        "bezettingsgraad": 50,
        "latitude": 51.17379,
        "longitude": 6.02491,
        "canPickup": true,
        "canDropoff": true,
        "openingstijden": {
          "ma": "00:01 - 23:59",
          "di": "00:01 - 23:59",
          "wo": "00:01 - 23:59",
          "do": "00:01 - 23:59",
          "vr": "00:01 - 23:59",
          "za": "00:01 - 23:59",
          "zo": "00:01 - 23:59"
        }
      }
    },
    {
      "type": "Feature",
      "geometry": {
        "type": "Point",
        "coordinates": [
          5.98597,
          51.19247
        ]
      },
      "properties": {
        "type": "pakketpunt",
        "locatieNaam": "Cacti&Cadeaux",
        "straatNaam": "NEERSTRAAT",
        "straatNr": "68",
        "vervoerder": "DPD",
        "puntType": "pickup_point",
        "bezettingsgraad": 50,
        "latitude": 51.19247,
        "longitude": 5.98597,
        "canPickup": true,
        "canDropoff": true,
        "openingstijden": {
          "ma": "gesloten",
          "di": "12:00 - 18:00",
          "wo": "12:00 - 18:00",
          "do": "12:00 - 18:00",
          "vr": "10:00 - 18:00",
          "za": "10:00 - 17:00",
          "zo": "gesloten"
        }
      }
    },
    {
      "type": "Feature",
      "geometry": {
        "type": "Point",
        "coordinates": [
          6.01757993971279,
          51.21271255087732
        ]
      },
      "properties": {
        "type": "pakketpunt",
        "locatieNaam": "Kampeerwinkel Roermond",
        "straatNaam": "Schaarbroekerweg",
        "straatNr": "4",
        "vervoerder": "PostNL",
        "puntType": "servicepunt",
        "bezettingsgraad": 50,
        "latitude": 51.21271255087732,
        "longitude": 6.01757993971279,
        "canPickup": true,
        "canDropoff": true,
        "openingstijden": "10:00 - 18:00 (Na 18:00 open; Zaterdag open; Zondag open)"
      }
    },
    {
      "type": "Feature",
      "geometry": {
        "type": "Point",
        "coordinates": [
          6.01147358433641,
          51.199449439548
        ]
      },
      "properties": {
        "type": "pakketpunt",
        "locatieNaam": "Balloonie",
        "straatNaam": "Hoekstraat",
        "straatNr": "5A",
        "vervoerder": "PostNL",
        "puntType": "servicepunt",
        "bezettingsgraad": 50,
        "latitude": 51.199449439548,
        "longitude": 6.01147358433641,
        "canPickup": true,
        "canDropoff": true,
        "openingstijden": "09:00 - 18:00 (Na 18:00 open; Zaterdag open)"
      }
    },
    {
      "type": "Feature",
      "geometry": {
        "type": "Point",
        "coordinates": [
          6.01190984720303,
          51.1978650312693
        ]
      },
      "properties": {
        "type": "pakketpunt",
        "locatieNaam": "Pakketautomaat",
        "straatNaam": "Beekweg",
        "straatNr": "6PBA",
        "vervoerder": "PostNL",
        "puntType": "automaat",
        "bezettingsgraad": 50,
        "latitude": 51.1978650312693,
        "longitude": 6.01190984720303,
        "canPickup": true,
        "canDropoff": true,
        "openingstijden": "00:00 - 23:59"
      }
    },
    {
      "type": "Feature",
      "geometry": {
        "type": "Point",
        "coordinates": [
          5.99453221637161,
          51.1961144136343
        ]
      },
      "properties": {
        "type": "pakketpunt",
        "locatieNaam": "Pakketautomaat",
        "straatNaam": "Godsweerdersingel",
        "straatNr": "74PBA",
        "vervoerder": "PostNL",
        "puntType": "automaat",
        "bezettingsgraad": 50,
        "latitude": 51.1961144136343,
        "longitude": 5.99453221637161,
        "canPickup": true,
        "canDropoff": true,
        "openingstijden": "00:00 - 23:59"
      }
    },
    {
      "type": "Feature",
      "geometry": {
        "type": "Point",
        "coordinates": [
          5.991596673,
          51.19265098
        ]
      },
      "properties": {
        "type": "pakketpunt",
        "locatieNaam": "Primera",
        "straatNaam": "Hamstraat",
        "straatNr": "4",
        "vervoerder": "PostNL",
        "puntType": "servicepunt",
        "bezettingsgraad": 50,
        "latitude": 51.19265098,
        "longitude": 5.991596673,
        "canPickup": true,
        "canDropoff": true,
        "openingstijden": "09:00 - 18:00 (Na 18:00 open; Zaterdag open)"
      }
    },
    {
      "type": "Feature",
      "geometry": {
        "type": "Point",
        "coordinates": [
          6.026484788,
          51.20168699
        ]
      },
      "properties": {
        "type": "pakketpunt",
        "locatieNaam": "GAMMA Roermond",
        "straatNaam": "Sint Wirosingel",
        "straatNr": "178",
        "vervoerder": "PostNL",
        "puntType": "servicepunt",
        "bezettingsgraad": 50,
        "latitude": 51.20168699,
        "longitude": 6.026484788,
        "canPickup": true,
        "canDropoff": true,
        "openingstijden": "09:00 - 21:00"
      }
    },
    {
      "type": "Feature",
      "geometry": {
        "type": "Point",
        "coordinates": [
          6.02648478821877,
          51.2016869910016
        ]
      },
      "properties": {
        "type": "pakketpunt",
        "locatieNaam": "Pakket- en briefautomaat",
        "straatNaam": "Sint Wirosingel",
        "straatNr": "178PBA",
        "vervoerder": "PostNL",
        "puntType": "automaat",
        "bezettingsgraad": 50,
        "latitude": 51.2016869910016,
        "longitude": 6.02648478821877,
        "canPickup": true,
        "canDropoff": true,
        "openingstijden": "09:00 - 21:00"
      }
    },
    {
      "type": "Feature",
      "geometry": {
        "type": "Point",
        "coordinates": [
          5.98454560839703,
          51.193865002813
        ]
      },
      "properties": {
        "type": "pakketpunt",
        "locatieNaam": "Budgetdier",
        "straatNaam": "Roersingelpassage",
        "straatNr": "15",
        "vervoerder": "PostNL",
        "puntType": "servicepunt",
        "bezettingsgraad": 50,
        "latitude": 51.193865002813,
        "longitude": 5.98454560839703,
        "canPickup": true,
        "canDropoff": true,
        "openingstijden": "10:00 - 18:00 (Na 18:00 open; Zaterdag open; Zondag open)"
      }
    },
    {
      "type": "Feature",
      "geometry": {
        "type": "Point",
        "coordinates": [
          5.985551169,
          51.19308678
        ]
      },
      "properties": {
        "type": "pakketpunt",
        "locatieNaam": "Bruna Roermond 2054",
        "straatNaam": "Neerstraat",
        "straatNr": "52A",
        "vervoerder": "PostNL",
        "puntType": "servicepunt",
        "bezettingsgraad": 50,
        "latitude": 51.19308678,
        "longitude": 5.985551169,
        "canPickup": true,
        "canDropoff": true,
        "openingstijden": "09:00 - 18:00"
      }
    },
    {
      "type": "Feature",
      "geometry": {
        "type": "Point",
        "coordinates": [
          6.02550745010376,
          51.1960332529046
        ]
      },
      "properties": {
        "type": "pakketpunt",
        "locatieNaam": "Plaza Grafica",
        "straatNaam": "Noordhoven",
        "straatNr": "15",
        "vervoerder": "PostNL",
        "puntType": "servicepunt",
        "bezettingsgraad": 50,
        "latitude": 51.1960332529046,
        "longitude": 6.02550745010376,
        "canPickup": true,
        "canDropoff": true,
        "openingstijden": "08:00 - 12:30, 13:00 - 18:00 (Na 18:00 open)"
      }
    },
    {
      "type": "Feature",
      "geometry": {
        "type": "Point",
        "coordinates": [
          6.010317936,
          51.18705082
        ]
      },
      "properties": {
        "type": "pakketpunt",
        "locatieNaam": "The Read Shop",
        "straatNaam": "Kasteel Hornstraat",
        "straatNr": "13",
        "vervoerder": "PostNL",
        "puntType": "servicepunt",
        "bezettingsgraad": 50,
        "latitude": 51.18705082,
        "longitude": 6.010317936,
        "canPickup": true,
        "canDropoff": true,
        "openingstijden": "08:30 - 18:00 (Na 18:00 open; Zaterdag open)"
      }
    },
    {
      "type": "Feature",
      "geometry": {
        "type": "Point",
        "coordinates": [
          5.993027426,
          51.18508379
        ]
      },
      "properties": {
        "type": "pakketpunt",
        "locatieNaam": "Asat.nl",
        "straatNaam": "Kapellerlaan",
        "straatNr": "103",
        "vervoerder": "PostNL",
        "puntType": "servicepunt",
        "bezettingsgraad": 50,
        "latitude": 51.18508379,
        "longitude": 5.993027426,
        "canPickup": true,
        "canDropoff": true,
        "openingstijden": "10:00 - 18:00"
      }
    },
    {
      "type": "Feature",
      "geometry": {
        "type": "Point",
        "coordinates": [
          6.00400042228363,
          51.1810169623333
        ]
      },
      "properties": {
        "type": "pakketpunt",
        "locatieNaam": "Mama's Winkeltje",
        "straatNaam": "Heidebaan",
        "straatNr": "1",
        "vervoerder": "PostNL",
        "puntType": "servicepunt",
        "bezettingsgraad": 50,
        "latitude": 51.1810169623333,
        "longitude": 6.00400042228363,
        "canPickup": true,
        "canDropoff": true,
        "openingstijden": "12:00 - 22:00"
      }
    },
    {
      "type": "Feature",
      "geometry": {
        "type": "Point",
        "coordinates": [
          6.00455075621437,
          51.1772746160955
        ]
      },
      "properties": {
        "type": "pakketpunt",
        "locatieNaam": "Buurtwinkel De Hoek",
        "straatNaam": "Kempweg",
        "straatNr": "29",
        "vervoerder": "PostNL",
        "puntType": "servicepunt",
        "bezettingsgraad": 50,
        "latitude": 51.1772746160955,
        "longitude": 6.00455075621437,
        "canPickup": true,
        "canDropoff": true,
        "openingstijden": "11:00 - 19:30"
      }
    },
    {
      "type": "Feature",
      "geometry": {
        "type": "Point",
        "coordinates": [
          6.03533666,
          51.23272196
        ]
      },
      "properties": {
        "type": "pakketpunt",
        "locatieNaam": "Van Heijster Boekado",
        "straatNaam": "Hoogstraat",
        "straatNr": "11",
        "vervoerder": "PostNL",
        "puntType": "servicepunt",
        "bezettingsgraad": 50,
        "latitude": 51.23272196,
        "longitude": 6.03533666,
        "canPickup": true,
        "canDropoff": true,
        "openingstijden": "08:30 - 12:30, 13:30 - 18:00 (Na 18:00 open; Zaterdag open)"
      }
    },
    {
      "type": "Feature",
      "geometry": {
        "type": "Point",
        "coordinates": [
          5.96187257,
          51.18143076
        ]
      },
      "properties": {
        "type": "pakketpunt",
        "locatieNaam": "Marskramer Herten",
        "straatNaam": "Schoolstraat",
        "straatNr": "11",
        "vervoerder": "PostNL",
        "puntType": "servicepunt",
        "bezettingsgraad": 50,
        "latitude": 51.18143076,
        "longitude": 5.96187257,
        "canPickup": true,
        "canDropoff": true,
        "openingstijden": "09:00 - 17:30 (Zaterdag open)"
      }
    },
    {
      "type": "Feature",
      "geometry": {
        "type": "Point",
        "coordinates": [
          5.9875605,
          51.1929144
        ]
      },
      "properties": {
        "type": "pakketpunt",
        "locatieNaam": "De Notenwinkel van Roermond ",
        "straatNaam": "Munsterplein 7",
        "straatNr": "",
        "vervoerder": "VintedGo",
        "puntType": "parcel_shop",
        "bezettingsgraad": 50,
        "latitude": 51.1929144,
        "longitude": 5.9875605,
        "canPickup": true,
        "canDropoff": true,
        "openingstijden": null
      }
    },
    {
      "type": "Feature",
      "geometry": {
        "type": "Point",
        "coordinates": [
          6.0019907,
          51.1930957
        ]
      },
      "properties": {
        "type": "pakketpunt",
        "locatieNaam": "Show Mobile",
        "straatNaam": "Oranjelaan 73A ",
        "straatNr": "",
        "vervoerder": "VintedGo",
        "puntType": "parcel_shop",
        "bezettingsgraad": 50,
        "latitude": 51.1930957,
        "longitude": 6.0019907,
        "canPickup": true,
        "canDropoff": true,
        "openingstijden": null
      }
    },
    {
      "type": "Feature",
      "geometry": {
        "type": "Point",
        "coordinates": [
          5.9957668,
          51.1892591
        ]
      },
      "properties": {
        "type": "pakketpunt",
        "locatieNaam": "Boja",
        "straatNaam": "Nassaustraat 16",
        "straatNr": "",
        "vervoerder": "VintedGo",
        "puntType": "parcel_shop",
        "bezettingsgraad": 50,
        "latitude": 51.1892591,
        "longitude": 5.9957668,
        "canPickup": true,
        "canDropoff": true,
        "openingstijden": null
      }
    },
    {
      "type": "Feature",
      "geometry": {
        "type": "Point",
        "coordinates": [
          6.01277,
          51.19998
        ]
      },
      "properties": {
        "type": "pakketpunt",
        "locatieNaam": "TRL Mobile B.V.",
        "straatNaam": "Hoekstraat 5",
        "straatNr": "",
        "vervoerder": "VintedGo",
        "puntType": "parcel_shop",
        "bezettingsgraad": 50,
        "latitude": 51.19998,
        "longitude": 6.01277,
        "canPickup": true,
        "canDropoff": true,
        "openingstijden": null
      }
    },
    {
      "type": "Feature",
      "geometry": {
        "type": "Point",
        "coordinates": [
          5.98597,
          51.19247
        ]
      },
      "properties": {
        "type": "pakketpunt",
        "locatieNaam": "Cacti&Cadeaux",
        "straatNaam": "Neerstraat 68",
        "straatNr": "",
        "vervoerder": "VintedGo",
        "puntType": "parcel_shop",
        "bezettingsgraad": 50,
        "latitude": 51.19247,
        "longitude": 5.98597,
        "canPickup": true,
        "canDropoff": true,
        "openingstijden": null
      }
    },
    {
      "type": "Feature",
      "geometry": {
        "type": "Point",
        "coordinates": [
          5.99671,
          51.18793
        ]
      },
      "properties": {
        "type": "pakketpunt",
        "locatieNaam": "Gsm No Limit ",
        "straatNaam": "Hendriklaan 44",
        "straatNr": "",
        "vervoerder": "VintedGo",
        "puntType": "parcel_shop",
        "bezettingsgraad": 50,
        "latitude": 51.18793,
        "longitude": 5.99671,
        "canPickup": true,
        "canDropoff": true,
        "openingstijden": null
      }
    },
    {
      "type": "Feature",
      "geometry": {
        "type": "Point",
        "coordinates": [
          5.9912662,
          51.1914068
        ]
      },
      "properties": {
        "type": "pakketpunt",
        "locatieNaam": "Sport2000 Posno-sport Roermond",
        "straatNaam": "Kruisherenstraat 15",
        "straatNr": "",
        "vervoerder": "VintedGo",
        "puntType": "locker",
        "bezettingsgraad": 50,
        "latitude": 51.1914068,
        "longitude": 5.9912662,
        "canPickup": true,
        "canDropoff": true,
        "openingstijden": null
      }
    },
    {
      "type": "Feature",
      "geometry": {
        "type": "Point",
        "coordinates": [
          5.98728,
          51.1938586
        ]
      },
      "properties": {
        "type": "pakketpunt",
        "locatieNaam": "Rewear Roermond",
        "straatNaam": "Steenweg 21",
        "straatNr": "",
        "vervoerder": "VintedGo",
        "puntType": "locker",
        "bezettingsgraad": 50,
        "latitude": 51.1938586,
        "longitude": 5.98728,
        "canPickup": true,
        "canDropoff": true,
        "openingstijden": null
      }
    },
    {
      "type": "Feature",
      "geometry": {
        "type": "Point",
        "coordinates": [
          6.026747,
          51.201853
        ]
      },
      "properties": {
        "type": "pakketpunt",
        "locatieNaam": "Gamma Roermond",
        "straatNaam": "Sint Wirosingel 178",
        "straatNr": "",
        "vervoerder": "VintedGo",
        "puntType": "locker",
        "bezettingsgraad": 50,
        "latitude": 51.201853,
        "longitude": 6.026747,
        "canPickup": true,
        "canDropoff": true,
        "openingstijden": null
      }
    },
    {
      "type": "Feature",
      "geometry": {
        "type": "Point",
        "coordinates": [
          6.0039884,
          51.177118
        ]
      },
      "properties": {
        "type": "pakketpunt",
        "locatieNaam": "Buurtwinkel De Hoek",
        "straatNaam": "Kempweg 29",
        "straatNr": "",
        "vervoerder": "VintedGo",
        "puntType": "parcel_shop",
        "bezettingsgraad": 50,
        "latitude": 51.177118,
        "longitude": 6.0039884,
        "canPickup": true,
        "canDropoff": true,
        "openingstijden": null
      }
    },
    {
      "type": "Feature",
      "geometry": {
        "type": "Point",
        "coordinates": [
          6.0096925,
          51.1866344
        ]
      },
      "properties": {
        "type": "pakketpunt",
        "locatieNaam": "Read Shop",
        "straatNaam": "Kasteel Hornstraat 13-15",
        "straatNr": "",
        "vervoerder": "VintedGo",
        "puntType": "parcel_shop",
        "bezettingsgraad": 50,
        "latitude": 51.1866344,
        "longitude": 6.0096925,
        "canPickup": true,
        "canDropoff": true,
        "openingstijden": null
      }
    },
    {
      "type": "Feature",
      "geometry": {
        "type": "Point",
        "coordinates": [
          5.9872888,
          51.1948778
        ]
      },
      "properties": {
        "type": "pakketpunt",
        "locatieNaam": "Kliederspel",
        "straatNaam": "Schoenmakestraat 16 A",
        "straatNr": "",
        "vervoerder": "VintedGo",
        "puntType": "parcel_shop",
        "bezettingsgraad": 50,
        "latitude": 51.1948778,
        "longitude": 5.9872888,
        "canPickup": true,
        "canDropoff": true,
        "openingstijden": null
      }
    },
    {
      "type": "Feature",
      "geometry": {
        "type": "Point",
        "coordinates": [
          6.0336026,
          51.2325532
        ]
      },
      "properties": {
        "type": "pakketpunt",
        "locatieNaam": "Ricks Wuts doe het zelf",
        "straatNaam": "Boutestraat",
        "straatNr": "8",
        "vervoerder": "GLS",
        "puntType": "parcel_shop",
        "bezettingsgraad": 50,
        "latitude": 51.2325532,
        "longitude": 6.0336026,
        "canPickup": true,
        "canDropoff": true,
        "openingstijden": {
          "ma": "00:00 - 00:00",
          "di": "10:00 - 12:30, 13:30 - 17:30",
          "wo": "10:00 - 12:30, 13:30 - 17:30",
          "do": "10:00 - 12:30, 13:30 - 17:30",
          "vr": "10:00 - 12:30, 13:30 - 17:30",
          "za": "10:00 - 12:00, 13:00 - 15:00",
          "zo": "00:00 - 00:00"
        }
      }
    },
    {
      "type": "Feature",
      "geometry": {
        "type": "Point",
        "coordinates": [
          6.02648478,
          51.2016869
        ]
      },
      "properties": {
        "type": "pakketpunt",
        "locatieNaam": "Pakketautomaat",
        "straatNaam": "Sint Wirosingel",
        "straatNr": "178",
        "vervoerder": "GLS",
        "puntType": "locker",
        "bezettingsgraad": 50,
        "latitude": 51.2016869,
        "longitude": 6.02648478,
        "canPickup": true,
        "canDropoff": true,
        "openingstijden": {
          "ma": "09:00 - 21:00",
          "di": "09:00 - 21:00",
          "wo": "09:00 - 21:00",
          "do": "09:00 - 21:00",
          "vr": "09:00 - 21:00",
          "za": "09:00 - 18:00",
          "zo": "10:00 - 17:00"
        }
      }
    },
    {
      "type": "Feature",
      "geometry": {
        "type": "Point",
        "coordinates": [
          5.99453221,
          51.1961144
        ]
      },
      "properties": {
        "type": "pakketpunt",
        "locatieNaam": "Pakketautomaat",
        "straatNaam": "Godsweerdersingel",
        "straatNr": "74",
        "vervoerder": "GLS",
        "puntType": "locker",
        "bezettingsgraad": 50,
        "latitude": 51.1961144,
        "longitude": 5.99453221,
        "canPickup": true,
        "canDropoff": true,
        "openingstijden": {
          "ma": "00:00 - 23:59",
          "di": "00:00 - 23:59",
          "wo": "00:00 - 23:59",
          "do": "00:00 - 23:59",
          "vr": "00:00 - 23:59",
          "za": "00:00 - 23:59",
          "zo": "00:00 - 23:59"
        }
      }
    },
    {
      "type": "Feature",
      "geometry": {
        "type": "Point",
        "coordinates": [
          5.9957605,
          51.1892632
        ]
      },
      "properties": {
        "type": "pakketpunt",
        "locatieNaam": "Boja",
        "straatNaam": "Nassaustraat",
        "straatNr": "16",
        "vervoerder": "GLS",
        "puntType": "parcel_shop",
        "bezettingsgraad": 50,
        "latitude": 51.1892632,
        "longitude": 5.9957605,
        "canPickup": true,
        "canDropoff": true,
        "openingstijden": {
          "ma": "00:00 - 00:00",
          "di": "11:00 - 19:00",
          "wo": "11:00 - 19:00",
          "do": "11:00 - 19:00",
          "vr": "11:00 - 19:00",
          "za": "11:00 - 19:00",
          "zo": "00:00 - 00:00"
        }
      }
    },
    {
      "type": "Feature",
      "geometry": {
        "type": "Point",
        "coordinates": [
          6.01190984,
          51.197865
        ]
      },
      "properties": {
        "type": "pakketpunt",
        "locatieNaam": "Pakketautomaat",
        "straatNaam": "Beekweg",
        "straatNr": "6",
        "vervoerder": "GLS",
        "puntType": "locker",
        "bezettingsgraad": 50,
        "latitude": 51.197865,
        "longitude": 6.01190984,
        "canPickup": true,
        "canDropoff": true,
        "openingstijden": {
          "ma": "00:00 - 23:59",
          "di": "00:00 - 23:59",
          "wo": "00:00 - 23:59",
          "do": "00:00 - 23:59",
          "vr": "00:00 - 23:59",
          "za": "00:00 - 23:59",
          "zo": "00:00 - 23:59"
        }
      }
    },
    {
      "type": "Feature",
      "geometry": {
        "type": "Point",
        "coordinates": [
          6.0128094,
          51.2000864
        ]
      },
      "properties": {
        "type": "pakketpunt",
        "locatieNaam": "TRL Mobile B.V.",
        "straatNaam": "Hoekstraat",
        "straatNr": "5",
        "vervoerder": "GLS",
        "puntType": "parcel_shop",
        "bezettingsgraad": 50,
        "latitude": 51.2000864,
        "longitude": 6.0128094,
        "canPickup": true,
        "canDropoff": true,
        "openingstijden": {
          "ma": "13:00 - 18:00",
          "di": "09:00 - 18:00",
          "wo": "09:00 - 18:00",
          "do": "09:00 - 18:00",
          "vr": "09:00 - 18:00",
          "za": "09:00 - 17:00",
          "zo": "00:00 - 00:00"
        }
      }
    },
    {
      "type": "Feature",
      "geometry": {
        "type": "Point",
        "coordinates": [
          5.98756051204955,
          51.19291434986389
        ]
      },
      "properties": {
        "type": "pakketpunt",
        "locatieNaam": "ViaTim en De Notenwinkel van Roermond",
        "straatNaam": "Munsterplein",
        "straatNr": "7",
        "vervoerder": "ViaTim",
        "puntType": "servicepunt",
        "bezettingsgraad": 50,
        "latitude": 51.19291434986389,
        "longitude": 5.98756051204955,
        "canPickup": true,
        "canDropoff": true,
        "openingstijden": {
          "ma": "13:00 - 18:00",
          "di": "10:00 - 18:00",
          "wo": "10:00 - 18:00",
          "do": "10:00 - 18:00",
          "vr": "10:00 - 18:00",
          "za": "10:00 - 17:00",
          "zo": "13:00 - 17:00"
        }
      }
    },
    {
      "type": "Feature",
      "geometry": {
        "type": "Point",
        "coordinates": [
          5.99873147066036,
          51.1868872547233
        ]
      },
      "properties": {
        "type": "pakketpunt",
        "locatieNaam": "ViaTim & Marlies",
        "straatNaam": "Hendriklaan",
        "straatNr": "127",
        "vervoerder": "ViaTim",
        "puntType": "servicepunt",
        "bezettingsgraad": 50,
        "latitude": 51.1868872547233,
        "longitude": 5.99873147066036,
        "canPickup": true,
        "canDropoff": true,
        "openingstijden": {
          "ma": "16:00 - 21:00",
          "di": "16:00 - 21:00",
          "wo": "16:00 - 21:00",
          "do": "16:00 - 21:00",
          "vr": "16:00 - 21:00",
          "za": "gesloten",
          "zo": "gesloten"
        }
      }
    },
    {
      "type": "Feature",
      "geometry": {
        "type": "Point",
        "coordinates": [
          5.99576,
          51.18926
        ]
      },
      "properties": {
        "type": "pakketpunt",
        "locatieNaam": "BOJA",
        "straatNaam": "Nassaustraat 16",
        "straatNr": "",
        "vervoerder": "InPost",
        "puntType": "servicepunt",
        "bezettingsgraad": 50,
        "latitude": 51.18926,
        "longitude": 5.99576,
        "canPickup": true,
        "canDropoff": true,
        "openingstijden": null
      }
    },
    {
      "type": "Feature",
      "geometry": {
        "type": "Point",
        "coordinates": [
          6.00179,
          51.19317
        ]
      },
      "properties": {
        "type": "pakketpunt",
        "locatieNaam": "SHOW MOBILE",
        "straatNaam": "Oranjelaan 73A",
        "straatNr": "",
        "vervoerder": "InPost",
        "puntType": "servicepunt",
        "bezettingsgraad": 50,
        "latitude": 51.19317,
        "longitude": 6.00179,
        "canPickup": true,
        "canDropoff": true,
        "openingstijden": null
      }
    },
    {
      "type": "Feature",
      "geometry": {
        "type": "Point",
        "coordinates": [
          6.0128,
          51.20026
        ]
      },
      "properties": {
        "type": "pakketpunt",
        "locatieNaam": "BALLOONIE",
        "straatNaam": "HOEKSTRAAT 5",
        "straatNr": "",
        "vervoerder": "InPost",
        "puntType": "servicepunt",
        "bezettingsgraad": 50,
        "latitude": 51.20026,
        "longitude": 6.0128,
        "canPickup": true,
        "canDropoff": true,
        "openingstijden": "L 13-18,Ma/Me/J/V 9-18,S 9-17"
      }
    },
    {
      "type": "Feature",
      "geometry": {
        "type": "Point",
        "coordinates": [
          5.98589,
          51.19254
        ]
      },
      "properties": {
        "type": "pakketpunt",
        "locatieNaam": "CACTI & CADEAUX",
        "straatNaam": "NEERSTRAAT 68",
        "straatNr": "",
        "vervoerder": "InPost",
        "puntType": "servicepunt",
        "bezettingsgraad": 50,
        "latitude": 51.19254,
        "longitude": 5.98589,
        "canPickup": true,
        "canDropoff": true,
        "openingstijden": "Ma 12-18,Me/J/V 10-18,S 10-17: 30"
      }
    },
    {
      "type": "Feature",
      "geometry": {
        "type": "MultiPolygon",
        "coordinates": [
          [
            [
              [
                5.966396935580375,
                51.16552606622413
              ],
              [
                5.9661435351456875,
                51.16531476814115
              ],
              [
                5.965858416868681,
                51.165120103131734
              ],
              [
                5.965544326650892,
                51.164943945703754
              ],
              [
                5.965204289270173,
                51.16478799212782
              ],
              [
                5.964841579253597,
                51.16465374410992
              ],
              [
                5.964459689350402,
                51.16454249433718
              ],
              [
                5.964062296908188,
                51.164455314036175
              ],
              [
                5.963653228475797,
                51.1643930426628
              ],
              [
                5.9632364229729635,
                51.16435627982333
              ],
              [
                5.962815893780677,
                51.16434537950363
              ],
              [
                5.9623956901164155,
                51.164360446662506
              ],
              [
                5.961979858065185,
                51.16440133622142
              ],
              [
                5.961572401640627,
                51.16446765446076
              ],
              [
                5.9611772442501785,
                51.16455876280895
              ],
              [
                5.960798190934343,
                51.164673783987915
              ],
              [
                5.960438891742886,
                51.16481161045629
              ],
              [
                5.96010280659978,
                51.16497091506882
              ],
              [
                5.959793171994699,
                51.165150163849994
              ],
              [
                5.959512969821304,
                51.16534763075859
              ],
              [
                5.959264898662171,
                51.165561414302005
              ],
              [
                5.959051347796787,
                51.165789455840134
              ],
              [
                5.9588743741831,
                51.16602955940292
              ],
              [
                5.9587356826345905,
                51.166279412831514
              ],
              [
                5.958636609384262,
                51.166536610038825
              ],
              [
                5.9585781091945815,
                51.1667986741763
              ],
              [
                5.958560746138268,
                51.167063081483455
              ],
              [
                5.958584688139683,
                51.16732728559071
              ],
              [
                5.958649705330409,
                51.16758874204164
              ],
              [
                5.958755172235849,
                51.16784493279848
              ],
              [
                5.958900073772908,
                51.16809339049489
              ],
              [
                5.959083015001916,
                51.16833172220228
              ],
              [
                5.959302234539881,
                51.16855763248058
              ],
              [
                5.959555621506572,
                51.168768945491216
              ],
              [
                5.9598407358410395,
                51.168963625959506
              ],
              [
                5.960154831793256,
                51.16913979878339
              ],
              [
                5.960494884364997,
                51.169295767100614
              ],
              [
                5.960857618445402,
                51.16943002863871
              ],
              [
                5.961239540360484,
                51.16954129019092
              ],
              [
                5.961636971532437,
                51.16962848007812
              ],
              [
                5.962046083924058,
                51.16969075847587
              ],
              [
                5.9624629369262845,
                51.16972752550809
              ],
              [
                5.962883515332752,
                51.16973842702766
              ],
              [
                5.96330376803471,
                51.16972335802983
              ],
              [
                5.963719647062661,
                51.169682463663634
              ],
              [
                5.964127146597673,
                51.16961613783353
              ],
              [
                5.9645223415755995,
                51.16952501940276
              ],
              [
                5.964901425511467,
                51.16940998603689
              ],
              [
                5.965260747178811,
                51.16927214574561
              ],
              [
                5.96559684578991,
                51.169112826205335
              ],
              [
                5.9659064843375305,
                51.16893356196535
              ],
              [
                5.966186680776498,
                51.168736079660874
              ],
              [
                5.966434736744612,
                51.16852228137616
              ],
              [
                5.9666482635461655,
                51.16829422631787
              ],
              [
                5.966825205147964,
                51.16805411097554
              ],
              [
                5.966963857966734,
                51.16780424796081
              ],
              [
                5.967062887257833,
                51.16754704372906
              ],
              [
                5.967121339948122,
                51.16728497539887
              ],
              [
                5.967138653790255,
                51.16702056689179
              ],
              [
                5.967114662751142,
                51.16675636462355
              ],
              [
                5.967049598583698,
                51.16649491297988
              ],
              [
                5.966944088567803,
                51.16623872981381
              ],
              [
                5.966799149443269,
                51.16599028219999
              ],
              [
                5.96661617759422,
                51.16575196267949
              ],
              [
                5.966396935580375,
                51.16552606622413
              ]
            ]
          ],
          [
            [
              [
                5.965420947875298,
                51.1799149547588
              ],
              [
                5.965167472241962,
                51.17970365473111
              ],
              [
                5.964882268492147,
                51.17950898752094
              ],
              [
                5.964568083350608,
                51.17933282765717
              ],
              [
                5.964227942509321,
                51.179176871433945
              ],
              [
                5.96386512149161,
                51.179042620582564
              ],
              [
                5.963483114115472,
                51.1789313678175
              ],
              [
                5.963085598859529,
                51.17884418439401
              ],
              [
                5.9626764034549895,
                51.17878190979801
              ],
              [
                5.962259468043948,
                51.17874514366678
              ],
              [
                5.961838807257996,
                51.1787342400179
              ],
              [
                5.961418471581417,
                51.17874930384216
              ],
              [
                5.961002508370048,
                51.17879019009315
              ],
              [
                5.960594922900185,
                51.17885650508317
              ],
              [
                5.960199639821576,
                51.17894761027189
              ],
              [
                5.959820465384767,
                51.1790626284118
              ],
              [
                5.959461050805645,
                51.17920045199081
              ],
              [
                5.959124857119177,
                51.17935975389155
              ],
              [
                5.958815121860209,
                51.179539000164645
              ],
              [
                5.958534827891689,
                51.17973646479313
              ],
              [
                5.958286674680263,
                51.17995024630647
              ],
              [
                5.958073052295768,
                51.18017828608407
              ],
              [
                5.95789601838516,
                51.18041838817304
              ],
              [
                5.957757278342922,
                51.18066824042869
              ],
              [
                5.9576581688694725,
                51.180925436775276
              ],
              [
                5.957599645076573,
                51.18118750037263
              ],
              [
                5.9575822712647435,
                51.181451907465444
              ],
              [
                5.957595775409227,
                51.18160091480243
              ],
              [
                5.957488342143834,
                51.18174661442015
              ],
              [
                5.957349595894496,
                51.18199646619085
              ],
              [
                5.957250481296716,
                51.182253662189616
              ],
              [
                5.957191953511638,
                51.18251572557959
              ],
              [
                5.957174576878276,
                51.18278013260755
              ],
              [
                5.957198519452312,
                51.18304433690662
              ],
              [
                5.957263551360364,
                51.18330579401842
              ],
              [
                5.957369046986653,
                51.183561985898926
              ],
              [
                5.95751399097199,
                51.18381044517089
              ],
              [
                5.957696987968362,
                51.1840487788906
              ],
              [
                5.957916276056066,
                51.18427469159847
              ],
              [
                5.958169743694995,
                51.18448600743245
              ],
              [
                5.958454950047461,
                51.184680691090584
              ],
              [
                5.958769148477327,
                51.18485686744014
              ],
              [
                5.95910931299942,
                51.1850128395847
              ],
              [
                5.959472167424597,
                51.18514710521494
              ],
              [
                5.95985421691963,
                51.18525837108463
              ],
              [
                5.960251781677709,
                51.18534556547292
              ],
              [
                5.9606610323747,
                51.18540784851202
              ],
              [
                5.9610780270691,
                51.18544462028105
              ],
              [
                5.961498749189435,
                51.18545552658739
              ],
              [
                5.961919146242352,
                51.185440462379965
              ],
              [
                5.962335168867612,
                51.18539957276185
              ],
              [
                5.962742809862818,
                51.185333251591686
              ],
              [
                5.963138142800979,
                51.18524213768791
              ],
              [
                5.96351735986804,
                51.18512710867253
              ],
              [
                5.963876808555028,
                51.184989272513405
              ],
              [
                5.9642130268506826,
                51.18482995684716
              ],
              [
                5.964522776594952,
                51.184650696185905
              ],
              [
                5.964803074671701,
                51.18445321713037
              ],
              [
                5.965051221739939,
                51.184239421733736
              ],
              [
                5.965264828226759,
                51.18401136917483
              ],
              [
                5.965441837331801,
                51.183771255919204
              ],
              [
                5.965580544822041,
                51.1835213945585
              ],
              [
                5.96567961542674,
                51.18326419153224
              ],
              [
                5.965738095675377,
                51.183002123947354
              ],
              [
                5.965755423055739,
                51.18273771571828
              ],
              [
                5.965741892079077,
                51.18258870937596
              ],
              [
                5.965849301077164,
                51.18244300216904
              ],
              [
                5.965988002362506,
                51.182193140323854
              ],
              [
                5.966087067845528,
                51.18193593695017
              ],
              [
                5.966145544104997,
                51.18167386915826
              ],
              [
                5.966162868667073,
                51.18140946086462
              ],
              [
                5.9661388753959335,
                51.1811452584829
              ],
              [
                5.96607379606651,
                51.180883806399926
              ],
              [
                5.965968258105194,
                51.180627622472976
              ],
              [
                5.9658232785213885,
                51.1803791737839
              ],
              [
                5.965640254089273,
                51.180140852884165
              ],
              [
                5.965420947875298,
                51.1799149547588
              ]
            ]
          ],
          [
            [
              [
                5.992155503170413,
                51.18244345678825
              ],
              [
                5.991747930765015,
                51.18250988102044
              ],
              [
                5.991352678546408,
                51.18260109212046
              ],
              [
                5.990973552468297,
                51.182716211820896
              ],
              [
                5.990614203281315,
                51.18285413163176
              ],
              [
                5.990278091391237,
                51.18301352350912
              ],
              [
                5.989968453545796,
                51.18319285263714
              ],
              [
                5.989688271670491,
                51.1833903922009
              ],
              [
                5.9894402441531644,
                51.18360424000826
              ],
              [
                5.989226759853857,
                51.18383233680008
              ],
              [
                5.989049875090359,
                51.184072486074264
              ],
              [
                5.988911293821408,
                51.18432237523157
              ],
              [
                5.988812351218886,
                51.184579597840695
              ],
              [
                5.988754000787937,
                51.1848416768083
              ],
              [
                5.988736805159821,
                51.18510608823089
              ],
              [
                5.9887609306471825,
                51.18537028569894
              ],
              [
                5.988826145615088,
                51.18563172481972
              ],
              [
                5.988931822684648,
                51.18588788772219
              ],
              [
                5.989076944749006,
                51.18613630730795
              ],
              [
                5.989260114744743,
                51.18637459101523
              ],
              [
                5.98947956908558,
                51.186600443865935
              ],
              [
                5.989733194629699,
                51.18681169057448
              ],
              [
                5.990018549018042,
                51.187006296504386
              ],
              [
                5.9903328841881,
                51.18718238727152
              ],
              [
                5.990673172837099,
                51.18733826680369
              ],
              [
                5.991036137579784,
                51.18747243368354
              ],
              [
                5.991418282519858,
                51.18758359561599
              ],
              [
                5.991815926930713,
                51.187670681881286
              ],
              [
                5.992225240720618,
                51.187732853653124
              ],
              [
                5.992227478755655,
                51.187733050383585
              ],
              [
                5.992172403456232,
                51.18778053518217
              ],
              [
                5.991958913415789,
                51.18800863697962
              ],
              [
                5.991782026959789,
                51.18824879039107
              ],
              [
                5.991643448063405,
                51.188498682777436
              ],
              [
                5.991558818433071,
                51.188718712138886
              ],
              [
                5.991230700681835,
                51.18871029218399
              ],
              [
                5.990810283762594,
                51.188725462457036
              ],
              [
                5.99039425681175,
                51.188766454014456
              ],
              [
                5.989986625719308,
                51.18883287215455
              ],
              [
                5.989591315574399,
                51.18892407734396
              ],
              [
                5.989212132888396,
                51.189039191372174
              ],
              [
                5.989125325514061,
                51.189072502230694
              ],
              [
                5.989008605948698,
                51.188992903781624
              ],
              [
                5.988694263416258,
                51.18881680945231
              ],
              [
                5.988353970481579,
                51.18866092413822
              ],
              [
                5.987991004132099,
                51.18852674888787
              ],
              [
                5.987608859584807,
                51.18841557568764
              ],
              [
                5.987211216638717,
                51.188328475026616
              ],
              [
                5.986801904254168,
                51.18826628559387
              ],
              [
                5.9863848636992785,
                51.188229606206605
              ],
              [
                5.9859641106177595,
                51.188218790047166
              ],
              [
                5.98554369638237,
                51.18823394126404
              ],
              [
                5.985127669105241,
                51.1882749139693
              ],
              [
                5.984720034679498,
                51.18834131364292
              ],
              [
                5.984324718226326,
                51.188432500929146
              ],
              [
                5.983945526317789,
                51.18854759779
              ],
              [
                5.983586110338245,
                51.18868549595543
              ],
              [
                5.98324993133648,
                51.188844867589914
              ],
              [
                5.982940226706348,
                51.18902417807259
              ],
              [
                5.98265997901634,
                51.18922170076821
              ],
              [
                5.982411887287998,
                51.18943553364696
              ],
              [
                5.982198340999664,
                51.18966361759365
              ],
              [
                5.982021397066085,
                51.189903756229896
              ],
              [
                5.981882760015848,
                51.19015363705893
              ],
              [
                5.981783765558108,
                51.19041085372979
              ],
              [
                5.981725367697517,
                51.19067292920631
              ],
              [
                5.98170812952227,
                51.19093733961873
              ],
              [
                5.981732217754955,
                51.19120153856731
              ],
              [
                5.98179740111965,
                51.19146298164511
              ],
              [
                5.981861735634502,
                51.19161897164045
              ],
              [
                5.981808205030904,
                51.19171545182659
              ],
              [
                5.981806721875315,
                51.191716154865624
              ],
              [
                5.981496992258908,
                51.19189546152957
              ],
              [
                5.981216720858781,
                51.19209298076886
              ],
              [
                5.9809686069248,
                51.19230681058695
              ],
              [
                5.98075504014916,
                51.19253489189818
              ],
              [
                5.980578077643926,
                51.19277502834953
              ],
              [
                5.980439424116595,
                51.19302490746531
              ],
              [
                5.980340415435054,
                51.19328212291103
              ],
              [
                5.98028200574102,
                51.1935441976625
              ],
              [
                5.980279162147711,
                51.19358779113303
              ],
              [
                5.980271408769941,
                51.19362257900431
              ],
              [
                5.980254161176965,
                51.193886989196635
              ],
              [
                5.980278242656929,
                51.19415118843783
              ],
              [
                5.980343421999058,
                51.19441263231819
              ],
              [
                5.980449072167911,
                51.19466880292082
              ],
              [
                5.980594176316068,
                51.19491723307329
              ],
              [
                5.980777337553022,
                51.195155530112025
              ],
              [
                5.980996792377187,
                51.19538139893059
              ],
              [
                5.981250427642405,
                51.19559266408958
              ],
              [
                5.981535800896265,
                51.19578729077485
              ],
              [
                5.981850163894791,
                51.19596340440224
              ],
              [
                5.982190489067364,
                51.19611930867951
              ],
              [
                5.9825534986770625,
                51.1962535019508
              ],
              [
                5.982935696395511,
                51.196364691666886
              ],
              [
                5.983333400987757,
                51.1964518068403
              ],
              [
                5.983742781782366,
                51.19651400836631
              ],
              [
                5.983900397418852,
                51.19652787219877
              ],
              [
                5.983993650273153,
                51.196605538955204
              ],
              [
                5.9842790414520834,
                51.19680015887116
              ],
              [
                5.984593421904442,
                51.19697626504626
              ],
              [
                5.984933763891454,
                51.19713216125991
              ],
              [
                5.985296789514198,
                51.197266345934075
              ],
              [
                5.985679002290011,
                51.19737752660217
              ],
              [
                5.986076720838862,
                51.19746463236398
              ],
              [
                5.986486114354835,
                51.1975268242054
              ],
              [
                5.986903239520346,
                51.19756350308399
              ],
              [
                5.987324078506835,
                51.19757431570183
              ],
              [
                5.987744577694987,
                51.19755915791042
              ],
              [
                5.988160686740584,
                51.19751817571427
              ],
              [
                5.988568397608713,
                51.19745176386379
              ],
              [
                5.988963783199379,
                51.19736056205097
              ],
              [
                5.989343035191501,
                51.19724544874457
              ],
              [
                5.989702500739947,
                51.19710753272438
              ],
              [
                5.990038717671389,
                51.19694814239641
              ],
              [
                5.990188327084857,
                51.19686152093098
              ],
              [
                5.990192441469733,
                51.19690654993346
              ],
              [
                5.990257681256409,
                51.1971679881358
              ],
              [
                5.990363393145718,
                51.19742414960648
              ],
              [
                5.990508559695811,
                51.19767256726093
              ],
              [
                5.990691783415144,
                51.19791084855586
              ],
              [
                5.990911300200279,
                51.19813669853643
              ],
              [
                5.991164996308192,
                51.19834794194459
              ],
              [
                5.991450428700328,
                51.19854254417565
              ],
              [
                5.991764848562963,
                51.19871863088093
              ],
              [
                5.992105227777611,
                51.19887450602744
              ],
              [
                5.9924682880866555,
                51.199008668239884
              ],
              [
                5.992850532673211,
                51.199119825268156
              ],
              [
                5.993248279850733,
                51.19920690643968
              ],
              [
                5.993657698537443,
                51.199269072977245
              ],
              [
                5.9940748451732215,
                51.1993057260821
              ],
              [
                5.994495701722633,
                51.19931651270465
              ],
              [
                5.994916214397145,
                51.19930132894666
              ],
              [
                5.995332332722621,
                51.19926032106295
              ],
              [
                5.995740048574764,
                51.19919388405127
              ],
              [
                5.996135434805603,
                51.19910265784602
              ],
              [
                5.996514683087952,
                51.198987521150904
              ],
              [
                5.996874140612498,
                51.198849582971036
              ],
              [
                5.997210345283297,
                51.19869017192582
              ],
              [
                5.997520059072101,
                51.198510823445886
              ],
              [
                5.997800299209745,
                51.198313264978
              ],
              [
                5.998048366914024,
                51.198099399339974
              ],
              [
                5.998261873377205,
                51.19787128638719
              ],
              [
                5.998438762763109,
                51.197631123166765
              ],
              [
                5.998577331992556,
                51.19738122275129
              ],
              [
                5.998578054678769,
                51.19737934340199
              ],
              [
                5.998717480593438,
                51.1971900405059
              ],
              [
                5.998856046981471,
                51.19694013975999
              ],
              [
                5.998954959612077,
                51.196682908729095
              ],
              [
                5.999013266536889,
                51.19642082478954
              ],
              [
                5.999030406913557,
                51.196156412013146
              ],
              [
                5.999006216380656,
                51.1958922168564
              ],
              [
                5.998940928613287,
                51.19563078363636
              ],
              [
                5.998835173045496,
                51.19537463002833
              ],
              [
                5.998689968782444,
                51.19512622282188
              ],
              [
                5.998535535322294,
                51.19492542712433
              ],
              [
                5.998780962291294,
                51.19509273325536
              ],
              [
                5.999095386507115,
                51.19526880013892
              ],
              [
                5.999435764893524,
                51.19542465383337
              ],
              [
                5.9997988192007625,
                51.195558793170115
              ],
              [
                6.000181052669662,
                51.19566992611936
              ],
              [
                6.000578783720706,
                51.19575698224042
              ],
              [
                6.000988181427411,
                51.195819122997534
              ],
              [
                6.001405302431743,
                51.19585574984013
              ],
              [
                6.001826128945193,
                51.19586650997168
              ],
              [
                6.002246607468595,
                51.195851299749215
              ],
              [
                6.002662687856847,
                51.19581026568229
              ],
              [
                6.003070362351185,
                51.19574380302099
              ],
              [
                6.003465704202121,
                51.19565255194679
              ],
              [
                6.003844905510071,
                51.19553739140284
              ],
              [
                6.004011447198666,
                51.19547346375425
              ],
              [
                6.004045612506401,
                51.195463087847166
              ],
              [
                6.004405019727544,
                51.195325126449404
              ],
              [
                6.004741172370327,
                51.19516569369402
              ],
              [
                6.005050832907748,
                51.19498632522075
              ],
              [
                6.00533101908367,
                51.19478874866892
              ],
              [
                6.005579032635719,
                51.19457486703038
              ],
              [
                6.005792485277799,
                51.194346740314636
              ],
              [
                6.0059693216921435,
                51.19410656570127
              ],
              [
                6.006107839309766,
                51.193856656372574
              ],
              [
                6.0062067046893635,
                51.193599419229905
              ],
              [
                6.006264966337588,
                51.19333733170842
              ],
              [
                6.006282063848075,
                51.193072917914336
              ],
              [
                6.00625783327212,
                51.192808724313934
              ],
              [
                6.006192508670341,
                51.192547295209245
              ],
              [
                6.00608671983135,
                51.1922911482358
              ],
              [
                6.005941486180564,
                51.19204275011931
              ],
              [
                6.005758206938695,
                51.19180449292394
              ],
              [
                6.0055386476257056,
                51.19157867102094
              ],
              [
                6.005284923040953,
                51.191367458999366
              ],
              [
                6.004999476884106,
                51.19117289073135
              ],
              [
                6.004685058213562,
                51.19099683979289
              ],
              [
                6.004344694969362,
                51.19084100142899
              ],
              [
                6.003981664815702,
                51.1907068762361
              ],
              [
                6.003599463583676,
                51.19059575571851
              ],
              [
                6.00320177161789,
                51.19050870985803
              ],
              [
                6.002963804676415,
                51.19047259061613
              ],
              [
                6.002977802618392,
                51.19025634034157
              ],
              [
                6.002953592616723,
                51.18999214599991
              ],
              [
                6.002888290906348,
                51.18973071498199
              ],
              [
                6.002782527055367,
                51.18947456494188
              ],
              [
                6.002637320248485,
                51.18922616263481
              ],
              [
                6.002454069447872,
                51.18898790016535
              ],
              [
                6.002234539899576,
                51.1887620719556
              ],
              [
                6.002041501838807,
                51.18860135336873
              ],
              [
                6.00207121707493,
                51.18858039827081
              ],
              [
                6.002319212419492,
                51.188366523585636
              ],
              [
                6.002532652545405,
                51.18813840284244
              ],
              [
                6.002709482255265,
                51.18789823316323
              ],
              [
                6.00284799904446,
                51.18764832768282
              ],
              [
                6.00294686947944,
                51.18739109326548
              ],
              [
                6.0030051420179396,
                51.1871290073201
              ],
              [
                6.003022256148478,
                51.186864593937784
              ],
              [
                6.0029980477620715,
                51.186600399580904
              ],
              [
                6.002932750705415,
                51.18633896855867
              ],
              [
                6.002826994501666,
                51.186082818525286
              ],
              [
                6.002681798261786,
                51.18583441623584
              ],
              [
                6.002498560846078,
                51.18559615379478
              ],
              [
                6.0022790473716165,
                51.185370325623886
              ],
              [
                6.0020253721962735,
                51.18515910637269
              ],
              [
                6.001739978543888,
                51.18496452998285
              ],
              [
                6.001425614967263,
                51.18478847010871
              ],
              [
                6.001425527991986,
                51.184788430277436
              ],
              [
                6.001425144313568,
                51.1847882153963
              ],
              [
                6.00108483822575,
                51.184632367367605
              ],
              [
                6.00072186673707,
                51.18449823187508
              ],
              [
                6.0003397251138315,
                51.18438710052226
              ],
              [
                5.999942093126764,
                51.18430004339533
              ],
              [
                5.9995327996305985,
                51.1842378987642
              ],
              [
                5.999115785711548,
                51.184201265014735
              ],
              [
                5.999060866059185,
                51.18419985919492
              ],
              [
                5.999286279556036,
                51.18411332475089
              ],
              [
                5.999622368092147,
                51.1839539068621
              ],
              [
                5.999931973233661,
                51.183774552069224
              ],
              [
                6.000212113257847,
                51.18357698787958
              ],
              [
                6.000460090346634,
                51.18336311716618
              ],
              [
                6.000673516564857,
                51.18313499983315
              ],
              [
                6.000850336848926,
                51.18289483296963
              ],
              [
                6.000871196279057,
                51.18285719856196
              ],
              [
                6.000992271964762,
                51.18293975191452
              ],
              [
                6.00130662119344,
                51.18311581299236
              ],
              [
                6.00164691676662,
                51.183271660394595
              ],
              [
                6.002009881232163,
                51.18340579301332
              ],
              [
                6.002392018696295,
                51.18351691888349
              ],
              [
                6.002789648504317,
                51.1836039676327
              ],
              [
                6.003198940705093,
                51.183666100796096
              ],
              [
                6.003615952957034,
                51.18370271989644
              ],
              [
                6.004036668519375,
                51.18371347221165
              ],
              [
                6.004457034961907,
                51.183698254174175
              ],
              [
                6.004873003219364,
                51.18365721236882
              ],
              [
                6.0052805666132905,
                51.183590742120174
              ],
              [
                6.005675799464568,
                51.183499483682695
              ],
              [
                6.006054894923696,
                51.18338431607055
              ],
              [
                6.0064142016536515,
                51.183246348586586
              ],
              [
                6.006750259011173,
                51.18308691013236
              ],
              [
                6.007059830387075,
                51.18290753640243
              ],
              [
                6.007339934383967,
                51.182709955086715
              ],
              [
                6.007587873530902,
                51.18249606922292
              ],
              [
                6.007801260258253,
                51.18226793886114
              ],
              [
                6.007978039882875,
                51.18202776121596
              ],
              [
                6.008116510382454,
                51.181777849498985
              ],
              [
                6.008215338769143,
                51.18152061063434
              ],
              [
                6.008273573905494,
                51.18125852207381
              ],
              [
                6.008290655640056,
                51.180994107933586
              ],
              [
                6.0082664201756355,
                51.18072991468326
              ],
              [
                6.00820110161948,
                51.18046848662144
              ],
              [
                6.008095329701566,
                51.18021234137363
              ],
              [
                6.007950123683948,
                51.17996394564901
              ],
              [
                6.007800401184675,
                51.17976927339419
              ],
              [
                6.008062229453107,
                51.17961754811557
              ],
              [
                6.008342309111258,
                51.17941996440929
              ],
              [
                6.008590225874972,
                51.17920607642798
              ],
              [
                6.00880359239016,
                51.17897794424208
              ],
              [
                6.008980354168305,
                51.178737765083774
              ],
              [
                6.009118809358895,
                51.17848785217911
              ],
              [
                6.009217625121447,
                51.17823061246365
              ],
              [
                6.009275850439986,
                51.17796852339749
              ],
              [
                6.009292925257515,
                51.177704109101526
              ],
              [
                6.009268685843328,
                51.177439916046936
              ],
              [
                6.0092033663426045,
                51.177178488530366
              ],
              [
                6.0090975964942865,
                51.176922344172155
              ],
              [
                6.008952395540387,
                51.176673949672846
              ],
              [
                6.008769162386267,
                51.17643569706171
              ],
              [
                6.008549662107642,
                51.176209880665965
              ],
              [
                6.008386898776651,
                51.17607435521275
              ],
              [
                6.0083168943268275,
                51.17598332784282
              ],
              [
                6.0080973984412065,
                51.175757510583075
              ],
              [
                6.007843749852958,
                51.17554630394167
              ],
              [
                6.007558391529655,
                51.17535174173898
              ],
              [
                6.007244071683707,
                51.17517569749275
              ],
              [
                6.006903817303434,
                51.175019866383586
              ],
              [
                6.006540905004725,
                51.174885748938
              ],
              [
                6.006158829483902,
                51.17477463658592
              ],
              [
                6.006018604568756,
                51.174743937468826
              ],
              [
                6.005978571335777,
                51.1747291424282
              ],
              [
                6.005596498472852,
                51.17461802822219
              ],
              [
                6.005198941279371,
                51.17453098893845
              ],
              [
                6.004789727889957,
                51.17446886267507
              ],
              [
                6.00437279861962,
                51.17443224764115
              ],
              [
                6.003952168040699,
                51.174421496399376
              ],
              [
                6.0035318863466465,
                51.174436712473074
              ],
              [
                6.003116000373692,
                51.17447774935005
              ],
              [
                6.0027085146547146,
                51.17454421189225
              ],
              [
                6.0023133528794075,
                51.174635460138624
              ],
              [
                6.001934320130836,
                51.17475061546414
              ],
              [
                6.001575066261188,
                51.17488856903577
              ],
              [
                6.0012390507586275,
                51.175047992484416
              ],
              [
                6.000929509442948,
                51.175227350690136
              ],
              [
                6.000649423310274,
                51.17542491655803
              ],
              [
                6.000401489826605,
                51.17563878764248
              ],
              [
                6.000188096946536,
                51.17586690446022
              ],
              [
                6.000011300107521,
                51.17610707031615
              ],
              [
                5.999872802421527,
                51.176356972451266
              ],
              [
                5.99977393825542,
                51.176614204309196
              ],
              [
                5.99971566035882,
                51.17687628870747
              ],
              [
                5.999698530664231,
                51.17714070169006
              ],
              [
                5.999722714849056,
                51.1774048968325
              ],
              [
                5.99978798071276,
                51.1776663297643
              ],
              [
                5.999893700385954,
                51.17792248267391
              ],
              [
                6.000038856351107,
                51.17817088855918
              ],
              [
                6.000222051217951,
                51.1784091549902
              ],
              [
                6.000441521160305,
                51.17863498715521
              ],
              [
                6.0006951528857515,
                51.17884620996791
              ],
              [
                6.000980503975391,
                51.17904078902189
              ],
              [
                6.001035609926246,
                51.17907165563397
              ],
              [
                6.000941270767524,
                51.17912631394006
              ],
              [
                6.000661160968192,
                51.17932387985794
              ],
              [
                6.000413206558273,
                51.17953775098308
              ],
              [
                6.000199795693934,
                51.17976586783182
              ],
              [
                6.000022983985895,
                51.18000603370883
              ],
              [
                6.000002125145524,
                51.180043667965705
              ],
              [
                5.999881058896201,
                51.17996111356042
              ],
              [
                5.999566736771624,
                51.17978504856869
              ],
              [
                5.999226474130177,
                51.179629195008
              ],
              [
                5.99886354766743,
                51.17949505362116
              ],
              [
                5.998481452216178,
                51.17938391606847
              ],
              [
                5.998083867102642,
                51.17929685249583
              ],
              [
                5.9976746207303036,
                51.17923470123519
              ],
              [
                5.997257653731727,
                51.179198060736276
              ],
              [
                5.996836981042478,
                51.17918728380701
              ],
              [
                5.996416653261403,
                51.17920247421807
              ],
              [
                5.996000717668372,
                51.17924348570427
              ],
              [
                5.995593179273932,
                51.1793099233721
              ],
              [
                5.995197962274838,
                51.179401147499966
              ],
              [
                5.994818872285755,
                51.17951627969514
              ],
              [
                5.994459559709902,
                51.179654211347305
              ],
              [
                5.994123484600593,
                51.179813614298475
              ],
              [
                5.993813883351463,
                51.17999295362608
              ],
              [
                5.993533737535663,
                51.180190502417084
              ],
              [
                5.993285745193828,
                51.180404358390334
              ],
              [
                5.993072294847288,
                51.18063246220813
              ],
              [
                5.992895442486878,
                51.180872617300665
              ],
              [
                5.992756891759261,
                51.18112251101258
              ],
              [
                5.992657977542152,
                51.181379736868706
              ],
              [
                5.992599653067263,
                51.18164181774446
              ],
              [
                5.992582480715802,
                51.181906229717775
              ],
              [
                5.992606626576139,
                51.182170426373986
              ],
              [
                5.9926636912570475,
                51.18239912965059
              ],
              [
                5.992571471238441,
                51.18240245901593
              ],
              [
                5.992155503170413,
                51.18244345678825
              ]
            ],
            [
              [
                5.997748033161265,
                51.1942563046075
              ],
              [
                5.997433621053791,
                51.194080234054695
              ],
              [
                5.997093259434532,
                51.1939243744641
              ],
              [
                5.996730225952157,
                51.193790226636565
              ],
              [
                5.996580408874367,
                51.19374666089716
              ],
              [
                5.9965236939168545,
                51.19372570334175
              ],
              [
                5.996141485470086,
                51.19361455831843
              ],
              [
                5.995743781360737,
                51.1935274869643
              ],
              [
                5.995709537375908,
                51.193522287377284
              ],
              [
                5.9958193358468845,
                51.193373213629464
              ],
              [
                5.995957906593075,
                51.19312331630742
              ],
              [
                5.996056827341417,
                51.192866087704786
              ],
              [
                5.996115146065208,
                51.192604005174566
              ],
              [
                5.996125853640505,
                51.192438975323284
              ],
              [
                5.996332459881889,
                51.19253359114209
              ],
              [
                5.9966954822501455,
                51.19266774023453
              ],
              [
                5.9970776841356574,
                51.19277888344942
              ],
              [
                5.9974753842631925,
                51.192865950247324
              ],
              [
                5.997523126651263,
                51.19287319875831
              ],
              [
                5.997511777134488,
                51.19292421024564
              ],
              [
                5.997494629136141,
                51.193188622832224
              ],
              [
                5.9975188094775325,
                51.193452818338315
              ],
              [
                5.997584085995725,
                51.193714252390045
              ],
              [
                5.997689830719274,
                51.19397040716505
              ],
              [
                5.997835025889935,
                51.19421881564317
              ],
              [
                5.997991512652976,
                51.19442228918898
              ],
              [
                5.997748033161265,
                51.1942563046075
              ]
            ]
          ],
          [
            [
              [
                6.012045785936542,
                51.184379546282116
              ],
              [
                6.011682784567825,
                51.184245445075824
              ],
              [
                6.011300618670501,
                51.1841343498078
              ],
              [
                6.010902968248898,
                51.18404733021688
              ],
              [
                6.010493662335129,
                51.18398522421142
              ],
              [
                6.0100766421349,
                51.183948629805464
              ],
              [
                6.009655923095892,
                51.18393789936309
              ],
              [
                6.009235556263131,
                51.183953136207386
              ],
              [
                6.008819589292448,
                51.183994193626106
              ],
              [
                6.008412027496493,
                51.18406067628345
              ],
              [
                6.00801679529739,
                51.18415194402478
              ],
              [
                6.007637698456245,
                51.18426711803727
              ],
              [
                6.007278387442383,
                51.18440508930805
              ],
              [
                6.006942322294262,
                51.1845645292976
              ],
              [
                6.006632739309811,
                51.18474390272678
              ],
              [
                6.006352619886559,
                51.1849414823541
              ],
              [
                6.006104661811276,
                51.1851553656015
              ],
              [
                6.005891253275617,
                51.18538349286856
              ],
              [
                6.00571444986808,
                51.185623667359636
              ],
              [
                6.005575954764219,
                51.18587357623254
              ],
              [
                6.005477102306378,
                51.18613081286593
              ],
              [
                6.00541884513178,
                51.18639290003141
              ],
              [
                6.005401744973729,
                51.18665731374628
              ],
              [
                6.005425967225524,
                51.186921507578894
              ],
              [
                6.00549127932035,
                51.187182937171414
              ],
              [
                6.005597052943868,
                51.187439084744334
              ],
              [
                6.005742270059215,
                51.18768748334689
              ],
              [
                6.005925532687386,
                51.187925740619185
              ],
              [
                6.006145076349732,
                51.18815156183764
              ],
              [
                6.006398787043918,
                51.18836277202126
              ],
              [
                6.006684221590492,
                51.1885573368853
              ],
              [
                6.006908631603783,
                51.18868298973066
              ],
              [
                6.007024216854164,
                51.188779209740204
              ],
              [
                6.007309656643071,
                51.18897377305742
              ],
              [
                6.007624071458723,
                51.18914981691053
              ],
              [
                6.007964433230928,
                51.189305645679255
              ],
              [
                6.008327463869817,
                51.18943975843508
              ],
              [
                6.008709666844096,
                51.18955086340426
              ],
              [
                6.009107360867926,
                51.1896378904157
              ],
              [
                6.009516715371469,
                51.18970000121393
              ],
              [
                6.009933787412878,
                51.1897365975371
              ],
              [
                6.010354559675327,
                51.189747326882575
              ],
              [
                6.010774979182337,
                51.18973208590398
              ],
              [
                6.011190996357397,
                51.18969102140718
              ],
              [
                6.011598604050789,
                51.18962452893532
              ],
              [
                6.011993876156647,
                51.18953324895696
              ],
              [
                6.012373005447355,
                51.18941806069374
              ],
              [
                6.012732340260051,
                51.18928007364749
              ],
              [
                6.013068419681055,
                51.18912061690817
              ],
              [
                6.01337800688877,
                51.188941226346564
              ],
              [
                6.01365812033347,
                51.18874362981457
              ],
              [
                6.013906062453375,
                51.18852973049659
              ],
              [
                6.01411944565044,
                51.18830158857221
              ],
              [
                6.0142962152757455,
                51.188061401367456
              ],
              [
                6.0144346694035224,
                51.18781148218588
              ],
              [
                6.014533475203858,
                51.18755423802357
              ],
              [
                6.014591681757071,
                51.187292146383314
              ],
              [
                6.014608729187237,
                51.18702773141079
              ],
              [
                6.014584454027755,
                51.18676353958368
              ],
              [
                6.014519090768358,
                51.18650211518676
              ],
              [
                6.014413269569698,
                51.18624597581023
              ],
              [
                6.014268010168548,
                51.18599758810665
              ],
              [
                6.014084712033326,
                51.18575934403981
              ],
              [
                6.013865140865663,
                51.1855335378545
              ],
              [
                6.013611411578821,
                51.185322343988396
              ],
              [
                6.013325967917511,
                51.1851277961388
              ],
              [
                6.013101557813096,
                51.185002155674844
              ],
              [
                6.012985969393858,
                51.1849059417064
              ],
              [
                6.012700530973984,
                51.184711392309794
              ],
              [
                6.012386127222807,
                51.184535362153426
              ],
              [
                6.012045785936542,
                51.184379546282116
              ]
            ]
          ],
          [
            [
              [
                6.015204029858741,
                51.196136478129745
              ],
              [
                6.014918511996107,
                51.19594193436938
              ],
              [
                6.014604022630849,
                51.19576591040703
              ],
              [
                6.0142635903836,
                51.19561010122794
              ],
              [
                6.013900493582822,
                51.195476007147434
              ],
              [
                6.0135182287011855,
                51.195364919370206
              ],
              [
                6.013120476695991,
                51.19527790756282
              ],
              [
                6.012711067577311,
                51.19521580955876
              ],
              [
                6.0122939435443845,
                51.19517922329489
              ],
              [
                6.011873121044463,
                51.195168501056976
              ],
              [
                6.011452652118549,
                51.19518374608902
              ],
              [
                6.011036585405292,
                51.19522481160005
              ],
              [
                6.010628927177552,
                51.19529130217626
              ],
              [
                6.010233602785813,
                51.19538257758684
              ],
              [
                6.009854418878777,
                51.19549775894521
              ],
              [
                6.009495026764052,
                51.19563573716769
              ],
              [
                6.0091588872609965,
                51.19579518364795
              ],
              [
                6.0088492373835685,
                51.195974563044416
              ],
              [
                6.008569059173518,
                51.196172148058125
              ],
              [
                6.008321050983873,
                51.1963860360592
              ],
              [
                6.00810760148908,
                51.19661416740155
              ],
              [
                6.0079307666723425,
                51.196854345250266
              ],
              [
                6.007792250012004,
                51.197104256730796
              ],
              [
                6.007693386058354,
                51.19736149519685
              ],
              [
                6.007635127559702,
                51.19762358340228
              ],
              [
                6.007618036262516,
                51.197887997354435
              ],
              [
                6.0076422774751554,
                51.198152190619346
              ],
              [
                6.0076422843184325,
                51.19815221799934
              ],
              [
                6.007642284675328,
                51.19815222188896
              ],
              [
                6.007658271879183,
                51.19821618672567
              ],
              [
                6.007494382999026,
                51.1984387701182
              ],
              [
                6.007355859212814,
                51.19868868108041
              ],
              [
                6.007256989434517,
                51.198945919174484
              ],
              [
                6.00719872646859,
                51.19920800715791
              ],
              [
                6.007181632104567,
                51.19947242104018
              ],
              [
                6.0072058716804095,
                51.199736614388
              ],
              [
                6.0072712124629115,
                51.199998042848094
              ],
              [
                6.007377025861882,
                51.20025418865197
              ],
              [
                6.007522293457782,
                51.200502584865774
              ],
              [
                6.007705616785771,
                51.20074083915256
              ],
              [
                6.007925230782884,
                51.200966656817485
              ],
              [
                6.008179020769592,
                51.2011778629137
              ],
              [
                6.008464542802903,
                51.20137242319574
              ],
              [
                6.008779047205419,
                51.20154846371896
              ],
              [
                6.0091195050440955,
                51.201704288895044
              ],
              [
                6.009214937610356,
                51.20173953342947
              ],
              [
                6.009251627907055,
                51.201777257760064
              ],
              [
                6.009505428487678,
                51.20198846093791
              ],
              [
                6.009790961191606,
                51.20218301793977
              ],
              [
                6.010105476238661,
                51.20235905485251
              ],
              [
                6.010445944593241,
                51.20251487612256
              ],
              [
                6.0108090871388375,
                51.202648980893585
              ],
              [
                6.011191406266153,
                51.20276007746871
              ],
              [
                6.011589219570376,
                51.20284709575767
              ],
              [
                6.011998695332534,
                51.2029091975889
              ],
              [
                6.012415889442536,
                51.20294578478694
              ],
              [
                6.012836783407507,
                51.20295650493707
              ],
              [
                6.0132573230784185,
                51.202941254781436
              ],
              [
                6.013673457721058,
                51.20290018121429
              ],
              [
                6.014081179053997,
                51.2028336798662
              ],
              [
                6.014476559876568,
                51.2027423912913
              ],
              [
                6.014855791913838,
                51.20262719479407
              ],
              [
                6.015215222513185,
                51.20248919995562
              ],
              [
                6.015551389838283,
                51.20232973594108
              ],
              [
                6.015861056220902,
                51.20215033869131
              ],
              [
                6.016141239348834,
                51.20195273612274
              ],
              [
                6.016389240989326,
                51.20173883147796
              ],
              [
                6.016602672971318,
                51.20151068498794
              ],
              [
                6.01677948017634,
                51.20127049402271
              ],
              [
                6.016917960317067,
                51.201020571921966
              ],
              [
                6.017016780313469,
                51.20076332571008
              ],
              [
                6.017074989109601,
                51.20050123290947
              ],
              [
                6.017092026808411,
                51.20023681767709
              ],
              [
                6.017090967111452,
                51.200225295116596
              ],
              [
                6.017101410562504,
                51.20006321735757
              ],
              [
                6.017077113833783,
                51.19979902617418
              ],
              [
                6.017011717489706,
                51.199537603320856
              ],
              [
                6.016979310226439,
                51.199459195665234
              ],
              [
                6.016972308227187,
                51.19943120475948
              ],
              [
                6.016866443215356,
                51.19917506777402
              ],
              [
                6.016721129316159,
                51.19892668330939
              ],
              [
                6.0165377665231725,
                51.198688443298224
              ],
              [
                6.016318121160959,
                51.198462641946215
              ],
              [
                6.016138633828475,
                51.198313297101215
              ],
              [
                6.016184608573481,
                51.19810629731904
              ],
              [
                6.0162016505739295,
                51.19784188219341
              ],
              [
                6.016177360256353,
                51.19757769079597
              ],
              [
                6.016177353408073,
                51.19757766341647
              ],
              [
                6.016177353050463,
                51.19757765952693
              ],
              [
                6.016111965051043,
                51.19731623613821
              ],
              [
                6.0160061097689885,
                51.19706009833869
              ],
              [
                6.015860807269636,
                51.1968117127657
              ],
              [
                6.015677457436737,
                51.19657347136251
              ],
              [
                6.015457826470002,
                51.19634766834812
              ],
              [
                6.015204029858741,
                51.196136478129745
              ]
            ]
          ],
          [
            [
              [
                6.027009704757985,
                51.17054882392805
              ],
              [
                6.026695343531776,
                51.170372832357536
              ],
              [
                6.026355059056489,
                51.17021705824789
              ],
              [
                6.025992128237486,
                51.17008300157674
              ],
              [
                6.0256100459491515,
                51.1699719531888
              ],
              [
                6.025212491390692,
                51.169884982371414
              ],
              [
                6.024803292671214,
                51.169822926563405
              ],
              [
                6.024386389964385,
                51.16978638329551
              ],
              [
                6.023965797586765,
                51.16977570443945
              ],
              [
                6.023545565364038,
                51.16979099282164
              ],
              [
                6.023129739656211,
                51.169832101233574
              ],
              [
                6.022722324416083,
                51.16989863384849
              ],
              [
                6.02232724265496,
                51.1699899500306
              ],
              [
                6.021948298685743,
                51.170105170500754
              ],
              [
                6.021589141506085,
                51.17024318579858
              ],
              [
                6.021253229673455,
                51.17040266696057
              ],
              [
                6.0209437980097205,
                51.17058207831104
              ],
              [
                6.02066382645546,
                51.1707796922433
              ],
              [
                6.020416011373656,
                51.17099360584871
              ],
              [
                6.020202739578999,
                51.17122175923449
              ],
              [
                6.020026065343132,
                51.17146195535329
              ],
              [
                6.019887690597538,
                51.17171188115448
              ],
              [
                6.019788948525233,
                51.171969129853636
              ],
              [
                6.019730790700062,
                51.17223122410595
              ],
              [
                6.019713777898141,
                51.17249563986042
              ],
              [
                6.0197380746710065,
                51.172759830665605
              ],
              [
                6.019803447733617,
                51.17302125219268
              ],
              [
                6.0199092681838975,
                51.17327738673977
              ],
              [
                6.020054517533419,
                51.17352576748144
              ],
              [
                6.020237797492144,
                51.17376400222986
              ],
              [
                6.020457343413961,
                51.173989796478274
              ],
              [
                6.020666279050019,
                51.17416371544808
              ],
              [
                6.020710138248896,
                51.17433908514042
              ],
              [
                6.0208159668226955,
                51.17459521884038
              ],
              [
                6.0209612252721305,
                51.17484359842578
              ],
              [
                6.021144515219553,
                51.175081831719865
              ],
              [
                6.0213640719226635,
                51.17530762422995
              ],
              [
                6.02161778125302,
                51.175518801251435
              ],
              [
                6.021903200043848,
                51.17571332881909
              ],
              [
                6.022217579611668,
                51.17588933330336
              ],
              [
                6.022557892225467,
                51.17604511946314
              ],
              [
                6.022920860268628,
                51.17617918678046
              ],
              [
                6.023302987812642,
                51.17629024391915
              ],
              [
                6.023700594298161,
                51.17637722116896
              ],
              [
                6.0241098499985615,
                51.176439280753776
              ],
              [
                6.024526812923794,
                51.17647582490506
              ],
              [
                6.024947466808257,
                51.17648650162281
              ],
              [
                6.02536775981596,
                51.176471208067554
              ],
              [
                6.025783643589161,
                51.17643009155166
              ],
              [
                6.026191112263431,
                51.176363548119255
              ],
              [
                6.026586241072308,
                51.17627221872981
              ],
              [
                6.026965224168781,
                51.17615698308089
              ],
              [
                6.027324411298472,
                51.17601895113061
              ],
              [
                6.02766034297047,
                51.175859452401454
              ],
              [
                6.027969783786535,
                51.17568002316855
              ],
              [
                6.028249753607131,
                51.175482391656125
              ],
              [
                6.028497556253936,
                51.1752684613854
              ],
              [
                6.028710805472263,
                51.17504029283398
              ],
              [
                6.0288874479035375,
                51.17480008358421
              ],
              [
                6.029025782846881,
                51.174550147151756
              ],
              [
                6.029124478620017,
                51.17429289069882
              ],
              [
                6.0291825853626175,
                51.174030791846285
              ],
              [
                6.029199544159615,
                51.17376637480932
              ],
              [
                6.029175192397549,
                51.17350218608525
              ],
              [
                6.029109765303364,
                51.17324076992885
              ],
              [
                6.0290441073535295,
                51.173081929711586
              ],
              [
                6.02898767164851,
                51.172856434394575
              ],
              [
                6.028881801573211,
                51.17260030820057
              ],
              [
                6.02873650747162,
                51.172351938567466
              ],
              [
                6.02855318914576,
                51.1721137172851
              ],
              [
                6.02833361249115,
                51.17188793837877
              ],
              [
                6.02811219675936,
                51.17170366189733
              ],
              [
                6.028096992304313,
                51.1716668759539
              ],
              [
                6.027951705419182,
                51.171418505321874
              ],
              [
                6.027768394907185,
                51.17118028278295
              ],
              [
                6.0275488265885855,
                51.1709545023745
              ],
              [
                6.027295115348696,
                51.17074333828606
              ],
              [
                6.027009704757985,
                51.17054882392805
              ]
            ]
          ],
          [
            [
              [
                6.01765328418919,
                51.190368509308385
              ],
              [
                6.0173677919600435,
                51.1901739714931
              ],
              [
                6.017053332850243,
                51.189997954081356
              ],
              [
                6.016712935189017,
                51.189842151995265
              ],
              [
                6.016349876971756,
                51.1897080654819
              ],
              [
                6.015967654299599,
                51.18959698567307
              ],
              [
                6.015569947723442,
                51.18950998215871
              ],
              [
                6.0151605868159805,
                51.1894478926924
              ],
              [
                6.014743513312313,
                51.18941131512891
              ],
              [
                6.014322743173248,
                51.18940060167011
              ],
              [
                6.01390232793573,
                51.18941585547565
              ],
              [
                6.013486315721566,
                51.18945692966988
              ],
              [
                6.01307871227898,
                51.18952342875555
              ],
              [
                6.012683442431052,
                51.1896147124198
              ],
              [
                6.012304312301383,
                51.18972990169654
              ],
              [
                6.011944972679854,
                51.18986788742593
              ],
              [
                6.011608883880429,
                51.1900273409293
              ],
              [
                6.011299282428866,
                51.190206726797335
              ],
              [
                6.011019149900628,
                51.190404317668815
              ],
              [
                6.010771184208819,
                51.190618210857345
              ],
              [
                6.010557773618609,
                51.190846346666845
              ],
              [
                6.010380973738472,
                51.191086528219415
              ],
              [
                6.0102424877101965,
                51.191336442604786
              ],
              [
                6.010143649788944,
                51.191593683148675
              ],
              [
                6.0100854124721526,
                51.19185577258477
              ],
              [
                6.010068337302121,
                51.19212018690867
              ],
              [
                6.010092589431694,
                51.192384379682764
              ],
              [
                6.010157936006496,
                51.192645806559355
              ],
              [
                6.01026374838029,
                51.19290194978504
              ],
              [
                6.0104090081431405,
                51.19315034245088
              ],
              [
                6.0105923169054,
                51.19338859225412
              ],
              [
                6.01081190974417,
                51.193614404543105
              ],
              [
                6.011065672183509,
                51.19382560442272
              ],
              [
                6.011351160545583,
                51.19402015770742
              ],
              [
                6.011665625477186,
                51.194196190520046
              ],
              [
                6.012006038425369,
                51.194352007346545
              ],
              [
                6.012369120807263,
                51.194486107373415
              ],
              [
                6.012751375593098,
                51.19459719894945
              ],
              [
                6.013149120997869,
                51.19468421203262
              ],
              [
                6.013558525956718,
                51.19474630850151
              ],
              [
                6.013975647041676,
                51.19478289023231
              ],
              [
                6.014396466463412,
                51.19479360486301
              ],
              [
                6.014816930791079,
                51.19477834918896
              ],
              [
                6.015232990016357,
                51.194737270157525
              ],
              [
                6.015640636584417,
                51.1946707634519
              ],
              [
                6.016035944014894,
                51.19457946967774
              ],
              [
                6.016415104739896,
                51.19446426818966
              ],
              [
                6.016774466793792,
                51.1943262686168
              ],
              [
                6.017110569000556,
                51.19416680016988
              ],
              [
                6.017420174319191,
                51.19398739883236
              ],
              [
                6.017700301025627,
                51.193789792560075
              ],
              [
                6.017948251430476,
                51.193575884631116
              ],
              [
                6.018161637856058,
                51.1933477353081
              ],
              [
                6.018338405622513,
                51.19310754198831
              ],
              [
                6.018476852822175,
                51.192857618034175
              ],
              [
                6.018575646692042,
                51.19260037048772
              ],
              [
                6.018633836427542,
                51.192338276884215
              ],
              [
                6.018650862314903,
                51.19207386138844
              ],
              [
                6.018626561095183,
                51.191809670482876
              ],
              [
                6.018561167509265,
                51.19154824844351
              ],
              [
                6.018455312009997,
                51.19129211283778
              ],
              [
                6.018310014664606,
                51.19104373028186
              ],
              [
                6.018126675307007,
                51.19080549268994
              ],
              [
                6.017907060035866,
                51.19057969424439
              ],
              [
                6.01765328418919,
                51.190368509308385
              ]
            ]
          ],
          [
            [
              [
                6.028800994831542,
                51.19430434671368
              ],
              [
                6.028515430906526,
                51.194109836427145
              ],
              [
                6.028200902135218,
                51.193933849316984
              ],
              [
                6.027860437517459,
                51.193778080013445
              ],
              [
                6.027497315693185,
                51.193644028447935
              ],
              [
                6.027115033375821,
                51.19353298541573
              ],
              [
                6.026717271690392,
                51.19344602015259
              ],
              [
                6.02630786074006,
                51.193383970043854
              ],
              [
                6.025890742741623,
                51.19334743256518
              ],
              [
                6.025469934084197,
                51.193336759532635
              ],
              [
                6.025049486675516,
                51.19335205371649
              ],
              [
                6.024633448947108,
                51.193393167852506
              ],
              [
                6.0242258268928515,
                51.19345970605866
              ],
              [
                6.023830545515068,
                51.193551027645555
              ],
              [
                6.023451411048459,
                51.19366625328191
              ],
              [
                6.023092074324777,
                51.19380427345788
              ],
              [
                6.022755995630237,
                51.19396375916296
              ],
              [
                6.0224464113934895,
                51.19414317467788
              ],
              [
                6.022166303024444,
                51.19434079235585
              ],
              [
                6.021918368203812,
                51.19455470925246
              ],
              [
                6.021704994899733,
                51.1947828654432
              ],
              [
                6.021528238361885,
                51.19502306385378
              ],
              [
                6.021389801314933,
                51.195272991411656
              ],
              [
                6.021291017542582,
                51.19553024131559
              ],
              [
                6.021232839021039,
                51.195792336209124
              ],
              [
                6.021215826726556,
                51.19605675203509
              ],
              [
                6.0212401452066295,
                51.19632094234138
              ],
              [
                6.0213055609679955,
                51.19658236280399
              ],
              [
                6.0214114446981695,
                51.196838495731164
              ],
              [
                6.021556777300015,
                51.19708687431311
              ],
              [
                6.021740159682353,
                51.197325106382586
              ],
              [
                6.021959826213169,
                51.197550897458655
              ],
              [
                6.022213661706665,
                51.19776207285041
              ],
              [
                6.022499221781256,
                51.19795659860825
              ],
              [
                6.022813756392866,
                51.19813260111986
              ],
              [
                6.0231542363172155,
                51.19828838516312
              ],
              [
                6.023517382326145,
                51.198422450240194
              ],
              [
                6.023899696776829,
                51.198533505036565
              ],
              [
                6.024297497309373,
                51.19862047986445
              ],
              [
                6.024706952327747,
                51.19868253697085
              ],
              [
                6.025124117921636,
                51.198719078611205
              ],
              [
                6.025544975872859,
                51.198729752809555
              ],
              [
                6.025965472379356,
                51.198714456750814
              ],
              [
                6.0263815571227894,
                51.198673337771304
              ],
              [
                6.026789222302525,
                51.198606791939085
              ],
              [
                6.02718454125895,
                51.198515460236706
              ],
              [
                6.02756370631324,
                51.19840022238414
              ],
              [
                6.027923065458172,
                51.198262188360715
              ],
              [
                6.028259157545893,
                51.19810268770908
              ],
              [
                6.028568745633067,
                51.197923256722916
              ],
              [
                6.028848848161809,
                51.197725623643485
              ],
              [
                6.029096767675848,
                51.19751169200718
              ],
              [
                6.02931011679527,
                51.19728352230485
              ],
              [
                6.029486841199799,
                51.19704331213007
              ],
              [
                6.0296252393996355,
                51.19679337500749
              ],
              [
                6.029723979103945,
                51.196536118105854
              ],
              [
                6.029782110030041,
                51.19627401905067
              ],
              [
                6.029799073030721,
                51.1960096020589
              ],
              [
                6.029774705452836,
                51.19574541362747
              ],
              [
                6.02970924267644,
                51.195483998008456
              ],
              [
                6.029603315820791,
                51.195227872707285
              ],
              [
                6.0294579456403055,
                51.194979504240834
              ],
              [
                6.029274532670285,
                51.19474128438754
              ],
              [
                6.029054843718222,
                51.19451550715893
              ],
              [
                6.028800994831542,
                51.19430434671368
              ]
            ]
          ],
          [
            [
              [
                6.027694694117836,
                51.19909965729481
              ],
              [
                6.027285231379644,
                51.19903761072727
              ],
              [
                6.026868061201253,
                51.19900107685141
              ],
              [
                6.026447200474093,
                51.19899040744851
              ],
              [
                6.0260267016071545,
                51.19900570525394
              ],
              [
                6.025610613527341,
                51.199046822968555
              ],
              [
                6.025202942713256,
                51.19911336467596
              ],
              [
                6.024807614636635,
                51.19920468965293
              ],
              [
                6.024428435981777,
                51.19931991853579
              ],
              [
                6.024069058005886,
                51.19945794178319
              ],
              [
                6.023732941392383,
                51.19961743035527
              ],
              [
                6.0234233229350655,
                51.199796848505
              ],
              [
                6.023143184373415,
                51.199994468560455
              ],
              [
                6.0228952236789555,
                51.20020838755415
              ],
              [
                6.0226818290690955,
                51.20043654554155
              ],
              [
                6.0225050559988125,
                51.20067674543105
              ],
              [
                6.022366607352137,
                51.200926674135786
              ],
              [
                6.022267817024663,
                51.20118392484356
              ],
              [
                6.02220963705591,
                51.2014460201902
              ],
              [
                6.02219262843628,
                51.20171043611415
              ],
              [
                6.022192636549524,
                51.201710524223245
              ],
              [
                6.022192636427865,
                51.201710526114475
              ],
              [
                6.022216963669753,
                51.20197471616266
              ],
              [
                6.022216963869804,
                51.20197471696198
              ],
              [
                6.022216963888432,
                51.20197471716427
              ],
              [
                6.022282393414386,
                51.20223613701518
              ],
              [
                6.022309972350752,
                51.20230283880753
              ],
              [
                6.022114821442732,
                51.202415914384105
              ],
              [
                6.0218346612871905,
                51.202613531309225
              ],
              [
                6.021586680376326,
                51.202827447531284
              ],
              [
                6.021373267122242,
                51.20305560313246
              ],
              [
                6.021196477159495,
                51.20329580104412
              ],
              [
                6.021058013534832,
                51.203545728198506
              ],
              [
                6.020959210288148,
                51.20380297779832
              ],
              [
                6.020901019583463,
                51.20406507249011
              ],
              [
                6.02088400251464,
                51.20432948821858
              ],
              [
                6.020908323675449,
                51.20459367853268
              ],
              [
                6.02097374954711,
                51.20485509910817
              ],
              [
                6.02107965072005,
                51.20511123225235
              ],
              [
                6.021225007929413,
                51.20535961115321
              ],
              [
                6.02140842184727,
                51.205597843640525
              ],
              [
                6.021628126538088,
                51.20582363522919
              ],
              [
                6.021882006448713,
                51.20603481122343
              ],
              [
                6.022167616769882,
                51.20622933766769
              ],
              [
                6.022482206973648,
                51.20640534094304
              ],
              [
                6.0228227473003235,
                51.20656112582002
              ],
              [
                6.023185957939953,
                51.20669519179271
              ],
              [
                6.023568340627143,
                51.20680624753793
              ],
              [
                6.02396621234466,
                51.20689322335861
              ],
              [
                6.02437574081069,
                51.20695528149239
              ],
              [
                6.024792981407322,
                51.20699182418463
              ],
              [
                6.025213915193771,
                51.20700249944923
              ],
              [
                6.025634487637343,
                51.206987204460866
              ],
              [
                6.026050647688095,
                51.206946086545614
              ],
              [
                6.026458386819851,
                51.20687954176118
              ],
              [
                6.026853777660541,
                51.20678821108013
              ],
              [
                6.027233011838823,
                51.20667297421253
              ],
              [
                6.027592436681587,
                51.2065349411284
              ],
              [
                6.02792859040813,
                51.20637544136121
              ],
              [
                6.028238235481411,
                51.20619601119628
              ],
              [
                6.02851838979471,
                51.20599837886694
              ],
              [
                6.028766355393075,
                51.20578444790246
              ],
              [
                6.028979744452852,
                51.20555627878723
              ],
              [
                6.029156502269258,
                51.20531606910913
              ],
              [
                6.029294927030909,
                51.20506613238813
              ],
              [
                6.029393686191397,
                51.20480887578926
              ],
              [
                6.029451829280917,
                51.204546776934855
              ],
              [
                6.029468797035413,
                51.20428236004016
              ],
              [
                6.029444426756249,
                51.20401817160114
              ],
              [
                6.029428798230549,
                51.20395577137204
              ],
              [
                6.029499113449369,
                51.20392240444329
              ],
              [
                6.029808735846047,
                51.20374297012243
              ],
              [
                6.030088868442754,
                51.20354533403286
              ],
              [
                6.030336813493699,
                51.20333139973992
              ],
              [
                6.03055018337313,
                51.20310322776017
              ],
              [
                6.03072692356096,
                51.202863015709
              ],
              [
                6.030865332415551,
                51.202613077129236
              ],
              [
                6.0309640775436355,
                51.20235581920372
              ],
              [
                6.031022208610491,
                51.202093719567635
              ],
              [
                6.031039166467773,
                51.20182930244369
              ],
              [
                6.031014788512074,
                51.20156511433007
              ],
              [
                6.030949310223595,
                51.20130369947566
              ],
              [
                6.030843362871172,
                51.20104757537866
              ],
              [
                6.030697967406791,
                51.200799208544254
              ],
              [
                6.030514524609392,
                51.20056099073517
              ],
              [
                6.030294801573821,
                51.20033521594314
              ],
              [
                6.030231371580288,
                51.20028246147556
              ],
              [
                6.030178096496952,
                51.20022771848606
              ],
              [
                6.0299242107319815,
                51.200016560588864
              ],
              [
                6.0296386063986045,
                51.19982205316039
              ],
              [
                6.02932403407801,
                51.19964606919074
              ],
              [
                6.028983523189392,
                51.19949030327993
              ],
              [
                6.028893310598119,
                51.199457005552354
              ],
              [
                6.028838008017853,
                51.19943170723763
              ],
              [
                6.0284748385343905,
                51.19929765882795
              ],
              [
                6.02809250670047,
                51.19918661911243
              ],
              [
                6.027694694117836,
                51.19909965729481
              ]
            ]
          ],
          [
            [
              [
                6.017726962454851,
                51.20826537602293
              ],
              [
                6.017309715790967,
                51.20822880798087
              ],
              [
                6.016888772468154,
                51.208218104111786
              ],
              [
                6.016468185690535,
                51.2082333674829
              ],
              [
                6.016052005231281,
                51.20827445112649
              ],
              [
                6.0156442384582824,
                51.208340959454404
              ],
              [
                6.015248811767014,
                51.20843225206479
              ],
              [
                6.014869532791101,
                51.208547449905495
              ],
              [
                6.014510053753512,
                51.2086854437343
              ],
              [
                6.014173836310613,
                51.20884490479452
              ],
              [
                6.01386411822694,
                51.20902429760428
              ],
              [
                6.013583882201194,
                51.20922189473558
              ],
              [
                6.013335827143355,
                51.20943579344182
              ],
              [
                6.013122342179498,
                51.20966393397386
              ],
              [
                6.012945483634739,
                51.20990411940832
              ],
              [
                6.012806955216326,
                51.21015403679771
              ],
              [
                6.012708091588216,
                51.21041127943874
              ],
              [
                6.012649845496063,
                51.210673370045065
              ],
              [
                6.01263277856733,
                51.21093778460093
              ],
              [
                6.012657055876171,
                51.21120197666647
              ],
              [
                6.012722444326396,
                51.211463401900794
              ],
              [
                6.0128283148691,
                51.2117195425663
              ],
              [
                6.012973648534709,
                51.2119679317786
              ],
              [
                6.013157046222337,
                51.212206177268165
              ],
              [
                6.013324495243752,
                51.212378284416346
              ],
              [
                6.013303814205833,
                51.212471345281486
              ],
              [
                6.013286750422954,
                51.21273575991481
              ],
              [
                6.013311032494301,
                51.21299995182248
              ],
              [
                6.013376427277871,
                51.213261376665194
              ],
              [
                6.01348230566382,
                51.21351751670905
              ],
              [
                6.013627648607102,
                51.213765905075626
              ],
              [
                6.0138110569175085,
                51.214004149503566
              ],
              [
                6.014030764713837,
                51.214229955392824
              ],
              [
                6.014284656413309,
                51.21444114790984
              ],
              [
                6.014570287093382,
                51.214635692939915
              ],
              [
                6.014884906030231,
                51.21481171668522
              ],
              [
                6.015225483187592,
                51.21496752371892
              ],
              [
                6.0155887384008775,
                51.21510161332177
              ],
              [
                6.0159711729754255,
                51.215212693942924
              ],
              [
                6.016369103394235,
                51.21529969564568
              ],
              [
                6.016778696810032,
                51.215361780418306
              ],
              [
                6.017196007979214,
                51.21539835024956
              ],
              [
                6.0176170172811005,
                51.215409052892
              ],
              [
                6.018037669455452,
                51.215393785256445
              ],
              [
                6.018453912684154,
                51.215352694405546
              ],
              [
                6.018861737639643,
                51.215286176136324
              ],
              [
                6.0192572161229725,
                51.21519487116598
              ],
              [
                6.019636538918413,
                51.21507965895689
              ],
              [
                6.019996052499103,
                51.21494164924163
              ],
              [
                6.020332294229447,
                51.21478217132863
              ],
              [
                6.0206420257246425,
                51.21460276129275
              ],
              [
                6.0209222640454785,
                51.21440514717349
              ],
              [
                6.021170310427831,
                51.21419123232484
              ],
              [
                6.0213837762699844,
                51.213963077075995
              ],
              [
                6.021560606127702,
                51.213722878881406
              ],
              [
                6.021679305526079,
                51.21350866880265
              ],
              [
                6.02184698633121,
                51.21341153473768
              ],
              [
                6.022127212190834,
                51.21321391772868
              ],
              [
                6.022375246523248,
                51.213000000322666
              ],
              [
                6.0225887008428,
                51.212771842873536
              ],
              [
                6.022765519816222,
                51.21253164285693
              ],
              [
                6.022904001043208,
                51.21228171369969
              ],
              [
                6.023002811433673,
                51.212024462494156
              ],
              [
                6.023061000024608,
                51.211762366810845
              ],
              [
                6.023078007113968,
                51.21149795083434
              ],
              [
                6.023053669624544,
                51.21123376105199
              ],
              [
                6.022988222647193,
                51.210972341728755
              ],
              [
                6.022882297149591,
                51.21071621040587
              ],
              [
                6.022736913873643,
                51.21046783365828
              ],
              [
                6.022553473481283,
                51.21022960334398
              ],
              [
                6.022333743044558,
                51.21000381357535
              ],
              [
                6.022079839010801,
                51.20979263863176
              ],
              [
                6.021794206807688,
                51.20959811202812
              ],
              [
                6.021479597285012,
                51.209422106939115
              ],
              [
                6.021139040220374,
                51.20926631816819
              ],
              [
                6.020775815144,
                51.209132245834034
              ],
              [
                6.020393419763547,
                51.20902118093186
              ],
              [
                6.0199955362926545,
                51.20893419290803
              ],
              [
                6.019772407829346,
                51.208900373788175
              ],
              [
                6.019620516493158,
                51.20881539396621
              ],
              [
                6.019279970232817,
                51.208659599728236
              ],
              [
                6.01891675537758,
                51.20852552156591
              ],
              [
                6.018534369536719,
                51.208414450530604
              ],
              [
                6.018136494832043,
                51.20832745612767
              ],
              [
                6.017726962454851,
                51.20826537602293
              ]
            ]
          ],
          [
            [
              [
                6.033143789141509,
                51.2298720369598
              ],
              [
                6.032727427542393,
                51.22991318059048
              ],
              [
                6.0323194928942385,
                51.2299797476582
              ],
              [
                6.03192391320877,
                51.23007109719566
              ],
              [
                6.0315444975926695,
                51.23018634960273
              ],
              [
                6.031184899584648,
                51.23032439511174
              ],
              [
                6.030848581986806,
                51.23048390446855
              ],
              [
                6.030538783528381,
                51.23066334172624
              ],
              [
                6.030258487682433,
                51.23086097902883
              ],
              [
                6.030010393935517,
                51.23107491324298
              ],
              [
                6.029796891786902,
                51.23130308427768
              ],
              [
                6.029620037727914,
                51.23154329491582
              ],
              [
                6.029481535423387,
                51.231793231967096
              ],
              [
                6.02938271928664,
                51.23205048853888
              ],
              [
                6.02932454160681,
                51.232312587210586
              ],
              [
                6.029307563353373,
                51.232577003888686
              ],
              [
                6.029331948747301,
                51.23284119211277
              ],
              [
                6.029397463652203,
                51.233102607578765
              ],
              [
                6.029503477801972,
                51.23335873264297
              ],
              [
                6.029648970844518,
                51.23360710057111
              ],
              [
                6.029832542144407,
                51.23384531929845
              ],
              [
                6.030052424250911,
                51.234071094472334
              ],
              [
                6.030306499902561,
                51.234282251554845
              ],
              [
                6.030592322405088,
                51.234476756772445
              ],
              [
                6.0309071391870095,
                51.23465273671051
              ],
              [
                6.031247918306262,
                51.23480849636414
              ],
              [
                6.031611377652684,
                51.23494253547029
              ],
              [
                6.031994016565045,
                51.23505356296431
              ],
              [
                6.032342963942124,
                51.235129768089735
              ],
              [
                6.032413232851836,
                51.23524970385885
              ],
              [
                6.032596825115847,
                51.23548791817408
              ],
              [
                6.032816728731759,
                51.23571368807242
              ],
              [
                6.0330708262309205,
                51.2359248390667
              ],
              [
                6.033356670708621,
                51.23611933744212
              ],
              [
                6.033671509381687,
                51.236295309849794
              ],
              [
                6.034012310097158,
                51.236451061357435
              ],
              [
                6.034375790536819,
                51.236585091780384
              ],
              [
                6.034758449836207,
                51.23669611013772
              ],
              [
                6.0351566023132674,
                51.236783047092466
              ],
              [
                6.035566412981327,
                51.236845065256375
              ],
              [
                6.035983934503632,
                51.23688156725992
              ],
              [
                6.036405145232827,
                51.23689220150885
              ],
              [
                6.0368259879680215,
                51.23687686557294
              ],
              [
                6.037242409055182,
                51.23683570717265
              ],
              [
                6.0376503974532545,
                51.23676912275576
              ],
              [
                6.038046023388796,
                51.23667775367665
              ],
              [
                6.038425476225716,
                51.2365624800154
              ],
              [
                6.0385964171571915,
                51.23649685228016
              ],
              [
                6.038637844100022,
                51.236484267020685
              ],
              [
                6.038997467803624,
                51.236346198446924
              ],
              [
                6.039333799861678,
                51.236186665527256
              ],
              [
                6.039643601019683,
                51.236007204866354
              ],
              [
                6.039923887667902,
                51.23580954499148
              ],
              [
                6.040171960577311,
                51.23559558969729
              ],
              [
                6.0403854308913765,
                51.23536739970253
              ],
              [
                6.040562243123534,
                51.23512717279634
              ],
              [
                6.040700694939246,
                51.2348772226646
              ],
              [
                6.040799453532553,
                51.23461995660146
              ],
              [
                6.040857568440189,
                51.2343578523205
              ],
              [
                6.040874480670612,
                51.234093434089054
              ],
              [
                6.040850028060995,
                51.233829248415994
              ],
              [
                6.040784446811627,
                51.233567839526586
              ],
              [
                6.040678369183943,
                51.2333117248614
              ],
              [
                6.040532817385453,
                51.233063370834664
              ],
              [
                6.040349193701418,
                51.23282516908562
              ],
              [
                6.040129266969262,
                51.232599413451126
              ],
              [
                6.039875155526764,
                51.23238827788184
              ],
              [
                6.039589306798889,
                51.23219379551326
              ],
              [
                6.039538913835052,
                51.232165631640555
              ],
              [
                6.039435626535073,
                51.23191622880649
              ],
              [
                6.039290085927732,
                51.23166787319404
              ],
              [
                6.0391064743153375,
                51.23142966945134
              ],
              [
                6.038886560419049,
                51.23120391143451
              ],
              [
                6.038632462453033,
                51.230992773117144
              ],
              [
                6.038346627712475,
                51.23079828766118
              ],
              [
                6.0380318089974105,
                51.23062232784493
              ],
              [
                6.0376910380996085,
                51.23046658803575
              ],
              [
                6.037327596608038,
                51.23033256788079
              ],
              [
                6.03694498431385,
                51.230221557872675
              ],
              [
                6.036546885518906,
                51.23013462692911
              ],
              [
                6.036137133571734,
                51.23007261210481
              ],
              [
                6.035719673971854,
                51.230036110535636
              ],
              [
                6.035298526396854,
                51.23002547369185
              ],
              [
                6.035116201158602,
                51.230032116540585
              ],
              [
                6.034812919057725,
                51.22996588479903
              ],
              [
                6.034403170938763,
                51.229903863857956
              ],
              [
                6.03398571422955,
                51.22986735605896
              ],
              [
                6.033564568579857,
                51.229856712932104
              ],
              [
                6.033143789141509,
                51.2298720369598
              ]
            ]
          ]
        ]
      },
      "properties": {
        "type": "buffer_union_300m",
        "buffer_m": 300
      }
    },
    {
      "type": "Feature",
      "geometry": {
        "type": "MultiPolygon",
        "coordinates": [
          [
            [
              [
                5.967579294599267,
                51.16502076318485
              ],
              [
                5.967241424361745,
                51.16473903572482
              ],
              [
                5.966861265784314,
                51.16447948581412
              ],
              [
                5.966442480102576,
                51.164244612664525
              ],
              [
                5.965989100304605,
                51.16403667783882
              ],
              [
                5.96550549229673,
                51.16385768348578
              ],
              [
                5.964996312872418,
                51.16370935307279
              ],
              [
                5.964466464888477,
                51.16359311480141
              ],
              [
                5.963921050079359,
                51.16351008786434
              ],
              [
                5.963365319962745,
                51.16346107167665
              ],
              [
                5.962804625307793,
                51.16344653818366
              ],
              [
                5.962244364651001,
                51.16346662732021
              ],
              [
                5.96168993235375,
                51.16352114566397
              ],
              [
                5.961146666699854,
                51.16360956829651
              ],
              [
                5.960619798531177,
                51.163731043853815
              ],
              [
                5.96011440091414,
                51.16388440271791
              ],
              [
                5.959635340320302,
                51.16406816827097
              ],
              [
                5.959187229789677,
                51.16428057110402
              ],
              [
                5.958774384526758,
                51.164519566043836
              ],
              [
                5.958400780356004,
                51.164782851834126
              ],
              [
                5.958070015436357,
                51.1650678932828
              ],
              [
                5.957785275603393,
                51.165371945662315
              ],
              [
                5.957549303673067,
                51.165692081128064
              ],
              [
                5.957364373003241,
                51.16602521690219
              ],
              [
                5.957232265568548,
                51.16636814495044
              ],
              [
                5.957154254760919,
                51.166717562868115
              ],
              [
                5.957131093082892,
                51.16707010567706
              ],
              [
                5.95716300485388,
                51.16742237822813
              ],
              [
                5.95724968400146,
                51.16777098789706
              ],
              [
                5.957390296960746,
                51.168112577259166
              ],
              [
                5.957583490655872,
                51.16844385642793
              ],
              [
                5.957827405488407,
                51.16876163474571
              ],
              [
                5.958119693209322,
                51.16906285152172
              ],
              [
                5.958457539503736,
                51.16934460551986
              ],
              [
                5.95883769107221,
                51.16960418291296
              ],
              [
                5.959256486948482,
                51.16983908343302
              ],
              [
                5.959709893752713,
                51.17004704446545
              ],
              [
                5.960193544540734,
                51.17022606285439
              ],
              [
                5.960702780875063,
                51.17037441420873
              ],
              [
                5.961232697711872,
                51.17049066952217
              ],
              [
                5.961778190670734,
                51.17057370894711
              ],
              [
                5.962334005230713,
                51.17062273258854
              ],
              [
                5.962894787377546,
                51.17063726821472
              ],
              [
                5.9634551352124605,
                51.17061717580877
              ],
              [
                5.964009651023884,
                51.17056264891881
              ],
              [
                5.964552993318586,
                51.170474212791575
              ],
              [
                5.965079928309447,
                51.17035271930966
              ],
              [
                5.965585380362103,
                51.17019933877998
              ],
              [
                5.966064480913065,
                51.17001554865285
              ],
              [
                5.966512615386793,
                51.16980311928163
              ],
              [
                5.966925467658665,
                51.169564096859446
              ],
              [
                5.967299061634885,
                51.16930078369873
              ],
              [
                5.967629799548274,
                51.16901571604332
              ],
              [
                5.967914496601092,
                51.16871163962792
              ],
              [
                5.968150411621399,
                51.16839148322079
              ],
              [
                5.968335273438356,
                51.16805833040463
              ],
              [
                5.968467302723306,
                51.167715389868526
              ],
              [
                5.9685452290875665,
                51.16736596449707
              ],
              [
                5.968568303273721,
                51.16701341955495
              ],
              [
                5.968536304324608,
                51.166661150273214
              ],
              [
                5.968449541662862,
                51.16631254915055
              ],
              [
                5.968308852062768,
                51.16597097328312
              ],
              [
                5.968115591545459,
                51.16563971203898
              ],
              [
                5.967871622277305,
                51.165321955386794
              ],
              [
                5.967579294599267,
                51.16502076318485
              ]
            ]
          ],
          [
            [
              [
                5.9666036876221815,
                51.1794096612162
              ],
              [
                5.966265717117306,
                51.179127931164246
              ],
              [
                5.965885444575166,
                51.178868378320196
              ],
              [
                5.9654665323290175,
                51.178633501924004
              ],
              [
                5.965013014585758,
                51.17842556356965
              ],
              [
                5.9645292585799545,
                51.17824656543967
              ],
              [
                5.96401992252996,
                51.17809823103784
              ],
              [
                5.963489910800413,
                51.17798198860385
              ],
              [
                5.962944326702027,
                51.17789895737055
              ],
              [
                5.962388423382033,
                51.177849936794225
              ],
              [
                5.9618275532767635,
                51.17783539886252
              ],
              [
                5.961267116611485,
                51.1778554835529
              ],
              [
                5.960712509441725,
                51.177909997485905
              ],
              [
                5.960169071734529,
                51.177998415785595
              ],
              [
                5.959642035987911,
                51.17811988712971
              ],
              [
                5.95913647688144,
                51.17827324194091
              ],
              [
                5.958657262441302,
                51.17845700364053
              ],
              [
                5.958209007188687,
                51.1786694028569
              ],
              [
                5.957796027721552,
                51.178908394451526
              ],
              [
                5.957422301156704,
                51.17917167720057
              ],
              [
                5.957091426831875,
                51.17945671594139
              ],
              [
                5.956806591636515,
                51.17976076597262
              ],
              [
                5.956570539305388,
                51.18008089947241
              ],
              [
                5.956385543971226,
                51.180414033681785
              ],
              [
                5.956253388232108,
                51.18075696058184
              ],
              [
                5.956175345945956,
                51.18110637777893
              ],
              [
                5.95615445225751,
                51.18142420270954
              ],
              [
                5.955977824042747,
                51.18174225469657
              ],
              [
                5.955845661470597,
                51.182085181132756
              ],
              [
                5.955767613860871,
                51.182434598053305
              ],
              [
                5.95574443407149,
                51.18278714048974
              ],
              [
                5.955776346597279,
                51.18313941329647
              ],
              [
                5.955863045359546,
                51.183488023846806
              ],
              [
                5.956003696605475,
                51.18382961470755
              ],
              [
                5.95619694689138,
                51.18416089597773
              ],
              [
                5.956440936074631,
                51.184478676979396
              ],
              [
                5.956733315190816,
                51.18477989699579
              ],
              [
                5.957071269045386,
                51.18506165475948
              ],
              [
                5.957451543303352,
                51.18532123640691
              ],
              [
                5.957870475817031,
                51.185556141629
              ],
              [
                5.9583240318906165,
                51.185764107765735
              ],
              [
                5.958807843142154,
                51.18594313161197
              ],
              [
                5.9593172495883575,
                51.186091488723875
              ],
              [
                5.959847344546526,
                51.186207750039685
              ],
              [
                5.960393021920073,
                51.186290795653726
              ],
              [
                5.960949025411185,
                51.18633982561148
              ],
              [
                5.961509999185135,
                51.18635436762017
              ],
              [
                5.962070539496689,
                51.186334281601596
              ],
              [
                5.962625246779609,
                51.18627976104214
              ],
              [
                5.963168777695729,
                51.186191331127745
              ],
              [
                5.963695896640494,
                51.186069843681224
              ],
              [
                5.964201526207167,
                51.18591646895134
              ],
              [
                5.964680796122042,
                51.185732684332756
              ],
              [
                5.965129090178001,
                51.18552026012583
              ],
              [
                5.965542090713239,
                51.18528124247408
              ],
              [
                5.965915820205964,
                51.1850179336442
              ],
              [
                5.966246679583959,
                51.18473286983836
              ],
              [
                5.966531482879975,
                51.184428796754375
              ],
              [
                5.96676748789933,
                51.184108643128496
              ],
              [
                5.966952422605051,
                51.183775492516844
              ],
              [
                5.967084506967279,
                51.183432553587366
              ],
              [
                5.967162470067773,
                51.18308312920917
              ],
              [
                5.967183288240955,
                51.182765302432166
              ],
              [
                5.967359842656251,
                51.182447233538674
              ],
              [
                5.967491920190164,
                51.18210429414606
              ],
              [
                5.96756987797244,
                51.181754869492025
              ],
              [
                5.967592966443939,
                51.18140232483424
              ],
              [
                5.96756096451085,
                51.18105005540122
              ],
              [
                5.967474181625457,
                51.180701453693025
              ],
              [
                5.967333454757695,
                51.18035987681148
              ],
              [
                5.967140140288419,
                51.18002861413428
              ],
              [
                5.966896100904308,
                51.17971085564387
              ],
              [
                5.9666036876221815,
                51.1794096612162
              ]
            ]
          ],
          [
            [
              [
                5.990288974354086,
                51.18192700980103
              ],
              [
                5.989809847094737,
                51.18211089980786
              ],
              [
                5.9893617008940945,
                51.18232341899173
              ],
              [
                5.988948851301029,
                51.182562521059026
              ],
              [
                5.988575274182807,
                51.18282590372193
              ],
              [
                5.98824456743918,
                51.18311103085571
              ],
              [
                5.987959916346958,
                51.183415156907515
              ],
              [
                5.987724062869093,
                51.18373535332322
              ],
              [
                5.9875392792243485,
                51.18406853673769
              ],
              [
                5.987407345973079,
                51.18441149865779
              ],
              [
                5.987329534831302,
                51.184760936352205
              ],
              [
                5.9873065963801,
                51.185113484652014
              ],
              [
                5.9873387527903335,
                51.18546574835466
              ],
              [
                5.9874256956345695,
                51.185814334920735
              ],
              [
                5.987566588809097,
                51.18615588714762
              ],
              [
                5.987760076539841,
                51.18648711550587
              ],
              [
                5.988004296396735,
                51.18680482982686
              ],
              [
                5.98829689719296,
                51.187105970035724
              ],
              [
                5.988635061597998,
                51.187387635633314
              ],
              [
                5.989015533247976,
                51.18764711364361
              ],
              [
                5.9894346480929626,
                51.18788190475552
              ],
              [
                5.989617303444666,
                51.187965576711164
              ],
              [
                5.989560132208889,
                51.187974891865025
              ],
              [
                5.989374934266169,
                51.18801762060934
              ],
              [
                5.989138808533137,
                51.187909453849585
              ],
              [
                5.988654858761527,
                51.18773055652013
              ],
              [
                5.988145339826448,
                51.1875823282033
              ],
              [
                5.987615157852693,
                51.187466196117406
              ],
              [
                5.987069417789442,
                51.187383278432726
              ],
              [
                5.986513374284985,
                51.187334373512336
              ],
              [
                5.985952381124851,
                51.187319952230354
              ],
              [
                5.985391839718726,
                51.187340153441134
              ],
              [
                5.984837147130349,
                51.18739478264345
              ],
              [
                5.98429364414913,
                51.187483313851615
              ],
              [
                5.983766563901644,
                51.18760489465631
              ],
              [
                5.983260981496195,
                51.1877583544264
              ],
              [
                5.982781765183737,
                51.187942215572626
              ],
              [
                5.9823335295040785,
                51.188154707765825
              ],
              [
                5.981920590867446,
                51.18839378497232
              ],
              [
                5.981546925998333,
                51.18865714514376
              ],
              [
                5.981216133641347,
                51.18894225237213
              ],
              [
                5.98093139989765,
                51.18924636129624
              ],
              [
                5.980695467526102,
                51.18956654352714
              ],
              [
                5.980510609505289,
                51.18989971583633
              ],
              [
                5.9803786071119625,
                51.190242669837716
              ],
              [
                5.980300732728222,
                51.19059210287642
              ],
              [
                5.9802777375444816,
                51.19094464982841
              ],
              [
                5.980309844278321,
                51.191296915504296
              ],
              [
                5.980328113632914,
                51.191370201297936
              ],
              [
                5.9801036157571446,
                51.191528411444935
              ],
              [
                5.979772793792624,
                51.19181351459212
              ],
              [
                5.979488032732177,
                51.19211762000202
              ],
              [
                5.979252075597777,
                51.192437799319414
              ],
              [
                5.979067195606564,
                51.19277096934402
              ],
              [
                5.978935174246983,
                51.193113921711664
              ],
              [
                5.978857284083924,
                51.193463353783315
              ],
              [
                5.9788544391417195,
                51.193506947221266
              ],
              [
                5.978846684696909,
                51.193541734999286
              ],
              [
                5.978823676954608,
                51.19389428165759
              ],
              [
                5.978855774683141,
                51.194246547723495
              ],
              [
                5.978942670020801,
                51.19459514063489
              ],
              [
                5.979083527322036,
                51.19493670312805
              ],
              [
                5.979276991158901,
                51.19526794557489
              ],
              [
                5.979521199332088,
                51.19558567767103
              ],
              [
                5.979813800767911,
                51.19588683917046
              ],
              [
                5.980151978130256,
                51.19616852936898
              ],
              [
                5.9805324749309365,
                51.19642803505364
              ],
              [
                5.98095162687819,
                51.19666285664675
              ],
              [
                5.981405397161952,
                51.19687073229364
              ],
              [
                5.9818894153361954,
                51.19704965966063
              ],
              [
                5.982399019423719,
                51.19719791523316
              ],
              [
                5.982929300837249,
                51.19731407092738
              ],
              [
                5.983135698690264,
                51.197345431486475
              ],
              [
                5.98327573180067,
                51.19744092678729
              ],
              [
                5.983694907020713,
                51.197675738443984
              ],
              [
                5.984148699724809,
                51.19788360333939
              ],
              [
                5.984632739250889,
                51.198062519243386
              ],
              [
                5.985142363415987,
                51.1982107627518
              ],
              [
                5.985672663439355,
                51.19832690589701
              ],
              [
                5.986218531248271,
                51.198409829911725
              ],
              [
                5.986774708709762,
                51.19845873601264
              ],
              [
                5.9873358383126485,
                51.198473153100295
              ],
              [
                5.987896514810127,
                51.19845294229976
              ],
              [
                5.988451337323767,
                51.19839829829959
              ],
              [
                5.988994961405253,
                51.19830974747487
              ],
              [
                5.989348796546775,
                51.19822813003947
              ],
              [
                5.989435663261178,
                51.19834110320298
              ],
              [
                5.989728347314012,
                51.19864223958575
              ],
              [
                5.990066605802854,
                51.198923900783754
              ],
              [
                5.990447181457886,
                51.199183373863086
              ],
              [
                5.990866409227559,
                51.19941815956009
              ],
              [
                5.991320251571176,
                51.199625996365754
              ],
              [
                5.991804337348305,
                51.19980488232052
              ],
              [
                5.992314003930254,
                51.1999530943087
              ],
              [
                5.9928443421274835,
                51.20006920466624
              ],
              [
                5.993390243499376,
                51.20015209494172
              ],
              [
                5.993946449589495,
                51.200200966676825
              ],
              [
                5.994507602610767,
                51.20021534910315
              ],
              [
                5.995068297090727,
                51.20019510367969
              ],
              [
                5.995623131977683,
                51.20014042542853
              ],
              [
                5.9961667627041395,
                51.200051841054716
              ],
              [
                5.9966939527041925,
                51.19993020386907
              ],
              [
                5.9971996238869885,
                51.199776685562895
              ],
              [
                5.997678905578523,
                51.1995927649139
              ],
              [
                5.998127181459046,
                51.19938021353286
              ],
              [
                5.998540134042821,
                51.19914107878828
              ],
              [
                5.9989137862711,
                51.19887766407462
              ],
              [
                5.999244539817192,
                51.1985925066139
              ],
              [
                5.999529209734592,
                51.19828835300583
              ],
              [
                5.999765055114715,
                51.1979681327621
              ],
              [
                5.999905633069258,
                51.197714596750785
              ],
              [
                6.0000437622155625,
                51.1975270469424
              ],
              [
                6.0002285087720075,
                51.197193843819825
              ],
              [
                6.0003603824902365,
                51.196850867553984
              ],
              [
                6.000404155276994,
                51.196654086513554
              ],
              [
                6.000720887365901,
                51.19670216163888
              ],
              [
                6.001277059279611,
                51.19675099835678
              ],
              [
                6.001838172251227,
                51.196765345460875
              ],
              [
                6.002398821194175,
                51.19674506475048
              ],
              [
                6.00295360549556,
                51.19669035158762
              ],
              [
                6.00349718107536,
                51.19660173301366
              ],
              [
                6.0040243118991,
                51.19648006266888
              ],
              [
                6.004529920446173,
                51.19632651256388
              ],
              [
                6.004696464035765,
                51.1962625839319
              ],
              [
                6.004730629774562,
                51.196252207822916
              ],
              [
                6.0052098443916755,
                51.196068256216556
              ],
              [
                6.005658050898453,
                51.19585567588864
              ],
              [
                6.006070932477623,
                51.1956165144865
              ],
              [
                6.006444512754568,
                51.19535307566123
              ],
              [
                6.006775194095797,
                51.19506789686704
              ],
              [
                6.007059792250396,
                51.19476372490904
              ],
              [
                6.007295567001054,
                51.194443489475525
              ],
              [
                6.007480248530066,
                51.194110274910024
              ],
              [
                6.007612059247327,
                51.19376729049611
              ],
              [
                6.007689730871276,
                51.19341783954047
              ],
              [
                6.007712516599794,
                51.1930652875537
              ],
              [
                6.007680198255517,
                51.19271302983416
              ],
              [
                6.007593088338489,
                51.19236445876864
              ],
              [
                6.0074520269683465,
                51.192022931163194
              ],
              [
                6.007258373747251,
                51.19169173592048
              ],
              [
                6.007013994623769,
                51.19137406237301
              ],
              [
                6.006721243885793,
                51.19107296957819
              ],
              [
                6.006382941457374,
                51.19079135686988
              ],
              [
                6.006002345719264,
                51.19053193595
              ],
              [
                6.005583122115724,
                51.1902972047878
              ],
              [
                6.005129307850509,
                51.19008942357854
              ],
              [
                6.0046452730121,
                51.18991059299148
              ],
              [
                6.004358577028627,
                51.18982724020072
              ],
              [
                6.004288797996208,
                51.18954791846813
              ],
              [
                6.004147769944205,
                51.18920638677338
              ],
              [
                6.0039541525154245,
                51.18887518594277
              ],
              [
                6.003749514124206,
                51.18860912536684
              ],
              [
                6.003799758377184,
                51.18855542338002
              ],
              [
                6.004035524191626,
                51.188235194525454
              ],
              [
                6.00422020461947,
                51.18790198509099
              ],
              [
                6.004269980765561,
                51.18777247129251
              ],
              [
                6.004425485590838,
                51.188038480230496
              ],
              [
                6.004669828961667,
                51.188356159306196
              ],
              [
                6.004962548858017,
                51.18865725733975
              ],
              [
                6.005300826801823,
                51.18893887423814
              ],
              [
                6.005681405335152,
                51.18919829749421
              ],
              [
                6.005853160462301,
                51.18929446894407
              ],
              [
                6.005926254547253,
                51.18935531786346
              ],
              [
                6.00630684007056,
                51.189614739057085
              ],
              [
                6.006726061115775,
                51.1898494676169
              ],
              [
                6.007179880206409,
                51.190057242584274
              ],
              [
                6.00766392642555,
                51.19023606259525
              ],
              [
                6.008173537525217,
                51.19038420516948
              ],
              [
                6.008703804850107,
                51.190500243311604
              ],
              [
                6.009184682511236,
                51.190573206433776
              ],
              [
                6.009054803045722,
                51.19074963949966
              ],
              [
                6.008870146380906,
                51.191082856553365
              ],
              [
                6.008738352697834,
                51.19142584238851
              ],
              [
                6.008660692369194,
                51.19177529404339
              ],
              [
                6.008637914524317,
                51.19212784621421
              ],
              [
                6.008670239787852,
                51.192480103660934
              ],
              [
                6.008757358106557,
                51.19282867390405
              ],
              [
                6.008898431686967,
                51.193170199897814
              ],
              [
                6.009092103017573,
                51.19350139236516
              ],
              [
                6.009336507899928,
                51.193819061482884
              ],
              [
                6.009629293364914,
                51.19412014761103
              ],
              [
                6.009967640303005,
                51.19440175077133
              ],
              [
                6.010061631889112,
                51.19446580510464
              ],
              [
                6.009674896684828,
                51.19455509685092
              ],
              [
                6.009169324943349,
                51.194708669281894
              ],
              [
                6.008690140444362,
                51.194892637169
              ],
              [
                6.0082419574220145,
                51.19510522915518
              ],
              [
                6.007829091780297,
                51.1953443982459
              ],
              [
                6.007455519541725,
                51.19560784150809
              ],
              [
                6.0071248385599025,
                51.19589302223339
              ],
              [
                6.006840233864513,
                51.19619719435281
              ],
              [
                6.006604446972736,
                51.19651742886863
              ],
              [
                6.0064197494631895,
                51.19685064204875
              ],
              [
                6.006287921067789,
                51.197193625113066
              ],
              [
                6.006210232493819,
                51.19754307512654
              ],
              [
                6.006187433142953,
                51.19789562680137
              ],
              [
                6.006202103086262,
                51.19805556229902
              ],
              [
                6.0061680206333,
                51.19810184884167
              ],
              [
                6.005983313621989,
                51.1984350613305
              ],
              [
                6.005851477459689,
                51.198778043898734
              ],
              [
                6.005773782928543,
                51.199127493616146
              ],
              [
                6.005750979487699,
                51.19948004519773
              ],
              [
                6.0057832880087645,
                51.1998323034091
              ],
              [
                6.005870398600214,
                51.20018087576351
              ],
              [
                6.0060114735434915,
                51.20052240519477
              ],
              [
                6.006205155314415,
                51.20085360239283
              ],
              [
                6.006449579614432,
                51.201171277488804
              ],
              [
                6.0067423932878015,
                51.20147237078525
              ],
              [
                6.007080776953651,
                51.20175398223472
              ],
              [
                6.007461472136028,
                51.202013399382466
              ],
              [
                6.007880812631609,
                51.202248123503296
              ],
              [
                6.0082054318683165,
                51.20239670106606
              ],
              [
                6.008407182020111,
                51.20256459278314
              ],
              [
                6.00878789143041,
                51.20282400555731
              ],
              [
                6.009207246119217,
                51.2030587248642
              ],
              [
                6.009661207322773,
                51.20326648983418
              ],
              [
                6.01014540275519,
                51.20344529919952
              ],
              [
                6.010655168730985,
                51.20359343058223
              ],
              [
                6.011185595102686,
                51.2037094570947
              ],
              [
                6.011731572579866,
                51.2037922610932
              ],
              [
                6.012287841972621,
                51.20384104495048
              ],
              [
                6.012849044883812,
                51.20385533874466
              ],
              [
                6.0134097753602145,
                51.20383500478864
              ],
              [
                6.013964632003335,
                51.20378023895733
              ],
              [
                6.014508270036156,
                51.20369156879957
              ],
              [
                6.015035452822568,
                51.20356984845247
              ],
              [
                6.015541102341484,
                51.20341625040848
              ],
              [
                6.01602034812798,
                51.203232254213425
              ],
              [
                6.016468574208632,
                51.203019632205745
              ],
              [
                6.016881463577955,
                51.20278043243428
              ],
              [
                6.017255039786702,
                51.20251695891976
              ],
              [
                6.017585705241054,
                51.20223174945045
              ],
              [
                6.0178702758436415,
                51.20192755112694
              ],
              [
                6.018106011643099,
                51.201607293891385
              ],
              [
                6.018290643197472,
                51.20127406229723
              ],
              [
                6.018422393398562,
                51.20093106579199
              ],
              [
                6.018499994548217,
                51.20058160779864
              ],
              [
                6.018522700523587,
                51.20022905389541
              ],
              [
                6.018521640467564,
                51.20021753134856
              ],
              [
                6.018532078862369,
                51.20005545346959
              ],
              [
                6.018499672311002,
                51.199703198974184
              ],
              [
                6.0184124667350645,
                51.19935463624519
              ],
              [
                6.018380057210282,
                51.199276228983614
              ],
              [
                6.018373054385236,
                51.19924823816352
              ],
              [
                6.018231891449826,
                51.1989067238768
              ],
              [
                6.018038131230392,
                51.19857554683794
              ],
              [
                6.017793640706007,
                51.19825789620401
              ],
              [
                6.017616670260663,
                51.19807597133536
              ],
              [
                6.0176322498119825,
                51.19783412949709
              ],
              [
                6.017599851809991,
                51.19748187471603
              ],
              [
                6.017599844960876,
                51.19748184733665
              ],
              [
                6.0175998446031445,
                51.19748184344707
              ],
              [
                6.017512650154493,
                51.197133280004145
              ],
              [
                6.017371500192986,
                51.196791764631904
              ],
              [
                6.017177755174041,
                51.196460586115
              ],
              [
                6.0169332819302594,
                51.196142933624735
              ],
              [
                6.016640435655839,
                51.195841866015606
              ],
              [
                6.016302037194686,
                51.195560282378906
              ],
              [
                6.01620803467087,
                51.1954962331126
              ],
              [
                6.016594764991829,
                51.19540691963849
              ],
              [
                6.017100319424503,
                51.19525331494044
              ],
              [
                6.017579473814538,
                51.19506931243332
              ],
              [
                6.018027613068997,
                51.19485668451632
              ],
              [
                6.0184404210187825,
                51.19461747929511
              ],
              [
                6.018813921998865,
                51.19435400084281
              ],
              [
                6.019144519139918,
                51.194068786995324
              ],
              [
                6.019429029002364,
                51.19376458489511
              ],
              [
                6.019664712219596,
                51.19344432452076
              ],
              [
                6.019849299855766,
                51.1931110904559
              ],
              [
                6.0199810152252615,
                51.19276809217162
              ],
              [
                6.0200585909649424,
                51.192418633108204
              ],
              [
                6.020081281196182,
                51.19206607885399
              ],
              [
                6.020048868661274,
                51.1917138247291
              ],
              [
                6.019961666767255,
                51.19136526308549
              ],
              [
                6.019820516519333,
                51.19102375063833
              ],
              [
                6.019626778375319,
                51.19069257614412
              ],
              [
                6.019382319101251,
                51.19037492873542
              ],
              [
                6.019089493756496,
                51.19007386721782
              ],
              [
                6.018751122983135,
                51.189792290623956
              ],
              [
                6.018370465819621,
                51.18953291030781
              ],
              [
                6.017951188301287,
                51.189298223847615
              ],
              [
                6.01749732815062,
                51.1890904910082
              ],
              [
                6.0170132558975595,
                51.188911711993036
              ],
              [
                6.01650363280392,
                51.188763608195856
              ],
              [
                6.015973365996689,
                51.188647605636156
              ],
              [
                6.015492497853825,
                51.18857467058393
              ],
              [
                6.0156223464206295,
                51.188398230367085
              ],
              [
                6.015806943297354,
                51.1880650026655
              ],
              [
                6.015938674577265,
                51.187722008893175
              ],
              [
                6.016016272743639,
                51.18737255244693
              ],
              [
                6.016038991701512,
                51.187019998889966
              ],
              [
                6.0160066139161925,
                51.186667743535786
              ],
              [
                6.015919452459758,
                51.186319178748114
              ],
              [
                6.015778347947726,
                51.18597766127263
              ],
              [
                6.015584660397241,
                51.18564647991424
              ],
              [
                6.015340256086965,
                51.18532882387174
              ],
              [
                6.015047489546854,
                51.18502775203388
              ],
              [
                6.014709180852678,
                51.18474616353273
              ],
              [
                6.0143285884450925,
                51.18448676983705
              ],
              [
                6.014156833647188,
                51.18439061090156
              ],
              [
                6.014083736607627,
                51.18432976715669
              ],
              [
                6.013703151188426,
                51.184070371398306
              ],
              [
                6.013283947479613,
                51.183835667945
              ],
              [
                6.012830162493087,
                51.18362791672512
              ],
              [
                6.012346166035188,
                51.18344911811929
              ],
              [
                6.0118366186381245,
                51.18330099370994
              ],
              [
                6.011306426700249,
                51.18318496971502
              ],
              [
                6.010760695266337,
                51.18310216326398
              ],
              [
                6.010204678901373,
                51.18305337164907
              ],
              [
                6.009643731129537,
                51.1830390646535
              ],
              [
                6.009083252923588,
                51.183059380031374
              ],
              [
                6.008653024547442,
                51.1831018453094
              ],
              [
                6.008783741161613,
                51.18298907902373
              ],
              [
                6.009068251432571,
                51.182684902205246
              ],
              [
                6.009303950467414,
                51.1823646627302
              ],
              [
                6.009488569177189,
                51.18203144498102
              ],
              [
                6.009620330576216,
                51.18168845827181
              ],
              [
                6.0096979668572414,
                51.181339005931264
              ],
              [
                6.009720731557811,
                51.18098645348323
              ],
              [
                6.009688406702293,
                51.180634196230606
              ],
              [
                6.009601304852677,
                51.180285626555516
              ],
              [
                6.009471233751052,
                51.1799706597159
              ],
              [
                6.009786018372061,
                51.17969907607766
              ],
              [
                6.010070501694058,
                51.179394896827304
              ],
              [
                6.010306176934515,
                51.17907465533498
              ],
              [
                6.010490775233522,
                51.178741436002475
              ],
              [
                6.010622519801827,
                51.17839844815909
              ],
              [
                6.010700142994101,
                51.17804899514453
              ],
              [
                6.01072289847374,
                51.177696442489
              ],
              [
                6.010690568353725,
                51.17734418549745
              ],
              [
                6.010603465246515,
                51.17699561654942
              ],
              [
                6.010462429205198,
                51.176654092430766
              ],
              [
                6.010268819587098,
                51.176322902010455
              ],
              [
                6.010024501920028,
                51.17600523457465
              ],
              [
                6.009731829899327,
                51.17570414912198
              ],
              [
                6.009611545383668,
                51.17560399616187
              ],
              [
                6.009572225770986,
                51.17555287025118
              ],
              [
                6.009279559607595,
                51.17525178364644
              ],
              [
                6.008941358511076,
                51.17497017811065
              ],
              [
                6.008560879885923,
                51.17471076527674
              ],
              [
                6.008141788048359,
                51.17447604303629
              ],
              [
                6.007688118933178,
                51.17426827149871
              ],
              [
                6.007204241231198,
                51.17408945124033
              ],
              [
                6.006694814331413,
                51.17394130405211
              ],
              [
                6.00659844663109,
                51.17392020662828
              ],
              [
                6.0061324917212495,
                51.17378469826541
              ],
              [
                6.0056024240821735,
                51.173668648013496
              ],
              [
                6.005056816008476,
                51.17358581455224
              ],
              [
                6.004500920877766,
                51.17353699543385
              ],
              [
                6.003940091047307,
                51.17352266070638
              ],
              [
                6.003379726354649,
                51.17354294839092
              ],
              [
                6.0028252221626435,
                51.17359766315371
              ],
              [
                6.002281917447395,
                51.17368627818525
              ],
              [
                6.001755043427193,
                51.17380794026908
              ],
              [
                6.001249673225395,
                51.17396147799152
              ],
              [
                6.00077067305043,
                51.174145413012596
              ],
              [
                6.000322655361621,
                51.17435797429168
              ],
              [
                5.9999099344707565,
                51.17459711512969
              ],
              [
                5.999536485006111,
                51.17486053286556
              ],
              [
                5.9992059036384315,
                51.175145691036484
              ],
              [
                5.99892137443736,
                51.17544984379065
              ],
              [
                5.9986856381920965,
                51.175770062316694
              ],
              [
                5.998500965992402,
                51.17610326303639
              ],
              [
                5.998369137325221,
                51.17644623728966
              ],
              [
                5.998291422899116,
                51.176795682226384
              ],
              [
                5.998268572363377,
                51.17714823260767
              ],
              [
                5.9983008070417245,
                51.177500493210786
              ],
              [
                5.998387817752392,
                51.17784907152599
              ],
              [
                5.998528767737474,
                51.17819061042992
              ],
              [
                5.998698263624102,
                51.178480684061576
              ],
              [
                5.998487525164347,
                51.17843453608499
              ],
              [
                5.997941873114642,
                51.178351669294976
              ],
              [
                5.997385927681478,
                51.178302816224246
              ],
              [
                5.996825041706354,
                51.17828844724768
              ],
              [
                5.996264615567233,
                51.178308700716165
              ],
              [
                5.995710045218404,
                51.17836338162531
              ],
              [
                5.995166670272711,
                51.17845196349158
              ],
              [
                5.994639722624403,
                51.17857359341789
              ],
              [
                5.994134276105501,
                51.17872710030013
              ],
              [
                5.993655197658994,
                51.17891100609535
              ],
              [
                5.993207100497615,
                51.17912354004433
              ],
              [
                5.992794299698157,
                51.17936265571127
              ],
              [
                5.992420770658152,
                51.17962605067746
              ],
              [
                5.992090110814456,
                51.17991118869951
              ],
              [
                5.991805504992295,
                51.180215324119736
              ],
              [
                5.991569694718678,
                51.18053552829371
              ],
              [
                5.991384951796273,
                51.18086871778154
              ],
              [
                5.99125305639319,
                51.18121168403153
              ],
              [
                5.9911752798608395,
                51.181561124270566
              ],
              [
                5.991167066034066,
                51.18168753707876
              ],
              [
                5.990794468989548,
                51.181773519578364
              ],
              [
                5.990288974354086,
                51.18192700980103
              ]
            ],
            [
              [
                6.005039496561396,
                51.184549566209974
              ],
              [
                6.004908766303172,
                51.18466232830234
              ],
              [
                6.004624216223674,
                51.184966494988714
              ],
              [
                6.00438847121546,
                51.18528672502817
              ],
              [
                6.004203802453243,
                51.18561993473165
              ],
              [
                6.004154028429107,
                51.18574944850496
              ],
              [
                6.0039985329865795,
                51.185483439173524
              ],
              [
                6.00375420963255,
                51.185165758631186
              ],
              [
                6.003461520013156,
                51.18486465747855
              ],
              [
                6.00312328346379,
                51.18458303513016
              ],
              [
                6.0030945406476635,
                51.18456343923222
              ],
              [
                6.003487785894716,
                51.184597970993494
              ],
              [
                6.004048750924874,
                51.18461230767551
              ],
              [
                6.004609250419883,
                51.184592016544926
              ],
              [
                6.005039496561396,
                51.184549566209974
              ]
            ]
          ],
          [
            [
              [
                6.027592669264723,
                51.16967302823713
              ],
              [
                6.027138960028465,
                51.16946533269779
              ],
              [
                6.026655057637355,
                51.16928659347046
              ],
              [
                6.026145621717626,
                51.16913853156592
              ],
              [
                6.0256155575942,
                51.16902257260027
              ],
              [
                6.025069969081276,
                51.16893983307718
              ],
              [
                6.024514109367985,
                51.168891109644356
              ],
              [
                6.023953330470571,
                51.168876871428665
              ],
              [
                6.023393031736302,
                51.16889725552207
              ],
              [
                6.022838607893205,
                51.16895206566252
              ],
              [
                6.022295397144111,
                51.16904077412232
              ],
              [
                6.0217686298030095,
                51.16916252678552
              ],
              [
                6.021263377966633,
                51.16931615136619
              ],
              [
                6.02078450670429,
                51.16950016868805
              ],
              [
                6.020336627234658,
                51.16971280691794
              ],
              [
                6.019924052539255,
                51.169952018615874
              ],
              [
                6.019550755839226,
                51.170215500438154
              ],
              [
                6.019220332334881,
                51.17050071530476
              ],
              [
                6.018935964576216,
                51.17080491681784
              ],
              [
                6.0187003917982045,
                51.171125175696254
              ],
              [
                6.018515883516754,
                51.17145840797285
              ],
              [
                6.018384217640438,
                51.17180140468349
              ],
              [
                6.018306663310165,
                51.172150862761484
              ],
              [
                6.018283968633344,
                51.17250341684101
              ],
              [
                6.018316353432447,
                51.17285567166356
              ],
              [
                6.0184035070795865,
                51.173204234774715
              ],
              [
                6.018544591439763,
                51.17354574919735
              ],
              [
                6.018738248896362,
                51.173876925765796
              ],
              [
                6.018982615383355,
                51.1741945748099
              ],
              [
                6.019275338300315,
                51.17449563688325
              ],
              [
                6.019311764083465,
                51.174525958676334
              ],
              [
                6.019451256287726,
                51.1748635919969
              ],
              [
                6.019644925877196,
                51.17519476702382
              ],
              [
                6.019889305682248,
                51.17551241412903
              ],
              [
                6.020182042974219,
                51.175813473884666
              ],
              [
                6.020520319106606,
                51.176095046566545
              ],
              [
                6.020900876638105,
                51.17635442009323
              ],
              [
                6.021320050690381,
                51.1765890961601
              ],
              [
                6.02177380423902,
                51.176796814314024
              ],
              [
                6.022257766998029,
                51.17697557373855
              ],
              [
                6.022767277523092,
                51.17712365253685
              ],
              [
                6.023297428127605,
                51.17723962432813
              ],
              [
                6.023843112177954,
                51.177322371995764
              ],
              [
                6.024399073311382,
                51.17737109845542
              ],
              [
                6.024959956100945,
                51.17738533433817
              ],
              [
                6.025520357678015,
                51.17736494251473
              ],
              [
                6.0260748798133115,
                51.17731011941756
              ],
              [
                6.026618180953066,
                51.177221393147
              ],
              [
                6.027145027707342,
                51.177099618380694
              ],
              [
                6.027650345292832,
                51.17694596813512
              ],
              [
                6.0281292664427255,
                51.17676192245874
              ],
              [
                6.02857717831123,
                51.17654925416645
              ],
              [
                6.028989766919816,
                51.176310011752584
              ],
              [
                6.0293630587163465,
                51.17604649964837
              ],
              [
                6.029693458846318,
                51.17576125601349
              ],
              [
                6.029977785767528,
                51.17545702827726
              ],
              [
                6.030213301874985,
                51.17513674666482
              ],
              [
                6.030397739841763,
                51.17480349596415
              ],
              [
                6.030529324422991,
                51.17446048580637
              ],
              [
                6.030606789514237,
                51.17411101974581
              ],
              [
                6.030629390301476,
                51.17375846343807
              ],
              [
                6.030596910387265,
                51.17340621222297
              ],
              [
                6.030509663826328,
                51.17305765842412
              ],
              [
                6.030444001301811,
                51.17289881900522
              ],
              [
                6.030387558953867,
                51.172673324378835
              ],
              [
                6.030246389282026,
                51.17233182448105
              ],
              [
                6.030052655473294,
                51.1720006672174
              ],
              [
                6.029808224250789,
                51.17168304155446
              ],
              [
                6.029515450402652,
                51.17138200608851
              ],
              [
                6.029391733345296,
                51.17127904331475
              ],
              [
                6.029267832739848,
                51.17106724289061
              ],
              [
                6.029023411935932,
                51.17074961555215
              ],
              [
                6.028730649202469,
                51.17044857808327
              ],
              [
                6.028392364577654,
                51.170167029285025
              ],
              [
                6.028011816269566,
                51.1699076802439
              ],
              [
                6.027592669264723,
                51.16967302823713
              ]
            ]
          ],
          [
            [
              [
                6.029898787120151,
                51.193728022866274
              ],
              [
                6.029518034365843,
                51.1934686792555
              ],
              [
                6.029098663969606,
                51.1932340331976
              ],
              [
                6.028644714547928,
                51.19302634406807
              ],
              [
                6.028160557489966,
                51.19284761164963
              ],
              [
                6.027650854873745,
                51.1926995568873
              ],
              [
                6.027120514591593,
                51.19258360532831
              ],
              [
                6.0265746431160565,
                51.19250087340476
              ],
              [
                6.026018496359983,
                51.19245215769124
              ],
              [
                6.025457429102533,
                51.19243792724018
              ],
              [
                6.024896843466539,
                51.1924583190688
              ],
              [
                6.024342136941561,
                51.192513136840596
              ],
              [
                6.0237986504514085,
                51.192601852754365
              ],
              [
                6.023271616964324,
                51.19272361262265
              ],
              [
                6.022766111139067,
                51.192877244090106
              ],
              [
                6.022287000490125,
                51.19306126791449
              ],
              [
                6.021838898540971,
                51.19327391220011
              ],
              [
                6.021426120415367,
                51.193513129448796
              ],
              [
                6.021052641293557,
                51.19377661626368
              ],
              [
                6.020722058132903,
                51.19406183551691
              ],
              [
                6.020437555021501,
                51.19436604076855
              ],
              [
                6.0202018724986415,
                51.19468630270142
              ],
              [
                6.020017281138144,
                51.1950195373194
              ],
              [
                6.019885559649911,
                51.19536253563573
              ],
              [
                6.019807977711777,
                51.19571199456834
              ],
              [
                6.019785283698498,
                51.1960645487433
              ],
              [
                6.01981769742766,
                51.19641680290107
              ],
              [
                6.019904907994245,
                51.196765364593595
              ],
              [
                6.020046076716494,
                51.197106876857376
              ],
              [
                6.0202398451666275,
                51.19743805054745
              ],
              [
                6.020484348210785,
                51.19775569602119
              ],
              [
                6.0207772319343045,
                51.19805675386639
              ],
              [
                6.0211156762810845,
                51.19833832437687
              ],
              [
                6.021496422190194,
                51.19859769549213
              ],
              [
                6.021915802969188,
                51.198832368930354
              ],
              [
                6.0223697796025855,
                51.19904008426381
              ],
              [
                6.022523593494634,
                51.19909686947618
              ],
              [
                6.022402892520938,
                51.199166812181026
              ],
              [
                6.022029373141607,
                51.19943030216542
              ],
              [
                6.021698755481223,
                51.199715524214476
              ],
              [
                6.021414223960279,
                51.20001973186126
              ],
              [
                6.021178519391877,
                51.200339995765795
              ],
              [
                6.0209939125624095,
                51.200673231912766
              ],
              [
                6.020862182331064,
                51.201016231300834
              ],
              [
                6.0207845984602155,
                51.201365690837605
              ],
              [
                6.020761909343587,
                51.201718245143276
              ],
              [
                6.020761917454085,
                51.20171833325244
              ],
              [
                6.02076191733237,
                51.20171833514368
              ],
              [
                6.0207880232829,
                51.20200193788532
              ],
              [
                6.020720802368118,
                51.20204935249546
              ],
              [
                6.02039015775251,
                51.202334570848734
              ],
              [
                6.0201056013722924,
                51.20263877531365
              ],
              [
                6.019869874280004,
                51.20295903658079
              ],
              [
                6.0196852474790274,
                51.20329227066037
              ],
              [
                6.019553500020984,
                51.20363526857094
              ],
              [
                6.01947590183428,
                51.20398472723434
              ],
              [
                6.019453201450649,
                51.204337281279265
              ],
              [
                6.019485618749564,
                51.20468953544739
              ],
              [
                6.019572842792148,
                51.20503809729068
              ],
              [
                6.019714034767366,
                51.205379609844066
              ],
              [
                6.01990783602397,
                51.205710783959745
              ],
              [
                6.020152381112561,
                51.206028429991036
              ],
              [
                6.020445315713905,
                51.20632948852023
              ],
              [
                6.02078381928217,
                51.20661105983454
              ],
              [
                6.021164632186247,
                51.20687043186564
              ],
              [
                6.021584087088547,
                51.207105106322885
              ],
              [
                6.022038144259688,
                51.20731282276858
              ],
              [
                6.022522430489007,
                51.207491580402326
              ],
              [
                6.023032281216032,
                51.20763965734436
              ],
              [
                6.0235627854765506,
                51.20775562723151
              ],
              [
                6.024108833229515,
                51.207838372965426
              ],
              [
                6.024665164607768,
                51.207887097480224
              ],
              [
                6.025226420616834,
                51.20790133142558
              ],
              [
                6.02578719479183,
                51.207880937691044
              ],
              [
                6.026342085313228,
                51.207826112727325
              ],
              [
                6.026885747077645,
                51.20773738465291
              ],
              [
                6.02741294322045,
                51.20761560816297
              ],
              [
                6.02791859559205,
                51.20746195629064
              ],
              [
                6.028397833700274,
                51.207277909100384
              ],
              [
                6.028846041645977,
                51.20706523942185
              ],
              [
                6.029258902598727,
                51.206825995763026
              ],
              [
                6.029632440383423,
                51.206562482567335
              ],
              [
                6.029963057776808,
                51.206277238005306
              ],
              [
                6.0302475711449235,
                51.205973009515326
              ],
              [
                6.0304832410881595,
                51.205652727330076
              ],
              [
                6.030667798799341,
                51.20531947624329
              ],
              [
                6.030799467881926,
                51.204976465889885
              ],
              [
                6.030876981419436,
                51.204626999826296
              ],
              [
                6.0308963055372065,
                51.204325716722096
              ],
              [
                6.031202878572932,
                51.20410942278991
              ],
              [
                6.031533468569666,
                51.203824173790174
              ],
              [
                6.031817956364175,
                51.20351994148111
              ],
              [
                6.032053602803113,
                51.20319965613202
              ],
              [
                6.0322381393056075,
                51.202866402567075
              ],
              [
                6.03236978967929,
                51.20252339044515
              ],
              [
                6.032447287187747,
                51.20217392333952
              ],
              [
                6.032469886706492,
                51.201821366915944
              ],
              [
                6.032437371852093,
                51.20146911651522
              ],
              [
                6.032350057017532,
                51.20112056445323
              ],
              [
                6.032208784296137,
                51.200779067352734
              ],
              [
                6.032014915325501,
                51.20044791382221
              ],
              [
                6.03177031813175,
                51.200130292792146
              ],
              [
                6.031477349102481,
                51.19982926281389
              ],
              [
                6.031413918454106,
                51.19977650899209
              ],
              [
                6.031360642552334,
                51.19972176654528
              ],
              [
                6.031022125223918,
                51.19944022600424
              ],
              [
                6.030641318591943,
                51.19918088620468
              ],
              [
                6.030221890130754,
                51.19894624433455
              ],
              [
                6.029767879015952,
                51.19873855972904
              ],
              [
                6.029677667338592,
                51.19870526260797
              ],
              [
                6.029622365235387,
                51.198679964665125
              ],
              [
                6.029468543999163,
                51.198623188858896
              ],
              [
                6.029589232742933,
                51.198553238837285
              ],
              [
                6.02996270148198,
                51.19828972464207
              ],
              [
                6.030293257430915,
                51.19800447918489
              ],
              [
                6.030577717547372,
                51.19770024991271
              ],
              [
                6.030813342944333,
                51.19737996706569
              ],
              [
                6.030997865243292,
                51.197046715443804
              ],
              [
                6.031129508388347,
                51.196703704687174
              ],
              [
                6.031207005712341,
                51.196354238355994
              ],
              [
                6.0312296120922015,
                51.19600168210849
              ],
              [
                6.031197111078035,
                51.19564943128388
              ],
              [
                6.031109816929184,
                51.19530087820204
              ],
              [
                6.030968571539414,
                51.194959379495664
              ],
              [
                6.030774736282806,
                51.1946282237887
              ],
              [
                6.030530178860553,
                51.19431060003263
              ],
              [
                6.030237255277036,
                51.19400956680513
              ],
              [
                6.029898787120151,
                51.193728022866274
              ]
            ]
          ],
          [
            [
              [
                6.017993995410291,
                51.20738229900227
              ],
              [
                6.0174376771074165,
                51.20733354253888
              ],
              [
                6.016876430304107,
                51.207319270973564
              ],
              [
                6.016315658851406,
                51.207339621719385
              ],
              [
                6.0157607620274,
                51.207394398835376
              ],
              [
                6.015217082587569,
                51.20748307491186
              ],
              [
                6.014689855357383,
                51.20760479614486
              ],
              [
                6.014184156860499,
                51.20775839055123
              ],
              [
                6.013704856466081,
                51.20794237924553
              ],
              [
                6.0132565695242155,
                51.20815499067057
              ],
              [
                6.012843612939664,
                51.20839417764471
              ],
              [
                6.012469963610905,
                51.20865763706273
              ],
              [
                6.012139220134259,
                51.20894283206082
              ],
              [
                6.011854568141723,
                51.209247016432656
              ],
              [
                6.011618749606555,
                51.20956726106251
              ],
              [
                6.011434036412806,
                51.20990048212089
              ],
              [
                6.011302208444231,
                51.210243470751976
              ],
              [
                6.011224536404822,
                51.21059292396702
              ],
              [
                6.011201769537877,
                51.21094547644732
              ],
              [
                6.011234128363526,
                51.21129773294982
              ],
              [
                6.011321302506485,
                51.21164630100403
              ],
              [
                6.011462453636791,
                51.211987823585176
              ],
              [
                6.011656223497067,
                51.212319011448976
              ],
              [
                6.011865533679748,
                51.21259092914644
              ],
              [
                6.0118556854396115,
                51.21274345990452
              ],
              [
                6.011888050614299,
                51.21309571619664
              ],
              [
                6.0119752332008405,
                51.21344428372881
              ],
              [
                6.012116394788053,
                51.21378580548118
              ],
              [
                6.012310177017946,
                51.21411699221751
              ],
              [
                6.012554714624976,
                51.214434654169594
              ],
              [
                6.0128476533625275,
                51.214735731766375
              ],
              [
                6.013186172645454,
                51.21501732511144
              ],
              [
                6.013567012691734,
                51.21527672192423
              ],
              [
                6.013986505902741,
                51.21551142367542
              ],
              [
                6.014440612180392,
                51.2157191696643
              ],
              [
                6.0149249578412265,
                51.21589795880593
              ],
              [
                6.015434877752417,
                51.216046068916924
              ],
              [
                6.015965460283352,
                51.216162073314656
              ],
              [
                6.016511594638964,
                51.216244854568174
              ],
              [
                6.017068020117726,
                51.21629361526946
              ],
              [
                6.017629376818482,
                51.216307885719516
              ],
              [
                6.018190257306129,
                51.216287528456256
              ],
              [
                6.018745258736712,
                51.21623273957907
              ],
              [
                6.019289034938139,
                51.216144046858815
              ],
              [
                6.0198163479430535,
                51.21602230465005
              ],
              [
                6.020322118475828,
                51.21586868565586
              ],
              [
                6.020801474905752,
                51.21568466962397
              ],
              [
                6.021249800193669,
                51.215472029083976
              ],
              [
                6.02166277637863,
                51.21523281226337
              ],
              [
                6.022036426175448,
                51.21496932334706
              ],
              [
                6.0223671512818875,
                51.214684100271874
              ],
              [
                6.02265176702653,
                51.21437989026943
              ],
              [
                6.0228875330238205,
                51.2140596233944
              ],
              [
                6.022916651061219,
                51.214007073224685
              ],
              [
                6.023241360090366,
                51.21377808239823
              ],
              [
                6.023572069130027,
                51.21349285591337
              ],
              [
                6.023856669511157,
                51.21318864297739
              ],
              [
                6.0240924209961655,
                51.21286837367314
              ],
              [
                6.02427705399269,
                51.212535132670446
              ],
              [
                6.024408791379355,
                51.21219212950725
              ],
              [
                6.024486365582175,
                51.21184266767077
              ],
              [
                6.0245090307385585,
                51.211490112776154
              ],
              [
                6.02447656983354,
                51.211137860149506
              ],
              [
                6.024389296741193,
                51.21078930212836
              ],
              [
                6.024248053153529,
                51.2104477953929
              ],
              [
                6.024054200428262,
                51.21011662864444
              ],
              [
                6.023809606435745,
                51.20979899094079
              ],
              [
                6.0235166275333745,
                51.209497940993934
              ],
              [
                6.023178085842484,
                51.20921637772485
              ],
              [
                6.0227972420477185,
                51.20895701235899
              ],
              [
                6.02237776398169,
                51.20872234233059
              ],
              [
                6.021923691297946,
                51.20851462724593
              ],
              [
                6.02143939657268,
                51.20833586713732
              ],
              [
                6.020929543209478,
                51.2081877832165
              ],
              [
                6.020444671712242,
                51.20808177760752
              ],
              [
                6.020064641494419,
                51.207907921307175
              ],
              [
                6.019580360396607,
                51.207729153427806
              ],
              [
                6.01907051975215,
                51.207581061329556
              ],
              [
                6.018540028782305,
                51.20746507091897
              ],
              [
                6.017993995410291,
                51.20738229900227
              ]
            ]
          ],
          [
            [
              [
                6.032990863489007,
                51.2289783143428
              ],
              [
                6.032435725154792,
                51.22903317143899
              ],
              [
                6.031891821889048,
                51.22912192583261
              ],
              [
                6.031364390671923,
                51.2292437229658
              ],
              [
                6.0308585099909795,
                51.229397390124745
              ],
              [
                6.030379050969578,
                51.22958144772364
              ],
              [
                6.029930630485438,
                51.22979412354197
              ],
              [
                6.029517566729682,
                51.23003336977822
              ],
              [
                6.029143837633458,
                51.230296882756626
              ],
              [
                6.028813042562129,
                51.23058212509772
              ],
              [
                6.028528367645639,
                51.23088635013938
              ],
              [
                6.028292555079274,
                51.23120662837423
              ],
              [
                6.028107876691009,
                51.23153987564911
              ],
              [
                6.027976112030909,
                51.23188288285565
              ],
              [
                6.027898531194807,
                51.23223234682611
              ],
              [
                6.027875882549171,
                51.23258490213799
              ],
              [
                6.027908385477031,
                51.23293715352075
              ],
              [
                6.027995728216613,
                51.23328570855296
              ],
              [
                6.028137070815379,
                51.23362721033502
              ],
              [
                6.028331053172892,
                51.23395836982256
              ],
              [
                6.028575808096819,
                51.234275997509584
              ],
              [
                6.028868979247931,
                51.23457703415475
              ],
              [
                6.029207743802826,
                51.23485858025582
              ],
              [
                6.029588839617097,
                51.235117923986884
              ],
              [
                6.0300085966283845,
                51.23535256732969
              ],
              [
                6.030462972197282,
                51.235560250145916
              ],
              [
                6.0309475900459,
                51.2357389719589
              ],
              [
                6.031274785073587,
                51.23583391242618
              ],
              [
                6.031340072202995,
                51.235918626267356
              ],
              [
                6.031633272033766,
                51.23621965587867
              ],
              [
                6.0319720657193585,
                51.23650119386237
              ],
              [
                6.032353190834748,
                51.236760528470626
              ],
              [
                6.032772977035296,
                51.23699516177302
              ],
              [
                6.033227381400354,
                51.23720283372798
              ],
              [
                6.033712027374574,
                51.23738154396328
              ],
              [
                6.034222246931615,
                51.23752957105563
              ],
              [
                6.034753125553648,
                51.23764548912174
              ],
              [
                6.035299549592534,
                51.23772818156237
              ],
              [
                6.035856255555374,
                51.23777685182484
              ],
              [
                6.036417880838278,
                51.23779103108145
              ],
              [
                6.0369790154181135,
                51.23777058274842
              ],
              [
                6.037534254002604,
                51.237715703802714
              ],
              [
                6.038078248134664,
                51.23762692288271
              ],
              [
                6.0386057577473276,
                51.23750509519286
              ],
              [
                6.039111701670958,
                51.2373513942597
              ],
              [
                6.039282644552767,
                51.23728576551404
              ],
              [
                6.039324072018206,
                51.237273180009524
              ],
              [
                6.039803575278153,
                51.23708908549715
              ],
              [
                6.040252020999845,
                51.23687637161273
              ],
              [
                6.040665090062861,
                51.2366370872903
              ],
              [
                6.0410388042882,
                51.236373537365175
              ],
              [
                6.0413695647540635,
                51.236088260361775
              ],
              [
                6.041654186449654,
                51.23578400403125
              ],
              [
                6.041889928933446,
                51.23546369887442
              ],
              [
                6.04207452270124,
                51.235130429906285
              ],
              [
                6.04220619101104,
                51.23478740693423
              ],
              [
                6.0422836669557105,
                51.234437933635945
              ],
              [
                6.042306205620533,
                51.234085375736804
              ],
              [
                6.042273591210213,
                51.23373312859164
              ],
              [
                6.042186139078515,
                51.23338458448484
              ],
              [
                6.042044692642851,
                51.23304309996236
              ],
              [
                6.041850615215379,
                51.23271196351129
              ],
              [
                6.04160577683109,
                51.23239436389727
              ],
              [
                6.041312536201332,
                51.23209335946515
              ],
              [
                6.040973717968039,
                51.2318118486973
              ],
              [
                6.040829216870521,
                51.23171353677158
              ],
              [
                6.0408019157822,
                51.23164761855694
              ],
              [
                6.040607853276567,
                51.23131647999138
              ],
              [
                6.040363030987937,
                51.23099887771902
              ],
              [
                6.040069807472635,
                51.2306978701103
              ],
              [
                6.039731007207772,
                51.23041635567821
              ],
              [
                6.039349893367931,
                51.230157045177705
              ],
              [
                6.038930136385841,
                51.22992243551429
              ],
              [
                6.03847577860035,
                51.22971478571281
              ],
              [
                6.037991195332278,
                51.22953609517682
              ],
              [
                6.037481052762799,
                51.22938808444794
              ],
              [
                6.036950263019404,
                51.22927217864907
              ],
              [
                6.036403936901108,
                51.229189493771635
              ],
              [
                6.035847334696953,
                51.229140825937016
              ],
              [
                6.035327375026808,
                51.22912769349057
              ],
              [
                6.035216327736073,
                51.229103442475115
              ],
              [
                6.034670006721701,
                51.2290207494422
              ],
              [
                6.034113408371516,
                51.228972073301286
              ],
              [
                6.033551891811448,
                51.22895788272372
              ],
              [
                6.032990863489007,
                51.2289783143428
              ]
            ]
          ]
        ]
      },
      "properties": {
        "type": "buffer_union_400m",
        "buffer_m": 400
      }
    },
    {
      "type": "Feature",
      "geometry": {
        "type": "Polygon",
        "coordinates": [
          [
            [
              5.9166526,
              51.1686207
            ],
            [
              5.9166871,
              51.1686459
            ],
            [
              5.9168395,
              51.168752
            ],
            [
              5.9168847,
              51.1687842
            ],
            [
              5.9169858,
              51.1688478
            ],
            [
              5.9171501,
              51.1689475
            ],
            [
              5.9173201,
              51.1690525
            ],
            [
              5.9175092,
              51.1691713
            ],
            [
              5.917705,
              51.1692944
            ],
            [
              5.9178862,
              51.1694058
            ],
            [
              5.9180757,
              51.1695251
            ],
            [
              5.9182458,
              51.1696293
            ],
            [
              5.9183727,
              51.1696973
            ],
            [
              5.918415,
              51.1697205
            ],
            [
              5.9185262,
              51.1697818
            ],
            [
              5.9186626,
              51.1698551
            ],
            [
              5.9188536,
              51.1699596
            ],
            [
              5.91893,
              51.1700008
            ],
            [
              5.9190768,
              51.1701097
            ],
            [
              5.9191859,
              51.1701901
            ],
            [
              5.9193021,
              51.1702732
            ],
            [
              5.9193593,
              51.1703163
            ],
            [
              5.9194499,
              51.1703822
            ],
            [
              5.9195446,
              51.1704534
            ],
            [
              5.9197109,
              51.1705422
            ],
            [
              5.9199257,
              51.1706599
            ],
            [
              5.9199849,
              51.1706905
            ],
            [
              5.9200805,
              51.1707362
            ],
            [
              5.9202273,
              51.1708034
            ],
            [
              5.920399,
              51.1708808
            ],
            [
              5.9205905,
              51.1709676
            ],
            [
              5.9207783,
              51.1710525
            ],
            [
              5.9209821,
              51.1711074
            ],
            [
              5.9216281,
              51.1712641
            ],
            [
              5.9222811,
              51.1722365
            ],
            [
              5.9225062,
              51.1725736
            ],
            [
              5.922722,
              51.1728997
            ],
            [
              5.9230236,
              51.1733509
            ],
            [
              5.9233079,
              51.1737806
            ],
            [
              5.9235159,
              51.1740891
            ],
            [
              5.9235845,
              51.1741913
            ],
            [
              5.9237976,
              51.1745089
            ],
            [
              5.9240572,
              51.1749003
            ],
            [
              5.9243396,
              51.1753207
            ],
            [
              5.9245819,
              51.1756842
            ],
            [
              5.9248757,
              51.1761243
            ],
            [
              5.9252026,
              51.1766134
            ],
            [
              5.9255611,
              51.1771492
            ],
            [
              5.9259238,
              51.1776824
            ],
            [
              5.9253223,
              51.1777648
            ],
            [
              5.9248654,
              51.1778258
            ],
            [
              5.9243129,
              51.177994
            ],
            [
              5.9240907,
              51.1780616
            ],
            [
              5.9239555,
              51.1781027
            ],
            [
              5.9235514,
              51.1782264
            ],
            [
              5.9229258,
              51.1784179
            ],
            [
              5.9220185,
              51.178693
            ],
            [
              5.9215781,
              51.1788265
            ],
            [
              5.9212473,
              51.1789045
            ],
            [
              5.9213876,
              51.1791092
            ],
            [
              5.9216414,
              51.1794725
            ],
            [
              5.9217915,
              51.1796935
            ],
            [
              5.9219873,
              51.1799701
            ],
            [
              5.9221776,
              51.1802443
            ],
            [
              5.922329,
              51.1804573
            ],
            [
              5.9224422,
              51.1806172
            ],
            [
              5.9225909,
              51.1808302
            ],
            [
              5.9227902,
              51.1811116
            ],
            [
              5.9230315,
              51.1814467
            ],
            [
              5.9232521,
              51.1817498
            ],
            [
              5.9233698,
              51.1819104
            ],
            [
              5.9235753,
              51.1821775
            ],
            [
              5.9237335,
              51.1823838
            ],
            [
              5.9240678,
              51.1828105
            ],
            [
              5.9243053,
              51.1831053
            ],
            [
              5.9243647,
              51.1831766
            ],
            [
              5.9245984,
              51.1834569
            ],
            [
              5.9248098,
              51.1837143
            ],
            [
              5.9249679,
              51.1839016
            ],
            [
              5.9251438,
              51.1841035
            ],
            [
              5.9253586,
              51.1843454
            ],
            [
              5.9254974,
              51.1845081
            ],
            [
              5.9256589,
              51.184678
            ],
            [
              5.9258585,
              51.1848856
            ],
            [
              5.925989,
              51.185025
            ],
            [
              5.9261486,
              51.1851966
            ],
            [
              5.926314,
              51.1853626
            ],
            [
              5.9265197,
              51.1855759
            ],
            [
              5.9267364,
              51.1857923
            ],
            [
              5.9269783,
              51.1860424
            ],
            [
              5.9272831,
              51.1863304
            ],
            [
              5.9274881,
              51.1865343
            ],
            [
              5.927821,
              51.1868513
            ],
            [
              5.9282532,
              51.1872324
            ],
            [
              5.9286057,
              51.1875565
            ],
            [
              5.9287164,
              51.1876509
            ],
            [
              5.9288649,
              51.1877776
            ],
            [
              5.9290335,
              51.187922
            ],
            [
              5.9293038,
              51.1881376
            ],
            [
              5.929564,
              51.1883487
            ],
            [
              5.9298609,
              51.1885823
            ],
            [
              5.9300901,
              51.188762
            ],
            [
              5.9303958,
              51.1889944
            ],
            [
              5.9307198,
              51.1892445
            ],
            [
              5.9307562,
              51.1892722
            ],
            [
              5.9310275,
              51.1894779
            ],
            [
              5.9313677,
              51.1897389
            ],
            [
              5.9316654,
              51.1899663
            ],
            [
              5.931843,
              51.1900966
            ],
            [
              5.9319948,
              51.1901965
            ],
            [
              5.9322494,
              51.1903669
            ],
            [
              5.9325499,
              51.1905778
            ],
            [
              5.93279,
              51.190748
            ],
            [
              5.9330682,
              51.190941
            ],
            [
              5.9332895,
              51.1910878
            ],
            [
              5.933606,
              51.1912951
            ],
            [
              5.9339195,
              51.1914971
            ],
            [
              5.9341974,
              51.1916788
            ],
            [
              5.934538,
              51.1918917
            ],
            [
              5.934865,
              51.1920986
            ],
            [
              5.9348936,
              51.1921164
            ],
            [
              5.9351555,
              51.1922793
            ],
            [
              5.9358253,
              51.1926839
            ],
            [
              5.9361574,
              51.1928783
            ],
            [
              5.9365719,
              51.1931134
            ],
            [
              5.9370206,
              51.1933664
            ],
            [
              5.9375487,
              51.193656
            ],
            [
              5.9380029,
              51.1939068
            ],
            [
              5.9385535,
              51.1942114
            ],
            [
              5.9389875,
              51.1944455
            ],
            [
              5.9394255,
              51.1946859
            ],
            [
              5.9398874,
              51.1949359
            ],
            [
              5.940259,
              51.1951386
            ],
            [
              5.9407885,
              51.1954271
            ],
            [
              5.9412487,
              51.195677
            ],
            [
              5.9417092,
              51.1959276
            ],
            [
              5.9423726,
              51.1962862
            ],
            [
              5.9428954,
              51.1965662
            ],
            [
              5.9429076,
              51.1965728
            ],
            [
              5.9434876,
              51.196888
            ],
            [
              5.9441034,
              51.1972251
            ],
            [
              5.9445764,
              51.1974825
            ],
            [
              5.9450952,
              51.1977659
            ],
            [
              5.9451643,
              51.1978054
            ],
            [
              5.9454859,
              51.1979892
            ],
            [
              5.9466008,
              51.198594
            ],
            [
              5.9480436,
              51.1993765
            ],
            [
              5.95017,
              51.2005366
            ],
            [
              5.9510734,
              51.201028
            ],
            [
              5.9513253,
              51.201165
            ],
            [
              5.9527893,
              51.2019572
            ],
            [
              5.9540341,
              51.2026411
            ],
            [
              5.9545242,
              51.2029066
            ],
            [
              5.9558455,
              51.2036256
            ],
            [
              5.9569884,
              51.2042455
            ],
            [
              5.9576179,
              51.2045796
            ],
            [
              5.9580775,
              51.204829
            ],
            [
              5.9585667,
              51.2050974
            ],
            [
              5.9588539,
              51.2052522
            ],
            [
              5.9592164,
              51.2054488
            ],
            [
              5.9592769,
              51.2054823
            ],
            [
              5.9595691,
              51.2056445
            ],
            [
              5.9598269,
              51.2057876
            ],
            [
              5.9603848,
              51.2060977
            ],
            [
              5.9607415,
              51.2062907
            ],
            [
              5.9612363,
              51.2065596
            ],
            [
              5.9616665,
              51.2067966
            ],
            [
              5.9619915,
              51.2069713
            ],
            [
              5.9624102,
              51.2072006
            ],
            [
              5.9626762,
              51.2073434
            ],
            [
              5.9629386,
              51.2074905
            ],
            [
              5.9632013,
              51.2076393
            ],
            [
              5.9637212,
              51.2079349
            ],
            [
              5.9641878,
              51.2082034
            ],
            [
              5.9645173,
              51.208396
            ],
            [
              5.9648099,
              51.2085695
            ],
            [
              5.9651472,
              51.20877
            ],
            [
              5.9653845,
              51.2089156
            ],
            [
              5.9656691,
              51.2090922
            ],
            [
              5.9659663,
              51.2092788
            ],
            [
              5.9663496,
              51.2095333
            ],
            [
              5.9667421,
              51.2097966
            ],
            [
              5.9669524,
              51.2099388
            ],
            [
              5.9670459,
              51.210002
            ],
            [
              5.9672361,
              51.2101327
            ],
            [
              5.967729,
              51.2104778
            ],
            [
              5.9680813,
              51.210725
            ],
            [
              5.9683027,
              51.2108828
            ],
            [
              5.9686988,
              51.2111648
            ],
            [
              5.968997,
              51.2113871
            ],
            [
              5.9691954,
              51.2115441
            ],
            [
              5.9693639,
              51.2116758
            ],
            [
              5.9695425,
              51.2118183
            ],
            [
              5.9698836,
              51.212091
            ],
            [
              5.9703501,
              51.21247
            ],
            [
              5.9706931,
              51.2127531
            ],
            [
              5.9711988,
              51.2131609
            ],
            [
              5.9713344,
              51.2132755
            ],
            [
              5.9721422,
              51.2139913
            ],
            [
              5.9725749,
              51.2144051
            ],
            [
              5.9732451,
              51.2150461
            ],
            [
              5.9738585,
              51.2156484
            ],
            [
              5.9740085,
              51.2157973
            ],
            [
              5.9740866,
              51.2158749
            ],
            [
              5.9749392,
              51.2168212
            ],
            [
              5.9752438,
              51.2171713
            ],
            [
              5.9752447,
              51.2171723
            ],
            [
              5.9757527,
              51.2177568
            ],
            [
              5.9762567,
              51.2183685
            ],
            [
              5.9766483,
              51.218879
            ],
            [
              5.976693,
              51.2189373
            ],
            [
              5.97708,
              51.2194275
            ],
            [
              5.9777143,
              51.2202248
            ],
            [
              5.9777213,
              51.2202336
            ],
            [
              5.9788631,
              51.2216743
            ],
            [
              5.97907,
              51.2221401
            ],
            [
              5.9800067,
              51.2233348
            ],
            [
              5.9800592,
              51.2233561
            ],
            [
              5.9802839,
              51.2234473
            ],
            [
              5.9808214,
              51.2237595
            ],
            [
              5.9811692,
              51.2239596
            ],
            [
              5.9814633,
              51.224129
            ],
            [
              5.9817226,
              51.2242694
            ],
            [
              5.9819114,
              51.2244035
            ],
            [
              5.9821682,
              51.2245993
            ],
            [
              5.982392,
              51.2247776
            ],
            [
              5.9826552,
              51.2249911
            ],
            [
              5.983355,
              51.2255435
            ],
            [
              5.9843175,
              51.2262595
            ],
            [
              5.9844339,
              51.226333
            ],
            [
              5.984746,
              51.226515
            ],
            [
              5.9849885,
              51.2266364
            ],
            [
              5.985421,
              51.2268494
            ],
            [
              5.986059,
              51.2271393
            ],
            [
              5.9860265,
              51.2271628
            ],
            [
              5.9861329,
              51.2272211
            ],
            [
              5.9864057,
              51.227318
            ],
            [
              5.9867316,
              51.2274104
            ],
            [
              5.9873088,
              51.2275522
            ],
            [
              5.9877678,
              51.2276554
            ],
            [
              5.9886147,
              51.2278176
            ],
            [
              5.9890228,
              51.227885
            ],
            [
              5.9897291,
              51.228024
            ],
            [
              5.9906373,
              51.2282262
            ],
            [
              5.991191,
              51.2283672
            ],
            [
              5.9921659,
              51.2286369
            ],
            [
              5.992999,
              51.2288941
            ],
            [
              5.9933781,
              51.2290291
            ],
            [
              5.9948361,
              51.229598
            ],
            [
              5.9959328,
              51.2300842
            ],
            [
              5.996304,
              51.2302605
            ],
            [
              5.9967597,
              51.2304977
            ],
            [
              5.9974323,
              51.2308545
            ],
            [
              5.9978166,
              51.231071
            ],
            [
              5.9990522,
              51.2317935
            ],
            [
              6.0003167,
              51.232599
            ],
            [
              6.0005294,
              51.2327533
            ],
            [
              6.0010009,
              51.2331115
            ],
            [
              6.0015382,
              51.2335477
            ],
            [
              6.001989,
              51.2339463
            ],
            [
              6.0026848,
              51.2345679
            ],
            [
              6.0028403,
              51.2347092
            ],
            [
              6.0036744,
              51.2356151
            ],
            [
              6.0044458,
              51.2365661
            ],
            [
              6.0053297,
              51.2377921
            ],
            [
              6.0055235,
              51.2380997
            ],
            [
              6.005602,
              51.2382699
            ],
            [
              6.0060877,
              51.2394463
            ],
            [
              6.0062966,
              51.2400038
            ],
            [
              6.0063369,
              51.2401411
            ],
            [
              6.0064702,
              51.2405954
            ],
            [
              6.0065568,
              51.2409366
            ],
            [
              6.0066963,
              51.2416021
            ],
            [
              6.0068598,
              51.2427051
            ],
            [
              6.0069309,
              51.2430513
            ],
            [
              6.0070588,
              51.2435569
            ],
            [
              6.0072541,
              51.2441489
            ],
            [
              6.0074641,
              51.244647
            ],
            [
              6.0077839,
              51.2454751
            ],
            [
              6.0082286,
              51.246733
            ],
            [
              6.0085753,
              51.2477636
            ],
            [
              6.0086965,
              51.248213
            ],
            [
              6.0090797,
              51.2494628
            ],
            [
              6.0090922,
              51.250852
            ],
            [
              6.0089664,
              51.2516508
            ],
            [
              6.0085717,
              51.252838
            ],
            [
              6.0083861,
              51.2532623
            ],
            [
              6.0078982,
              51.2540334
            ],
            [
              6.0062535,
              51.2565485
            ],
            [
              6.0059358,
              51.2571487
            ],
            [
              6.0058038,
              51.257672
            ],
            [
              6.0058802,
              51.258683
            ],
            [
              6.0060351,
              51.2584826
            ],
            [
              6.006348,
              51.2581739
            ],
            [
              6.0065484,
              51.258007
            ],
            [
              6.0067718,
              51.2578475
            ],
            [
              6.0072125,
              51.2575651
            ],
            [
              6.0078401,
              51.2572472
            ],
            [
              6.0084603,
              51.2570317
            ],
            [
              6.0095939,
              51.2567479
            ],
            [
              6.0101159,
              51.2566478
            ],
            [
              6.0108986,
              51.2564705
            ],
            [
              6.0119503,
              51.2561976
            ],
            [
              6.0123382,
              51.2560815
            ],
            [
              6.0132962,
              51.2557856
            ],
            [
              6.0138512,
              51.2555787
            ],
            [
              6.0140736,
              51.2554857
            ],
            [
              6.0143302,
              51.2553523
            ],
            [
              6.0145374,
              51.2552302
            ],
            [
              6.014782,
              51.2550767
            ],
            [
              6.0154704,
              51.2545401
            ],
            [
              6.0159027,
              51.2541624
            ],
            [
              6.0160825,
              51.2539766
            ],
            [
              6.0162616,
              51.2537486
            ],
            [
              6.0163859,
              51.2535522
            ],
            [
              6.0165541,
              51.2532001
            ],
            [
              6.0167212,
              51.2527878
            ],
            [
              6.0167541,
              51.252519
            ],
            [
              6.0167621,
              51.2523144
            ],
            [
              6.0166601,
              51.251833
            ],
            [
              6.0165453,
              51.2516037
            ],
            [
              6.0164496,
              51.2514656
            ],
            [
              6.0163421,
              51.2513166
            ],
            [
              6.0159985,
              51.2509112
            ],
            [
              6.0166468,
              51.2507809
            ],
            [
              6.0165896,
              51.2505768
            ],
            [
              6.0170151,
              51.2506578
            ],
            [
              6.0171324,
              51.2506482
            ],
            [
              6.0172806,
              51.2505953
            ],
            [
              6.0176002,
              51.2505163
            ],
            [
              6.0177254,
              51.2504563
            ],
            [
              6.0178537,
              51.2504197
            ],
            [
              6.0179911,
              51.25041
            ],
            [
              6.0183353,
              51.2504566
            ],
            [
              6.0184669,
              51.2504505
            ],
            [
              6.0186532,
              51.2504567
            ],
            [
              6.0187939,
              51.2504847
            ],
            [
              6.0190152,
              51.2505446
            ],
            [
              6.0191556,
              51.250551
            ],
            [
              6.0193724,
              51.250496
            ],
            [
              6.0194326,
              51.2504956
            ],
            [
              6.0195419,
              51.2505364
            ],
            [
              6.0197178,
              51.2506253
            ],
            [
              6.0197924,
              51.2506338
            ],
            [
              6.0198664,
              51.2506011
            ],
            [
              6.0199882,
              51.2505088
            ],
            [
              6.0200962,
              51.2504435
            ],
            [
              6.0203126,
              51.2503525
            ],
            [
              6.0203607,
              51.2503163
            ],
            [
              6.0203964,
              51.2502333
            ],
            [
              6.0204086,
              51.2501671
            ],
            [
              6.0203408,
              51.250043
            ],
            [
              6.0202344,
              51.2499939
            ],
            [
              6.0200753,
              51.2499616
            ],
            [
              6.0199034,
              51.2499542
            ],
            [
              6.0197841,
              51.24993
            ],
            [
              6.0196646,
              51.2498891
            ],
            [
              6.0195982,
              51.2498478
            ],
            [
              6.0195972,
              51.2497814
            ],
            [
              6.0196232,
              51.2497481
            ],
            [
              6.0197283,
              51.2496978
            ],
            [
              6.0201235,
              51.2496044
            ],
            [
              6.0203205,
              51.2495121
            ],
            [
              6.0205049,
              51.2494696
            ],
            [
              6.0206109,
              51.2494856
            ],
            [
              6.0206903,
              51.2495103
            ],
            [
              6.0207829,
              51.249518
            ],
            [
              6.0208623,
              51.2495091
            ],
            [
              6.0209676,
              51.2494754
            ],
            [
              6.0210195,
              51.2494255
            ],
            [
              6.0210583,
              51.2493672
            ],
            [
              6.0210569,
              51.2492426
            ],
            [
              6.0210693,
              51.2491845
            ],
            [
              6.0211349,
              51.249151
            ],
            [
              6.0212536,
              51.2491505
            ],
            [
              6.0215583,
              51.2492069
            ],
            [
              6.0216112,
              51.2492066
            ],
            [
              6.021717,
              51.2491893
            ],
            [
              6.0218095,
              51.2491888
            ],
            [
              6.0219946,
              51.2492127
            ],
            [
              6.0220605,
              51.2492041
            ],
            [
              6.0220999,
              51.2491873
            ],
            [
              6.0221127,
              51.2491541
            ],
            [
              6.022109,
              51.2488886
            ],
            [
              6.0221875,
              51.2488052
            ],
            [
              6.0222269,
              51.2487884
            ],
            [
              6.0225046,
              51.2488035
            ],
            [
              6.0225967,
              51.2487947
            ],
            [
              6.0227673,
              51.2487108
            ],
            [
              6.0227928,
              51.2486443
            ],
            [
              6.0228033,
              51.2484203
            ],
            [
              6.0228159,
              51.2483788
            ],
            [
              6.0228817,
              51.2483535
            ],
            [
              6.0233314,
              51.2484091
            ],
            [
              6.0233972,
              51.2483921
            ],
            [
              6.02341,
              51.2483589
            ],
            [
              6.0233676,
              51.2481352
            ],
            [
              6.0234199,
              51.2480934
            ],
            [
              6.0234987,
              51.2480598
            ],
            [
              6.0236176,
              51.2480592
            ],
            [
              6.023697,
              51.2480918
            ],
            [
              6.0239372,
              51.2482564
            ],
            [
              6.0240301,
              51.2482891
            ],
            [
              6.0241621,
              51.2482717
            ],
            [
              6.0242539,
              51.2482215
            ],
            [
              6.0243059,
              51.2481631
            ],
            [
              6.0243829,
              51.2480051
            ],
            [
              6.0244352,
              51.2479303
            ],
            [
              6.0244874,
              51.2478886
            ],
            [
              6.02454,
              51.2478717
            ],
            [
              6.0246856,
              51.2478875
            ],
            [
              6.0249102,
              51.2478862
            ],
            [
              6.0249758,
              51.2478773
            ],
            [
              6.0250286,
              51.2478441
            ],
            [
              6.0250541,
              51.2478105
            ],
            [
              6.0250272,
              51.2477775
            ],
            [
              6.0248276,
              51.2476791
            ],
            [
              6.0248139,
              51.247613
            ],
            [
              6.024853,
              51.2475714
            ],
            [
              6.0249582,
              51.2475376
            ],
            [
              6.0251165,
              51.2475201
            ],
            [
              6.025314,
              51.2474693
            ],
            [
              6.0253927,
              51.2474602
            ],
            [
              6.0255107,
              51.2473604
            ],
            [
              6.0256943,
              51.2472599
            ],
            [
              6.0260113,
              51.2472991
            ],
            [
              6.0260904,
              51.2472904
            ],
            [
              6.0261561,
              51.2472651
            ],
            [
              6.026169,
              51.2472401
            ],
            [
              6.0261681,
              51.2471328
            ],
            [
              6.0261269,
              51.2470579
            ],
            [
              6.0260062,
              51.2469259
            ],
            [
              6.0259791,
              51.2468763
            ],
            [
              6.0259793,
              51.2468436
            ],
            [
              6.0260315,
              51.2468019
            ],
            [
              6.0262424,
              51.2467593
            ],
            [
              6.0263479,
              51.2467504
            ],
            [
              6.0263999,
              51.246733
            ],
            [
              6.0264257,
              51.2466913
            ],
            [
              6.0261201,
              51.2465686
            ],
            [
              6.0260666,
              51.2465274
            ],
            [
              6.0260526,
              51.2464694
            ],
            [
              6.0260663,
              51.2464451
            ],
            [
              6.0261056,
              51.24642
            ],
            [
              6.0265387,
              51.2462759
            ],
            [
              6.0265513,
              51.2462343
            ],
            [
              6.0264974,
              51.24616
            ],
            [
              6.0263773,
              51.2460777
            ],
            [
              6.0263236,
              51.2460116
            ],
            [
              6.0263358,
              51.2459452
            ],
            [
              6.0263758,
              51.245896
            ],
            [
              6.026546,
              51.245779
            ],
            [
              6.0266378,
              51.2457371
            ],
            [
              6.0267291,
              51.2457356
            ],
            [
              6.026835,
              51.2457516
            ],
            [
              6.027036,
              51.2458677
            ],
            [
              6.0271145,
              51.2458993
            ],
            [
              6.0272475,
              51.2458749
            ],
            [
              6.0273525,
              51.2458329
            ],
            [
              6.0274029,
              51.2457567
            ],
            [
              6.0274011,
              51.2456323
            ],
            [
              6.0273741,
              51.245591
            ],
            [
              6.027466,
              51.2455554
            ],
            [
              6.0278562,
              51.2455472
            ],
            [
              6.0279636,
              51.2456043
            ],
            [
              6.0295366,
              51.2461868
            ],
            [
              6.0299998,
              51.2463326
            ],
            [
              6.032217,
              51.2469427
            ],
            [
              6.0325215,
              51.2469903
            ],
            [
              6.0338943,
              51.2468586
            ],
            [
              6.0355968,
              51.2467411
            ],
            [
              6.0365865,
              51.2466526
            ],
            [
              6.0370078,
              51.2465667
            ],
            [
              6.0372841,
              51.2464905
            ],
            [
              6.0379939,
              51.2462296
            ],
            [
              6.0383626,
              51.2461037
            ],
            [
              6.0402046,
              51.2464727
            ],
            [
              6.0429517,
              51.247002
            ],
            [
              6.0431191,
              51.2470501
            ],
            [
              6.0432665,
              51.2471206
            ],
            [
              6.0434242,
              51.2472387
            ],
            [
              6.0443173,
              51.2479381
            ],
            [
              6.0457395,
              51.2490806
            ],
            [
              6.0462751,
              51.2495334
            ],
            [
              6.0468916,
              51.2500018
            ],
            [
              6.0489848,
              51.2512967
            ],
            [
              6.0495597,
              51.2516304
            ],
            [
              6.0504922,
              51.2521279
            ],
            [
              6.0507918,
              51.2522817
            ],
            [
              6.0512573,
              51.2524812
            ],
            [
              6.0513323,
              51.2525275
            ],
            [
              6.0513982,
              51.2525115
            ],
            [
              6.051522,
              51.2525004
            ],
            [
              6.0521495,
              51.2524813
            ],
            [
              6.0524709,
              51.2524276
            ],
            [
              6.0533687,
              51.2522462
            ],
            [
              6.0540438,
              51.2520868
            ],
            [
              6.0541836,
              51.2520445
            ],
            [
              6.0545021,
              51.2518729
            ],
            [
              6.0545361,
              51.2518532
            ],
            [
              6.0544951,
              51.2518282
            ],
            [
              6.0576615,
              51.2497249
            ],
            [
              6.0627314,
              51.2464447
            ],
            [
              6.0627585,
              51.2464171
            ],
            [
              6.0629611,
              51.2463127
            ],
            [
              6.0629587,
              51.2464207
            ],
            [
              6.0632511,
              51.2462848
            ],
            [
              6.0652815,
              51.2454264
            ],
            [
              6.0700008,
              51.2435756
            ],
            [
              6.0701713,
              51.2435453
            ],
            [
              6.0702756,
              51.2434849
            ],
            [
              6.0705089,
              51.2433886
            ],
            [
              6.0725355,
              51.2425981
            ],
            [
              6.0726534,
              51.2425555
            ],
            [
              6.072914,
              51.24218
            ],
            [
              6.0737801,
              51.2409251
            ],
            [
              6.0738361,
              51.2408449
            ],
            [
              6.0741727,
              51.2403575
            ],
            [
              6.0742801,
              51.2402013
            ],
            [
              6.0753499,
              51.2386612
            ],
            [
              6.0754971,
              51.2384495
            ],
            [
              6.076215,
              51.2374696
            ],
            [
              6.0762826,
              51.2373442
            ],
            [
              6.0768472,
              51.236582
            ],
            [
              6.077224,
              51.2360506
            ],
            [
              6.0774,
              51.235802
            ],
            [
              6.0774176,
              51.2357776
            ],
            [
              6.0774677,
              51.2357069
            ],
            [
              6.0776222,
              51.2354888
            ],
            [
              6.0776742,
              51.2354153
            ],
            [
              6.078472,
              51.2342883
            ],
            [
              6.079301,
              51.2331191
            ],
            [
              6.0795963,
              51.2327013
            ],
            [
              6.0805562,
              51.2313431
            ],
            [
              6.0809692,
              51.2307591
            ],
            [
              6.0810556,
              51.2306368
            ],
            [
              6.0811084,
              51.2305617
            ],
            [
              6.0811869,
              51.2304476
            ],
            [
              6.0812024,
              51.2304291
            ],
            [
              6.0815345,
              51.2299552
            ],
            [
              6.0817065,
              51.2297098
            ],
            [
              6.081735,
              51.2296694
            ],
            [
              6.0818264,
              51.2295412
            ],
            [
              6.0822706,
              51.2289179
            ],
            [
              6.083373,
              51.227358
            ],
            [
              6.0834021,
              51.2273167
            ],
            [
              6.0834311,
              51.2272756
            ],
            [
              6.0835441,
              51.2271159
            ],
            [
              6.0860218,
              51.2226673
            ],
            [
              6.083591,
              51.2220394
            ],
            [
              6.0824369,
              51.2222611
            ],
            [
              6.0809606,
              51.2224443
            ],
            [
              6.0792025,
              51.2224847
            ],
            [
              6.073258,
              51.2224341
            ],
            [
              6.0706933,
              51.2220835
            ],
            [
              6.0679863,
              51.2205478
            ],
            [
              6.0684662,
              51.2133503
            ],
            [
              6.0694945,
              51.213214
            ],
            [
              6.0695678,
              51.2125861
            ],
            [
              6.0696027,
              51.2122874
            ],
            [
              6.0696739,
              51.2116778
            ],
            [
              6.0698592,
              51.210091
            ],
            [
              6.0698948,
              51.2097863
            ],
            [
              6.0699428,
              51.2093794
            ],
            [
              6.0701329,
              51.2077691
            ],
            [
              6.0701436,
              51.2076768
            ],
            [
              6.0701437,
              51.2076759
            ],
            [
              6.0703168,
              51.2061833
            ],
            [
              6.0703174,
              51.2061784
            ],
            [
              6.070324,
              51.2061214
            ],
            [
              6.0704124,
              51.2053592
            ],
            [
              6.0704683,
              51.2048818
            ],
            [
              6.0708579,
              51.2015579
            ],
            [
              6.0709544,
              51.2007331
            ],
            [
              6.0709838,
              51.2004814
            ],
            [
              6.0709952,
              51.2003842
            ],
            [
              6.0710269,
              51.2001137
            ],
            [
              6.0710317,
              51.2000721
            ],
            [
              6.0710557,
              51.1998553
            ],
            [
              6.0712933,
              51.1978023
            ],
            [
              6.0715304,
              51.1958865
            ],
            [
              6.0718075,
              51.1936476
            ],
            [
              6.0720857,
              51.1913887
            ],
            [
              6.0722834,
              51.1897833
            ],
            [
              6.0722935,
              51.1897047
            ],
            [
              6.0722976,
              51.1896658
            ],
            [
              6.072606,
              51.1871699
            ],
            [
              6.0726403,
              51.1868909
            ],
            [
              6.0731332,
              51.1828833
            ],
            [
              6.0731414,
              51.1828248
            ],
            [
              6.0701488,
              51.1833857
            ],
            [
              6.0665907,
              51.1840525
            ],
            [
              6.0665706,
              51.1840529
            ],
            [
              6.0657413,
              51.1840659
            ],
            [
              6.0645597,
              51.1839764
            ],
            [
              6.0632599,
              51.1837081
            ],
            [
              6.063241,
              51.1837388
            ],
            [
              6.0632395,
              51.1837412
            ],
            [
              6.0632278,
              51.1837605
            ],
            [
              6.0631951,
              51.1837513
            ],
            [
              6.0629959,
              51.1837251
            ],
            [
              6.0625609,
              51.1836797
            ],
            [
              6.0620023,
              51.1836347
            ],
            [
              6.0614049,
              51.1835809
            ],
            [
              6.0612407,
              51.1835731
            ],
            [
              6.061035,
              51.1835634
            ],
            [
              6.0610178,
              51.1835639
            ],
            [
              6.060689,
              51.1835741
            ],
            [
              6.0597466,
              51.1836655
            ],
            [
              6.059699,
              51.1836701
            ],
            [
              6.058697,
              51.183767
            ],
            [
              6.0583308,
              51.1837951
            ],
            [
              6.0581101,
              51.1838135
            ],
            [
              6.0577424,
              51.1838683
            ],
            [
              6.0574207,
              51.1839044
            ],
            [
              6.0572408,
              51.1839271
            ],
            [
              6.0571091,
              51.1839601
            ],
            [
              6.057051,
              51.1839794
            ],
            [
              6.0569817,
              51.1840126
            ],
            [
              6.056966,
              51.1839909
            ],
            [
              6.0565374,
              51.1842035
            ],
            [
              6.0559102,
              51.1843705
            ],
            [
              6.0558717,
              51.1843814
            ],
            [
              6.0557915,
              51.1844039
            ],
            [
              6.0556884,
              51.1844328
            ],
            [
              6.0555043,
              51.1844845
            ],
            [
              6.0552531,
              51.1845467
            ],
            [
              6.0551967,
              51.1845671
            ],
            [
              6.0551532,
              51.1845408
            ],
            [
              6.0551113,
              51.1845146
            ],
            [
              6.0551787,
              51.1844705
            ],
            [
              6.0552846,
              51.1843619
            ],
            [
              6.0553286,
              51.1842561
            ],
            [
              6.0553475,
              51.1841556
            ],
            [
              6.0553583,
              51.1837109
            ],
            [
              6.0553537,
              51.1835968
            ],
            [
              6.0553511,
              51.1835843
            ],
            [
              6.0553299,
              51.1834815
            ],
            [
              6.0551759,
              51.1829707
            ],
            [
              6.0551512,
              51.1828524
            ],
            [
              6.0551346,
              51.1827285
            ],
            [
              6.0550934,
              51.1817922
            ],
            [
              6.0550842,
              51.1815859
            ],
            [
              6.0550895,
              51.1812917
            ],
            [
              6.0550899,
              51.1812665
            ],
            [
              6.0550558,
              51.1810769
            ],
            [
              6.0550377,
              51.1810201
            ],
            [
              6.0549955,
              51.180887
            ],
            [
              6.0549643,
              51.1808007
            ],
            [
              6.0547353,
              51.1801688
            ],
            [
              6.0547079,
              51.1800866
            ],
            [
              6.0546547,
              51.1799266
            ],
            [
              6.0546312,
              51.1798562
            ],
            [
              6.0546028,
              51.1797036
            ],
            [
              6.0546385,
              51.1795418
            ],
            [
              6.0547153,
              51.1794133
            ],
            [
              6.0551692,
              51.178758
            ],
            [
              6.0552177,
              51.1786864
            ],
            [
              6.0552645,
              51.1786129
            ],
            [
              6.0559042,
              51.1775296
            ],
            [
              6.0559196,
              51.1774379
            ],
            [
              6.0561015,
              51.177129
            ],
            [
              6.0561608,
              51.1770922
            ],
            [
              6.0562537,
              51.1769436
            ],
            [
              6.0563591,
              51.1767961
            ],
            [
              6.0566604,
              51.1763973
            ],
            [
              6.0569784,
              51.1758921
            ],
            [
              6.0569927,
              51.1758314
            ],
            [
              6.0570636,
              51.1757158
            ],
            [
              6.057071,
              51.1757038
            ],
            [
              6.0570374,
              51.1757006
            ],
            [
              6.056856,
              51.1756832
            ],
            [
              6.0545954,
              51.1754704
            ],
            [
              6.0523097,
              51.1752514
            ],
            [
              6.0521785,
              51.1752334
            ],
            [
              6.050189,
              51.1750433
            ],
            [
              6.0481393,
              51.174845
            ],
            [
              6.0481741,
              51.1747949
            ],
            [
              6.0481882,
              51.1747745
            ],
            [
              6.0482023,
              51.1747543
            ],
            [
              6.04851,
              51.1743102
            ],
            [
              6.0487822,
              51.1739172
            ],
            [
              6.0490406,
              51.1735442
            ],
            [
              6.0490433,
              51.1735403
            ],
            [
              6.0490947,
              51.1734661
            ],
            [
              6.0492868,
              51.1731888
            ],
            [
              6.0496593,
              51.1726497
            ],
            [
              6.0499456,
              51.1722349
            ],
            [
              6.0499633,
              51.1722093
            ],
            [
              6.0499856,
              51.1721767
            ],
            [
              6.0500045,
              51.1721491
            ],
            [
              6.052365,
              51.1718622
            ],
            [
              6.0527,
              51.1718209
            ],
            [
              6.0533183,
              51.1717435
            ],
            [
              6.0539982,
              51.1716584
            ],
            [
              6.054881,
              51.1715501
            ],
            [
              6.0577723,
              51.1711953
            ],
            [
              6.060075,
              51.1709126
            ],
            [
              6.0601317,
              51.1708231
            ],
            [
              6.0601377,
              51.1708137
            ],
            [
              6.0602108,
              51.1706981
            ],
            [
              6.0602361,
              51.1706582
            ],
            [
              6.0626865,
              51.1668726
            ],
            [
              6.0627043,
              51.1668514
            ],
            [
              6.0631277,
              51.1662033
            ],
            [
              6.0634481,
              51.1657121
            ],
            [
              6.0635659,
              51.1655243
            ],
            [
              6.0628149,
              51.165314
            ],
            [
              6.0608297,
              51.1647579
            ],
            [
              6.0596472,
              51.1644266
            ],
            [
              6.057006,
              51.1636915
            ],
            [
              6.0568415,
              51.1636426
            ],
            [
              6.0567267,
              51.1636079
            ],
            [
              6.0565739,
              51.1635553
            ],
            [
              6.0563747,
              51.1634721
            ],
            [
              6.0562382,
              51.1634159
            ],
            [
              6.0561443,
              51.1633689
            ],
            [
              6.0561422,
              51.1633678
            ],
            [
              6.0560511,
              51.1633189
            ],
            [
              6.0560505,
              51.1633186
            ],
            [
              6.0559616,
              51.1632674
            ],
            [
              6.0559616,
              51.1632673
            ],
            [
              6.0558751,
              51.163214
            ],
            [
              6.0558742,
              51.1632134
            ],
            [
              6.0557927,
              51.1631595
            ],
            [
              6.0557903,
              51.1631579
            ],
            [
              6.0557122,
              51.1631025
            ],
            [
              6.05571,
              51.163101
            ],
            [
              6.0556337,
              51.1630429
            ],
            [
              6.0556331,
              51.1630425
            ],
            [
              6.0555604,
              51.1629832
            ],
            [
              6.0555588,
              51.1629818
            ],
            [
              6.0554899,
              51.1629214
            ],
            [
              6.0554882,
              51.1629199
            ],
            [
              6.0554217,
              51.1628571
            ],
            [
              6.0553542,
              51.162793
            ],
            [
              6.0552527,
              51.1626993
            ],
            [
              6.0552099,
              51.1626599
            ],
            [
              6.0551805,
              51.1626328
            ],
            [
              6.055155,
              51.1626084
            ],
            [
              6.0549334,
              51.1624035
            ],
            [
              6.0556264,
              51.1621124
            ],
            [
              6.0544478,
              51.1619783
            ],
            [
              6.0540996,
              51.1619385
            ],
            [
              6.049171,
              51.1613507
            ],
            [
              6.0489402,
              51.1613296
            ],
            [
              6.0478546,
              51.161266
            ],
            [
              6.0453787,
              51.1611211
            ],
            [
              6.0425882,
              51.1609581
            ],
            [
              6.0421998,
              51.1609353
            ],
            [
              6.0417963,
              51.1608683
            ],
            [
              6.041673,
              51.1608376
            ],
            [
              6.0416704,
              51.1608368
            ],
            [
              6.0413847,
              51.1607583
            ],
            [
              6.0413155,
              51.1607392
            ],
            [
              6.041141,
              51.1607247
            ],
            [
              6.0404647,
              51.1605742
            ],
            [
              6.0401149,
              51.1605423
            ],
            [
              6.0400553,
              51.1608013
            ],
            [
              6.0398716,
              51.161599
            ],
            [
              6.039667,
              51.1615803
            ],
            [
              6.0396433,
              51.1615782
            ],
            [
              6.039621,
              51.1615762
            ],
            [
              6.0396037,
              51.1615746
            ],
            [
              6.0395575,
              51.1615704
            ],
            [
              6.0395384,
              51.1615686
            ],
            [
              6.0388908,
              51.1615097
            ],
            [
              6.0375374,
              51.1613864
            ],
            [
              6.0375818,
              51.1611938
            ],
            [
              6.0373852,
              51.160993
            ],
            [
              6.0369999,
              51.1610065
            ],
            [
              6.0361152,
              51.160905
            ],
            [
              6.0356468,
              51.1614153
            ],
            [
              6.0354151,
              51.1613698
            ],
            [
              6.0352172,
              51.1613309
            ],
            [
              6.0351767,
              51.161411
            ],
            [
              6.0350894,
              51.1613967
            ],
            [
              6.0350784,
              51.1614218
            ],
            [
              6.0350305,
              51.1613666
            ],
            [
              6.0346976,
              51.1612872
            ],
            [
              6.0346119,
              51.1612667
            ],
            [
              6.0344546,
              51.161224
            ],
            [
              6.0342856,
              51.1611708
            ],
            [
              6.0341804,
              51.1611255
            ],
            [
              6.0341101,
              51.1610733
            ],
            [
              6.0340685,
              51.1610311
            ],
            [
              6.0340438,
              51.161006
            ],
            [
              6.0340078,
              51.1609436
            ],
            [
              6.0339765,
              51.1608674
            ],
            [
              6.0331331,
              51.1608718
            ],
            [
              6.0331227,
              51.1608718
            ],
            [
              6.0329998,
              51.1608725
            ],
            [
              6.032741,
              51.1608738
            ],
            [
              6.0324834,
              51.1608751
            ],
            [
              6.0324737,
              51.1608752
            ],
            [
              6.0323056,
              51.1608761
            ],
            [
              6.0319496,
              51.160878
            ],
            [
              6.0314273,
              51.1608806
            ],
            [
              6.0314588,
              51.1611168
            ],
            [
              6.0314455,
              51.1611168
            ],
            [
              6.0309711,
              51.1611193
            ],
            [
              6.0302178,
              51.1611232
            ],
            [
              6.0302111,
              51.160966
            ],
            [
              6.029519,
              51.1609702
            ],
            [
              6.0294588,
              51.161127
            ],
            [
              6.0293431,
              51.1614283
            ],
            [
              6.0291033,
              51.1614295
            ],
            [
              6.0290209,
              51.1616677
            ],
            [
              6.0285746,
              51.1616703
            ],
            [
              6.0281794,
              51.1618412
            ],
            [
              6.0276247,
              51.1620811
            ],
            [
              6.0276243,
              51.1620837
            ],
            [
              6.0273377,
              51.1624246
            ],
            [
              6.0272582,
              51.1625042
            ],
            [
              6.0272178,
              51.1625382
            ],
            [
              6.0271731,
              51.1625759
            ],
            [
              6.0271676,
              51.1625799
            ],
            [
              6.0270502,
              51.1626663
            ],
            [
              6.0268249,
              51.1627981
            ],
            [
              6.0267481,
              51.16285
            ],
            [
              6.0266855,
              51.1629063
            ],
            [
              6.0266531,
              51.1629428
            ],
            [
              6.02661,
              51.1630074
            ],
            [
              6.0265496,
              51.1631306
            ],
            [
              6.0264074,
              51.163421
            ],
            [
              6.0262134,
              51.1637866
            ],
            [
              6.0262085,
              51.1637834
            ],
            [
              6.0261531,
              51.1637472
            ],
            [
              6.0261403,
              51.1637926
            ],
            [
              6.0261201,
              51.1638669
            ],
            [
              6.0260933,
              51.1639644
            ],
            [
              6.0260764,
              51.1640227
            ],
            [
              6.0260063,
              51.1640156
            ],
            [
              6.0245219,
              51.1638637
            ],
            [
              6.0243617,
              51.1638392
            ],
            [
              6.0241663,
              51.1638092
            ],
            [
              6.0240725,
              51.1637948
            ],
            [
              6.0239787,
              51.1637805
            ],
            [
              6.0237855,
              51.1637508
            ],
            [
              6.0237896,
              51.1638446
            ],
            [
              6.0226671,
              51.1642024
            ],
            [
              6.0221971,
              51.1643536
            ],
            [
              6.0219215,
              51.1644282
            ],
            [
              6.0216248,
              51.1644744
            ],
            [
              6.0213657,
              51.1644908
            ],
            [
              6.0208291,
              51.1644765
            ],
            [
              6.0202949,
              51.1644533
            ],
            [
              6.0198216,
              51.1644287
            ],
            [
              6.0196519,
              51.164421
            ],
            [
              6.0196199,
              51.1644196
            ],
            [
              6.019209,
              51.1643992
            ],
            [
              6.0191587,
              51.1643506
            ],
            [
              6.0191431,
              51.1643369
            ],
            [
              6.0190959,
              51.1643407
            ],
            [
              6.019068,
              51.1643432
            ],
            [
              6.0190404,
              51.1643457
            ],
            [
              6.0187188,
              51.1643819
            ],
            [
              6.0184651,
              51.1644299
            ],
            [
              6.0182689,
              51.1644771
            ],
            [
              6.0179775,
              51.1645621
            ],
            [
              6.0177347,
              51.1646131
            ],
            [
              6.017146,
              51.1647106
            ],
            [
              6.0171286,
              51.1647135
            ],
            [
              6.0170537,
              51.1647507
            ],
            [
              6.0169968,
              51.164793
            ],
            [
              6.0169881,
              51.1648013
            ],
            [
              6.0168561,
              51.164928
            ],
            [
              6.0167582,
              51.164993
            ],
            [
              6.0166243,
              51.165056
            ],
            [
              6.0164896,
              51.1651098
            ],
            [
              6.0159427,
              51.1653017
            ],
            [
              6.0155825,
              51.1654376
            ],
            [
              6.0155774,
              51.1654395
            ],
            [
              6.0153048,
              51.1655536
            ],
            [
              6.0150188,
              51.1657063
            ],
            [
              6.0148959,
              51.1657836
            ],
            [
              6.0148222,
              51.1658547
            ],
            [
              6.014791,
              51.1659082
            ],
            [
              6.0147235,
              51.1658934
            ],
            [
              6.0147205,
              51.1658982
            ],
            [
              6.0147167,
              51.1659045
            ],
            [
              6.0147104,
              51.1659318
            ],
            [
              6.014709,
              51.1659379
            ],
            [
              6.0147003,
              51.1659359
            ],
            [
              6.0146588,
              51.1659262
            ],
            [
              6.0145641,
              51.1659041
            ],
            [
              6.0145363,
              51.1659279
            ],
            [
              6.0145095,
              51.1659509
            ],
            [
              6.0144346,
              51.1660152
            ],
            [
              6.0143841,
              51.1660586
            ],
            [
              6.0142945,
              51.1661354
            ],
            [
              6.0142726,
              51.1661542
            ],
            [
              6.0142158,
              51.166203
            ],
            [
              6.0139956,
              51.1663921
            ],
            [
              6.0136966,
              51.1666487
            ],
            [
              6.0135825,
              51.1665807
            ],
            [
              6.0134597,
              51.1665083
            ],
            [
              6.0133066,
              51.1664314
            ],
            [
              6.0131534,
              51.1663545
            ],
            [
              6.0129779,
              51.1662704
            ],
            [
              6.0129541,
              51.166259
            ],
            [
              6.012833,
              51.166203
            ],
            [
              6.0127179,
              51.1661513
            ],
            [
              6.0126228,
              51.1661097
            ],
            [
              6.0125481,
              51.1660797
            ],
            [
              6.0121621,
              51.1659247
            ],
            [
              6.0121046,
              51.1658998
            ],
            [
              6.0118046,
              51.1657968
            ],
            [
              6.0116609,
              51.1657474
            ],
            [
              6.0114185,
              51.1656748
            ],
            [
              6.011035,
              51.16556
            ],
            [
              6.0107555,
              51.1654795
            ],
            [
              6.0107291,
              51.1654705
            ],
            [
              6.0107018,
              51.1654456
            ],
            [
              6.01066,
              51.165427
            ],
            [
              6.0104855,
              51.165374
            ],
            [
              6.0103111,
              51.165321
            ],
            [
              6.0102909,
              51.1653141
            ],
            [
              6.0102247,
              51.1652915
            ],
            [
              6.0100367,
              51.1652226
            ],
            [
              6.0099197,
              51.1651775
            ],
            [
              6.0097926,
              51.1651226
            ],
            [
              6.0096654,
              51.1650676
            ],
            [
              6.0093853,
              51.1649289
            ],
            [
              6.0093648,
              51.1649175
            ],
            [
              6.0091141,
              51.1647771
            ],
            [
              6.009112,
              51.1647758
            ],
            [
              6.0088915,
              51.1646405
            ],
            [
              6.008819,
              51.1646119
            ],
            [
              6.008749,
              51.1645638
            ],
            [
              6.0086627,
              51.1645044
            ],
            [
              6.0086365,
              51.1644864
            ],
            [
              6.0085199,
              51.1644035
            ],
            [
              6.0083754,
              51.1642832
            ],
            [
              6.0082308,
              51.1641629
            ],
            [
              6.0082443,
              51.1641362
            ],
            [
              6.0082327,
              51.1640912
            ],
            [
              6.0081804,
              51.1640468
            ],
            [
              6.0081945,
              51.1640404
            ],
            [
              6.0074009,
              51.1638724
            ],
            [
              6.0070024,
              51.1638226
            ],
            [
              6.0061125,
              51.1637108
            ],
            [
              6.0059705,
              51.1631607
            ],
            [
              6.0053974,
              51.1631473
            ],
            [
              6.004018,
              51.1631044
            ],
            [
              6.0038168,
              51.1630981
            ],
            [
              6.003879,
              51.1630685
            ],
            [
              6.0039137,
              51.1630175
            ],
            [
              6.0038502,
              51.1630147
            ],
            [
              6.0027809,
              51.1629659
            ],
            [
              6.002208,
              51.1626469
            ],
            [
              6.0019868,
              51.1625222
            ],
            [
              6.0019214,
              51.1625573
            ],
            [
              6.0017779,
              51.1626228
            ],
            [
              6.001614,
              51.1626605
            ],
            [
              6.0014397,
              51.1626703
            ],
            [
              6.0012407,
              51.1626435
            ],
            [
              6.0010384,
              51.162587
            ],
            [
              6.0005212,
              51.1623955
            ],
            [
              6.0001622,
              51.1622688
            ],
            [
              5.9999428,
              51.1622205
            ],
            [
              5.9994874,
              51.1621654
            ],
            [
              5.9991885,
              51.1621661
            ],
            [
              5.9990171,
              51.1621832
            ],
            [
              5.9988646,
              51.1622173
            ],
            [
              5.9986096,
              51.162402
            ],
            [
              5.9985589,
              51.1625676
            ],
            [
              5.9986108,
              51.1627021
            ],
            [
              5.9988657,
              51.1629874
            ],
            [
              5.9989068,
              51.1630317
            ],
            [
              5.9989987,
              51.1631283
            ],
            [
              5.9990817,
              51.163226
            ],
            [
              5.9991483,
              51.1633084
            ],
            [
              5.9991911,
              51.1633804
            ],
            [
              5.999244,
              51.163473
            ],
            [
              5.9992864,
              51.1635681
            ],
            [
              5.9993286,
              51.1636569
            ],
            [
              5.9993466,
              51.1637378
            ],
            [
              5.9993619,
              51.1638235
            ],
            [
              5.9993639,
              51.1639067
            ],
            [
              5.9993633,
              51.1639902
            ],
            [
              5.9993518,
              51.1640894
            ],
            [
              5.999335,
              51.1642046
            ],
            [
              5.9993153,
              51.1643038
            ],
            [
              5.9992959,
              51.1643588
            ],
            [
              5.9992693,
              51.1644396
            ],
            [
              5.9992318,
              51.1645
            ],
            [
              5.9991765,
              51.1645784
            ],
            [
              5.9991262,
              51.1646386
            ],
            [
              5.9990455,
              51.1647282
            ],
            [
              5.9989837,
              51.1647955
            ],
            [
              5.998932,
              51.1648426
            ],
            [
              5.9988391,
              51.1649044
            ],
            [
              5.9987487,
              51.1649544
            ],
            [
              5.9986248,
              51.1650208
            ],
            [
              5.9984616,
              51.165092
            ],
            [
              5.998306,
              51.1651648
            ],
            [
              5.9981391,
              51.1652408
            ],
            [
              5.9980134,
              51.1652925
            ],
            [
              5.9979181,
              51.165336
            ],
            [
              5.9978201,
              51.1653896
            ],
            [
              5.997752,
              51.165442
            ],
            [
              5.997699,
              51.1654927
            ],
            [
              5.9976349,
              51.1655697
            ],
            [
              5.9976329,
              51.165572
            ],
            [
              5.9975966,
              51.1656347
            ],
            [
              5.9975778,
              51.1656983
            ],
            [
              5.9975639,
              51.1657587
            ],
            [
              5.9975555,
              51.1658296
            ],
            [
              5.9975555,
              51.1659172
            ],
            [
              5.9975593,
              51.1660056
            ],
            [
              5.997569,
              51.1661166
            ],
            [
              5.9975823,
              51.166202
            ],
            [
              5.9976032,
              51.1663514
            ],
            [
              5.9976286,
              51.1664952
            ],
            [
              5.997654,
              51.1666177
            ],
            [
              5.9976844,
              51.166718
            ],
            [
              5.9977104,
              51.1667828
            ],
            [
              5.9977434,
              51.1668356
            ],
            [
              5.9977839,
              51.1668948
            ],
            [
              5.9978389,
              51.166943
            ],
            [
              5.9979312,
              51.1670373
            ],
            [
              5.9980745,
              51.1671727
            ],
            [
              5.9981809,
              51.167285
            ],
            [
              5.9982097,
              51.1673192
            ],
            [
              5.9982244,
              51.1673716
            ],
            [
              5.9982492,
              51.1674354
            ],
            [
              5.9982972,
              51.167532
            ],
            [
              5.9983183,
              51.1675992
            ],
            [
              5.9983204,
              51.1676947
            ],
            [
              5.9983195,
              51.1677576
            ],
            [
              5.998317,
              51.1677952
            ],
            [
              5.9982905,
              51.1678681
            ],
            [
              5.998258,
              51.167938
            ],
            [
              5.9982195,
              51.1679946
            ],
            [
              5.9981789,
              51.1680334
            ],
            [
              5.9980355,
              51.1680903
            ],
            [
              5.9979816,
              51.1681299
            ],
            [
              5.9979209,
              51.1681676
            ],
            [
              5.9978311,
              51.1682058
            ],
            [
              5.9976332,
              51.1682937
            ],
            [
              5.9974766,
              51.1683596
            ],
            [
              5.9973536,
              51.1684069
            ],
            [
              5.9971577,
              51.1684621
            ],
            [
              5.9970202,
              51.1684988
            ],
            [
              5.996898,
              51.1685344
            ],
            [
              5.9967704,
              51.1685646
            ],
            [
              5.9966005,
              51.1686041
            ],
            [
              5.9964275,
              51.1686411
            ],
            [
              5.9962491,
              51.1686716
            ],
            [
              5.9961241,
              51.1686874
            ],
            [
              5.9960013,
              51.1686944
            ],
            [
              5.9959391,
              51.1687192
            ],
            [
              5.9958275,
              51.1687168
            ],
            [
              5.9956959,
              51.1687043
            ],
            [
              5.995573,
              51.1686836
            ],
            [
              5.995506,
              51.1686709
            ],
            [
              5.9953475,
              51.1686293
            ],
            [
              5.9952503,
              51.1685946
            ],
            [
              5.9951377,
              51.1685501
            ],
            [
              5.9950491,
              51.1685021
            ],
            [
              5.9949354,
              51.168426
            ],
            [
              5.9948804,
              51.1683823
            ],
            [
              5.9948333,
              51.1683323
            ],
            [
              5.9948015,
              51.1682967
            ],
            [
              5.994769,
              51.1682415
            ],
            [
              5.9947389,
              51.1681401
            ],
            [
              5.9947323,
              51.1680876
            ],
            [
              5.9947148,
              51.1680192
            ],
            [
              5.994706,
              51.1679277
            ],
            [
              5.9947025,
              51.1678513
            ],
            [
              5.9947074,
              51.1677651
            ],
            [
              5.9947268,
              51.1676737
            ],
            [
              5.9947434,
              51.1675768
            ],
            [
              5.9947597,
              51.167473
            ],
            [
              5.9947837,
              51.1673612
            ],
            [
              5.9948075,
              51.1672689
            ],
            [
              5.9948345,
              51.1671793
            ],
            [
              5.9948631,
              51.167078
            ],
            [
              5.9948929,
              51.1669784
            ],
            [
              5.9949353,
              51.1668161
            ],
            [
              5.9949659,
              51.1666594
            ],
            [
              5.9949827,
              51.1665792
            ],
            [
              5.9949837,
              51.1664973
            ],
            [
              5.9949683,
              51.1664202
            ],
            [
              5.9949437,
              51.1663431
            ],
            [
              5.994886,
              51.1662589
            ],
            [
              5.9948536,
              51.1662302
            ],
            [
              5.9947895,
              51.1661925
            ],
            [
              5.9946714,
              51.1661635
            ],
            [
              5.9945508,
              51.1661456
            ],
            [
              5.9944274,
              51.1661431
            ],
            [
              5.9942597,
              51.1661483
            ],
            [
              5.9941636,
              51.1661557
            ],
            [
              5.9940322,
              51.1661697
            ],
            [
              5.9938785,
              51.1661969
            ],
            [
              5.9937728,
              51.1662228
            ],
            [
              5.9936967,
              51.1662562
            ],
            [
              5.9935969,
              51.1663047
            ],
            [
              5.9934887,
              51.1663625
            ],
            [
              5.9933623,
              51.1664314
            ],
            [
              5.9932631,
              51.1664936
            ],
            [
              5.9931309,
              51.1665757
            ],
            [
              5.9929922,
              51.1666622
            ],
            [
              5.9928468,
              51.1667567
            ],
            [
              5.9927481,
              51.1668275
            ],
            [
              5.9926126,
              51.1669271
            ],
            [
              5.9924802,
              51.1670235
            ],
            [
              5.9923514,
              51.1671092
            ],
            [
              5.9922418,
              51.1671694
            ],
            [
              5.992057,
              51.1672685
            ],
            [
              5.9918647,
              51.1673764
            ],
            [
              5.9917515,
              51.1674373
            ],
            [
              5.9916394,
              51.1675091
            ],
            [
              5.9915667,
              51.1675619
            ],
            [
              5.9915193,
              51.167608
            ],
            [
              5.9914663,
              51.1676641
            ],
            [
              5.9914114,
              51.1677194
            ],
            [
              5.9913604,
              51.1677814
            ],
            [
              5.9913219,
              51.1678684
            ],
            [
              5.9912771,
              51.16795
            ],
            [
              5.9912589,
              51.168043
            ],
            [
              5.9912386,
              51.1681349
            ],
            [
              5.9912346,
              51.1682313
            ],
            [
              5.9912391,
              51.1683236
            ],
            [
              5.991265,
              51.1684247
            ],
            [
              5.9912872,
              51.1685249
            ],
            [
              5.9913226,
              51.1686374
            ],
            [
              5.9913725,
              51.1687039
            ],
            [
              5.9914324,
              51.1687541
            ],
            [
              5.9915225,
              51.1688365
            ],
            [
              5.9916421,
              51.1689312
            ],
            [
              5.9917885,
              51.1690486
            ],
            [
              5.991927,
              51.1691573
            ],
            [
              5.9920844,
              51.1692802
            ],
            [
              5.9922194,
              51.1693899
            ],
            [
              5.9923481,
              51.1695072
            ],
            [
              5.992433,
              51.1695907
            ],
            [
              5.9924987,
              51.1696641
            ],
            [
              5.9925591,
              51.1697586
            ],
            [
              5.9926308,
              51.1698603
            ],
            [
              5.9926794,
              51.1699453
            ],
            [
              5.9926952,
              51.1699937
            ],
            [
              5.9927051,
              51.1700551
            ],
            [
              5.9926869,
              51.170102
            ],
            [
              5.9926615,
              51.1701384
            ],
            [
              5.9926147,
              51.1701834
            ],
            [
              5.9925494,
              51.1702263
            ],
            [
              5.9924112,
              51.1703109
            ],
            [
              5.9922743,
              51.1703925
            ],
            [
              5.9921007,
              51.1704832
            ],
            [
              5.9919644,
              51.1705469
            ],
            [
              5.9916938,
              51.1706304
            ],
            [
              5.9915103,
              51.1706902
            ],
            [
              5.9912636,
              51.170754
            ],
            [
              5.991175,
              51.1707681
            ],
            [
              5.9910311,
              51.170784
            ],
            [
              5.9908791,
              51.1707902
            ],
            [
              5.9906876,
              51.1707895
            ],
            [
              5.990369,
              51.1707547
            ],
            [
              5.9902117,
              51.1707256
            ],
            [
              5.9900549,
              51.1706936
            ],
            [
              5.9898947,
              51.1706578
            ],
            [
              5.9897152,
              51.1706114
            ],
            [
              5.9895478,
              51.1705607
            ],
            [
              5.9893593,
              51.1704989
            ],
            [
              5.9891765,
              51.1704332
            ],
            [
              5.9889419,
              51.1703472
            ],
            [
              5.9887846,
              51.1702813
            ],
            [
              5.9885528,
              51.1701854
            ],
            [
              5.9884026,
              51.1701184
            ],
            [
              5.9882302,
              51.1700388
            ],
            [
              5.9880604,
              51.1699589
            ],
            [
              5.9878783,
              51.169876
            ],
            [
              5.987685,
              51.1697812
            ],
            [
              5.987468,
              51.1696761
            ],
            [
              5.9872795,
              51.1695879
            ],
            [
              5.9870121,
              51.1694653
            ],
            [
              5.9868262,
              51.1693867
            ],
            [
              5.9867198,
              51.1693464
            ],
            [
              5.9866378,
              51.1693353
            ],
            [
              5.9865473,
              51.1693335
            ],
            [
              5.986327,
              51.1693624
            ],
            [
              5.9861664,
              51.1694787
            ],
            [
              5.9861073,
              51.1695506
            ],
            [
              5.9860709,
              51.1696079
            ],
            [
              5.9860378,
              51.1696737
            ],
            [
              5.9860121,
              51.1697762
            ],
            [
              5.9859927,
              51.1698731
            ],
            [
              5.9859875,
              51.1699477
            ],
            [
              5.9859889,
              51.1700333
            ],
            [
              5.9860053,
              51.1701217
            ],
            [
              5.9860263,
              51.1701949
            ],
            [
              5.9860571,
              51.1702564
            ],
            [
              5.9861061,
              51.1703177
            ],
            [
              5.9861805,
              51.170399
            ],
            [
              5.986238,
              51.1704521
            ],
            [
              5.9863112,
              51.1705059
            ],
            [
              5.9864887,
              51.1706248
            ],
            [
              5.9866554,
              51.1707393
            ],
            [
              5.9867956,
              51.1708381
            ],
            [
              5.9869285,
              51.1709258
            ],
            [
              5.9870378,
              51.1710039
            ],
            [
              5.9871016,
              51.1710514
            ],
            [
              5.9872075,
              51.171136
            ],
            [
              5.9872925,
              51.1712101
            ],
            [
              5.9873605,
              51.1712711
            ],
            [
              5.987433,
              51.1713468
            ],
            [
              5.9875067,
              51.1714246
            ],
            [
              5.9875639,
              51.1714962
            ],
            [
              5.987613,
              51.1715632
            ],
            [
              5.9876575,
              51.17163
            ],
            [
              5.987719,
              51.1717214
            ],
            [
              5.9877806,
              51.1718133
            ],
            [
              5.9878619,
              51.1719187
            ],
            [
              5.9879415,
              51.1720248
            ],
            [
              5.9880186,
              51.1721219
            ],
            [
              5.9880925,
              51.1722003
            ],
            [
              5.9881882,
              51.1722897
            ],
            [
              5.9883106,
              51.1724084
            ],
            [
              5.9884136,
              51.1725201
            ],
            [
              5.9884939,
              51.1726105
            ],
            [
              5.9885871,
              51.1727097
            ],
            [
              5.9886675,
              51.1727991
            ],
            [
              5.9887641,
              51.1729208
            ],
            [
              5.9888284,
              51.1729927
            ],
            [
              5.988893,
              51.1730946
            ],
            [
              5.9889334,
              51.1731568
            ],
            [
              5.9889659,
              51.1732239
            ],
            [
              5.9889906,
              51.1732961
            ],
            [
              5.9890112,
              51.1733608
            ],
            [
              5.9890202,
              51.173453
            ],
            [
              5.9889934,
              51.1735406
            ],
            [
              5.9889615,
              51.173642
            ],
            [
              5.9889278,
              51.1737018
            ],
            [
              5.9888512,
              51.17378
            ],
            [
              5.9887762,
              51.1738626
            ],
            [
              5.9886943,
              51.1739348
            ],
            [
              5.9885985,
              51.1740112
            ],
            [
              5.9884065,
              51.1741531
            ],
            [
              5.9883261,
              51.1742173
            ],
            [
              5.9881618,
              51.1743505
            ],
            [
              5.9880429,
              51.1744442
            ],
            [
              5.9879588,
              51.1745342
            ],
            [
              5.9879159,
              51.1746002
            ],
            [
              5.9878811,
              51.174672
            ],
            [
              5.9878472,
              51.1747507
            ],
            [
              5.9878094,
              51.1748484
            ],
            [
              5.987757,
              51.1750144
            ],
            [
              5.9876907,
              51.1751925
            ],
            [
              5.9875887,
              51.1751627
            ],
            [
              5.9870304,
              51.1750962
            ],
            [
              5.9868797,
              51.1750756
            ],
            [
              5.9865551,
              51.1750292
            ],
            [
              5.9863811,
              51.1750033
            ],
            [
              5.986375,
              51.1750192
            ],
            [
              5.9855341,
              51.1748738
            ],
            [
              5.985192,
              51.1748087
            ],
            [
              5.9846643,
              51.1746966
            ],
            [
              5.9835666,
              51.1762294
            ],
            [
              5.9834986,
              51.1762168
            ],
            [
              5.983411,
              51.176161
            ],
            [
              5.9806997,
              51.1745943
            ],
            [
              5.9806951,
              51.1745918
            ],
            [
              5.9801047,
              51.1742234
            ],
            [
              5.9790943,
              51.1735797
            ],
            [
              5.9780864,
              51.1729275
            ],
            [
              5.9774731,
              51.1725671
            ],
            [
              5.9774703,
              51.1725655
            ],
            [
              5.9770563,
              51.1723222
            ],
            [
              5.9750038,
              51.171054
            ],
            [
              5.9747235,
              51.1708878
            ],
            [
              5.974693,
              51.1708697
            ],
            [
              5.9719734,
              51.1691922
            ],
            [
              5.9713302,
              51.1688148
            ],
            [
              5.9685896,
              51.1671328
            ],
            [
              5.968627,
              51.1671078
            ],
            [
              5.9684955,
              51.1670265
            ],
            [
              5.9684702,
              51.1670108
            ],
            [
              5.9684462,
              51.1670261
            ],
            [
              5.9682349,
              51.1668952
            ],
            [
              5.9670697,
              51.1661751
            ],
            [
              5.9670683,
              51.1661742
            ],
            [
              5.9670112,
              51.166139
            ],
            [
              5.9668528,
              51.1660016
            ],
            [
              5.965793,
              51.165372
            ],
            [
              5.9645931,
              51.1646316
            ],
            [
              5.9645917,
              51.1646297
            ],
            [
              5.9645578,
              51.164585
            ],
            [
              5.9621765,
              51.163103
            ],
            [
              5.9612197,
              51.1625263
            ],
            [
              5.9607156,
              51.1622172
            ],
            [
              5.9600405,
              51.1617976
            ],
            [
              5.9600084,
              51.161772
            ],
            [
              5.9599589,
              51.1617316
            ],
            [
              5.9593439,
              51.1614068
            ],
            [
              5.9573298,
              51.1601851
            ],
            [
              5.9571165,
              51.1600363
            ],
            [
              5.9555264,
              51.1590307
            ],
            [
              5.9554836,
              51.1590427
            ],
            [
              5.9554775,
              51.1590445
            ],
            [
              5.9554676,
              51.1590479
            ],
            [
              5.9551841,
              51.1591304
            ],
            [
              5.955143,
              51.1591048
            ],
            [
              5.9550611,
              51.1590539
            ],
            [
              5.955037,
              51.159062
            ],
            [
              5.9548622,
              51.1589926
            ],
            [
              5.9541963,
              51.158813
            ],
            [
              5.9538285,
              51.1587527
            ],
            [
              5.9537752,
              51.1587651
            ],
            [
              5.9535741,
              51.1588117
            ],
            [
              5.9530176,
              51.158941
            ],
            [
              5.9527684,
              51.1589997
            ],
            [
              5.9525147,
              51.1588229
            ],
            [
              5.9523988,
              51.1588649
            ],
            [
              5.9519143,
              51.1590477
            ],
            [
              5.9518657,
              51.159066
            ],
            [
              5.9513886,
              51.1592461
            ],
            [
              5.950574,
              51.1595531
            ],
            [
              5.9504142,
              51.1596137
            ],
            [
              5.9504294,
              51.1596298
            ],
            [
              5.9498717,
              51.1598155
            ],
            [
              5.9491475,
              51.1600566
            ],
            [
              5.9491215,
              51.1600132
            ],
            [
              5.9481132,
              51.1603552
            ],
            [
              5.9471575,
              51.1601769
            ],
            [
              5.9471364,
              51.160234
            ],
            [
              5.9470879,
              51.1603929
            ],
            [
              5.947074,
              51.1604343
            ],
            [
              5.9470188,
              51.1605972
            ],
            [
              5.9469774,
              51.1607197
            ],
            [
              5.946803,
              51.1606774
            ],
            [
              5.9463108,
              51.1606007
            ],
            [
              5.9456398,
              51.1604961
            ],
            [
              5.9448307,
              51.1604104
            ],
            [
              5.9447099,
              51.1604021
            ],
            [
              5.9442775,
              51.1603723
            ],
            [
              5.9435298,
              51.1603609
            ],
            [
              5.9425105,
              51.1604188
            ],
            [
              5.9414006,
              51.1606242
            ],
            [
              5.9411541,
              51.1606698
            ],
            [
              5.9406721,
              51.160851
            ],
            [
              5.940475,
              51.16092
            ],
            [
              5.9403142,
              51.1609887
            ],
            [
              5.9401411,
              51.161055
            ],
            [
              5.9399601,
              51.1611368
            ],
            [
              5.9397576,
              51.1612232
            ],
            [
              5.9396291,
              51.1612895
            ],
            [
              5.9392534,
              51.1614993
            ],
            [
              5.938998,
              51.1616455
            ],
            [
              5.9388182,
              51.1617472
            ],
            [
              5.9386543,
              51.161859
            ],
            [
              5.9384825,
              51.1619801
            ],
            [
              5.9383034,
              51.1621226
            ],
            [
              5.9381502,
              51.162244
            ],
            [
              5.9379474,
              51.1624083
            ],
            [
              5.9376742,
              51.1626311
            ],
            [
              5.9374054,
              51.1628533
            ],
            [
              5.9371605,
              51.1630592
            ],
            [
              5.9370162,
              51.1631862
            ],
            [
              5.9368189,
              51.1633667
            ],
            [
              5.9366594,
              51.1635183
            ],
            [
              5.9364704,
              51.1636808
            ],
            [
              5.9362386,
              51.1638771
            ],
            [
              5.9359942,
              51.1640753
            ],
            [
              5.935848,
              51.1641855
            ],
            [
              5.9357001,
              51.1642931
            ],
            [
              5.9354874,
              51.1644417
            ],
            [
              5.9352845,
              51.1645794
            ],
            [
              5.9350116,
              51.1647575
            ],
            [
              5.9348031,
              51.1648849
            ],
            [
              5.934495,
              51.1650717
            ],
            [
              5.9343613,
              51.165152
            ],
            [
              5.9342254,
              51.1652337
            ],
            [
              5.9340725,
              51.1653277
            ],
            [
              5.9338064,
              51.1654943
            ],
            [
              5.9335204,
              51.1656751
            ],
            [
              5.9331567,
              51.1659036
            ],
            [
              5.932944,
              51.166032
            ],
            [
              5.9327928,
              51.1661213
            ],
            [
              5.9323639,
              51.1663598
            ],
            [
              5.9319488,
              51.1665876
            ],
            [
              5.9317538,
              51.1666926
            ],
            [
              5.9314374,
              51.1668625
            ],
            [
              5.9308551,
              51.1671763
            ],
            [
              5.930497,
              51.1673671
            ],
            [
              5.9302107,
              51.1675197
            ],
            [
              5.9293986,
              51.1679561
            ],
            [
              5.9287403,
              51.1683096
            ],
            [
              5.9281116,
              51.1686505
            ],
            [
              5.9279664,
              51.1686944
            ],
            [
              5.9277713,
              51.1687502
            ],
            [
              5.9276134,
              51.1687925
            ],
            [
              5.9274436,
              51.1688366
            ],
            [
              5.927303,
              51.1688724
            ],
            [
              5.9271542,
              51.1689083
            ],
            [
              5.9270108,
              51.1689379
            ],
            [
              5.9268311,
              51.1689759
            ],
            [
              5.9266269,
              51.1690159
            ],
            [
              5.9261895,
              51.1691025
            ],
            [
              5.9260244,
              51.1691335
            ],
            [
              5.9258846,
              51.1691602
            ],
            [
              5.9257866,
              51.1691778
            ],
            [
              5.9257404,
              51.1691864
            ],
            [
              5.9255398,
              51.1692183
            ],
            [
              5.925323,
              51.1692545
            ],
            [
              5.9252458,
              51.1692679
            ],
            [
              5.9251043,
              51.1693009
            ],
            [
              5.9249028,
              51.1693478
            ],
            [
              5.9247757,
              51.1693794
            ],
            [
              5.9247149,
              51.1693927
            ],
            [
              5.9245779,
              51.1694126
            ],
            [
              5.924372,
              51.1694395
            ],
            [
              5.9241914,
              51.169465
            ],
            [
              5.9240135,
              51.1694904
            ],
            [
              5.9238548,
              51.1695123
            ],
            [
              5.9237114,
              51.1695356
            ],
            [
              5.9235934,
              51.1695547
            ],
            [
              5.923411,
              51.1695847
            ],
            [
              5.9232632,
              51.1696087
            ],
            [
              5.9231851,
              51.1696221
            ],
            [
              5.9231289,
              51.1696307
            ],
            [
              5.9230128,
              51.1696423
            ],
            [
              5.9229093,
              51.1696532
            ],
            [
              5.9228476,
              51.1696591
            ],
            [
              5.9228159,
              51.1696606
            ],
            [
              5.9227288,
              51.1696576
            ],
            [
              5.9226554,
              51.1696539
            ],
            [
              5.9224912,
              51.1696387
            ],
            [
              5.9224223,
              51.1696281
            ],
            [
              5.9222764,
              51.1696064
            ],
            [
              5.9220959,
              51.1695806
            ],
            [
              5.9219146,
              51.1695541
            ],
            [
              5.9217433,
              51.1695287
            ],
            [
              5.9215819,
              51.1695055
            ],
            [
              5.9213761,
              51.1694753
            ],
            [
              5.9211522,
              51.169442
            ],
            [
              5.9209781,
              51.1694166
            ],
            [
              5.920776,
              51.169387
            ],
            [
              5.9205511,
              51.1693547
            ],
            [
              5.9203644,
              51.1693278
            ],
            [
              5.9202221,
              51.1693027
            ],
            [
              5.9200698,
              51.1692827
            ],
            [
              5.9198948,
              51.1692585
            ],
            [
              5.9195685,
              51.169211
            ],
            [
              5.9194325,
              51.1691903
            ],
            [
              5.9192304,
              51.169159
            ],
            [
              5.9190482,
              51.1691309
            ],
            [
              5.9189086,
              51.1691131
            ],
            [
              5.918768,
              51.1690953
            ],
            [
              5.9186992,
              51.1690842
            ],
            [
              5.9186565,
              51.1690778
            ],
            [
              5.9185269,
              51.1690554
            ],
            [
              5.9184045,
              51.1690351
            ],
            [
              5.9182904,
              51.1689903
            ],
            [
              5.9181518,
              51.1689332
            ],
            [
              5.9180367,
              51.1688861
            ],
            [
              5.917938,
              51.1688485
            ],
            [
              5.9178374,
              51.1688104
            ],
            [
              5.9177504,
              51.1687766
            ],
            [
              5.9177196,
              51.1687661
            ],
            [
              5.9176661,
              51.1687559
            ],
            [
              5.9175927,
              51.1687459
            ],
            [
              5.9174812,
              51.1687318
            ],
            [
              5.9173643,
              51.1687155
            ],
            [
              5.9172464,
              51.1686981
            ],
            [
              5.9171267,
              51.1686829
            ],
            [
              5.9170098,
              51.1686666
            ],
            [
              5.916909,
              51.1686537
            ],
            [
              5.9166526,
              51.1686207
            ]
          ]
        ]
      },
      "properties": {
        "type": "boundary",
        "gemeente": "Roermond"
      }
    }
  ]
}