{
  "type": "FeatureCollection",
  "metadata": {
    "gemeente": "Rucphen",
    "slug": "rucphen",
    "generated_at": "2026-05-19T20:05:29.231883Z",
    "total_points": 22,
    "providers": [
      "Amazon",
      "DHL",
      "DPD",
      "PostNL",
      "VintedGo",
      "GLS",
      "InPost"
    ],
    "bounds": [
      4.5061079,
      51.49747212,
      4.59923512617685,
      51.5556649741946
    ]
  },
  "features": [
    {
      "type": "Feature",
      "geometry": {
        "type": "Point",
        "coordinates": [
          4.591064569,
          51.55464715
        ]
      },
      "properties": {
        "type": "pakketpunt",
        "locatieNaam": "You Too",
        "straatNaam": "Dorpsstraat 184",
        "straatNr": "",
        "vervoerder": "Amazon",
        "puntType": "3p",
        "bezettingsgraad": 50,
        "latitude": 51.55464715,
        "longitude": 4.591064569,
        "canPickup": true,
        "canDropoff": false,
        "openingstijden": null
      }
    },
    {
      "type": "Feature",
      "geometry": {
        "type": "Point",
        "coordinates": [
          4.51705455780029,
          51.5556649741946
        ]
      },
      "properties": {
        "type": "pakketpunt",
        "locatieNaam": "Spar Bouman",
        "straatNaam": "Onze Lieve Vrouwestraat 108",
        "straatNr": "",
        "vervoerder": "Amazon",
        "puntType": "3p",
        "bezettingsgraad": 50,
        "latitude": 51.5556649741946,
        "longitude": 4.51705455780029,
        "canPickup": true,
        "canDropoff": false,
        "openingstijden": null
      }
    },
    {
      "type": "Feature",
      "geometry": {
        "type": "Point",
        "coordinates": [
          4.561834,
          51.497481
        ]
      },
      "properties": {
        "type": "pakketpunt",
        "locatieNaam": "Tamoil Schijf",
        "straatNaam": "St. Antoniusstraat",
        "straatNr": "23",
        "vervoerder": "DHL",
        "puntType": "parcelShop",
        "bezettingsgraad": 50,
        "latitude": 51.497481,
        "longitude": 4.561834,
        "canPickup": true,
        "canDropoff": true,
        "openingstijden": {
          "ma": "07:00 - 19:00",
          "di": "07:00 - 19:00",
          "wo": "07:00 - 19:00",
          "do": "07:00 - 19:00",
          "vr": "07:00 - 19:00",
          "za": "08:00 - 17:00",
          "zo": "gesloten"
        }
      }
    },
    {
      "type": "Feature",
      "geometry": {
        "type": "Point",
        "coordinates": [
          4.559136454754341,
          51.5324226649212
        ]
      },
      "properties": {
        "type": "pakketpunt",
        "locatieNaam": "Pakketautomaat PLUS Mannien",
        "straatNaam": "Raadhuisplein",
        "straatNr": "12-PS/101",
        "vervoerder": "DHL",
        "puntType": "packStation",
        "bezettingsgraad": 50,
        "latitude": 51.5324226649212,
        "longitude": 4.559136454754341,
        "canPickup": true,
        "canDropoff": true,
        "openingstijden": {
          "ma": "08:00 - 20:00",
          "di": "08:00 - 20:00",
          "wo": "08:00 - 20:00",
          "do": "08:00 - 20:00",
          "vr": "08:00 - 20:00",
          "za": "08:00 - 19:00",
          "zo": "09:00 - 18:00"
        }
      }
    },
    {
      "type": "Feature",
      "geometry": {
        "type": "Point",
        "coordinates": [
          4.506327926449921,
          51.54490310670178
        ]
      },
      "properties": {
        "type": "pakketpunt",
        "locatieNaam": "Pakketautomaat AH Zegge",
        "straatNaam": "Rijksweg Noord",
        "straatNr": "28-PS/117",
        "vervoerder": "DHL",
        "puntType": "packStation",
        "bezettingsgraad": 50,
        "latitude": 51.54490310670178,
        "longitude": 4.506327926449921,
        "canPickup": true,
        "canDropoff": true,
        "openingstijden": {
          "ma": "08:00 - 22:00",
          "di": "08:00 - 22:00",
          "wo": "08:00 - 22:00",
          "do": "08:00 - 22:00",
          "vr": "08:00 - 22:00",
          "za": "08:00 - 22:00",
          "zo": "08:00 - 22:00"
        }
      }
    },
    {
      "type": "Feature",
      "geometry": {
        "type": "Point",
        "coordinates": [
          4.591774,
          51.547643
        ]
      },
      "properties": {
        "type": "pakketpunt",
        "locatieNaam": "Novalux Luijkx",
        "straatNaam": "Dorpsstraat",
        "straatNr": "46",
        "vervoerder": "DHL",
        "puntType": "parcelShop",
        "bezettingsgraad": 50,
        "latitude": 51.547643,
        "longitude": 4.591774,
        "canPickup": true,
        "canDropoff": true,
        "openingstijden": {
          "ma": "09:00 - 16:15",
          "di": "gesloten",
          "wo": "09:00 - 16:15",
          "do": "09:00 - 16:15",
          "vr": "09:00 - 16:15",
          "za": "09:00 - 13:00",
          "zo": "gesloten"
        }
      }
    },
    {
      "type": "Feature",
      "geometry": {
        "type": "Point",
        "coordinates": [
          4.5917413,
          51.5476308
        ]
      },
      "properties": {
        "type": "pakketpunt",
        "locatieNaam": "Novalux",
        "straatNaam": "DORPSSTRAAT",
        "straatNr": "46",
        "vervoerder": "DPD",
        "puntType": "pickup_point",
        "bezettingsgraad": 50,
        "latitude": 51.5476308,
        "longitude": 4.5917413,
        "canPickup": true,
        "canDropoff": true,
        "openingstijden": {
          "ma": "09:00 - 16:00",
          "di": "gesloten",
          "wo": "09:00 - 16:00",
          "do": "09:00 - 16:00",
          "vr": "09:00 - 16:00",
          "za": "09:00 - 13:00",
          "zo": "gesloten"
        }
      }
    },
    {
      "type": "Feature",
      "geometry": {
        "type": "Point",
        "coordinates": [
          4.5618341,
          51.4974807
        ]
      },
      "properties": {
        "type": "pakketpunt",
        "locatieNaam": "Tamoil Schijf",
        "straatNaam": "SINT ANTONIUSSTRAAT",
        "straatNr": "23",
        "vervoerder": "DPD",
        "puntType": "pickup_point",
        "bezettingsgraad": 50,
        "latitude": 51.4974807,
        "longitude": 4.5618341,
        "canPickup": true,
        "canDropoff": true,
        "openingstijden": {
          "ma": "07:00 - 19:00",
          "di": "07:00 - 19:00",
          "wo": "07:00 - 19:00",
          "do": "07:00 - 19:00",
          "vr": "07:00 - 19:00",
          "za": "08:00 - 18:00",
          "zo": "gesloten"
        }
      }
    },
    {
      "type": "Feature",
      "geometry": {
        "type": "Point",
        "coordinates": [
          4.5590399,
          51.5322959
        ]
      },
      "properties": {
        "type": "pakketpunt",
        "locatieNaam": "DPD Pakketautomaat - Plus Mannien",
        "straatNaam": "RAADHUISPLEIN",
        "straatNr": "12",
        "vervoerder": "DPD",
        "puntType": "dpd_box",
        "bezettingsgraad": 50,
        "latitude": 51.5322959,
        "longitude": 4.5590399,
        "canPickup": true,
        "canDropoff": true,
        "openingstijden": {
          "ma": "08:00 - 20:00",
          "di": "08:00 - 20:00",
          "wo": "08:00 - 20:00",
          "do": "08:00 - 20:00",
          "vr": "08:00 - 20:00",
          "za": "08:00 - 19:00",
          "zo": "09:00 - 18:00"
        }
      }
    },
    {
      "type": "Feature",
      "geometry": {
        "type": "Point",
        "coordinates": [
          4.5065131,
          51.5452015
        ]
      },
      "properties": {
        "type": "pakketpunt",
        "locatieNaam": "DPD Pakketautomaat - Albert Heijn Z",
        "straatNaam": "RIJKSWEG NOORD",
        "straatNr": "28",
        "vervoerder": "DPD",
        "puntType": "dpd_box",
        "bezettingsgraad": 50,
        "latitude": 51.5452015,
        "longitude": 4.5065131,
        "canPickup": true,
        "canDropoff": true,
        "openingstijden": {
          "ma": "08:00 - 21:00",
          "di": "08:00 - 21:00",
          "wo": "08:00 - 21:00",
          "do": "08:00 - 21:00",
          "vr": "08:00 - 21:00",
          "za": "08:00 - 21:00",
          "zo": "08:00 - 21:00"
        }
      }
    },
    {
      "type": "Feature",
      "geometry": {
        "type": "Point",
        "coordinates": [
          4.55918920119646,
          51.5321509110165
        ]
      },
      "properties": {
        "type": "pakketpunt",
        "locatieNaam": "Pakketautomaat",
        "straatNaam": "Raadhuisplein",
        "straatNr": "12PBA",
        "vervoerder": "PostNL",
        "puntType": "automaat",
        "bezettingsgraad": 50,
        "latitude": 51.5321509110165,
        "longitude": 4.55918920119646,
        "canPickup": true,
        "canDropoff": true,
        "openingstijden": "08:00 - 20:00"
      }
    },
    {
      "type": "Feature",
      "geometry": {
        "type": "Point",
        "coordinates": [
          4.558704477,
          51.53265086
        ]
      },
      "properties": {
        "type": "pakketpunt",
        "locatieNaam": "Readshop Rucphen",
        "straatNaam": "Raadhuisstraat",
        "straatNr": "32",
        "vervoerder": "PostNL",
        "puntType": "servicepunt",
        "bezettingsgraad": 50,
        "latitude": 51.53265086,
        "longitude": 4.558704477,
        "canPickup": true,
        "canDropoff": true,
        "openingstijden": "08:00 - 20:00 (Na 18:00 open; Zaterdag open; Zondag open)"
      }
    },
    {
      "type": "Feature",
      "geometry": {
        "type": "Point",
        "coordinates": [
          4.560583688,
          51.49747212
        ]
      },
      "properties": {
        "type": "pakketpunt",
        "locatieNaam": "Super Dichtbij",
        "straatNaam": "Sint Antoniusstraat",
        "straatNr": "36",
        "vervoerder": "PostNL",
        "puntType": "servicepunt",
        "bezettingsgraad": 50,
        "latitude": 51.49747212,
        "longitude": 4.560583688,
        "canPickup": true,
        "canDropoff": true,
        "openingstijden": "08:30 - 18:00 (Na 18:00 open; Zaterdag open)"
      }
    },
    {
      "type": "Feature",
      "geometry": {
        "type": "Point",
        "coordinates": [
          4.59923512617685,
          51.5374976212754
        ]
      },
      "properties": {
        "type": "pakketpunt",
        "locatieNaam": "Pakket- en briefautomaat",
        "straatNaam": "Zuivelstraat",
        "straatNr": "1PBA",
        "vervoerder": "PostNL",
        "puntType": "automaat",
        "bezettingsgraad": 50,
        "latitude": 51.5374976212754,
        "longitude": 4.59923512617685,
        "canPickup": true,
        "canDropoff": true,
        "openingstijden": "00:00 - 23:59"
      }
    },
    {
      "type": "Feature",
      "geometry": {
        "type": "Point",
        "coordinates": [
          4.580431589,
          51.54928871
        ]
      },
      "properties": {
        "type": "pakketpunt",
        "locatieNaam": "Pakket- en briefautomaat",
        "straatNaam": "Kaaistraat",
        "straatNr": "61PBA",
        "vervoerder": "PostNL",
        "puntType": "automaat",
        "bezettingsgraad": 50,
        "latitude": 51.54928871,
        "longitude": 4.580431589,
        "canPickup": true,
        "canDropoff": true,
        "openingstijden": "00:00 - 23:59"
      }
    },
    {
      "type": "Feature",
      "geometry": {
        "type": "Point",
        "coordinates": [
          4.591064569,
          51.55464715
        ]
      },
      "properties": {
        "type": "pakketpunt",
        "locatieNaam": "You Too",
        "straatNaam": "Dorpsstraat",
        "straatNr": "184",
        "vervoerder": "PostNL",
        "puntType": "servicepunt",
        "bezettingsgraad": 50,
        "latitude": 51.55464715,
        "longitude": 4.591064569,
        "canPickup": true,
        "canDropoff": true,
        "openingstijden": "09:00 - 12:00, 13:00 - 17:30 (Zaterdag open)"
      }
    },
    {
      "type": "Feature",
      "geometry": {
        "type": "Point",
        "coordinates": [
          4.50618126856444,
          51.5447254692772
        ]
      },
      "properties": {
        "type": "pakketpunt",
        "locatieNaam": "Pakket- en briefautomaat",
        "straatNaam": "Rijksweg-Noord",
        "straatNr": "28PBA",
        "vervoerder": "PostNL",
        "puntType": "automaat",
        "bezettingsgraad": 50,
        "latitude": 51.5447254692772,
        "longitude": 4.50618126856444,
        "canPickup": true,
        "canDropoff": true,
        "openingstijden": "07:00 - 21:30"
      }
    },
    {
      "type": "Feature",
      "geometry": {
        "type": "Point",
        "coordinates": [
          4.51705455780029,
          51.5556649741946
        ]
      },
      "properties": {
        "type": "pakketpunt",
        "locatieNaam": "Spar Bouman",
        "straatNaam": "Onze Lieve Vrouwestraat",
        "straatNr": "108",
        "vervoerder": "PostNL",
        "puntType": "servicepunt",
        "bezettingsgraad": 50,
        "latitude": 51.5556649741946,
        "longitude": 4.51705455780029,
        "canPickup": true,
        "canDropoff": true,
        "openingstijden": "08:30 - 18:00 (Na 18:00 open; Zaterdag open)"
      }
    },
    {
      "type": "Feature",
      "geometry": {
        "type": "Point",
        "coordinates": [
          4.5917414,
          51.5476309
        ]
      },
      "properties": {
        "type": "pakketpunt",
        "locatieNaam": "Novalux Luijkx",
        "straatNaam": "Dorpsstraat 46",
        "straatNr": "",
        "vervoerder": "VintedGo",
        "puntType": "parcel_shop",
        "bezettingsgraad": 50,
        "latitude": 51.5476309,
        "longitude": 4.5917414,
        "canPickup": true,
        "canDropoff": true,
        "openingstijden": null
      }
    },
    {
      "type": "Feature",
      "geometry": {
        "type": "Point",
        "coordinates": [
          4.5061079,
          51.5451088
        ]
      },
      "properties": {
        "type": "pakketpunt",
        "locatieNaam": "Albert Heijn Zegge",
        "straatNaam": "Rijksweg-noord",
        "straatNr": "",
        "vervoerder": "VintedGo",
        "puntType": "locker",
        "bezettingsgraad": 50,
        "latitude": 51.5451088,
        "longitude": 4.5061079,
        "canPickup": true,
        "canDropoff": true,
        "openingstijden": null
      }
    },
    {
      "type": "Feature",
      "geometry": {
        "type": "Point",
        "coordinates": [
          4.5918551,
          51.5496577
        ]
      },
      "properties": {
        "type": "pakketpunt",
        "locatieNaam": "Rommers Speelgoed",
        "straatNaam": "Dorpsstraat",
        "straatNr": "82",
        "vervoerder": "GLS",
        "puntType": "parcel_shop",
        "bezettingsgraad": 50,
        "latitude": 51.5496577,
        "longitude": 4.5918551,
        "canPickup": true,
        "canDropoff": true,
        "openingstijden": {
          "ma": "09:30 - 17:30",
          "di": "09:30 - 17:30",
          "wo": "09:30 - 17:30",
          "do": "09:30 - 17:30",
          "vr": "09:30 - 17:30",
          "za": "09:30 - 17:00",
          "zo": "00:00 - 00:00"
        }
      }
    },
    {
      "type": "Feature",
      "geometry": {
        "type": "Point",
        "coordinates": [
          4.59177,
          51.54764
        ]
      },
      "properties": {
        "type": "pakketpunt",
        "locatieNaam": "NOVALUX",
        "straatNaam": "DORPSSTRAAT 46",
        "straatNr": "",
        "vervoerder": "InPost",
        "puntType": "servicepunt",
        "bezettingsgraad": 50,
        "latitude": 51.54764,
        "longitude": 4.59177,
        "canPickup": true,
        "canDropoff": true,
        "openingstijden": "L,/Me/J/V 9-16:15,S 9-13"
      }
    },
    {
      "type": "Feature",
      "geometry": {
        "type": "MultiPolygon",
        "coordinates": [
          [
            [
              [
                4.561055836924689,
                51.49479173790561
              ],
              [
                4.5606326749561585,
                51.494775757996884
              ],
              [
                4.560209041321244,
                51.49478574403011
              ],
              [
                4.55978901512253,
                51.494821599849786
              ],
              [
                4.559376640745012,
                51.49488298020352
              ],
              [
                4.558975888933216,
                51.494969294065115
              ],
              [
                4.5585906185756135,
                51.49507971032221
              ],
              [
                4.558224539563304,
                51.49521316577543
              ],
              [
                4.5578811770799454,
                51.49536837537085
              ],
              [
                4.557563837666017,
                51.49554384456839
              ],
              [
                4.557275577383799,
                51.49573788372671
              ],
              [
                4.557019172389283,
                51.495948624367024
              ],
              [
                4.556797092194264,
                51.49617403715884
              ],
              [
                4.55661147587625,
                51.49641195145507
              ],
              [
                4.556464111465535,
                51.496660076189045
              ],
              [
                4.556356418708444,
                51.4969160219317
              ],
              [
                4.55628943537341,
                51.497177323897496
              ],
              [
                4.556263807232544,
                51.49744146567732
              ],
              [
                4.556279781816146,
                51.497705903470234
              ],
              [
                4.556337206001292,
                51.49796809058031
              ],
              [
                4.556435527458768,
                51.49822550194353
              ],
              [
                4.556573799945525,
                51.498475658447724
              ],
              [
                4.556750692392669,
                51.498716150811624
              ],
              [
                4.556964501702446,
                51.49894466279275
              ],
              [
                4.557213169131807,
                51.49915899350073
              ],
              [
                4.557494300105489,
                51.49935707860044
              ],
              [
                4.557805187268316,
                51.49953701020116
              ],
              [
                4.5581428365550565,
                51.499697055238684
              ],
              [
                4.558503996026889,
                51.499835672174775
              ],
              [
                4.558885187196728,
                51.499951525851195
              ],
              [
                4.559282738541382,
                51.500043500355595
              ],
              [
                4.5596928208774115,
                51.50011070977546
              ],
              [
                4.560111484259251,
                51.50015250673548
              ],
              [
                4.560534696043515,
                51.500168488636355
              ],
              [
                4.560958379751917,
                51.50015850153498
              ],
              [
                4.561160267099322,
                51.50014126750285
              ],
              [
                4.56136186981491,
                51.50016139195127
              ],
              [
                4.561785082146579,
                51.50017736932128
              ],
              [
                4.5622087656886015,
                51.50016737768247
              ],
              [
                4.562628839415703,
                51.50013151327514
              ],
              [
                4.563041257091104,
                51.500070121552056
              ],
              [
                4.5634420462608025,
                51.49998379384908
              ],
              [
                4.563827346535319,
                51.49987336168679
              ],
              [
                4.564193446789286,
                51.499739888756714
              ],
              [
                4.564536820919795,
                51.49958466067131
              ],
              [
                4.5648541618184355,
                51.49940917257513
              ],
              [
                4.5651424132293075,
                51.4992151147375
              ],
              [
                4.565398799185868,
                51.499004356265885
              ],
              [
                4.565620850743012,
                51.498778927096616
              ],
              [
                4.565806429746971,
                51.498540998437186
              ],
              [
                4.565953749414451,
                51.49829286184873
              ],
              [
                4.566061391523266,
                51.49803690716993
              ],
              [
                4.566061432326466,
                51.498036747863786
              ],
              [
                4.566061491496647,
                51.49803660716633
              ],
              [
                4.566128420021925,
                51.4977752994924
              ],
              [
                4.566153991092778,
                51.49751115543087
              ],
              [
                4.566137959163155,
                51.49724671886205
              ],
              [
                4.566080479350319,
                51.49698453643926
              ],
              [
                4.565982105913266,
                51.49672713306364
              ],
              [
                4.565843786888121,
                51.49647698757026
              ],
              [
                4.565666854933213,
                51.496236508859575
              ],
              [
                4.565453014472927,
                51.49600801270347
              ],
              [
                4.565204325264989,
                51.49579369944971
              ],
              [
                4.564923182550159,
                51.49559563283897
              ],
              [
                4.564612293976008,
                51.49541572013789
              ],
              [
                4.564274653517353,
                51.49525569377987
              ],
              [
                4.5639135126446515,
                51.49511709468918
              ],
              [
                4.563532349017928,
                51.49500125744942
              ],
              [
                4.563134833007467,
                51.49490929745863
              ],
              [
                4.562724792363187,
                51.49484210019401
              ],
              [
                4.562306175372327,
                51.49480031269017
              ],
              [
                4.56188301285941,
                51.49478433731192
              ],
              [
                4.561459379393573,
                51.49479432788228
              ],
              [
                4.561255842218967,
                51.49481170538342
              ],
              [
                4.561055836924689,
                51.49479173790561
              ]
            ]
          ],
          [
            [
              [
                4.563202008944347,
                51.531147298765106
              ],
              [
                4.563024957051371,
                51.530906816397916
              ],
              [
                4.562810967757616,
                51.53067831565609
              ],
              [
                4.562562102254842,
                51.53046399693147
              ],
              [
                4.562280757482079,
                51.53026592401716
              ],
              [
                4.561969643033055,
                51.53008600424042
              ],
              [
                4.561631755057848,
                51.52992597010261
              ],
              [
                4.561270347410356,
                51.52978736260265
              ],
              [
                4.560888900319282,
                51.529671516405145
              ],
              [
                4.560491086884088,
                51.52957954699408
              ],
              [
                4.560080737718137,
                51.529512339937384
              ],
              [
                4.559661804078817,
                51.52947054236377
              ],
              [
                4.559238319838966,
                51.52945455673504
              ],
              [
                4.558814362664863,
                51.52946453697279
              ],
              [
                4.558394014773683,
                51.52950038697731
              ],
              [
                4.557981323647248,
                51.52956176155232
              ],
              [
                4.557580263079406,
                51.52964806972719
              ],
              [
                4.557194694931081,
                51.529758480444514
              ],
              [
                4.556828331960408,
                51.52989193055839
              ],
              [
                4.556484702085057,
                51.530047135066496
              ],
              [
                4.556167114420206,
                51.530222599477746
              ],
              [
                4.555878627418741,
                51.53041663419727
              ],
              [
                4.555622019420132,
                51.53062737078908
              ],
              [
                4.555506091466109,
                51.53074494295169
              ],
              [
                4.555472711901446,
                51.530772355216364
              ],
              [
                4.555250452920737,
                51.53099776409934
              ],
              [
                4.555170807758605,
                51.53109976525959
              ],
              [
                4.555137272409248,
                51.531127304978604
              ],
              [
                4.554915010022411,
                51.53135271320981
              ],
              [
                4.554729239157831,
                51.53159062356155
              ],
              [
                4.554581749334932,
                51.53183874500507
              ],
              [
                4.554473961508775,
                51.53209468814327
              ],
              [
                4.554406914364455,
                51.532355988215784
              ],
              [
                4.5543812542898205,
                51.53262012883177
              ],
              [
                4.55439722912399,
                51.53288456620149
              ],
              [
                4.554454685742912,
                51.5331467536332
              ],
              [
                4.554553071506282,
                51.53340416605969
              ],
              [
                4.554691439552925,
                51.533654324358494
              ],
              [
                4.554868457894702,
                51.53389481923094
              ],
              [
                4.5550824222223,
                51.534123334410296
              ],
              [
                4.555331272300445,
                51.53433766897525
              ],
              [
                4.555612611795319,
                51.53453575855337
              ],
              [
                4.555923731343775,
                51.534715695210615
              ],
              [
                4.556261634642534,
                51.53487574583397
              ],
              [
                4.556623067306199,
                51.535014368831156
              ],
              [
                4.557004548216154,
                51.53513022898542
              ],
              [
                4.557402403058103,
                51.53522221032196
              ],
              [
                4.557812799724806,
                51.535289426862185
              ],
              [
                4.558231785242418,
                51.53533123116224
              ],
              [
                4.558655323864001,
                51.535347220552005
              ],
              [
                4.559079335962368,
                51.53533724101633
              ],
              [
                4.55949973734677,
                51.535301388678796
              ],
              [
                4.55991247862365,
                51.535240008876045
              ],
              [
                4.5603135842213565,
                51.53515369282925
              ],
              [
                4.560699190701965,
                51.535043271946655
              ],
              [
                4.561065583990277,
                51.53490980981142
              ],
              [
                4.561409235160601,
                51.53475459193216
              ],
              [
                4.561726834436009,
                51.534579113355235
              ],
              [
                4.56173163505812,
                51.53457588428253
              ],
              [
                4.561841219446892,
                51.53452638690249
              ],
              [
                4.56215881546074,
                51.534350907141
              ],
              [
                4.562447300803773,
                51.53415685696692
              ],
              [
                4.56270389725659,
                51.533946105414145
              ],
              [
                4.562926133847163,
                51.53372068235254
              ],
              [
                4.5631118706402765,
                51.53348275893093
              ],
              [
                4.5632593193337785,
                51.533234626660104
              ],
              [
                4.563367060463821,
                51.53297867533735
              ],
              [
                4.563434057054011,
                51.53271737002575
              ],
              [
                4.563444365643083,
                51.532611036865134
              ],
              [
                4.563486778158968,
                51.53244561413156
              ],
              [
                4.563512385214459,
                51.53218147139777
              ],
              [
                4.563496357556316,
                51.53191703514659
              ],
              [
                4.56343885026193,
                51.531654852028254
              ],
              [
                4.56334041785621,
                51.53139744695057
              ],
              [
                4.563202008944347,
                51.531147298765106
              ]
            ]
          ],
          [
            [
              [
                4.5092758739478835,
                51.542841894336306
              ],
              [
                4.508964884480172,
                51.542661833890094
              ],
              [
                4.508627090921021,
                51.54250164684057
              ],
              [
                4.508265746216101,
                51.54236287565927
              ],
              [
                4.50788432998882,
                51.54224685658678
              ],
              [
                4.507486515042091,
                51.54215470677172
              ],
              [
                4.507076132004276,
                51.542087313518934
              ],
              [
                4.506657132459174,
                51.54204532575001
              ],
              [
                4.5062335509142795,
                51.542029147758015
              ],
              [
                4.5058094659726615,
                51.54203893531661
              ],
              [
                4.50538896108142,
                51.54207459418129
              ],
              [
                4.504976085233609,
                51.54213578099617
              ],
              [
                4.504574814001083,
                51.54222190659848
              ],
              [
                4.504189011272479,
                51.54233214168879
              ],
              [
                4.503822392063838,
                51.54246542481235
              ],
              [
                4.503478486759259,
                51.542620472574846
              ],
              [
                4.503160607125153,
                51.542795791994806
              ],
              [
                4.502871814424967,
                51.5429896948735
              ],
              [
                4.5026148899410305,
                51.54320031404488
              ],
              [
                4.502392308187367,
                51.54342562134856
              ],
              [
                4.5022062130714255,
                51.543663447153826
              ],
              [
                4.502058397234664,
                51.54391150124662
              ],
              [
                4.50195028477138,
                51.544167394878684
              ],
              [
                4.501882917492889,
                51.54442866376691
              ],
              [
                4.501867237040681,
                51.54458812618408
              ],
              [
                4.50180951316791,
                51.54481199171542
              ],
              [
                4.501783539885862,
                51.54507611974398
              ],
              [
                4.501799212459708,
                51.5453405632972
              ],
              [
                4.501856380676875,
                51.54560277562418
              ],
              [
                4.5019544946752825,
                51.54586023141844
              ],
              [
                4.502092610211949,
                51.54611045114015
              ],
              [
                4.502269397731646,
                51.546351024899366
              ],
              [
                4.502483155149219,
                51.546579635669964
              ],
              [
                4.502731824223325,
                51.54679408161012
              ],
              [
                4.503013010364604,
                51.54699229727494
              ],
              [
                4.503324005688047,
                51.54717237351598
              ],
              [
                4.503661815087899,
                51.54733257587596
              ],
              [
                4.504023185084108,
                51.54747136130118
              ],
              [
                4.504404635162456,
                51.54758739301021
              ],
              [
                4.504802491306247,
                51.54767955337585
              ],
              [
                4.504819695661367,
                51.5476823787285
              ],
              [
                4.505207711516299,
                51.54777225793153
              ],
              [
                4.505618143052852,
                51.54783965783028
              ],
              [
                4.506037195031394,
                51.547881649428525
              ],
              [
                4.506460831064864,
                51.54789782825206
              ],
              [
                4.506884970587646,
                51.54788803846071
              ],
              [
                4.5073055281812735,
                51.54785237435059
              ],
              [
                4.507718452947054,
                51.54779117944504
              ],
              [
                4.508119767545284,
                51.547705043184266
              ],
              [
                4.508505606524152,
                51.547594795244805
              ],
              [
                4.508872253568167,
                51.547461497544035
              ],
              [
                4.50921617730656,
                51.54730643400678
              ],
              [
                4.509534065336138,
                51.547131098192935
              ],
              [
                4.509822856130349,
                51.546937178905516
              ],
              [
                4.510079768526951,
                51.546726543917906
              ],
              [
                4.510302328510171,
                51.546501221977636
              ],
              [
                4.510488393029471,
                51.54626338325985
              ],
              [
                4.5106361706258475,
                51.54601531845995
              ],
              [
                4.510744238667503,
                51.545759416725815
              ],
              [
                4.510811557029517,
                51.54549814264329
              ],
              [
                4.510837478086642,
                51.545234012496834
              ],
              [
                4.510821752923852,
                51.5449695700332
              ],
              [
                4.510764533705919,
                51.544707361962885
              ],
              [
                4.510666372184186,
                51.54444991343441
              ],
              [
                4.510528214356064,
                51.54419970371806
              ],
              [
                4.5104460680174165,
                51.54408794691991
              ],
              [
                4.510343018438844,
                51.54390131670801
              ],
              [
                4.510166197546766,
                51.543660755041984
              ],
              [
                4.51009095782881,
                51.54358030180725
              ],
              [
                4.510019528605468,
                51.5434831223924
              ],
              [
                4.509805747657533,
                51.54325452530012
              ],
              [
                4.5095570643765255,
                51.543040094323345
              ],
              [
                4.5092758739478835,
                51.542841894336306
              ]
            ]
          ],
          [
            [
              [
                4.520893448799885,
                51.554422272641155
              ],
              [
                4.520679561838177,
                51.554193695398965
              ],
              [
                4.520430767490396,
                51.55397928749639
              ],
              [
                4.520149462011508,
                51.55378111358537
              ],
              [
                4.51983835461788,
                51.55360108196578
              ],
              [
                4.5195004413925535,
                51.55344092621587
              ],
              [
                4.5191389764333065,
                51.553302188505654
              ],
              [
                4.518757440521256,
                51.55318620475339
              ],
              [
                4.518359507611495,
                51.55309409176755
              ],
              [
                4.517949009467977,
                51.553026736498374
              ],
              [
                4.517529898782553,
                51.552984787501636
              ],
              [
                4.517106211132594,
                51.552968648697004
              ],
              [
                4.516682026142593,
                51.55297847548098
              ],
              [
                4.5162614282227835,
                51.55301417323131
              ],
              [
                4.515848467261812,
                51.55307539821769
              ],
              [
                4.515447119650973,
                51.55316156090992
              ],
              [
                4.515061250014296,
                51.55327183165146
              ],
              [
                4.514694574012116,
                51.553405148644224
              ],
              [
                4.514350622575493,
                51.55356022816787
              ],
              [
                4.514032707915228,
                51.55373557693514
              ],
              [
                4.513743891632279,
                51.553929506464776
              ],
              [
                4.513486955236379,
                51.55414014933403
              ],
              [
                4.513264373356607,
                51.554365477154356
              ],
              [
                4.513078289902035,
                51.55460332009749
              ],
              [
                4.51293049740226,
                51.55485138778427
              ],
              [
                4.512822419727292,
                51.55510729133556
              ],
              [
                4.512755098353902,
                51.55536856637256
              ],
              [
                4.512729182311407,
                51.55563269674596
              ],
              [
                4.512744921904757,
                51.55589713876496
              ],
              [
                4.51280216627631,
                51.55615934569341
              ],
              [
                4.512900364830895,
                51.55641679227658
              ],
              [
                4.513038572511438,
                51.55666699906334
              ],
              [
                4.513215458875475,
                51.5569075562883
              ],
              [
                4.513429320885986,
                51.55713614708433
              ],
              [
                4.513678099294318,
                51.55735056980189
              ],
              [
                4.513959398458049,
                51.557548759219706
              ],
              [
                4.5142705094035005,
                51.55772880644202
              ],
              [
                4.5146084359111365,
                51.557888977291036
              ],
              [
                4.514969923372749,
                51.55802772901636
              ],
              [
                4.515351490142465,
                51.558143725161244
              ],
              [
                4.515749461079348,
                51.55823584844093
              ],
              [
                4.516160002958087,
                51.55830321150957
              ],
              [
                4.516579161406112,
                51.558345165511724
              ],
              [
                4.5170028990105555,
                51.55836130633529
              ],
              [
                4.517427134227208,
                51.558351478506225
              ],
              [
                4.517847780715652,
                51.55831577668701
              ],
              [
                4.518260786720771,
                51.55825454476421
              ],
              [
                4.518662174120256,
                51.55816837253465
              ],
              [
                4.5190480767610195,
                51.558058090021355
              ],
              [
                4.5194147777144,
                51.55792475947477
              ],
              [
                4.51975874509047,
                51.55776966513611
              ],
              [
                4.520076666065891,
                51.557594300861986
              ],
              [
                4.5203654787970144,
                51.557400355729634
              ],
              [
                4.520622401910606,
                51.55718969776132
              ],
              [
                4.520844961288012,
                51.55696435592585
              ],
              [
                4.521031013884919,
                51.55672650059014
              ],
              [
                4.521178768357571,
                51.55647842260951
              ],
              [
                4.521286802297316,
                51.55622251125875
              ],
              [
                4.521354075908108,
                51.55596123121633
              ],
              [
                4.521379941996117,
                51.55569709882396
              ],
              [
                4.521364152176118,
                51.55543265785001
              ],
              [
                4.521306859235932,
                51.555170454990524
              ],
              [
                4.521208615637197,
                51.55491301534375
              ],
              [
                4.521070368168007,
                51.55466281809434
              ],
              [
                4.520893448799885,
                51.554422272641155
              ]
            ]
          ],
          [
            [
              [
                4.603247529171202,
                51.536492633110996
              ],
              [
                4.603070244361591,
                51.5362522110764
              ],
              [
                4.602856028296233,
                51.53602378333566
              ],
              [
                4.602606944350118,
                51.53580954957726
              ],
              [
                4.602325391565206,
                51.53561157277602
              ],
              [
                4.602014081537589,
                51.53543175933351
              ],
              [
                4.601676012299956,
                51.535271840727
              ],
              [
                4.601314439450922,
                51.5351333568429
              ],
              [
                4.6009328448092575,
                51.53501764115529
              ],
              [
                4.600534902894574,
                51.534925807891646
              ],
              [
                4.600124445556808,
                51.53485874130882
              ],
              [
                4.599705425094483,
                51.534817087182994
              ],
              [
                4.599281876216106,
                51.534801246594775
              ],
              [
                4.598857877210154,
                51.53481137206933
              ],
              [
                4.598437510696534,
                51.53484736610846
              ],
              [
                4.5980248243364645,
                51.53490888212914
              ],
              [
                4.597623791878131,
                51.53499532779878
              ],
              [
                4.59723827491215,
                51.53510587073621
              ],
              [
                4.596871985704314,
                51.535239446522326
              ],
              [
                4.596528451462612,
                51.535394768944606
              ],
              [
                4.596210980382032,
                51.53557034237675
              ],
              [
                4.5959226297935745,
                51.53576447617381
              ],
              [
                4.595666176723911,
                51.53597530094573
              ],
              [
                4.595444091149076,
                51.53620078655187
              ],
              [
                4.595258512199837,
                51.536438761643986
              ],
              [
                4.595111227548209,
                51.53668693456985
              ],
              [
                4.595003656174087,
                51.536942915436136
              ],
              [
                4.5949368346786335,
                51.53720423911897
              ],
              [
                4.594911407277033,
                51.537468388999805
              ],
              [
                4.59492761956793,
                51.537732821199334
              ],
              [
                4.5949853161405505,
                51.537994989075315
              ],
              [
                4.595083942043626,
                51.53825236774851
              ],
              [
                4.595222548103049,
                51.53850247842126
              ],
              [
                4.5953998000380585,
                51.53874291225324
              ],
              [
                4.5956139912891265,
                51.538971353565344
              ],
              [
                4.5958630594348575,
                51.539185602147406
              ],
              [
                4.596144606040499,
                51.539383594455096
              ],
              [
                4.596455919747416,
                51.53956342349088
              ],
              [
                4.596794002381528,
                51.53972335717829
              ],
              [
                4.597155597829404,
                51.539861855051335
              ],
              [
                4.597537223403814,
                51.53997758309826
              ],
              [
                4.597935203396412,
                51.54006942661676
              ],
              [
                4.598345704493957,
                51.54013650095586
              ],
              [
                4.5987647727162555,
                51.54017816004125
              ],
              [
                4.599188371519411,
                51.54019400260175
              ],
              [
                4.59961242069637,
                51.540183876036515
              ],
              [
                4.600032835699178,
                51.54014787788549
              ],
              [
                4.600445567003205,
                51.54008635488983
              ],
              [
                4.600846639133098,
                51.539999899650084
              ],
              [
                4.601232188973677,
                51.53988934491529
              ],
              [
                4.601598502995805,
                51.53975575555784
              ],
              [
                4.601942053037888,
                51.539600418311835
              ],
              [
                4.602259530297742,
                51.539424829373225
              ],
              [
                4.602547877206898,
                51.53923067998291
              ],
              [
                4.602804316880079,
                51.539019840130095
              ],
              [
                4.603026379856071,
                51.53879434053506
              ],
              [
                4.603211927872566,
                51.53855635308359
              ],
              [
                4.603359174446279,
                51.538308169902876
              ],
              [
                4.603466702060623,
                51.538052181280335
              ],
              [
                4.6035334757961035,
                51.53779085263791
              ],
              [
                4.603558853272925,
                51.53752670078475
              ],
              [
                4.603542590811022,
                51.537262269675956
              ],
              [
                4.6034848457492155,
                51.537000105911865
              ],
              [
                4.603386174902181,
                51.53674273421366
              ],
              [
                4.603247529171202,
                51.536492633110996
              ]
            ]
          ],
          [
            [
              [
                4.593439808806269,
                51.54515093239142
              ],
              [
                4.593041793523109,
                51.54505907352211
              ],
              [
                4.592631255915388,
                51.544991980496505
              ],
              [
                4.592212149054428,
                51.54495029934548
              ],
              [
                4.5917885084805095,
                51.544934431409786
              ],
              [
                4.591364413364834,
                51.544944529477846
              ],
              [
                4.59094394725251,
                51.5449804963154
              ],
              [
                4.590531158763551,
                51.54504198560131
              ],
              [
                4.59013002262928,
                51.54512840526054
              ],
              [
                4.589744401438373,
                51.5452389231622
              ],
              [
                4.58937800845999,
                51.54537247512842
              ],
              [
                4.5890343719011515,
                51.54552777517611
              ],
              [
                4.588716800941938,
                51.54570332789436
              ],
              [
                4.588428353875017,
                51.54589744283788
              ],
              [
                4.588171808656056,
                51.54610825079817
              ],
              [
                4.58794963614847,
                51.546333721796564
              ],
              [
                4.58776397632025,
                51.5465716846256
              ],
              [
                4.587616617622412,
                51.54681984775115
              ],
              [
                4.587508979748129,
                51.54707582137449
              ],
              [
                4.587442099939231,
                51.54733714044141
              ],
              [
                4.587416622972799,
                51.54760128837801
              ],
              [
                4.587432794925157,
                51.54786572132379
              ],
              [
                4.587490460774398,
                51.548127892629225
              ],
              [
                4.587589065865545,
                51.54838527738225
              ],
              [
                4.587727661225335,
                51.548635396726596
              ],
              [
                4.587798597466617,
                51.54873162344295
              ],
              [
                4.587730231706233,
                51.54884675150267
              ],
              [
                4.587622589606233,
                51.54910272518109
              ],
              [
                4.58755570740265,
                51.54936404426655
              ],
              [
                4.587530229895692,
                51.549628192184855
              ],
              [
                4.587546403166972,
                51.5498926250757
              ],
              [
                4.587604072181948,
                51.550154796290116
              ],
              [
                4.587702682255233,
                51.550412180916894
              ],
              [
                4.5878412843656395,
                51.55066230010096
              ],
              [
                4.588018544270897,
                51.550902744920144
              ],
              [
                4.588232755335139,
                51.55113119958941
              ],
              [
                4.588481854946531,
                51.55134546377007
              ],
              [
                4.588763444367586,
                51.551543473767374
              ],
              [
                4.58907481182756,
                51.551723322413416
              ],
              [
                4.58941295863484,
                51.55188327744292
              ],
              [
                4.589774628058015,
                51.55202179818415
              ],
              [
                4.589881652745537,
                51.552054253346725
              ],
              [
                4.589854281596368,
                51.55205832971447
              ],
              [
                4.589453082146046,
                51.552144746868656
              ],
              [
                4.589067399655676,
                51.55225526234595
              ],
              [
                4.58870094798458,
                51.552388811991754
              ],
              [
                4.588357255904886,
                51.5525441098454
              ],
              [
                4.588039633131265,
                51.552719660517205
              ],
              [
                4.587751138455341,
                51.55291377358142
              ],
              [
                4.58749455029129,
                51.553124579847896
              ],
              [
                4.58727233991616,
                51.55335004935414
              ],
              [
                4.587086647662732,
                51.55358801090723
              ],
              [
                4.586939262294441,
                51.55383617298533
              ],
              [
                4.586831603761492,
                51.55409214579974
              ],
              [
                4.586764709504893,
                51.55435346430418
              ],
              [
                4.5867392244410965,
                51.55461761193014
              ],
              [
                4.586755394724672,
                51.55488204482005
              ],
              [
                4.586813065350038,
                51.55514421632504
              ],
              [
                4.586911681616474,
                51.55540160153105
              ],
              [
                4.587050294443329,
                51.55565172157744
              ],
              [
                4.587227569485281,
                51.555892167533734
              ],
              [
                4.587441799960823,
                51.55612062360391
              ],
              [
                4.587690923071283,
                51.55633488943576
              ],
              [
                4.587972539852949,
                51.55653290131864
              ],
              [
                4.588283938271608,
                51.55671275206651
              ],
              [
                4.5886221193375105,
                51.55687270939368
              ],
              [
                4.588983825989284,
                51.55701123260638
              ],
              [
                4.589365574468628,
                51.55712698744873
              ],
              [
                4.589763687883317,
                51.55721885896029
              ],
              [
                4.590174331634822,
                51.55728596222036
              ],
              [
                4.590593550368664,
                51.55732765087602
              ],
              [
                4.591017306090894,
                51.55734352337126
              ],
              [
                4.591441517082638,
                51.55733342681672
              ],
              [
                4.591862097236936,
                51.55729745846345
              ],
              [
                4.592274995437994,
                51.55723596476552
              ],
              [
                4.592676234602505,
                51.557149538041244
              ],
              [
                4.5930619500060414,
                51.55703901076515
              ],
              [
                4.593428426524445,
                51.556905447545205
              ],
              [
                4.593772134430718,
                51.556750134863655
              ],
              [
                4.594089763401985,
                51.556574568680176
              ],
              [
                4.594378254408446,
                51.55638044001645
              ],
              [
                4.594634829176946,
                51.55616961866221
              ],
              [
                4.594857016945219,
                51.55594413515969
              ],
              [
                4.595042678249253,
                51.55570616123978
              ],
              [
                4.5951900255149765,
                51.55545798889949
              ],
              [
                4.59529764025645,
                51.5552020083219
              ],
              [
                4.595364486715545,
                51.554940684851665
              ],
              [
                4.59538992181264,
                51.55467653524809
              ],
              [
                4.595373701313361,
                51.5544121034447
              ],
              [
                4.5953159821530445,
                51.55414993604872
              ],
              [
                4.5952173208975875,
                51.55389255781624
              ],
              [
                4.59507866835654,
                51.553642447339904
              ],
              [
                4.594901360401424,
                51.55340201318245
              ],
              [
                4.5946871050785765,
                51.55317357068642
              ],
              [
                4.594437966141535,
                51.55295931968245
              ],
              [
                4.594156343162226,
                51.552761323311294
              ],
              [
                4.593844948413025,
                51.55258148816293
              ],
              [
                4.593506780742672,
                51.552421545923515
              ],
              [
                4.593145096697757,
                51.55228303670707
              ],
              [
                4.593038069123859,
                51.5522505845279
              ],
              [
                4.593065440107239,
                51.552246507414125
              ],
              [
                4.593466633650803,
                51.55216007784609
              ],
              [
                4.593852304704744,
                51.552049547824566
              ],
              [
                4.594218738572146,
                51.551915981983925
              ],
              [
                4.594562405936877,
                51.55176066683174
              ],
              [
                4.594879996866566,
                51.55158509835126
              ],
              [
                4.595168452697818,
                51.55139096758642
              ],
              [
                4.595424995496241,
                51.55118014434718
              ],
              [
                4.595647154807427,
                51.550954659193785
              ],
              [
                4.5958327914413495,
                51.55071668387312
              ],
              [
                4.595980118061436,
                51.55046851039562
              ],
              [
                4.5960877163804374,
                51.550212528955214
              ],
              [
                4.59615455079824,
                51.5499512049049
              ],
              [
                4.59617997835101,
                51.549687055009635
              ],
              [
                4.596163754876855,
                51.549422623205714
              ],
              [
                4.5961060373395775,
                51.54916045610026
              ],
              [
                4.596007382289255,
                51.5489030784466
              ],
              [
                4.595868740475513,
                51.548652968831895
              ],
              [
                4.595819916132229,
                51.54858675670087
              ],
              [
                4.595898833826949,
                51.54845381300171
              ],
              [
                4.596006427769968,
                51.54819783158651
              ],
              [
                4.596073259628351,
                51.5479365075361
              ],
              [
                4.596098686462851,
                51.547672357615305
              ],
              [
                4.596082464118409,
                51.54740792576071
              ],
              [
                4.596024749547876,
                51.547145758579944
              ],
              [
                4.59592609927269,
                51.54688838082712
              ],
              [
                4.595787463996421,
                51.54663827109025
              ],
              [
                4.595610179424105,
                51.54639783792499
              ],
              [
                4.59539595337671,
                51.54616939666429
              ],
              [
                4.595146849325693,
                51.545955147126946
              ],
              [
                4.595144042392445,
                51.545953173446385
              ],
              [
                4.595142849250345,
                51.54595214724185
              ],
              [
                4.594861266467576,
                51.54575415254494
              ],
              [
                4.594549916802982,
                51.545574319270855
              ],
              [
                4.594211798671113,
                51.54541437908765
              ],
              [
                4.593850168141534,
                51.5452758720897
              ],
              [
                4.593827694088133,
                51.54526905679236
              ],
              [
                4.59382146920852,
                51.545266672601144
              ],
              [
                4.593439808806269,
                51.54515093239142
              ]
            ]
          ],
          [
            [
              [
                4.584268216516231,
                51.548043921423165
              ],
              [
                4.58405403990657,
                51.547815459504456
              ],
              [
                4.583804980501435,
                51.54760118591146
              ],
              [
                4.5835234371069875,
                51.547403164002574
              ],
              [
                4.583212121229371,
                51.547223300613794
              ],
              [
                4.582874030958011,
                51.547063327703206
              ],
              [
                4.582512422094388,
                51.546924785680204
              ],
              [
                4.582130776804304,
                51.54680900857865
              ],
              [
                4.581732770095219,
                51.546717111217305
              ],
              [
                4.581322234441029,
                51.54664997847017
              ],
              [
                4.580903122894321,
                51.54660825675048
              ],
              [
                4.580479471040523,
                51.54659234778966
              ],
              [
                4.5800553581594405,
                51.546602404771086
              ],
              [
                4.5796348679671945,
                51.54663833085616
              ],
              [
                4.579222049315567,
                51.546699780116036
              ],
              [
                4.5788208772262005,
                51.54678616086114
              ],
              [
                4.578435214633829,
                51.546896641335294
              ],
              [
                4.578068775206094,
                51.54703015772092
              ],
              [
                4.577725087597095,
                51.547185424377716
              ],
              [
                4.577407461478283,
                51.54736094621616
              ],
              [
                4.5771189556732805,
                51.54755503308842
              ],
              [
                4.576862348703181,
                51.54776581605633
              ],
              [
                4.576640112025857,
                51.547991265382
              ],
              [
                4.57645438622709,
                51.54822921006667
              ],
              [
                4.576306960393061,
                51.548477358751114
              ],
              [
                4.576199254863371,
                51.548733321775615
              ],
              [
                4.576132307531341,
                51.5489946341882
              ],
              [
                4.576106763824307,
                51.54925877947917
              ],
              [
                4.5761228704613695,
                51.54952321381348
              ],
              [
                4.576180473049727,
                51.54978539052847
              ],
              [
                4.576279017543769,
                51.55004278466001
              ],
              [
                4.576417555553975,
                51.55029291726159
              ],
              [
                4.576594753455546,
                51.550533379281745
              ],
              [
                4.576808905209937,
                51.550761854770045
              ],
              [
                4.57705794877672,
                51.550976143187285
              ],
              [
                4.577339485958391,
                51.55117418060528
              ],
              [
                4.577650805487561,
                51.55135405959219
              ],
              [
                4.577988909134478,
                51.55151404759036
              ],
              [
                4.578350540583647,
                51.551652603610634
              ],
              [
                4.578732216801311,
                51.55176839308118
              ],
              [
                4.579130261591489,
                51.551860300708064
              ],
              [
                4.579540841016844,
                51.55192744122264
              ],
              [
                4.579960000342689,
                51.551969167913214
              ],
              [
                4.580383702147473,
                51.55198507885736
              ],
              [
                4.580807865231797,
                51.55197502079548
              ],
              [
                4.581228403950264,
                51.55193909060768
              ],
              [
                4.581641267586247,
                51.5518776343804
              ],
              [
                4.582042479389392,
                51.55179124407114
              ],
              [
                4.582428174898776,
                51.55168075180349
              ],
              [
                4.582794639181783,
                51.5515472218482
              ],
              [
                4.583138342629135,
                51.55139194036725
              ],
              [
                4.583455974960722,
                51.5512164030196
              ],
              [
                4.58374447711417,
                51.55102230054926
              ],
              [
                4.584001070708713,
                51.55081150249379
              ],
              [
                4.584223284800493,
                51.55058603917087
              ],
              [
                4.584408979671674,
                51.55034808211714
              ],
              [
                4.584556367424614,
                51.550099923167224
              ],
              [
                4.584664029183139,
                51.549843952375284
              ],
              [
                4.5847309287360325,
                51.549582634991765
              ],
              [
                4.584756422492082,
                51.549318487717485
              ],
              [
                4.584740265651776,
                51.549054054463646
              ],
              [
                4.584682614537199,
                51.54879188185137
              ],
              [
                4.584584025058801,
                51.54853449468717
              ],
              [
                4.58444544733482,
                51.54828437164984
              ],
              [
                4.584268216516231,
                51.548043921423165
              ]
            ]
          ]
        ]
      },
      "properties": {
        "type": "buffer_union_300m",
        "buffer_m": 300
      }
    },
    {
      "type": "Feature",
      "geometry": {
        "type": "MultiPolygon",
        "coordinates": [
          [
            [
              [
                4.561213207056407,
                51.49389827544662
              ],
              [
                4.5606490021667785,
                51.49387696934421
              ],
              [
                4.5600841684459,
                51.49389028381789
              ],
              [
                4.559524144269746,
                51.49393809066928
              ],
              [
                4.5589743217383925,
                51.4940199295969
              ],
              [
                4.558439994794729,
                51.494135012624916
              ],
              [
                4.5579263082850305,
                51.49428223168524
              ],
              [
                4.557438208450249,
                51.494460169279066
              ],
              [
                4.55698039532331,
                51.49466711211683
              ],
              [
                4.556557277489663,
                51.49490106760486
              ],
              [
                4.556172929645741,
                51.49515978302027
              ],
              [
                4.555831053363577,
                51.495440767191134
              ],
              [
                4.555534941439091,
                51.49574131447196
              ],
              [
                4.555287446167606,
                51.4960585307863
              ],
              [
                4.555090951852572,
                51.49638936148404
              ],
              [
                4.55494735181314,
                51.49673062074742
              ],
              [
                4.554858030113118,
                51.49707902226215
              ],
              [
                4.554823848188797,
                51.49743121085868
              ],
              [
                4.554845136505965,
                51.49778379481923
              ],
              [
                4.554921691328362,
                51.498133378540366
              ],
              [
                4.555052776630483,
                51.498476595235154
              ],
              [
                4.555237131138307,
                51.49881013936134
              ],
              [
                4.555472980431853,
                51.49913079846243
              ],
              [
                4.555758053994833,
                51.499435484114585
              ],
              [
                4.556089607048606,
                51.49972126168156
              ],
              [
                4.556464446961459,
                51.499985378590225
              ],
              [
                4.5568789639798055,
                51.50022529085379
              ],
              [
                4.557329165985919,
                51.50043868758708
              ],
              [
                4.557810716947773,
                51.50062351327696
              ],
              [
                4.558318978690463,
                51.50077798759296
              ],
              [
                4.558849055586494,
                51.50090062254627
              ],
              [
                4.5593958417337,
                51.50099023683265
              ],
              [
                4.559954070165192,
                51.50104596721857
              ],
              [
                4.560518363616119,
                51.5010672768625
              ],
              [
                4.561083286356532,
                51.50105396048997
              ],
              [
                4.561143788342645,
                51.501048795839054
              ],
              [
                4.561204480241175,
                51.501054854173155
              ],
              [
                4.561768774422041,
                51.50107615777579
              ],
              [
                4.562333696940587,
                51.501062835353125
              ],
              [
                4.562893806002009,
                51.501015015234735
              ],
              [
                4.563443706210417,
                51.500933158059254
              ],
              [
                4.563978100577088,
                51.50081805233393
              ],
              [
                4.56449184157755,
                51.500670806834215
              ],
              [
                4.564979980764048,
                51.50049283991622
              ],
              [
                4.565437816454117,
                51.50028586584558
              ],
              [
                4.565860939034785,
                51.500051878274874
              ],
              [
                4.566245273445096,
                51.49979313102875
              ],
              [
                4.566587118427309,
                51.499512116383634
              ],
              [
                4.566883182168433,
                51.49921154105006
              ],
              [
                4.567130613989075,
                51.49889430009086
              ],
              [
                4.5673270317748935,
                51.49856344902624
              ],
              [
                4.5674705448872865,
                51.49822217439553
              ],
              [
                4.567470585685721,
                51.49822201508884
              ],
              [
                4.567470644851795,
                51.49822187439068
              ],
              [
                4.567559872297072,
                51.49787346305375
              ],
              [
                4.567593955987653,
                51.49752127052981
              ],
              [
                4.567572568954267,
                51.497168688676226
              ],
              [
                4.567495918447531,
                51.49681911302151
              ],
              [
                4.56736474389276,
                51.496475910065676
              ],
              [
                4.567180309721291,
                51.49614238486273
              ],
              [
                4.566944393149181,
                51.49582174919837
              ],
              [
                4.566659267022682,
                51.49551709066795
              ],
              [
                4.566327677897201,
                51.49523134295277
              ],
              [
                4.5659528195620815,
                51.49496725758062
              ],
              [
                4.565538302267121,
                51.49472737744144
              ],
              [
                4.5650881179477985,
                51.494514012313374
              ],
              [
                4.564606601784313,
                51.49432921663346
              ],
              [
                4.564098390464543,
                51.494174769727074
              ],
              [
                4.563568377552338,
                51.494052158686095
              ],
              [
                4.563021666390145,
                51.4939625640592
              ],
              [
                4.562463520988362,
                51.49390684849279
              ],
              [
                4.5618993153729495,
                51.49388554843099
              ],
              [
                4.561334481877475,
                51.493898868953984
              ],
              [
                4.561272315781255,
                51.49390417662056
              ],
              [
                4.561213207056407,
                51.49389827544662
              ]
            ]
          ],
          [
            [
              [
                4.5645395719989095,
                51.53081272940978
              ],
              [
                4.564303495495787,
                51.53049208887189
              ],
              [
                4.564018170914118,
                51.53018742422931
              ],
              [
                4.563686346721752,
                51.529901669222
              ],
              [
                4.5633112189726734,
                51.5296375754477
              ],
              [
                4.562896400511675,
                51.52939768587697
              ],
              [
                4.562445886174576,
                51.52918431037846
              ],
              [
                4.561964014319331,
                51.528999503488734
              ],
              [
                4.561455425058406,
                51.528845044641
              ],
              [
                4.5609250155941305,
                51.52872242104165
              ],
              [
                4.560377893086325,
                51.5286328133602
              ],
              [
                4.559819325504953,
                51.528577084368635
              ],
              [
                4.559254690939683,
                51.52855577064011
              ],
              [
                4.558689425852871,
                51.528569077386486
              ],
              [
                4.558128972772523,
                51.52861687648384
              ],
              [
                4.557578727927094,
                51.52869870770536
              ],
              [
                4.557043989324538,
                51.5288137831497
              ],
              [
                4.556529905773806,
                51.528960994821766
              ],
              [
                4.556041427338043,
                51.52913892529425
              ],
              [
                4.555583257695141,
                51.52934586134644
              ],
              [
                4.555159808863218,
                51.52957981045024
              ],
              [
                4.554775158726065,
                51.5298385199446
              ],
              [
                4.554433011767064,
                51.53011949871473
              ],
              [
                4.554317082046667,
                51.53023706969803
              ],
              [
                4.554283702141507,
                51.53026448162325
              ],
              [
                4.553987351827761,
                51.530565023689924
              ],
              [
                4.553931982047292,
                51.5306359331059
              ],
              [
                4.5536519022979585,
                51.53091996917035
              ],
              [
                4.553404200952683,
                51.531237180223
              ],
              [
                4.553207539406773,
                51.53156800653158
              ],
              [
                4.553063812591577,
                51.53190926232086
              ],
              [
                4.552974405793795,
                51.53225766131011
              ],
              [
                4.552940181271403,
                51.53260984835421
              ],
              [
                4.552961469902709,
                51.532962431750555
              ],
              [
                4.553038067950717,
                51.533312015900975
              ],
              [
                4.553169238975885,
                51.533655234014425
              ],
              [
                4.553353720880711,
                51.533988780534884
              ],
              [
                4.553589738020186,
                51.53430944298252
              ],
              [
                4.55387501826313,
                51.53461413290121
              ],
              [
                4.554206814841671,
                51.53489991561328
              ],
              [
                4.554581932779621,
                51.53516403849581
              ],
              [
                4.554996759646215,
                51.53540395750414
              ],
              [
                4.555447300339647,
                51.535617361687834
              ],
              [
                4.555929215565604,
                51.5358021954617
              ],
              [
                4.556437863640161,
                51.53595667841701
              ],
              [
                4.556968345213893,
                51.536079322481825
              ],
              [
                4.557515550485667,
                51.53616894626357
              ],
              [
                4.5580742084502495,
                51.536224686437315
              ],
              [
                4.558638937703987,
                51.53624600606704
              ],
              [
                4.559204298317641,
                51.53623269978203
              ],
              [
                4.559764844275007,
                51.53618489575645
              ],
              [
                4.560315175970391,
                51.53610305447391
              ],
              [
                4.560849992257513,
                51.53598796428872
              ],
              [
                4.561364141546676,
                51.535840733826916
              ],
              [
                4.561852671456478,
                51.53566278129993
              ],
              [
                4.562310876540327,
                51.53545582083507
              ],
              [
                4.562638996408808,
                51.53527452773473
              ],
              [
                4.562742863003318,
                51.535227612488356
              ],
              [
                4.563166325741019,
                51.534993636027906
              ],
              [
                4.563550972060425,
                51.534734898997236
              ],
              [
                4.5638930976999905,
                51.53445389357459
              ],
              [
                4.564189408144343,
                51.53415332638199
              ],
              [
                4.564437050339124,
                51.533836092404194
              ],
              [
                4.564633640145284,
                51.53350524709445
              ],
              [
                4.56477728526923,
                51.53316397693682
              ],
              [
                4.564866603449221,
                51.532815568748504
              ],
              [
                4.564876908710503,
                51.53270923545502
              ],
              [
                4.564919316108176,
                51.53254381219144
              ],
              [
                4.564953447758887,
                51.53219162143718
              ],
              [
                4.564932066401122,
                51.53183904000693
              ],
              [
                4.564855379233108,
                51.53148946342523
              ],
              [
                4.564724126035443,
                51.531146258200884
              ],
              [
                4.5645395719989095,
                51.53081272940978
              ]
            ]
          ],
          [
            [
              [
                4.510307351788317,
                51.54221401640852
              ],
              [
                4.509892699950843,
                51.54197393927991
              ],
              [
                4.509442311485581,
                51.541760359901815
              ],
              [
                4.50896052354015,
                51.54157533477407
              ],
              [
                4.508451975420484,
                51.54142064543115
              ],
              [
                4.5079215639339045,
                51.541297781298745
              ],
              [
                4.507374396260504,
                51.54120792536212
              ],
              [
                4.5068157408055765,
                51.541151942783436
              ],
              [
                4.506250976504966,
                51.54113037257723
              ],
              [
                4.505685541069905,
                51.54114342242457
              ],
              [
                4.505124878667977,
                51.541190966674925
              ],
              [
                4.504574387542152,
                51.54127254755513
              ],
              [
                4.5040393680705,
                51.54138737957399
              ],
              [
                4.503524971764918,
                51.54153435708035
              ],
              [
                4.503036151698382,
                51.54171206490158
              ],
              [
                4.5025776148365875,
                51.54191879196085
              ],
              [
                4.502153776731854,
                51.54215254774275
              ],
              [
                4.50176871901464,
                51.54241108144796
              ],
              [
                4.501426150091444,
                51.54269190365492
              ],
              [
                4.5011293694273675,
                51.54299231027868
              ],
              [
                4.500881235757455,
                51.54330940859802
              ],
              [
                4.500684139533426,
                51.54364014510002
              ],
              [
                4.500539979872009,
                51.54398133487499
              ],
              [
                4.500450146228065,
                51.54432969227868
              ],
              [
                4.500434460783852,
                51.54448915449303
              ],
              [
                4.500376729983303,
                51.54471301930204
              ],
              [
                4.500342087846357,
                51.545065189556205
              ],
              [
                4.500362973455539,
                51.54541778119067
              ],
              [
                4.500439186956143,
                51.545767398528724
              ],
              [
                4.5005699956133745,
                51.54611067446035
              ],
              [
                4.500754140821223,
                51.546444302873404
              ],
              [
                4.500989850179213,
                51.54676507049985
              ],
              [
                4.501274854522428,
                51.54706988787107
              ],
              [
                4.501606409742328,
                51.54735581908225
              ],
              [
                4.501981323189432,
                51.547620110080445
              ],
              [
                4.502395984404575,
                51.54786021520193
              ],
              [
                4.502846399883342,
                51.548073821703774
              ],
              [
                4.503328231539171,
                51.54825887205207
              ],
              [
                4.5038368384945136,
                51.5484135837519
              ],
              [
                4.504367321797146,
                51.54853646652775
              ],
              [
                4.504384526449062,
                51.54853929194499
              ],
              [
                4.504772548744187,
                51.54862917260207
              ],
              [
                4.505319800506116,
                51.548719040867994
              ],
              [
                4.505878547086163,
                51.54877503077913
              ],
              [
                4.5064434062271665,
                51.54879660299371
              ],
              [
                4.507008936748448,
                51.5487835497077
              ],
              [
                4.507569690996534,
                51.54873599665803
              ],
              [
                4.508120267358426,
                51.54865440191051
              ],
              [
                4.50865536232988,
                51.5485395514446
              ],
              [
                4.509169821635367,
                51.548392551577194
              ],
              [
                4.509658689905701,
                51.548214818298554
              ],
              [
                4.510117258433447,
                51.54800806362418
              ],
              [
                4.510541110544869,
                51.54777427909385
              ],
              [
                4.510926164150608,
                51.547515716577244
              ],
              [
                4.511268711064637,
                51.54723486657219
              ],
              [
                4.511565452712625,
                51.54693443420422
              ],
              [
                4.511813531885944,
                51.54661731316002
              ],
              [
                4.51201056023602,
                51.54628655780594
              ],
              [
                4.512154641245057,
                51.54594535376024
              ],
              [
                4.512244388453168,
                51.545596987204235
              ],
              [
                4.512278938767711,
                51.54524481322633
              ],
              [
                4.512257960728382,
                51.54489222350632
              ],
              [
                4.512181657650228,
                51.54454261364922
              ],
              [
                4.512050765616249,
                51.54419935048499
              ],
              [
                4.511866546340744,
                51.543865739648176
              ],
              [
                4.511784397303096,
                51.54375398378184
              ],
              [
                4.511681342968714,
                51.54356735473442
              ],
              [
                4.5114455744478965,
                51.5432466084612
              ],
              [
                4.511370333140834,
                51.54316615604403
              ],
              [
                4.5112989018219505,
                51.54306897740338
              ],
              [
                4.511013855014856,
                51.54276418429105
              ],
              [
                4.510682273764769,
                51.542478279613
              ],
              [
                4.510307351788317,
                51.54221401640852
              ]
            ]
          ],
          [
            [
              [
                4.522173032294789,
                51.55400800942303
              ],
              [
                4.521887844136252,
                51.55370324277892
              ],
              [
                4.5215561147988135,
                51.55341736886772
              ],
              [
                4.521181039425072,
                51.553153140432215
              ],
              [
                4.520766230357318,
                51.552913101739826
              ],
              [
                4.520315682342513,
                51.55269956409503
              ],
              [
                4.5198337340642,
                51.552514583595546
              ],
              [
                4.519325026371693,
                51.55235994134608
              ],
              [
                4.518794457608298,
                51.55223712631884
              ],
              [
                4.518247136467937,
                51.55214732102624
              ],
              [
                4.517688332833034,
                51.55209139014272
              ],
              [
                4.517123427065665,
                51.55206987218519
              ],
              [
                4.5165578582386985,
                51.55208297433164
              ],
              [
                4.515997071803669,
                51.55213057042803
              ],
              [
                4.515446467197482,
                51.55221220220194
              ],
              [
                4.514911345890638,
                51.552327083672466
              ],
              [
                4.514396860375471,
                51.55247410871222
              ],
              [
                4.5139079645839555,
                51.55265186169098
              ],
              [
                4.513449366211092,
                51.55285863109726
              ],
              [
                4.513025481401778,
                51.55309242600788
              ],
              [
                4.512640392236611,
                51.55335099524692
              ],
              [
                4.51229780742544,
                51.55363184905062
              ],
              [
                4.512001026587001,
                51.55393228302979
              ],
              [
                4.5117529084587265,
                51.55424940419973
              ],
              [
                4.511555843343452,
                51.55458015882758
              ],
              [
                4.511411730059147,
                51.55492136182886
              ],
              [
                4.511321957614877,
                51.55526972743198
              ],
              [
                4.511287391790888,
                51.55562190081388
              ],
              [
                4.511308366753686,
                51.55597449040417
              ],
              [
                4.511384681788699,
                51.556324100545694
              ],
              [
                4.511515603183853,
                51.55666736419753
              ],
              [
                4.511699871247832,
                51.55700097536556
              ],
              [
                4.511935712397256,
                51.55732172094779
              ],
              [
                4.512220856198108,
                51.55762651168761
              ],
              [
                4.512552557198748,
                51.55791241193658
              ],
              [
                4.512927621345543,
                51.558176667939726
              ],
              [
                4.513342436727651,
                51.558416734370326
              ],
              [
                4.513793008355453,
                51.558630298857956
              ],
              [
                4.51427499663797,
                51.55881530427318
              ],
              [
                4.514783759188547,
                51.558969968553946
              ],
              [
                4.515314395555717,
                51.55909280188138
              ],
              [
                4.515861794447582,
                51.5591826210397
              ],
              [
                4.516420682993773,
                51.559238560821704
              ],
              [
                4.516985677569118,
                51.559260082368525
              ],
              [
                4.517551335687908,
                51.55924697836419
              ],
              [
                4.518112208467174,
                51.55919937503417
              ],
              [
                4.518662893151848,
                51.55911773092879
              ],
              [
                4.519198085194064,
                51.55900283250298
              ],
              [
                4.519712629383162,
                51.55885578653565
              ],
              [
                4.520201569532362,
                51.558678009461225
              ],
              [
                4.520660196242023,
                51.558471213717155
              ],
              [
                4.521084092278283,
                51.55823739123888
              ],
              [
                4.521469175129095,
                51.55797879426163
              ],
              [
                4.521811736327269,
                51.55769791361516
              ],
              [
                4.522108477161505,
                51.557397454720174
              ],
              [
                4.522356540431705,
                51.557080311518924
              ],
              [
                4.522553537943201,
                51.55674953859096
              ],
              [
                4.522697573476004,
                51.55640832172389
              ],
              [
                4.522787261008989,
                51.556059947222295
              ],
              [
                4.522821738025004,
                51.55570777025107
              ],
              [
                4.5228006737703845,
                51.55535518251869
              ],
              [
                4.522724272391137,
                51.555005579610814
              ],
              [
                4.522593270917493,
                51.55466232829042
              ],
              [
                4.522408932118145,
                51.55432873407767
              ],
              [
                4.522173032294789,
                51.55400800942303
              ]
            ]
          ],
          [
            [
              [
                4.604584957231173,
                51.536157605129354
              ],
              [
                4.604348570181272,
                51.53583704503849
              ],
              [
                4.604062943248291,
                51.53553247773347
              ],
              [
                4.603730827810645,
                51.53524683601647
              ],
              [
                4.6033554227257225,
                51.53498287039396
              ],
              [
                4.602940343507639,
                51.53474312260227
              ],
              [
                4.602489587501788,
                51.53452990114455
              ],
              [
                4.60200749539186,
                51.53434525907408
              ],
              [
                4.6014987094098805,
                51.53419097423679
              ],
              [
                4.6009681286512025,
                51.53406853216382
              ],
              [
                4.600420861923966,
                51.53397911177676
              ],
              [
                4.599862178585942,
                51.533923574044245
              ],
              [
                4.599297457840749,
                51.53390245369825
              ],
              [
                4.5987321369801535,
                51.5339159540886
              ],
              [
                4.598171659069061,
                51.53396394522715
              ],
              [
                4.597621420575153,
                51.534045965038295
              ],
              [
                4.597086719445633,
                51.5341612238048
              ],
              [
                4.596572704129296,
                51.53430861176671
              ],
              [
                4.596084324033156,
                51.53448670979934
              ],
              [
                4.595626281889288,
                51.53469380306859
              ],
              [
                4.595202988489362,
                51.53492789753241
              ],
              [
                4.594818520221856,
                51.53518673913014
              ],
              [
                4.594476579820299,
                51.53546783547472
              ],
              [
                4.594180460700332,
                51.53576847984081
              ],
              [
                4.593933015229147,
                51.53608577721681
              ],
              [
                4.593736627233446,
                51.536416672172024
              ],
              [
                4.593593189011469,
                51.53675797826968
              ],
              [
                4.59350408307169,
                51.537106408744066
              ],
              [
                4.593470168775488,
                51.53745860814628
              ],
              [
                4.593491774014044,
                51.53781118465414
              ],
              [
                4.593568692001457,
                51.53816074273521
              ],
              [
                4.593700183216864,
                51.53850391584894
              ],
              [
                4.5938849824787,
                51.5388373988722
              ],
              [
                4.5941213110848675,
                51.539157979936164
              ],
              [
                4.594406893903551,
                51.53946257136797
              ],
              [
                4.594738981251631,
                51.53974823943823
              ],
              [
                4.5951143753511765,
                51.54001223262782
              ],
              [
                4.595529461110237,
                51.54025200814088
              ],
              [
                4.595980240932055,
                51.54046525640903
              ],
              [
                4.596462373217703,
                51.540649923348695
              ],
              [
                4.5969712141912265,
                51.54080423015814
              ],
              [
                4.5975018626439805,
                51.54092669046197
              ],
              [
                4.598049207166373,
                51.54101612463796
              ],
              [
                4.598607975411016,
                51.54107167118749
              ],
              [
                4.599172784911374,
                51.541092795039845
              ],
              [
                4.5997381949648695,
                51.54107929271039
              ],
              [
                4.6002987590789655,
                51.54103129426182
              ],
              [
                4.600849077473246,
                51.54094926205074
              ],
              [
                4.601383849129977,
                51.54083398627074
              ],
              [
                4.601897922890046,
                51.54068657733566
              ],
              [
                4.602386347100481,
                51.54050845517629
              ],
              [
                4.602844417333915,
                51.54030133555376
              ],
              [
                4.603267721719217,
                51.5400672135229
              ],
              [
                4.603652183445743,
                51.5398083442038
              ],
              [
                4.603994100031333,
                51.53952722104876
              ],
              [
                4.604290178975579,
                51.53922655181352
              ],
              [
                4.604537569455218,
                51.538909232465286
              ],
              [
                4.604733889756844,
                51.53857831927925
              ],
              [
                4.604877250183662,
                51.53823699939267
              ],
              [
                4.6049662712168224,
                51.53788856010126
              ],
              [
                4.605000096757863,
                51.5375363571927
              ],
              [
                4.604978402326409,
                51.537183782623956
              ],
              [
                4.604901398135996,
                51.5368342318529
              ],
              [
                4.604769827020219,
                51.53649107113912
              ],
              [
                4.604584957231173,
                51.536157605129354
              ]
            ]
          ],
          [
            [
              [
                4.594005936769907,
                51.54432430296741
              ],
              [
                4.59347525818921,
                51.54420182675472
              ],
              [
                4.592927884439058,
                51.54411237111183
              ],
              [
                4.592369085907488,
                51.54405679734689
              ],
              [
                4.591804242906955,
                51.544035640538524
              ],
              [
                4.591238793905994,
                51.54404910438783
              ],
              [
                4.590678183202891,
                51.544097059258355
              ],
              [
                4.590127808543463,
                51.544179043423604
              ],
              [
                4.589592969185538,
                51.544294267509784
              ],
              [
                4.589078814908406,
                51.54444162209073
              ],
              [
                4.588590296456689,
                51.54461968836328
              ],
              [
                4.588132117894314,
                51.54482675179926
              ],
              [
                4.587708691326227,
                51.54506081864398
              ],
              [
                4.5873240944230025,
                51.545319635102786
              ],
              [
                4.586982031156751,
                51.545600709030886
              ],
              [
                4.586685796126239,
                51.545901333918835
              ],
              [
                4.586438242814977,
                51.546218614942894
              ],
              [
                4.586241756088381,
                51.54654949682985
              ],
              [
                4.586098229195827,
                51.546890793268986
              ],
              [
                4.586009045500164,
                51.54723921758774
              ],
              [
                4.585975065112133,
                51.54759141439658
              ],
              [
                4.585996616560033,
                51.547943991898485
              ],
              [
                4.586073493576686,
                51.54829355455154
              ],
              [
                4.586204957036517,
                51.548636735771204
              ],
              [
                4.586276007546708,
                51.54876496628148
              ],
              [
                4.586211775675433,
                51.54891769834201
              ],
              [
                4.586180418234964,
                51.54904020234869
              ],
              [
                4.586176481206887,
                51.54897579941613
              ],
              [
                4.586099602271217,
                51.54862623684541
              ],
              [
                4.585968139637978,
                51.54828305550868
              ],
              [
                4.585783360515542,
                51.54794956025133
              ],
              [
                4.585547045444251,
                51.54762896257019
              ],
              [
                4.585261471109759,
                51.54732434969417
              ],
              [
                4.584929388384982,
                51.54703865486451
              ],
              [
                4.584553995813239,
                51.54677462909909
              ],
              [
                4.584138908788991,
                51.546534814713326
              ],
              [
                4.583688124733522,
                51.54632152085175
              ],
              [
                4.583205984601188,
                51.54613680126457
              ],
              [
                4.582697131086839,
                51.54598243454422
              ],
              [
                4.58216646393633,
                51.54585990700998
              ],
              [
                4.581619092789728,
                51.54577039840631
              ],
              [
                4.581060288010119,
                51.54571477055122
              ],
              [
                4.580495429970184,
                51.54569355904408
              ],
              [
                4.579929957283239,
                51.545706968112604
              ],
              [
                4.579369314475541,
                51.5457548686478
              ],
              [
                4.578818899601866,
                51.54583679944627
              ],
              [
                4.578284012307018,
                51.54595197164793
              ],
              [
                4.577769802831582,
                51.546099276326366
              ],
              [
                4.577281222451348,
                51.546277295158774
              ],
              [
                4.57682297582619,
                51.5464843140738
              ],
              [
                4.576399475716067,
                51.54671833974552
              ],
              [
                4.576014800499332,
                51.546977118775786
              ],
              [
                4.575672654901842,
                51.547258159380206
              ],
              [
                4.575376334314847,
                51.547558755370446
              ],
              [
                4.575128693045443,
                51.547876012201066
              ],
              [
                4.574932116805835,
                51.54820687483201
              ],
              [
                4.574788499707241,
                51.548548157138065
              ],
              [
                4.574699225981104,
                51.54889657258301
              ],
              [
                4.574665156605166,
                51.54924876586292
              ],
              [
                4.574686620964782,
                51.549601345214846
              ],
              [
                4.574763413631619,
                51.54995091507927
              ],
              [
                4.574894796292665,
                51.55029410880244
              ],
              [
                4.575079504812831,
                51.5506276210628
              ],
              [
                4.575315761364986,
                51.55094823971024
              ],
              [
                4.57560129151233,
                51.55125287670995
              ],
              [
                4.575933346080033,
                51.55153859789378
              ],
              [
                4.576308727606839,
                51.55180265123102
              ],
              [
                4.576723821122738,
                51.55204249334669
              ],
              [
                4.577174628956976,
                51.55225581403065
              ],
              [
                4.577656809241387,
                51.552440558501864
              ],
              [
                4.5781657177381065,
                51.55259494721164
              ],
              [
                4.578696452588334,
                51.552717492995626
              ],
              [
                4.579243901550344,
                51.552807015408106
              ],
              [
                4.579802791270641,
                51.552862652100366
              ],
              [
                4.580367738112326,
                51.55288386713341
              ],
              [
                4.580933300049476,
                51.55287045614402
              ],
              [
                4.58149402912601,
                51.552822548315106
              ],
              [
                4.582044523971879,
                51.55274060513026
              ],
              [
                4.582579481868996,
                51.552625415925505
              ],
              [
                4.583093749863568,
                51.55247809028082
              ],
              [
                4.583582374430951,
                51.55230004732469
              ],
              [
                4.584040649213182,
                51.55209300205551
              ],
              [
                4.584464160368239,
                51.55185894881194
              ],
              [
                4.584848829093321,
                51.55160014205181
              ],
              [
                4.585190950912042,
                51.55131907462501
              ],
              [
                4.585487231346956,
                51.551018453750736
              ],
              [
                4.585734817633992,
                51.55070117493072
              ],
              [
                4.585931326173881,
                51.55037029404999
              ],
              [
                4.586074865457073,
                51.55002899793513
              ],
              [
                4.5861062238792645,
                51.54990649396831
              ],
              [
                4.5861101608811845,
                51.54997089689852
              ],
              [
                4.586187042117716,
                51.55032045943029
              ],
              [
                4.586318512219381,
                51.550663640481716
              ],
              [
                4.586503306208799,
                51.550997134853226
              ],
              [
                4.586739645435459,
                51.55131773056687
              ],
              [
                4.58702525466602,
                51.551622339808674
              ],
              [
                4.587349552426235,
                51.551901292247656
              ],
              [
                4.58703137793242,
                51.5520771454689
              ],
              [
                4.586646717550482,
                51.552335959421455
              ],
              [
                4.586304597023282,
                51.55261703109057
              ],
              [
                4.586008311501143,
                51.552917653988565
              ],
              [
                4.585760714954006,
                51.55323493331083
              ],
              [
                4.585564192663947,
                51.55356581380079
              ],
              [
                4.585420638223159,
                51.553907109161074
              ],
              [
                4.585331435260181,
                51.55425553272953
              ],
              [
                4.585297444071737,
                51.55460772912405
              ],
              [
                4.585318993290594,
                51.55496030655141
              ],
              [
                4.585395876671502,
                51.5553098694706
              ],
              [
                4.585527355028042,
                51.55565305129443
              ],
              [
                4.585712163303643,
                51.555986546815866
              ],
              [
                4.585948522710493,
                51.55630714404588
              ],
              [
                4.586234157821139,
                51.556611755155785
              ],
              [
                4.586566318449702,
                51.55689744622664
              ],
              [
                4.586941806113191,
                51.55716146551763
              ],
              [
                4.587357004819057,
                51.55740126998153
              ],
              [
                4.5878079158830545,
                51.55761454977088
              ],
              [
                4.588290196442345,
                51.55779925049842
              ],
              [
                4.588799201292813,
                51.557953593036764
              ],
              [
                4.589330027647165,
                51.558076090666326
              ],
              [
                4.589877562381886,
                51.558165563405105
              ],
              [
                4.590436531316927,
                51.55822114938301
              ],
              [
                4.591001550052035,
                51.558242313149506
              ],
              [
                4.591567175868515,
                51.55822885083534
              ],
              [
                4.592127960194766,
                51.55818089211773
              ],
              [
                4.592678501128439,
                51.558098898970584
              ],
              [
                4.593213495507468,
                51.557983661211274
              ],
              [
                4.593727790026717,
                51.55783628888748
              ],
              [
                4.594216430906192,
                51.55765820157739
              ],
              [
                4.594674711631037,
                51.55745111470663
              ],
              [
                4.595098218302303,
                51.55721702301474
              ],
              [
                4.595482872160755,
                51.55695818132972
              ],
              [
                4.595824968873641,
                51.55667708283792
              ],
              [
                4.596121214205812,
                51.556376435057736
              ],
              [
                4.596368755731797,
                51.556059133749905
              ],
              [
                4.596565210283963,
                51.555728235016126
              ],
              [
                4.596708686873239,
                51.55538692585465
              ],
              [
                4.596797804862876,
                51.555038493458056
              ],
              [
                4.59683170722163,
                51.554686293547796
              ],
              [
                4.596810068730408,
                51.55433371805209
              ],
              [
                4.596733099065148,
                51.553984162437764
              ],
              [
                4.596601540728127,
                51.55364099301135
              ],
              [
                4.59641666184952,
                51.55330751450327
              ],
              [
                4.596180243930376,
                51.55298693824897
              ],
              [
                4.5958945646467395,
                51.552682351270924
              ],
              [
                4.5955702087255625,
                51.55240342244264
              ],
              [
                4.5958883525737875,
                51.55222754591321
              ],
              [
                4.596272959531887,
                51.5519687014271
              ],
              [
                4.5966150136184885,
                51.55168760042233
              ],
              [
                4.596911221008896,
                51.55138695044143
              ],
              [
                4.597158729642926,
                51.55106964726626
              ],
              [
                4.5973551566695345,
                51.550738747016446
              ],
              [
                4.597498611364512,
                51.55039743670492
              ],
              [
                4.597587713301693,
                51.55004900353515
              ],
              [
                4.597621605604132,
                51.549696803236046
              ],
              [
                4.59759996314926,
                51.54934422773959
              ],
              [
                4.59752299565086,
                51.54899467251269
              ],
              [
                4.597391445590015,
                51.54865150385798
              ],
              [
                4.597341880129518,
                51.54856209318937
              ],
              [
                4.597417259881703,
                51.54838274021581
              ],
              [
                4.597506358407429,
                51.548034307045874
              ],
              [
                4.597540249753308,
                51.547682106712756
              ],
              [
                4.597518608805861,
                51.54732953114879
              ],
              [
                4.597441645264218,
                51.54697997582144
              ],
              [
                4.597310101571233,
                51.54663680703436
              ],
              [
                4.597125245715627,
                51.54630332951202
              ],
              [
                4.596888858976348,
                51.54598275458028
              ],
              [
                4.596603218728835,
                51.54567816924891
              ],
              [
                4.596271076480326,
                51.545392506493734
              ],
              [
                4.596268269532718,
                51.545390532840045
              ],
              [
                4.5962670763798705,
                51.545389506646956
              ],
              [
                4.5958916312944735,
                51.54512551716418
              ],
              [
                4.595476499224862,
                51.54488574293115
              ],
              [
                4.595025678025676,
                51.5446724927056
              ],
              [
                4.594543509008573,
                51.544487819817725
              ],
              [
                4.594521035239664,
                51.54448100465392
              ],
              [
                4.594514810431226,
                51.544478620499675
              ],
              [
                4.594005936769907,
                51.54432430296741
              ]
            ]
          ]
        ]
      },
      "properties": {
        "type": "buffer_union_400m",
        "buffer_m": 400
      }
    },
    {
      "type": "Feature",
      "geometry": {
        "type": "Polygon",
        "coordinates": [
          [
            [
              4.486683,
              51.477353
            ],
            [
              4.486793,
              51.477342
            ],
            [
              4.488123,
              51.47747
            ],
            [
              4.48932,
              51.477584
            ],
            [
              4.489439,
              51.477596
            ],
            [
              4.49166,
              51.477806
            ],
            [
              4.49316,
              51.477949
            ],
            [
              4.49426,
              51.478055
            ],
            [
              4.495065,
              51.478132
            ],
            [
              4.496195,
              51.47824
            ],
            [
              4.496334,
              51.478254
            ],
            [
              4.496407,
              51.478262
            ],
            [
              4.496504,
              51.478271
            ],
            [
              4.499084,
              51.478528
            ],
            [
              4.50076,
              51.478696
            ],
            [
              4.501845,
              51.478805
            ],
            [
              4.502418,
              51.478863
            ],
            [
              4.502991,
              51.47892
            ],
            [
              4.503383,
              51.478959
            ],
            [
              4.503729,
              51.478994
            ],
            [
              4.504069,
              51.479029
            ],
            [
              4.504738,
              51.479103
            ],
            [
              4.505139,
              51.479155
            ],
            [
              4.505143,
              51.479152
            ],
            [
              4.505333,
              51.479174
            ],
            [
              4.50691,
              51.479344
            ],
            [
              4.506984,
              51.479352
            ],
            [
              4.507655,
              51.479424
            ],
            [
              4.507675,
              51.479396
            ],
            [
              4.507844,
              51.479442
            ],
            [
              4.50874,
              51.479517
            ],
            [
              4.510071,
              51.479636
            ],
            [
              4.510148,
              51.479643
            ],
            [
              4.510243,
              51.479652
            ],
            [
              4.511789,
              51.479805
            ],
            [
              4.513738,
              51.479996
            ],
            [
              4.515251,
              51.480141
            ],
            [
              4.515687,
              51.480183
            ],
            [
              4.516564,
              51.480269
            ],
            [
              4.516601,
              51.480273
            ],
            [
              4.517052,
              51.480317
            ],
            [
              4.517651,
              51.480376
            ],
            [
              4.518917,
              51.480501
            ],
            [
              4.520037,
              51.480611
            ],
            [
              4.520596,
              51.480666
            ],
            [
              4.521561,
              51.480761
            ],
            [
              4.52248,
              51.480851
            ],
            [
              4.525787,
              51.481175
            ],
            [
              4.525919,
              51.481188
            ],
            [
              4.531357,
              51.481717
            ],
            [
              4.533649,
              51.481937
            ],
            [
              4.534026,
              51.481974
            ],
            [
              4.534343,
              51.482005
            ],
            [
              4.535054,
              51.482074
            ],
            [
              4.535765,
              51.482143
            ],
            [
              4.537187,
              51.482282
            ],
            [
              4.537689,
              51.48234
            ],
            [
              4.537821,
              51.482356
            ],
            [
              4.538184,
              51.482398
            ],
            [
              4.538194,
              51.482389
            ],
            [
              4.53821,
              51.482375
            ],
            [
              4.538294,
              51.482299
            ],
            [
              4.53863,
              51.481995
            ],
            [
              4.538857,
              51.48179
            ],
            [
              4.539229,
              51.481455
            ],
            [
              4.540322,
              51.480467
            ],
            [
              4.540385,
              51.48041
            ],
            [
              4.541264,
              51.479616
            ],
            [
              4.541478,
              51.479422
            ],
            [
              4.542144,
              51.478821
            ],
            [
              4.542397,
              51.478589
            ],
            [
              4.542695,
              51.478316
            ],
            [
              4.542874,
              51.478153
            ],
            [
              4.543046,
              51.477995
            ],
            [
              4.54325,
              51.477809
            ],
            [
              4.543406,
              51.477667
            ],
            [
              4.543858,
              51.477256
            ],
            [
              4.543886,
              51.47723
            ],
            [
              4.543921,
              51.477199
            ],
            [
              4.544791,
              51.476401
            ],
            [
              4.544934,
              51.476269
            ],
            [
              4.545434,
              51.47581
            ],
            [
              4.545796,
              51.475479
            ],
            [
              4.546087,
              51.475213
            ],
            [
              4.546758,
              51.474599
            ],
            [
              4.547113,
              51.474275
            ],
            [
              4.547455,
              51.473962
            ],
            [
              4.54808,
              51.473391
            ],
            [
              4.548161,
              51.473313
            ],
            [
              4.548226,
              51.473422
            ],
            [
              4.548884,
              51.474443
            ],
            [
              4.549045,
              51.474692
            ],
            [
              4.549204,
              51.474939
            ],
            [
              4.549256,
              51.475019
            ],
            [
              4.549307,
              51.475098
            ],
            [
              4.549331,
              51.475136
            ],
            [
              4.551213,
              51.478054
            ],
            [
              4.556038,
              51.485538
            ],
            [
              4.556081,
              51.485604
            ],
            [
              4.556101,
              51.485634
            ],
            [
              4.556301,
              51.485588
            ],
            [
              4.556328,
              51.485629
            ],
            [
              4.556347,
              51.485608
            ],
            [
              4.55643,
              51.485591
            ],
            [
              4.557675,
              51.485328
            ],
            [
              4.558715,
              51.485111
            ],
            [
              4.559633,
              51.484922
            ],
            [
              4.559642,
              51.484934
            ],
            [
              4.560132,
              51.484832
            ],
            [
              4.561203,
              51.484615
            ],
            [
              4.562035,
              51.484445
            ],
            [
              4.562857,
              51.484274
            ],
            [
              4.562963,
              51.484253
            ],
            [
              4.563385,
              51.484168
            ],
            [
              4.563808,
              51.484083
            ],
            [
              4.56484,
              51.483877
            ],
            [
              4.565968,
              51.483652
            ],
            [
              4.566272,
              51.483593
            ],
            [
              4.566288,
              51.483582
            ],
            [
              4.566305,
              51.48357
            ],
            [
              4.56636,
              51.483559
            ],
            [
              4.566476,
              51.483518
            ],
            [
              4.566645,
              51.483461
            ],
            [
              4.566767,
              51.483433
            ],
            [
              4.567945,
              51.483191
            ],
            [
              4.568752,
              51.483026
            ],
            [
              4.569074,
              51.482958
            ],
            [
              4.569199,
              51.48293
            ],
            [
              4.569317,
              51.482912
            ],
            [
              4.569435,
              51.482894
            ],
            [
              4.569953,
              51.482814
            ],
            [
              4.570671,
              51.482724
            ],
            [
              4.570655,
              51.482681
            ],
            [
              4.570908,
              51.482677
            ],
            [
              4.57097,
              51.482676
            ],
            [
              4.570951,
              51.48272
            ],
            [
              4.570955,
              51.482718
            ],
            [
              4.571221,
              51.482707
            ],
            [
              4.571647,
              51.482689
            ],
            [
              4.572195,
              51.482661
            ],
            [
              4.572286,
              51.482655
            ],
            [
              4.572319,
              51.482705
            ],
            [
              4.572329,
              51.482721
            ],
            [
              4.573296,
              51.484188
            ],
            [
              4.573637,
              51.484706
            ],
            [
              4.5743,
              51.485737
            ],
            [
              4.574864,
              51.486608
            ],
            [
              4.574848,
              51.486612
            ],
            [
              4.575316,
              51.487356
            ],
            [
              4.575407,
              51.487502
            ],
            [
              4.575808,
              51.48814
            ],
            [
              4.574766,
              51.488326
            ],
            [
              4.574275,
              51.488413
            ],
            [
              4.574146,
              51.488438
            ],
            [
              4.574074,
              51.488451
            ],
            [
              4.574017,
              51.488462
            ],
            [
              4.57399,
              51.488467
            ],
            [
              4.573976,
              51.488469
            ],
            [
              4.574292,
              51.488985
            ],
            [
              4.574676,
              51.489614
            ],
            [
              4.574757,
              51.489699
            ],
            [
              4.574767,
              51.489713
            ],
            [
              4.575082,
              51.490225
            ],
            [
              4.575125,
              51.490265
            ],
            [
              4.575373,
              51.490669
            ],
            [
              4.575566,
              51.490984
            ],
            [
              4.575668,
              51.491145
            ],
            [
              4.575837,
              51.491409
            ],
            [
              4.575876,
              51.491485
            ],
            [
              4.575919,
              51.491628
            ],
            [
              4.575938,
              51.491706
            ],
            [
              4.575983,
              51.491915
            ],
            [
              4.575997,
              51.491972
            ],
            [
              4.576037,
              51.492087
            ],
            [
              4.576137,
              51.492404
            ],
            [
              4.57616,
              51.492466
            ],
            [
              4.57616,
              51.492479
            ],
            [
              4.576178,
              51.492539
            ],
            [
              4.576196,
              51.492541
            ],
            [
              4.577632,
              51.492815
            ],
            [
              4.578245,
              51.493078
            ],
            [
              4.5788,
              51.493314
            ],
            [
              4.578882,
              51.493349
            ],
            [
              4.578945,
              51.493379
            ],
            [
              4.578966,
              51.493389
            ],
            [
              4.579044,
              51.493426
            ],
            [
              4.579131,
              51.49342
            ],
            [
              4.57918,
              51.493406
            ],
            [
              4.580258,
              51.493968
            ],
            [
              4.58172,
              51.494736
            ],
            [
              4.582764,
              51.495276
            ],
            [
              4.58339,
              51.495601
            ],
            [
              4.583673,
              51.495754
            ],
            [
              4.58371,
              51.495764
            ],
            [
              4.584104,
              51.49578
            ],
            [
              4.584603,
              51.4958
            ],
            [
              4.584726,
              51.495809
            ],
            [
              4.584942,
              51.495809
            ],
            [
              4.585413,
              51.495846
            ],
            [
              4.585782,
              51.495873
            ],
            [
              4.585991,
              51.495898
            ],
            [
              4.586056,
              51.495905
            ],
            [
              4.586195,
              51.495925
            ],
            [
              4.586315,
              51.495942
            ],
            [
              4.587194,
              51.496096
            ],
            [
              4.58809,
              51.496248
            ],
            [
              4.588302,
              51.496286
            ],
            [
              4.588326,
              51.496292
            ],
            [
              4.588396,
              51.496311
            ],
            [
              4.588957,
              51.496494
            ],
            [
              4.58905,
              51.496523
            ],
            [
              4.589166,
              51.496561
            ],
            [
              4.589731,
              51.496737
            ],
            [
              4.58953,
              51.496966
            ],
            [
              4.589526,
              51.496971
            ],
            [
              4.589523,
              51.496974
            ],
            [
              4.589391,
              51.497099
            ],
            [
              4.589266,
              51.497228
            ],
            [
              4.589318,
              51.497244
            ],
            [
              4.589271,
              51.497305
            ],
            [
              4.589157,
              51.497436
            ],
            [
              4.589056,
              51.497563
            ],
            [
              4.589016,
              51.497614
            ],
            [
              4.588971,
              51.497608
            ],
            [
              4.588668,
              51.498018
            ],
            [
              4.58852,
              51.498221
            ],
            [
              4.588449,
              51.498318
            ],
            [
              4.588494,
              51.498331
            ],
            [
              4.588301,
              51.498607
            ],
            [
              4.588244,
              51.498585
            ],
            [
              4.588018,
              51.498891
            ],
            [
              4.587804,
              51.499177
            ],
            [
              4.587665,
              51.499336
            ],
            [
              4.587529,
              51.499481
            ],
            [
              4.587442,
              51.499584
            ],
            [
              4.587411,
              51.499628
            ],
            [
              4.587359,
              51.499699
            ],
            [
              4.587345,
              51.499723
            ],
            [
              4.587297,
              51.499812
            ],
            [
              4.587184,
              51.500019
            ],
            [
              4.587076,
              51.500165
            ],
            [
              4.586793,
              51.500573
            ],
            [
              4.586492,
              51.500982
            ],
            [
              4.586209,
              51.501388
            ],
            [
              4.585854,
              51.50187
            ],
            [
              4.585559,
              51.502272
            ],
            [
              4.585504,
              51.50234
            ],
            [
              4.585547,
              51.502352
            ],
            [
              4.585392,
              51.502564
            ],
            [
              4.585343,
              51.502549
            ],
            [
              4.585338,
              51.502556
            ],
            [
              4.585237,
              51.502707
            ],
            [
              4.58502,
              51.503014
            ],
            [
              4.584821,
              51.503277
            ],
            [
              4.584698,
              51.503427
            ],
            [
              4.584542,
              51.503589
            ],
            [
              4.584382,
              51.503828
            ],
            [
              4.584262,
              51.504039
            ],
            [
              4.584102,
              51.504261
            ],
            [
              4.583778,
              51.504705
            ],
            [
              4.583439,
              51.505185
            ],
            [
              4.583487,
              51.505203
            ],
            [
              4.583454,
              51.505248
            ],
            [
              4.583249,
              51.505528
            ],
            [
              4.583203,
              51.505592
            ],
            [
              4.583153,
              51.505572
            ],
            [
              4.582923,
              51.505891
            ],
            [
              4.582735,
              51.506141
            ],
            [
              4.582623,
              51.50629
            ],
            [
              4.582302,
              51.506698
            ],
            [
              4.582066,
              51.507024
            ],
            [
              4.581631,
              51.507608
            ],
            [
              4.581589,
              51.507663
            ],
            [
              4.581554,
              51.507707
            ],
            [
              4.581533,
              51.507734
            ],
            [
              4.581458,
              51.507831
            ],
            [
              4.581205,
              51.508172
            ],
            [
              4.58082,
              51.508697
            ],
            [
              4.580828,
              51.5087
            ],
            [
              4.580491,
              51.50914
            ],
            [
              4.580381,
              51.509301
            ],
            [
              4.580215,
              51.509543
            ],
            [
              4.580002,
              51.509826
            ],
            [
              4.579979,
              51.509857
            ],
            [
              4.579935,
              51.509915
            ],
            [
              4.579655,
              51.510282
            ],
            [
              4.579578,
              51.510384
            ],
            [
              4.579374,
              51.510679
            ],
            [
              4.579338,
              51.510731
            ],
            [
              4.579754,
              51.510699
            ],
            [
              4.579796,
              51.510697
            ],
            [
              4.579948,
              51.510688
            ],
            [
              4.580239,
              51.510672
            ],
            [
              4.587035,
              51.510146
            ],
            [
              4.587294,
              51.510126
            ],
            [
              4.587666,
              51.5101
            ],
            [
              4.588218,
              51.51006
            ],
            [
              4.588637,
              51.510025
            ],
            [
              4.588734,
              51.510017
            ],
            [
              4.589592,
              51.509952
            ],
            [
              4.589703,
              51.509944
            ],
            [
              4.58986,
              51.509932
            ],
            [
              4.590268,
              51.509902
            ],
            [
              4.590684,
              51.509869
            ],
            [
              4.591005,
              51.509845
            ],
            [
              4.591387,
              51.509817
            ],
            [
              4.591652,
              51.509799
            ],
            [
              4.591673,
              51.509793
            ],
            [
              4.591686,
              51.5098
            ],
            [
              4.591867,
              51.509786
            ],
            [
              4.593018,
              51.509698
            ],
            [
              4.593148,
              51.509688
            ],
            [
              4.593409,
              51.509668
            ],
            [
              4.594607,
              51.509577
            ],
            [
              4.59465,
              51.509574
            ],
            [
              4.594836,
              51.50956
            ],
            [
              4.594934,
              51.509552
            ],
            [
              4.594996,
              51.509547
            ],
            [
              4.596058,
              51.509467
            ],
            [
              4.596738,
              51.509413
            ],
            [
              4.596847,
              51.509404
            ],
            [
              4.600252,
              51.509133
            ],
            [
              4.600737,
              51.509097
            ],
            [
              4.601089,
              51.509071
            ],
            [
              4.602157,
              51.508992
            ],
            [
              4.602396,
              51.508974
            ],
            [
              4.603652,
              51.508881
            ],
            [
              4.603663,
              51.50888
            ],
            [
              4.60368,
              51.508879
            ],
            [
              4.606845,
              51.508637
            ],
            [
              4.607941,
              51.508553
            ],
            [
              4.608261,
              51.508529
            ],
            [
              4.609928,
              51.508402
            ],
            [
              4.610774,
              51.508337
            ],
            [
              4.611275,
              51.508409
            ],
            [
              4.61476,
              51.50891
            ],
            [
              4.614915,
              51.508932
            ],
            [
              4.61502,
              51.508947
            ],
            [
              4.615043,
              51.508927
            ],
            [
              4.615068,
              51.508905
            ],
            [
              4.615198,
              51.508788
            ],
            [
              4.615317,
              51.508692
            ],
            [
              4.615461,
              51.50859
            ],
            [
              4.615602,
              51.5085
            ],
            [
              4.615765,
              51.508404
            ],
            [
              4.616305,
              51.508116
            ],
            [
              4.616346,
              51.5081
            ],
            [
              4.616379,
              51.508087
            ],
            [
              4.616835,
              51.508443
            ],
            [
              4.617074,
              51.509683
            ],
            [
              4.617078,
              51.509694
            ],
            [
              4.617087,
              51.509707
            ],
            [
              4.617107,
              51.509713
            ],
            [
              4.617141,
              51.509713
            ],
            [
              4.617217,
              51.509707
            ],
            [
              4.617258,
              51.509701
            ],
            [
              4.618074,
              51.509595
            ],
            [
              4.618112,
              51.509595
            ],
            [
              4.618149,
              51.5096
            ],
            [
              4.618181,
              51.509608
            ],
            [
              4.618198,
              51.509615
            ],
            [
              4.618219,
              51.509644
            ],
            [
              4.618206,
              51.509936
            ],
            [
              4.618175,
              51.510639
            ],
            [
              4.618183,
              51.510657
            ],
            [
              4.618202,
              51.510672
            ],
            [
              4.618231,
              51.510678
            ],
            [
              4.618269,
              51.51068
            ],
            [
              4.619619,
              51.510705
            ],
            [
              4.620442,
              51.510718
            ],
            [
              4.620539,
              51.510736
            ],
            [
              4.620528,
              51.510758
            ],
            [
              4.62036,
              51.511103
            ],
            [
              4.62017,
              51.511511
            ],
            [
              4.620033,
              51.511888
            ],
            [
              4.619979,
              51.512044
            ],
            [
              4.619924,
              51.5122
            ],
            [
              4.619912,
              51.512243
            ],
            [
              4.6199,
              51.512284
            ],
            [
              4.619896,
              51.512299
            ],
            [
              4.619854,
              51.512777
            ],
            [
              4.619821,
              51.513059
            ],
            [
              4.619809,
              51.513157
            ],
            [
              4.619806,
              51.513185
            ],
            [
              4.61979,
              51.513297
            ],
            [
              4.619776,
              51.513419
            ],
            [
              4.619764,
              51.513527
            ],
            [
              4.619741,
              51.513747
            ],
            [
              4.619734,
              51.513818
            ],
            [
              4.619665,
              51.51448
            ],
            [
              4.619608,
              51.515028
            ],
            [
              4.619579,
              51.515303
            ],
            [
              4.619572,
              51.515373
            ],
            [
              4.619551,
              51.51557
            ],
            [
              4.619548,
              51.515597
            ],
            [
              4.619484,
              51.515594
            ],
            [
              4.619467,
              51.515594
            ],
            [
              4.619448,
              51.515773
            ],
            [
              4.619405,
              51.516172
            ],
            [
              4.621618,
              51.516262
            ],
            [
              4.62149,
              51.517348
            ],
            [
              4.62148,
              51.517438
            ],
            [
              4.621848,
              51.517517
            ],
            [
              4.622188,
              51.517589
            ],
            [
              4.622421,
              51.517666
            ],
            [
              4.622647,
              51.51774
            ],
            [
              4.622866,
              51.5178
            ],
            [
              4.622915,
              51.51781
            ],
            [
              4.622964,
              51.517822
            ],
            [
              4.623506,
              51.517935
            ],
            [
              4.623551,
              51.517953
            ],
            [
              4.623666,
              51.517995
            ],
            [
              4.623727,
              51.517994
            ],
            [
              4.623857,
              51.518019
            ],
            [
              4.624122,
              51.518082
            ],
            [
              4.624251,
              51.518119
            ],
            [
              4.624382,
              51.518163
            ],
            [
              4.624386,
              51.518164
            ],
            [
              4.624432,
              51.51818
            ],
            [
              4.624594,
              51.518236
            ],
            [
              4.624787,
              51.5183
            ],
            [
              4.625176,
              51.518419
            ],
            [
              4.625704,
              51.518609
            ],
            [
              4.625751,
              51.518627
            ],
            [
              4.625934,
              51.518727
            ],
            [
              4.626145,
              51.51884
            ],
            [
              4.626177,
              51.518858
            ],
            [
              4.626186,
              51.518868
            ],
            [
              4.626402,
              51.518921
            ],
            [
              4.62635,
              51.518921
            ],
            [
              4.626334,
              51.518925
            ],
            [
              4.626253,
              51.519079
            ],
            [
              4.626221,
              51.519149
            ],
            [
              4.62619,
              51.519218
            ],
            [
              4.626185,
              51.519227
            ],
            [
              4.626126,
              51.519357
            ],
            [
              4.626096,
              51.519423
            ],
            [
              4.62605,
              51.519524
            ],
            [
              4.625998,
              51.51963
            ],
            [
              4.62598,
              51.51967
            ],
            [
              4.625962,
              51.519708
            ],
            [
              4.625918,
              51.519802
            ],
            [
              4.625873,
              51.5199
            ],
            [
              4.625869,
              51.519908
            ],
            [
              4.625852,
              51.519946
            ],
            [
              4.625817,
              51.520016
            ],
            [
              4.625791,
              51.520062
            ],
            [
              4.625779,
              51.520085
            ],
            [
              4.625767,
              51.520105
            ],
            [
              4.625738,
              51.52015
            ],
            [
              4.625695,
              51.520204
            ],
            [
              4.625652,
              51.520261
            ],
            [
              4.625609,
              51.520319
            ],
            [
              4.625555,
              51.520386
            ],
            [
              4.625544,
              51.520381
            ],
            [
              4.625537,
              51.52039
            ],
            [
              4.625501,
              51.520435
            ],
            [
              4.625335,
              51.520644
            ],
            [
              4.625245,
              51.520762
            ],
            [
              4.625241,
              51.520767
            ],
            [
              4.625169,
              51.520859
            ],
            [
              4.62503,
              51.521034
            ],
            [
              4.624987,
              51.52109
            ],
            [
              4.625339,
              51.52125
            ],
            [
              4.625658,
              51.521391
            ],
            [
              4.625945,
              51.521518
            ],
            [
              4.626142,
              51.521608
            ],
            [
              4.626393,
              51.521748
            ],
            [
              4.626558,
              51.521846
            ],
            [
              4.626799,
              51.521984
            ],
            [
              4.627082,
              51.522156
            ],
            [
              4.627261,
              51.52226
            ],
            [
              4.627383,
              51.522336
            ],
            [
              4.627467,
              51.522387
            ],
            [
              4.627526,
              51.522418
            ],
            [
              4.627568,
              51.522438
            ],
            [
              4.62766,
              51.522468
            ],
            [
              4.627717,
              51.522487
            ],
            [
              4.627761,
              51.522501
            ],
            [
              4.627817,
              51.522515
            ],
            [
              4.627997,
              51.522558
            ],
            [
              4.628194,
              51.522608
            ],
            [
              4.628456,
              51.522672
            ],
            [
              4.6287,
              51.522732
            ],
            [
              4.62908,
              51.522825
            ],
            [
              4.629188,
              51.522852
            ],
            [
              4.62928,
              51.522875
            ],
            [
              4.629618,
              51.522952
            ],
            [
              4.630139,
              51.52308
            ],
            [
              4.630205,
              51.523097
            ],
            [
              4.630701,
              51.523223
            ],
            [
              4.63106,
              51.523311
            ],
            [
              4.63119,
              51.523341
            ],
            [
              4.631236,
              51.523352
            ],
            [
              4.631306,
              51.523361
            ],
            [
              4.631496,
              51.523374
            ],
            [
              4.632138,
              51.523431
            ],
            [
              4.632695,
              51.523476
            ],
            [
              4.633207,
              51.523524
            ],
            [
              4.633654,
              51.523559
            ],
            [
              4.633972,
              51.523587
            ],
            [
              4.634023,
              51.523596
            ],
            [
              4.63407,
              51.523604
            ],
            [
              4.63416,
              51.52362
            ],
            [
              4.634161,
              51.52362
            ],
            [
              4.634165,
              51.523621
            ],
            [
              4.634173,
              51.523623
            ],
            [
              4.634281,
              51.52364
            ],
            [
              4.634321,
              51.523649
            ],
            [
              4.634482,
              51.523675
            ],
            [
              4.634845,
              51.523736
            ],
            [
              4.635288,
              51.523815
            ],
            [
              4.635423,
              51.523841
            ],
            [
              4.635906,
              51.523928
            ],
            [
              4.636363,
              51.524006
            ],
            [
              4.636535,
              51.524035
            ],
            [
              4.636651,
              51.524054
            ],
            [
              4.636721,
              51.524066
            ],
            [
              4.636941,
              51.524103
            ],
            [
              4.637221,
              51.524152
            ],
            [
              4.637291,
              51.524164
            ],
            [
              4.637297,
              51.524165
            ],
            [
              4.637344,
              51.524172
            ],
            [
              4.637734,
              51.524242
            ],
            [
              4.637791,
              51.524253
            ],
            [
              4.638717,
              51.524422
            ],
            [
              4.638727,
              51.524559
            ],
            [
              4.638833,
              51.525916
            ],
            [
              4.638842,
              51.526054
            ],
            [
              4.638843,
              51.526066
            ],
            [
              4.638897,
              51.526809
            ],
            [
              4.638897,
              51.526812
            ],
            [
              4.638979,
              51.527931
            ],
            [
              4.639017,
              51.528451
            ],
            [
              4.639026,
              51.528588
            ],
            [
              4.639061,
              51.529067
            ],
            [
              4.639101,
              51.529617
            ],
            [
              4.639107,
              51.529706
            ],
            [
              4.639145,
              51.530218
            ],
            [
              4.639211,
              51.531131
            ],
            [
              4.639222,
              51.531287
            ],
            [
              4.639233,
              51.531441
            ],
            [
              4.639265,
              51.53188
            ],
            [
              4.639286,
              51.532168
            ],
            [
              4.639309,
              51.532481
            ],
            [
              4.639311,
              51.532517
            ],
            [
              4.639316,
              51.532586
            ],
            [
              4.639317,
              51.532597
            ],
            [
              4.639318,
              51.532612
            ],
            [
              4.639358,
              51.533151
            ],
            [
              4.639358,
              51.533163
            ],
            [
              4.639364,
              51.533237
            ],
            [
              4.639446,
              51.534371
            ],
            [
              4.63945,
              51.53442
            ],
            [
              4.639493,
              51.535019
            ],
            [
              4.639495,
              51.535043
            ],
            [
              4.639495,
              51.535044
            ],
            [
              4.639496,
              51.535061
            ],
            [
              4.639543,
              51.53571
            ],
            [
              4.63955,
              51.535805
            ],
            [
              4.639551,
              51.535809
            ],
            [
              4.639558,
              51.535919
            ],
            [
              4.63956,
              51.535937
            ],
            [
              4.639565,
              51.536007
            ],
            [
              4.639586,
              51.536293
            ],
            [
              4.639589,
              51.536339
            ],
            [
              4.639596,
              51.536434
            ],
            [
              4.639616,
              51.536706
            ],
            [
              4.639617,
              51.536727
            ],
            [
              4.639672,
              51.537488
            ],
            [
              4.639673,
              51.537494
            ],
            [
              4.639677,
              51.537556
            ],
            [
              4.639678,
              51.537562
            ],
            [
              4.639678,
              51.537566
            ],
            [
              4.639678,
              51.537568
            ],
            [
              4.639679,
              51.537576
            ],
            [
              4.63974,
              51.538421
            ],
            [
              4.639743,
              51.538462
            ],
            [
              4.639813,
              51.539432
            ],
            [
              4.639815,
              51.539457
            ],
            [
              4.639836,
              51.539744
            ],
            [
              4.639836,
              51.539747
            ],
            [
              4.63984,
              51.539796
            ],
            [
              4.639841,
              51.539814
            ],
            [
              4.639841,
              51.539817
            ],
            [
              4.639883,
              51.540396
            ],
            [
              4.639885,
              51.540423
            ],
            [
              4.640031,
              51.542424
            ],
            [
              4.640037,
              51.542508
            ],
            [
              4.640094,
              51.543291
            ],
            [
              4.640095,
              51.543304
            ],
            [
              4.640107,
              51.543399
            ],
            [
              4.64011,
              51.543423
            ],
            [
              4.640024,
              51.543377
            ],
            [
              4.638975,
              51.542821
            ],
            [
              4.638923,
              51.542793
            ],
            [
              4.638921,
              51.542792
            ],
            [
              4.638942,
              51.542775
            ],
            [
              4.638838,
              51.54273
            ],
            [
              4.638706,
              51.542685
            ],
            [
              4.638567,
              51.54265
            ],
            [
              4.638483,
              51.542624
            ],
            [
              4.63837,
              51.542571
            ],
            [
              4.638252,
              51.542507
            ],
            [
              4.638121,
              51.542445
            ],
            [
              4.638077,
              51.542428
            ],
            [
              4.637968,
              51.542388
            ],
            [
              4.637913,
              51.542365
            ],
            [
              4.637876,
              51.542341
            ],
            [
              4.637868,
              51.542326
            ],
            [
              4.636099,
              51.543181
            ],
            [
              4.636083,
              51.543189
            ],
            [
              4.635831,
              51.542993
            ],
            [
              4.635753,
              51.542924
            ],
            [
              4.635652,
              51.54282
            ],
            [
              4.635407,
              51.542523
            ],
            [
              4.635293,
              51.542361
            ],
            [
              4.635286,
              51.542351
            ],
            [
              4.634084,
              51.543247
            ],
            [
              4.634035,
              51.543285
            ],
            [
              4.633982,
              51.543326
            ],
            [
              4.633554,
              51.543655
            ],
            [
              4.63313,
              51.543982
            ],
            [
              4.632969,
              51.544104
            ],
            [
              4.632778,
              51.544249
            ],
            [
              4.632644,
              51.5442
            ],
            [
              4.63251,
              51.544151
            ],
            [
              4.631837,
              51.543902
            ],
            [
              4.631776,
              51.543881
            ],
            [
              4.631755,
              51.543874
            ],
            [
              4.631753,
              51.543877
            ],
            [
              4.631658,
              51.544001
            ],
            [
              4.631648,
              51.544019
            ],
            [
              4.631569,
              51.544164
            ],
            [
              4.631482,
              51.544326
            ],
            [
              4.630977,
              51.545347
            ],
            [
              4.630831,
              51.545645
            ],
            [
              4.630822,
              51.545685
            ],
            [
              4.630334,
              51.546691
            ],
            [
              4.630106,
              51.54715
            ],
            [
              4.630078,
              51.547162
            ],
            [
              4.630065,
              51.547167
            ],
            [
              4.630059,
              51.54717
            ],
            [
              4.630019,
              51.547159
            ],
            [
              4.629957,
              51.547135
            ],
            [
              4.629645,
              51.547
            ],
            [
              4.629364,
              51.546876
            ],
            [
              4.629067,
              51.546742
            ],
            [
              4.62881,
              51.546637
            ],
            [
              4.628782,
              51.546627
            ],
            [
              4.628776,
              51.546625
            ],
            [
              4.628755,
              51.546617
            ],
            [
              4.62873,
              51.546641
            ],
            [
              4.628619,
              51.546748
            ],
            [
              4.628388,
              51.546948
            ],
            [
              4.628077,
              51.547201
            ],
            [
              4.628046,
              51.547228
            ],
            [
              4.627798,
              51.547444
            ],
            [
              4.627722,
              51.547508
            ],
            [
              4.627676,
              51.547547
            ],
            [
              4.627431,
              51.547755
            ],
            [
              4.627184,
              51.54796
            ],
            [
              4.627017,
              51.548081
            ],
            [
              4.626988,
              51.548085
            ],
            [
              4.626977,
              51.548086
            ],
            [
              4.626946,
              51.548056
            ],
            [
              4.626893,
              51.547982
            ],
            [
              4.626731,
              51.547751
            ],
            [
              4.626608,
              51.547579
            ],
            [
              4.62658,
              51.547543
            ],
            [
              4.626539,
              51.54749
            ],
            [
              4.626534,
              51.547477
            ],
            [
              4.626524,
              51.54745
            ],
            [
              4.62639,
              51.54745
            ],
            [
              4.6261,
              51.547433
            ],
            [
              4.625809,
              51.547412
            ],
            [
              4.625802,
              51.547431
            ],
            [
              4.625783,
              51.547477
            ],
            [
              4.625777,
              51.547492
            ],
            [
              4.625764,
              51.547525
            ],
            [
              4.625752,
              51.547555
            ],
            [
              4.625719,
              51.547636
            ],
            [
              4.62565,
              51.548023
            ],
            [
              4.62558,
              51.548415
            ],
            [
              4.625554,
              51.548542
            ],
            [
              4.625494,
              51.54889
            ],
            [
              4.625467,
              51.549066
            ],
            [
              4.62545,
              51.54913
            ],
            [
              4.625395,
              51.549149
            ],
            [
              4.625371,
              51.549173
            ],
            [
              4.625363,
              51.549208
            ],
            [
              4.625328,
              51.549408
            ],
            [
              4.625223,
              51.55002
            ],
            [
              4.625141,
              51.550472
            ],
            [
              4.625102,
              51.550686
            ],
            [
              4.624919,
              51.551724
            ],
            [
              4.624819,
              51.55226
            ],
            [
              4.624816,
              51.552275
            ],
            [
              4.624813,
              51.552292
            ],
            [
              4.624798,
              51.55237
            ],
            [
              4.624797,
              51.552381
            ],
            [
              4.624796,
              51.552386
            ],
            [
              4.624743,
              51.552386
            ],
            [
              4.624748,
              51.552353
            ],
            [
              4.624763,
              51.552276
            ],
            [
              4.624766,
              51.55226
            ],
            [
              4.624525,
              51.552261
            ],
            [
              4.624128,
              51.552267
            ],
            [
              4.624101,
              51.552268
            ],
            [
              4.624099,
              51.552268
            ],
            [
              4.623784,
              51.552273
            ],
            [
              4.623487,
              51.552283
            ],
            [
              4.623468,
              51.552283
            ],
            [
              4.623437,
              51.552284
            ],
            [
              4.623395,
              51.552286
            ],
            [
              4.623389,
              51.552286
            ],
            [
              4.623273,
              51.552289
            ],
            [
              4.623221,
              51.552291
            ],
            [
              4.623214,
              51.552294
            ],
            [
              4.623359,
              51.552419
            ],
            [
              4.623142,
              51.552429
            ],
            [
              4.623123,
              51.55243
            ],
            [
              4.622853,
              51.552442
            ],
            [
              4.622572,
              51.552455
            ],
            [
              4.622563,
              51.552456
            ],
            [
              4.622323,
              51.552467
            ],
            [
              4.62202,
              51.552485
            ],
            [
              4.621938,
              51.55249
            ],
            [
              4.621937,
              51.552479
            ],
            [
              4.621928,
              51.552394
            ],
            [
              4.621924,
              51.552355
            ],
            [
              4.621566,
              51.552379
            ],
            [
              4.620999,
              51.552422
            ],
            [
              4.620922,
              51.552428
            ],
            [
              4.62083,
              51.552436
            ],
            [
              4.620649,
              51.55246
            ],
            [
              4.620473,
              51.552508
            ],
            [
              4.620298,
              51.552561
            ],
            [
              4.620162,
              51.552583
            ],
            [
              4.620129,
              51.552628
            ],
            [
              4.619912,
              51.55265
            ],
            [
              4.619861,
              51.552655
            ],
            [
              4.61965,
              51.552678
            ],
            [
              4.6197,
              51.552687
            ],
            [
              4.619839,
              51.552712
            ],
            [
              4.619783,
              51.552718
            ],
            [
              4.619641,
              51.552733
            ],
            [
              4.619564,
              51.552742
            ],
            [
              4.619495,
              51.552749
            ],
            [
              4.619485,
              51.552748
            ],
            [
              4.619452,
              51.552743
            ],
            [
              4.619366,
              51.55273
            ],
            [
              4.619241,
              51.552707
            ],
            [
              4.618807,
              51.552761
            ],
            [
              4.618756,
              51.552767
            ],
            [
              4.618674,
              51.552777
            ],
            [
              4.618287,
              51.552821
            ],
            [
              4.617978,
              51.552856
            ],
            [
              4.617948,
              51.552859
            ],
            [
              4.617781,
              51.552883
            ],
            [
              4.617703,
              51.552894
            ],
            [
              4.617525,
              51.552919
            ],
            [
              4.617439,
              51.552931
            ],
            [
              4.617261,
              51.552956
            ],
            [
              4.617228,
              51.552961
            ],
            [
              4.617213,
              51.552963
            ],
            [
              4.617166,
              51.55297
            ],
            [
              4.616507,
              51.553065
            ],
            [
              4.615791,
              51.553179
            ],
            [
              4.615748,
              51.553188
            ],
            [
              4.61566,
              51.553205
            ],
            [
              4.615085,
              51.553317
            ],
            [
              4.614392,
              51.553464
            ],
            [
              4.614381,
              51.553467
            ],
            [
              4.614379,
              51.553467
            ],
            [
              4.614268,
              51.553493
            ],
            [
              4.61415,
              51.553521
            ],
            [
              4.614101,
              51.553533
            ],
            [
              4.614087,
              51.553536
            ],
            [
              4.614079,
              51.553538
            ],
            [
              4.614057,
              51.553543
            ],
            [
              4.614042,
              51.553547
            ],
            [
              4.614003,
              51.553556
            ],
            [
              4.613829,
              51.553597
            ],
            [
              4.613692,
              51.553629
            ],
            [
              4.61356,
              51.553662
            ],
            [
              4.613262,
              51.553736
            ],
            [
              4.613245,
              51.553741
            ],
            [
              4.613109,
              51.553775
            ],
            [
              4.613085,
              51.553781
            ],
            [
              4.613085,
              51.553782
            ],
            [
              4.613026,
              51.553798
            ],
            [
              4.613007,
              51.553802
            ],
            [
              4.612327,
              51.553986
            ],
            [
              4.611654,
              51.55418
            ],
            [
              4.611633,
              51.554186
            ],
            [
              4.611501,
              51.554226
            ],
            [
              4.61147,
              51.554236
            ],
            [
              4.611194,
              51.554319
            ],
            [
              4.611003,
              51.554339
            ],
            [
              4.61077,
              51.554245
            ],
            [
              4.610656,
              51.554059
            ],
            [
              4.61034,
              51.553545
            ],
            [
              4.610048,
              51.553618
            ],
            [
              4.609688,
              51.553707
            ],
            [
              4.609286,
              51.553807
            ],
            [
              4.609196,
              51.553829
            ],
            [
              4.608828,
              51.553929
            ],
            [
              4.608578,
              51.554026
            ],
            [
              4.608465,
              51.55407
            ],
            [
              4.608136,
              51.554242
            ],
            [
              4.607855,
              51.554443
            ],
            [
              4.607626,
              51.55467
            ],
            [
              4.607522,
              51.554809
            ],
            [
              4.607518,
              51.554814
            ],
            [
              4.607494,
              51.55485
            ],
            [
              4.607484,
              51.554866
            ],
            [
              4.607479,
              51.554874
            ],
            [
              4.607466,
              51.554892
            ],
            [
              4.607202,
              51.555312
            ],
            [
              4.607187,
              51.555337
            ],
            [
              4.60717,
              51.555362
            ],
            [
              4.607069,
              51.555516
            ],
            [
              4.606926,
              51.555699
            ],
            [
              4.606755,
              51.555864
            ],
            [
              4.606571,
              51.556023
            ],
            [
              4.606499,
              51.556067
            ],
            [
              4.606486,
              51.556075
            ],
            [
              4.606347,
              51.55616
            ],
            [
              4.606092,
              51.556293
            ],
            [
              4.605548,
              51.556584
            ],
            [
              4.605431,
              51.556649
            ],
            [
              4.6051,
              51.556834
            ],
            [
              4.605054,
              51.55686
            ],
            [
              4.604846,
              51.556975
            ],
            [
              4.604767,
              51.55702
            ],
            [
              4.604748,
              51.55703
            ],
            [
              4.604687,
              51.55706
            ],
            [
              4.604356,
              51.557236
            ],
            [
              4.604342,
              51.557244
            ],
            [
              4.604325,
              51.557253
            ],
            [
              4.604055,
              51.557403
            ],
            [
              4.603785,
              51.557553
            ],
            [
              4.603687,
              51.557607
            ],
            [
              4.603507,
              51.557708
            ],
            [
              4.603248,
              51.557852
            ],
            [
              4.602973,
              51.557999
            ],
            [
              4.602752,
              51.558117
            ],
            [
              4.602714,
              51.558137
            ],
            [
              4.602394,
              51.558314
            ],
            [
              4.602364,
              51.55833
            ],
            [
              4.602243,
              51.558397
            ],
            [
              4.602196,
              51.558423
            ],
            [
              4.601947,
              51.558549
            ],
            [
              4.601659,
              51.558695
            ],
            [
              4.601624,
              51.558709
            ],
            [
              4.601085,
              51.558934
            ],
            [
              4.600626,
              51.55911
            ],
            [
              4.600596,
              51.559099
            ],
            [
              4.600573,
              51.559107
            ],
            [
              4.600428,
              51.559154
            ],
            [
              4.600399,
              51.559164
            ],
            [
              4.600394,
              51.559166
            ],
            [
              4.600001,
              51.559294
            ],
            [
              4.599873,
              51.559337
            ],
            [
              4.599253,
              51.559518
            ],
            [
              4.598719,
              51.559655
            ],
            [
              4.59862,
              51.559681
            ],
            [
              4.598098,
              51.559796
            ],
            [
              4.59802,
              51.559813
            ],
            [
              4.598016,
              51.559814
            ],
            [
              4.597974,
              51.559823
            ],
            [
              4.597317,
              51.559943
            ],
            [
              4.596831,
              51.560019
            ],
            [
              4.596792,
              51.560025
            ],
            [
              4.596653,
              51.560047
            ],
            [
              4.596479,
              51.560069
            ],
            [
              4.596454,
              51.560073
            ],
            [
              4.596443,
              51.560074
            ],
            [
              4.596406,
              51.560079
            ],
            [
              4.59639,
              51.560081
            ],
            [
              4.596338,
              51.560089
            ],
            [
              4.595981,
              51.560132
            ],
            [
              4.595603,
              51.560165
            ],
            [
              4.595386,
              51.560184
            ],
            [
              4.595241,
              51.560198
            ],
            [
              4.594722,
              51.560219
            ],
            [
              4.594664,
              51.560222
            ],
            [
              4.594172,
              51.560241
            ],
            [
              4.594078,
              51.560245
            ],
            [
              4.59405,
              51.560244
            ],
            [
              4.592628,
              51.560213
            ],
            [
              4.592577,
              51.560286
            ],
            [
              4.592388,
              51.560272
            ],
            [
              4.592001,
              51.560245
            ],
            [
              4.591972,
              51.560493
            ],
            [
              4.591968,
              51.560525
            ],
            [
              4.59195,
              51.560773
            ],
            [
              4.59189,
              51.560855
            ],
            [
              4.59189,
              51.560856
            ],
            [
              4.591761,
              51.561032
            ],
            [
              4.590188,
              51.560778
            ],
            [
              4.589962,
              51.560741
            ],
            [
              4.589934,
              51.560732
            ],
            [
              4.58972,
              51.560695
            ],
            [
              4.589557,
              51.560657
            ],
            [
              4.58935,
              51.560596
            ],
            [
              4.589211,
              51.560548
            ],
            [
              4.588952,
              51.560446
            ],
            [
              4.588682,
              51.560369
            ],
            [
              4.588203,
              51.560265
            ],
            [
              4.587703,
              51.560164
            ],
            [
              4.587376,
              51.560097
            ],
            [
              4.586621,
              51.559951
            ],
            [
              4.585998,
              51.559832
            ],
            [
              4.585553,
              51.55975
            ],
            [
              4.585132,
              51.559671
            ],
            [
              4.584977,
              51.559644
            ],
            [
              4.584896,
              51.559637
            ],
            [
              4.584789,
              51.559635
            ],
            [
              4.584658,
              51.559642
            ],
            [
              4.584553,
              51.559652
            ],
            [
              4.584425,
              51.559674
            ],
            [
              4.584162,
              51.559738
            ],
            [
              4.583909,
              51.559863
            ],
            [
              4.583838,
              51.5599
            ],
            [
              4.583668,
              51.559991
            ],
            [
              4.583159,
              51.560262
            ],
            [
              4.582879,
              51.560419
            ],
            [
              4.582319,
              51.560355
            ],
            [
              4.582122,
              51.560332
            ],
            [
              4.581914,
              51.560296
            ],
            [
              4.581751,
              51.560267
            ],
            [
              4.581553,
              51.560082
            ],
            [
              4.581596,
              51.560012
            ],
            [
              4.581603,
              51.55998
            ],
            [
              4.581638,
              51.559923
            ],
            [
              4.581943,
              51.559841
            ],
            [
              4.582129,
              51.559479
            ],
            [
              4.582217,
              51.559281
            ],
            [
              4.582239,
              51.559206
            ],
            [
              4.582227,
              51.559173
            ],
            [
              4.582214,
              51.559139
            ],
            [
              4.582151,
              51.559093
            ],
            [
              4.582083,
              51.559069
            ],
            [
              4.582007,
              51.55905
            ],
            [
              4.581971,
              51.55912
            ],
            [
              4.581729,
              51.559072
            ],
            [
              4.581768,
              51.558995
            ],
            [
              4.581713,
              51.558987
            ],
            [
              4.581543,
              51.558996
            ],
            [
              4.581481,
              51.559014
            ],
            [
              4.581387,
              51.558986
            ],
            [
              4.580272,
              51.558731
            ],
            [
              4.579786,
              51.558624
            ],
            [
              4.579705,
              51.558606
            ],
            [
              4.579658,
              51.558595
            ],
            [
              4.579245,
              51.558503
            ],
            [
              4.578678,
              51.558385
            ],
            [
              4.577951,
              51.55824
            ],
            [
              4.577722,
              51.558196
            ],
            [
              4.577065,
              51.558061
            ],
            [
              4.576797,
              51.558008
            ],
            [
              4.576093,
              51.557865
            ],
            [
              4.57589,
              51.557821
            ],
            [
              4.575671,
              51.557771
            ],
            [
              4.575299,
              51.557691
            ],
            [
              4.574808,
              51.557585
            ],
            [
              4.574655,
              51.55755
            ],
            [
              4.574321,
              51.557479
            ],
            [
              4.573602,
              51.557328
            ],
            [
              4.572255,
              51.557057
            ],
            [
              4.570885,
              51.55678
            ],
            [
              4.569517,
              51.556504
            ],
            [
              4.568149,
              51.556225
            ],
            [
              4.566803,
              51.555955
            ],
            [
              4.566777,
              51.55595
            ],
            [
              4.566294,
              51.555854
            ],
            [
              4.565291,
              51.555653
            ],
            [
              4.564917,
              51.555577
            ],
            [
              4.563544,
              51.555302
            ],
            [
              4.562173,
              51.555026
            ],
            [
              4.560802,
              51.554751
            ],
            [
              4.559429,
              51.554473
            ],
            [
              4.558059,
              51.554196
            ],
            [
              4.556867,
              51.553955
            ],
            [
              4.556683,
              51.553917
            ],
            [
              4.556026,
              51.553785
            ],
            [
              4.555315,
              51.553642
            ],
            [
              4.553938,
              51.553366
            ],
            [
              4.553187,
              51.553219
            ],
            [
              4.551795,
              51.552967
            ],
            [
              4.551185,
              51.552848
            ],
            [
              4.549811,
              51.552577
            ],
            [
              4.548427,
              51.552319
            ],
            [
              4.548309,
              51.552301
            ],
            [
              4.548136,
              51.552296
            ],
            [
              4.547311,
              51.552361
            ],
            [
              4.547114,
              51.552411
            ],
            [
              4.547111,
              51.552413
            ],
            [
              4.547078,
              51.552432
            ],
            [
              4.546998,
              51.552478
            ],
            [
              4.546906,
              51.552581
            ],
            [
              4.546833,
              51.552751
            ],
            [
              4.546852,
              51.552754
            ],
            [
              4.546847,
              51.552768
            ],
            [
              4.546837,
              51.552781
            ],
            [
              4.546553,
              51.553389
            ],
            [
              4.546445,
              51.553651
            ],
            [
              4.545924,
              51.553565
            ],
            [
              4.545884,
              51.55366
            ],
            [
              4.545812,
              51.553695
            ],
            [
              4.545781,
              51.553711
            ],
            [
              4.545378,
              51.553906
            ],
            [
              4.545371,
              51.553909
            ],
            [
              4.545051,
              51.553652
            ],
            [
              4.545003,
              51.553644
            ],
            [
              4.544961,
              51.553628
            ],
            [
              4.544922,
              51.55361
            ],
            [
              4.544889,
              51.553584
            ],
            [
              4.544856,
              51.553549
            ],
            [
              4.544797,
              51.553476
            ],
            [
              4.544787,
              51.553457
            ],
            [
              4.544773,
              51.553434
            ],
            [
              4.544743,
              51.553368
            ],
            [
              4.544721,
              51.553311
            ],
            [
              4.544697,
              51.553227
            ],
            [
              4.544678,
              51.553139
            ],
            [
              4.544647,
              51.552991
            ],
            [
              4.54464,
              51.552948
            ],
            [
              4.544635,
              51.55288
            ],
            [
              4.544637,
              51.552861
            ],
            [
              4.544647,
              51.552708
            ],
            [
              4.544666,
              51.552635
            ],
            [
              4.54472,
              51.552517
            ],
            [
              4.544762,
              51.552438
            ],
            [
              4.544873,
              51.552217
            ],
            [
              4.544965,
              51.552064
            ],
            [
              4.545058,
              51.551893
            ],
            [
              4.54513,
              51.551772
            ],
            [
              4.545143,
              51.551719
            ],
            [
              4.545132,
              51.551693
            ],
            [
              4.545084,
              51.551646
            ],
            [
              4.545011,
              51.551605
            ],
            [
              4.544937,
              51.551582
            ],
            [
              4.544891,
              51.551668
            ],
            [
              4.544628,
              51.551621
            ],
            [
              4.544678,
              51.551527
            ],
            [
              4.544584,
              51.551513
            ],
            [
              4.544476,
              51.551512
            ],
            [
              4.544438,
              51.551518
            ],
            [
              4.544417,
              51.551526
            ],
            [
              4.544389,
              51.551552
            ],
            [
              4.543809,
              51.55141
            ],
            [
              4.543631,
              51.551358
            ],
            [
              4.543453,
              51.551313
            ],
            [
              4.543068,
              51.551228
            ],
            [
              4.54233,
              51.551067
            ],
            [
              4.541864,
              51.550968
            ],
            [
              4.541372,
              51.550872
            ],
            [
              4.540343,
              51.550662
            ],
            [
              4.53897,
              51.550385
            ],
            [
              4.5376,
              51.550108
            ],
            [
              4.536559,
              51.549896
            ],
            [
              4.536377,
              51.549859
            ],
            [
              4.536223,
              51.549828
            ],
            [
              4.534852,
              51.549547
            ],
            [
              4.533483,
              51.54927
            ],
            [
              4.533343,
              51.549254
            ],
            [
              4.533186,
              51.549243
            ],
            [
              4.533097,
              51.549244
            ],
            [
              4.532913,
              51.549241
            ],
            [
              4.532804,
              51.549237
            ],
            [
              4.532685,
              51.549241
            ],
            [
              4.532488,
              51.549248
            ],
            [
              4.532223,
              51.549272
            ],
            [
              4.532093,
              51.549286
            ],
            [
              4.531746,
              51.549317
            ],
            [
              4.531527,
              51.549328
            ],
            [
              4.531226,
              51.549332
            ],
            [
              4.531005,
              51.549321
            ],
            [
              4.530737,
              51.549298
            ],
            [
              4.530513,
              51.549275
            ],
            [
              4.530425,
              51.549262
            ],
            [
              4.530359,
              51.549256
            ],
            [
              4.530231,
              51.549407
            ],
            [
              4.529938,
              51.549757
            ],
            [
              4.529891,
              51.549812
            ],
            [
              4.529664,
              51.550084
            ],
            [
              4.529562,
              51.550204
            ],
            [
              4.529462,
              51.550322
            ],
            [
              4.529089,
              51.550776
            ],
            [
              4.52876,
              51.551165
            ],
            [
              4.528467,
              51.551512
            ],
            [
              4.528401,
              51.55159
            ],
            [
              4.528153,
              51.55189
            ],
            [
              4.52808,
              51.551984
            ],
            [
              4.528069,
              51.551999
            ],
            [
              4.528095,
              51.552139
            ],
            [
              4.528099,
              51.552162
            ],
            [
              4.528211,
              51.552783
            ],
            [
              4.528219,
              51.552825
            ],
            [
              4.528276,
              51.553128
            ],
            [
              4.528352,
              51.55354
            ],
            [
              4.528351,
              51.553692
            ],
            [
              4.528388,
              51.553907
            ],
            [
              4.528465,
              51.554345
            ],
            [
              4.528505,
              51.554586
            ],
            [
              4.528524,
              51.5547
            ],
            [
              4.528546,
              51.554825
            ],
            [
              4.528566,
              51.554938
            ],
            [
              4.528609,
              51.555166
            ],
            [
              4.528632,
              51.555212
            ],
            [
              4.528692,
              51.555335
            ],
            [
              4.52869,
              51.555487
            ],
            [
              4.529035,
              51.556173
            ],
            [
              4.529388,
              51.556874
            ],
            [
              4.529926,
              51.557942
            ],
            [
              4.530102,
              51.558293
            ],
            [
              4.530191,
              51.558469
            ],
            [
              4.53036,
              51.558805
            ],
            [
              4.530905,
              51.559887
            ],
            [
              4.530905,
              51.559888
            ],
            [
              4.531432,
              51.560426
            ],
            [
              4.531446,
              51.560426
            ],
            [
              4.531802,
              51.560757
            ],
            [
              4.531833,
              51.560787
            ],
            [
              4.531925,
              51.560873
            ],
            [
              4.531929,
              51.560876
            ],
            [
              4.531966,
              51.560911
            ],
            [
              4.533633,
              51.562466
            ],
            [
              4.533634,
              51.562467
            ],
            [
              4.533636,
              51.562469
            ],
            [
              4.534335,
              51.563251
            ],
            [
              4.534494,
              51.563428
            ],
            [
              4.534496,
              51.56343
            ],
            [
              4.534584,
              51.563529
            ],
            [
              4.535907,
              51.565007
            ],
            [
              4.535925,
              51.565027
            ],
            [
              4.536268,
              51.565411
            ],
            [
              4.536538,
              51.565713
            ],
            [
              4.536543,
              51.565719
            ],
            [
              4.536547,
              51.565722
            ],
            [
              4.536616,
              51.565776
            ],
            [
              4.53626,
              51.565815
            ],
            [
              4.531734,
              51.566311
            ],
            [
              4.531687,
              51.566275
            ],
            [
              4.53168,
              51.56627
            ],
            [
              4.531628,
              51.566142
            ],
            [
              4.53148,
              51.566147
            ],
            [
              4.531353,
              51.566151
            ],
            [
              4.531177,
              51.566157
            ],
            [
              4.530714,
              51.566173
            ],
            [
              4.53064,
              51.56618
            ],
            [
              4.529905,
              51.566259
            ],
            [
              4.529332,
              51.566321
            ],
            [
              4.528975,
              51.566361
            ],
            [
              4.528297,
              51.566441
            ],
            [
              4.527713,
              51.566506
            ],
            [
              4.527146,
              51.566575
            ],
            [
              4.527138,
              51.566576
            ],
            [
              4.527074,
              51.566584
            ],
            [
              4.527064,
              51.566585
            ],
            [
              4.526986,
              51.566594
            ],
            [
              4.526962,
              51.566597
            ],
            [
              4.52674,
              51.566624
            ],
            [
              4.526438,
              51.566635
            ],
            [
              4.525929,
              51.566689
            ],
            [
              4.525792,
              51.566703
            ],
            [
              4.525672,
              51.566721
            ],
            [
              4.525542,
              51.566741
            ],
            [
              4.525266,
              51.566778
            ],
            [
              4.524584,
              51.566873
            ],
            [
              4.524011,
              51.566951
            ],
            [
              4.523941,
              51.566962
            ],
            [
              4.523726,
              51.56699
            ],
            [
              4.52304,
              51.567073
            ],
            [
              4.522327,
              51.567157
            ],
            [
              4.521669,
              51.567235
            ],
            [
              4.521547,
              51.567248
            ],
            [
              4.521234,
              51.56728
            ],
            [
              4.520614,
              51.567343
            ],
            [
              4.52051,
              51.567354
            ],
            [
              4.519718,
              51.567434
            ],
            [
              4.519355,
              51.567473
            ],
            [
              4.519069,
              51.567508
            ],
            [
              4.518398,
              51.567588
            ],
            [
              4.518312,
              51.567599
            ],
            [
              4.51801,
              51.567636
            ],
            [
              4.517919,
              51.567647
            ],
            [
              4.517787,
              51.567664
            ],
            [
              4.517509,
              51.567699
            ],
            [
              4.517105,
              51.567749
            ],
            [
              4.516795,
              51.567788
            ],
            [
              4.516647,
              51.567807
            ],
            [
              4.516636,
              51.567783
            ],
            [
              4.516164,
              51.567829
            ],
            [
              4.515402,
              51.56791
            ],
            [
              4.515383,
              51.567912
            ],
            [
              4.514589,
              51.567999
            ],
            [
              4.513974,
              51.568068
            ],
            [
              4.513466,
              51.568126
            ],
            [
              4.51343,
              51.568131
            ],
            [
              4.513276,
              51.568148
            ],
            [
              4.512788,
              51.568202
            ],
            [
              4.512187,
              51.568264
            ],
            [
              4.512006,
              51.568285
            ],
            [
              4.511741,
              51.568315
            ],
            [
              4.511157,
              51.568374
            ],
            [
              4.511115,
              51.568379
            ],
            [
              4.510662,
              51.568425
            ],
            [
              4.510512,
              51.56844
            ],
            [
              4.510248,
              51.568469
            ],
            [
              4.509996,
              51.568496
            ],
            [
              4.509451,
              51.568562
            ],
            [
              4.509436,
              51.5685
            ],
            [
              4.509225,
              51.567637
            ],
            [
              4.50915,
              51.567334
            ],
            [
              4.508725,
              51.565594
            ],
            [
              4.508713,
              51.565549
            ],
            [
              4.508703,
              51.56555
            ],
            [
              4.507773,
              51.565661
            ],
            [
              4.507771,
              51.565661
            ],
            [
              4.50757,
              51.565685
            ],
            [
              4.507416,
              51.565703
            ],
            [
              4.506294,
              51.565829
            ],
            [
              4.506233,
              51.565879
            ],
            [
              4.506141,
              51.565954
            ],
            [
              4.504956,
              51.566026
            ],
            [
              4.504945,
              51.565988
            ],
            [
              4.504507,
              51.564326
            ],
            [
              4.504167,
              51.563035
            ],
            [
              4.504154,
              51.562985
            ],
            [
              4.503832,
              51.563019
            ],
            [
              4.503324,
              51.563076
            ],
            [
              4.502705,
              51.56315
            ],
            [
              4.502111,
              51.563217
            ],
            [
              4.501635,
              51.563271
            ],
            [
              4.50162,
              51.563215
            ],
            [
              4.501619,
              51.563211
            ],
            [
              4.501428,
              51.56249
            ],
            [
              4.501281,
              51.561944
            ],
            [
              4.500949,
              51.56071
            ],
            [
              4.500827,
              51.560241
            ],
            [
              4.500812,
              51.560184
            ],
            [
              4.500758,
              51.559983
            ],
            [
              4.500636,
              51.559547
            ],
            [
              4.500507,
              51.559058
            ],
            [
              4.500428,
              51.558762
            ],
            [
              4.500387,
              51.558605
            ],
            [
              4.500322,
              51.558581
            ],
            [
              4.500204,
              51.558536
            ],
            [
              4.500219,
              51.558517
            ],
            [
              4.50026,
              51.558448
            ],
            [
              4.500285,
              51.558364
            ],
            [
              4.500279,
              51.558267
            ],
            [
              4.500228,
              51.558064
            ],
            [
              4.500125,
              51.557664
            ],
            [
              4.500023,
              51.55729
            ],
            [
              4.499999,
              51.557198
            ],
            [
              4.499993,
              51.557176
            ],
            [
              4.500005,
              51.557164
            ],
            [
              4.499986,
              51.557058
            ],
            [
              4.499972,
              51.557004
            ],
            [
              4.499695,
              51.555965
            ],
            [
              4.499517,
              51.555268
            ],
            [
              4.499465,
              51.555067
            ],
            [
              4.49946,
              51.555047
            ],
            [
              4.499431,
              51.554964
            ],
            [
              4.499419,
              51.55492
            ],
            [
              4.499269,
              51.554358
            ],
            [
              4.499088,
              51.553693
            ],
            [
              4.498899,
              51.553004
            ],
            [
              4.498758,
              51.552478
            ],
            [
              4.498615,
              51.551956
            ],
            [
              4.498369,
              51.551044
            ],
            [
              4.498343,
              51.550956
            ],
            [
              4.498263,
              51.550635
            ],
            [
              4.498167,
              51.550258
            ],
            [
              4.498107,
              51.550014
            ],
            [
              4.498059,
              51.549879
            ],
            [
              4.498046,
              51.549851
            ],
            [
              4.497991,
              51.549501
            ],
            [
              4.497936,
              51.549157
            ],
            [
              4.497908,
              51.548998
            ],
            [
              4.497897,
              51.548936
            ],
            [
              4.49789,
              51.54888
            ],
            [
              4.497837,
              51.548561
            ],
            [
              4.497769,
              51.548131
            ],
            [
              4.49768,
              51.547587
            ],
            [
              4.497553,
              51.54691
            ],
            [
              4.497513,
              51.546641
            ],
            [
              4.497473,
              51.546336
            ],
            [
              4.497472,
              51.546273
            ],
            [
              4.497491,
              51.546213
            ],
            [
              4.497533,
              51.546147
            ],
            [
              4.497586,
              51.54609
            ],
            [
              4.497667,
              51.546034
            ],
            [
              4.497741,
              51.546004
            ],
            [
              4.49789,
              51.545957
            ],
            [
              4.49791,
              51.545951
            ],
            [
              4.497916,
              51.545968
            ],
            [
              4.498055,
              51.54596
            ],
            [
              4.498241,
              51.54593
            ],
            [
              4.498405,
              51.54589
            ],
            [
              4.498491,
              51.545858
            ],
            [
              4.49854,
              51.54584
            ],
            [
              4.498611,
              51.545807
            ],
            [
              4.498613,
              51.545806
            ],
            [
              4.498722,
              51.545751
            ],
            [
              4.498789,
              51.545704
            ],
            [
              4.498847,
              51.545633
            ],
            [
              4.49891,
              51.545509
            ],
            [
              4.498939,
              51.545413
            ],
            [
              4.49894,
              51.54531
            ],
            [
              4.498842,
              51.54484
            ],
            [
              4.498831,
              51.544785
            ],
            [
              4.498835,
              51.544785
            ],
            [
              4.499279,
              51.544734
            ],
            [
              4.499651,
              51.544692
            ],
            [
              4.500617,
              51.544583
            ],
            [
              4.500822,
              51.544559
            ],
            [
              4.501588,
              51.544483
            ],
            [
              4.501922,
              51.54443
            ],
            [
              4.504296,
              51.544022
            ],
            [
              4.504427,
              51.544021
            ],
            [
              4.504452,
              51.544018
            ],
            [
              4.505432,
              51.543855
            ],
            [
              4.505766,
              51.5438
            ],
            [
              4.505813,
              51.543793
            ],
            [
              4.506116,
              51.543746
            ],
            [
              4.507354,
              51.543538
            ],
            [
              4.507708,
              51.543479
            ],
            [
              4.507792,
              51.543463
            ],
            [
              4.507847,
              51.543453
            ],
            [
              4.507998,
              51.543425
            ],
            [
              4.508059,
              51.543444
            ],
            [
              4.507847,
              51.543476
            ],
            [
              4.507764,
              51.543489
            ],
            [
              4.507846,
              51.543506
            ],
            [
              4.508537,
              51.543649
            ],
            [
              4.509318,
              51.5438
            ],
            [
              4.510162,
              51.543914
            ],
            [
              4.510564,
              51.543971
            ],
            [
              4.510843,
              51.54401
            ],
            [
              4.511093,
              51.54401
            ],
            [
              4.511316,
              51.543982
            ],
            [
              4.511653,
              51.543878
            ],
            [
              4.512443,
              51.543229
            ],
            [
              4.512476,
              51.543202
            ],
            [
              4.5125,
              51.543182
            ],
            [
              4.513109,
              51.542672
            ],
            [
              4.513779,
              51.542113
            ],
            [
              4.514189,
              51.541953
            ],
            [
              4.514444,
              51.541901
            ],
            [
              4.514866,
              51.541895
            ],
            [
              4.515103,
              51.541942
            ],
            [
              4.515493,
              51.54202
            ],
            [
              4.515624,
              51.542046
            ],
            [
              4.515778,
              51.542077
            ],
            [
              4.515833,
              51.542088
            ],
            [
              4.51602,
              51.542262
            ],
            [
              4.516076,
              51.542458
            ],
            [
              4.515796,
              51.542998
            ],
            [
              4.515874,
              51.542995
            ],
            [
              4.517708,
              51.542884
            ],
            [
              4.518395,
              51.542843
            ],
            [
              4.51883,
              51.542816
            ],
            [
              4.518989,
              51.542807
            ],
            [
              4.519299,
              51.542788
            ],
            [
              4.520293,
              51.542727
            ],
            [
              4.521614,
              51.542649
            ],
            [
              4.522422,
              51.542601
            ],
            [
              4.52316,
              51.542558
            ],
            [
              4.52317,
              51.542557
            ],
            [
              4.523192,
              51.542557
            ],
            [
              4.522864,
              51.540771
            ],
            [
              4.522568,
              51.539137
            ],
            [
              4.522539,
              51.538997
            ],
            [
              4.521873,
              51.535542
            ],
            [
              4.521408,
              51.533095
            ],
            [
              4.521432,
              51.533046
            ],
            [
              4.521575,
              51.53275
            ],
            [
              4.521741,
              51.532416
            ],
            [
              4.521778,
              51.532341
            ],
            [
              4.521945,
              51.531913
            ],
            [
              4.521957,
              51.531842
            ],
            [
              4.521969,
              51.531776
            ],
            [
              4.52197,
              51.531768
            ],
            [
              4.521974,
              51.531741
            ],
            [
              4.521936,
              51.531672
            ],
            [
              4.521887,
              51.531634
            ],
            [
              4.521789,
              51.531562
            ],
            [
              4.521741,
              51.531526
            ],
            [
              4.52171,
              51.531503
            ],
            [
              4.52154,
              51.53127
            ],
            [
              4.521392,
              51.530998
            ],
            [
              4.520872,
              51.529919
            ],
            [
              4.520822,
              51.529816
            ],
            [
              4.520695,
              51.529554
            ],
            [
              4.520487,
              51.529158
            ],
            [
              4.520419,
              51.528991
            ],
            [
              4.520659,
              51.528981
            ],
            [
              4.520929,
              51.528965
            ],
            [
              4.52119,
              51.528951
            ],
            [
              4.52118,
              51.52894
            ],
            [
              4.521171,
              51.528929
            ],
            [
              4.521096,
              51.528843
            ],
            [
              4.520752,
              51.52845
            ],
            [
              4.520716,
              51.52841
            ],
            [
              4.520022,
              51.52763
            ],
            [
              4.51971,
              51.527283
            ],
            [
              4.519582,
              51.52713
            ],
            [
              4.519579,
              51.527117
            ],
            [
              4.519577,
              51.5271
            ],
            [
              4.519579,
              51.527081
            ],
            [
              4.51959,
              51.527055
            ],
            [
              4.5196,
              51.527036
            ],
            [
              4.519609,
              51.527019
            ],
            [
              4.519756,
              51.526932
            ],
            [
              4.519921,
              51.526851
            ],
            [
              4.520002,
              51.526805
            ],
            [
              4.520064,
              51.526755
            ],
            [
              4.52011,
              51.526694
            ],
            [
              4.52013,
              51.526653
            ],
            [
              4.520137,
              51.526611
            ],
            [
              4.520137,
              51.526579
            ],
            [
              4.520137,
              51.526558
            ],
            [
              4.520136,
              51.52653
            ],
            [
              4.520023,
              51.526254
            ],
            [
              4.51974,
              51.525559
            ],
            [
              4.519658,
              51.525401
            ],
            [
              4.519493,
              51.525324
            ],
            [
              4.519318,
              51.525319
            ],
            [
              4.519093,
              51.52535
            ],
            [
              4.518185,
              51.525468
            ],
            [
              4.518043,
              51.525481
            ],
            [
              4.517837,
              51.525472
            ],
            [
              4.517724,
              51.525433
            ],
            [
              4.517651,
              51.525388
            ],
            [
              4.517574,
              51.525295
            ],
            [
              4.517403,
              51.52492
            ],
            [
              4.517288,
              51.524646
            ],
            [
              4.516724,
              51.523303
            ],
            [
              4.516399,
              51.522502
            ],
            [
              4.516158,
              51.521909
            ],
            [
              4.516104,
              51.521749
            ],
            [
              4.516057,
              51.521555
            ],
            [
              4.516019,
              51.521525
            ],
            [
              4.515954,
              51.52152
            ],
            [
              4.51555,
              51.521541
            ],
            [
              4.514279,
              51.521613
            ],
            [
              4.513705,
              51.521645
            ],
            [
              4.513615,
              51.521635
            ],
            [
              4.513564,
              51.521602
            ],
            [
              4.513529,
              51.521537
            ],
            [
              4.513529,
              51.521423
            ],
            [
              4.514332,
              51.517896
            ],
            [
              4.514271,
              51.517888
            ],
            [
              4.513509,
              51.517805
            ],
            [
              4.512931,
              51.517736
            ],
            [
              4.512275,
              51.517646
            ],
            [
              4.508355,
              51.517186
            ],
            [
              4.506002,
              51.51691
            ],
            [
              4.503058,
              51.516767
            ],
            [
              4.502879,
              51.516759
            ],
            [
              4.502659,
              51.516748
            ],
            [
              4.502419,
              51.516735
            ],
            [
              4.502231,
              51.516726
            ],
            [
              4.50218,
              51.516724
            ],
            [
              4.501627,
              51.515677
            ],
            [
              4.50153,
              51.51549
            ],
            [
              4.501437,
              51.515309
            ],
            [
              4.501433,
              51.515301
            ],
            [
              4.50137,
              51.515183
            ],
            [
              4.501203,
              51.51487
            ],
            [
              4.501143,
              51.514757
            ],
            [
              4.501116,
              51.514706
            ],
            [
              4.50105,
              51.514581
            ],
            [
              4.501033,
              51.514549
            ],
            [
              4.500819,
              51.514146
            ],
            [
              4.500689,
              51.513903
            ],
            [
              4.500549,
              51.513637
            ],
            [
              4.500272,
              51.513113
            ],
            [
              4.50014,
              51.512863
            ],
            [
              4.500021,
              51.512637
            ],
            [
              4.499997,
              51.512592
            ],
            [
              4.499116,
              51.510938
            ],
            [
              4.498667,
              51.510096
            ],
            [
              4.498517,
              51.509864
            ],
            [
              4.4984,
              51.509767
            ],
            [
              4.498253,
              51.509647
            ],
            [
              4.498207,
              51.509608
            ],
            [
              4.497223,
              51.508779
            ],
            [
              4.496653,
              51.5083
            ],
            [
              4.496607,
              51.508254
            ],
            [
              4.496573,
              51.508212
            ],
            [
              4.496575,
              51.508172
            ],
            [
              4.496769,
              51.507362
            ],
            [
              4.496851,
              51.507368
            ],
            [
              4.49691,
              51.507373
            ],
            [
              4.497395,
              51.505494
            ],
            [
              4.497548,
              51.5049
            ],
            [
              4.497575,
              51.504795
            ],
            [
              4.497664,
              51.504447
            ],
            [
              4.497797,
              51.503934
            ],
            [
              4.498319,
              51.501885
            ],
            [
              4.49813,
              51.501866
            ],
            [
              4.49814,
              51.501824
            ],
            [
              4.498096,
              51.501812
            ],
            [
              4.498036,
              51.501707
            ],
            [
              4.497585,
              51.500839
            ],
            [
              4.497545,
              51.500765
            ],
            [
              4.497507,
              51.500694
            ],
            [
              4.497231,
              51.500167
            ],
            [
              4.497201,
              51.50011
            ],
            [
              4.496863,
              51.499466
            ],
            [
              4.49544,
              51.496742
            ],
            [
              4.495013,
              51.495937
            ],
            [
              4.494927,
              51.495773
            ],
            [
              4.494844,
              51.495615
            ],
            [
              4.49472,
              51.49538
            ],
            [
              4.494707,
              51.495355
            ],
            [
              4.494632,
              51.495215
            ],
            [
              4.494387,
              51.494763
            ],
            [
              4.493836,
              51.493713
            ],
            [
              4.493382,
              51.492846
            ],
            [
              4.49333,
              51.492726
            ],
            [
              4.493135,
              51.492351
            ],
            [
              4.492622,
              51.491381
            ],
            [
              4.492446,
              51.491047
            ],
            [
              4.49242,
              51.490999
            ],
            [
              4.491904,
              51.490018
            ],
            [
              4.491828,
              51.489873
            ],
            [
              4.491668,
              51.489566
            ],
            [
              4.49139,
              51.489036
            ],
            [
              4.490664,
              51.487655
            ],
            [
              4.490628,
              51.487589
            ],
            [
              4.490623,
              51.48758
            ],
            [
              4.490403,
              51.48717
            ],
            [
              4.490387,
              51.487141
            ],
            [
              4.490329,
              51.48702
            ],
            [
              4.490313,
              51.486992
            ],
            [
              4.491115,
              51.485856
            ],
            [
              4.491967,
              51.484607
            ],
            [
              4.492416,
              51.483948
            ],
            [
              4.492638,
              51.483621
            ],
            [
              4.492813,
              51.483366
            ],
            [
              4.492831,
              51.483336
            ],
            [
              4.492862,
              51.483291
            ],
            [
              4.492812,
              51.483281
            ],
            [
              4.492498,
              51.483189
            ],
            [
              4.489839,
              51.482434
            ],
            [
              4.488979,
              51.482187
            ],
            [
              4.488834,
              51.482151
            ],
            [
              4.488702,
              51.482127
            ],
            [
              4.488381,
              51.482082
            ],
            [
              4.488052,
              51.482036
            ],
            [
              4.48621,
              51.481782
            ],
            [
              4.485811,
              51.481706
            ],
            [
              4.485406,
              51.481623
            ],
            [
              4.485404,
              51.481567
            ],
            [
              4.485404,
              51.481543
            ],
            [
              4.485381,
              51.48089
            ],
            [
              4.485395,
              51.48077
            ],
            [
              4.485429,
              51.480658
            ],
            [
              4.485455,
              51.480587
            ],
            [
              4.48629,
              51.478397
            ],
            [
              4.486304,
              51.478361
            ],
            [
              4.486599,
              51.477574
            ],
            [
              4.486683,
              51.477353
            ]
          ]
        ]
      },
      "properties": {
        "type": "boundary",
        "gemeente": "Rucphen"
      }
    }
  ]
}