{
  "type": "FeatureCollection",
  "metadata": {
    "gemeente": "Schouwen-Duiveland",
    "slug": "schouwen-duiveland",
    "generated_at": "2026-05-19T20:05:48.960158Z",
    "total_points": 52,
    "providers": [
      "Amazon",
      "DHL",
      "DPD",
      "PostNL",
      "VintedGo",
      "ViaTim",
      "InPost",
      "Budbee"
    ],
    "bounds": [
      3.731927,
      51.64645831,
      4.09615199,
      51.73280547
    ]
  },
  "features": [
    {
      "type": "Feature",
      "geometry": {
        "type": "Point",
        "coordinates": [
          3.94379026,
          51.68423563
        ]
      },
      "properties": {
        "type": "pakketpunt",
        "locatieNaam": "Mol Schuddebeurs B.V.",
        "straatNaam": "Kloosterweg 11 A",
        "straatNr": "",
        "vervoerder": "Amazon",
        "puntType": "3p",
        "bezettingsgraad": 50,
        "latitude": 51.68423563,
        "longitude": 3.94379026,
        "canPickup": true,
        "canDropoff": false,
        "openingstijden": null
      }
    },
    {
      "type": "Feature",
      "geometry": {
        "type": "Point",
        "coordinates": [
          4.037952719,
          51.6498047
        ]
      },
      "properties": {
        "type": "pakketpunt",
        "locatieNaam": "Gewoon Coop Compact Bolle",
        "straatNaam": "Koninginneplein 2",
        "straatNr": "",
        "vervoerder": "Amazon",
        "puntType": "3p",
        "bezettingsgraad": 50,
        "latitude": 51.6498047,
        "longitude": 4.037952719,
        "canPickup": true,
        "canDropoff": false,
        "openingstijden": null
      }
    },
    {
      "type": "Feature",
      "geometry": {
        "type": "Point",
        "coordinates": [
          3.846250369,
          51.73280547
        ]
      },
      "properties": {
        "type": "pakketpunt",
        "locatieNaam": "Mikado Scharendijke B.V.",
        "straatNaam": "Boutlaan 1 C",
        "straatNr": "",
        "vervoerder": "Amazon",
        "puntType": "3p",
        "bezettingsgraad": 50,
        "latitude": 51.73280547,
        "longitude": 3.846250369,
        "canPickup": true,
        "canDropoff": false,
        "openingstijden": null
      }
    },
    {
      "type": "Feature",
      "geometry": {
        "type": "Point",
        "coordinates": [
          4.0927036699317,
          51.6610486881964
        ]
      },
      "properties": {
        "type": "pakketpunt",
        "locatieNaam": "3SDEBRUSEBAZAAR PpP",
        "straatNaam": "Dreef 14",
        "straatNr": "",
        "vervoerder": "Amazon",
        "puntType": "3p",
        "bezettingsgraad": 50,
        "latitude": 51.6610486881964,
        "longitude": 4.0927036699317,
        "canPickup": true,
        "canDropoff": false,
        "openingstijden": null
      }
    },
    {
      "type": "Feature",
      "geometry": {
        "type": "Point",
        "coordinates": [
          3.731927,
          51.684792
        ]
      },
      "properties": {
        "type": "pakketpunt",
        "locatieNaam": "Pakketautomaat Landal Resort",
        "straatNaam": "Daleboutsweg",
        "straatNr": "9-PS/75",
        "vervoerder": "DHL",
        "puntType": "packStation",
        "bezettingsgraad": 50,
        "latitude": 51.684792,
        "longitude": 3.731927,
        "canPickup": true,
        "canDropoff": true,
        "openingstijden": {
          "ma": "00:00 - 23:59",
          "di": "00:00 - 23:59",
          "wo": "00:00 - 23:59",
          "do": "00:00 - 23:59",
          "vr": "00:00 - 23:59",
          "za": "00:00 - 23:59",
          "zo": "00:00 - 23:59"
        }
      }
    },
    {
      "type": "Feature",
      "geometry": {
        "type": "Point",
        "coordinates": [
          3.9049607853253208,
          51.655934330634175
        ]
      },
      "properties": {
        "type": "pakketpunt",
        "locatieNaam": "Pakketautomaat Praxis Zierikzee",
        "straatNaam": "Grevelingenstraat",
        "straatNr": "13-PS/88",
        "vervoerder": "DHL",
        "puntType": "packStation",
        "bezettingsgraad": 50,
        "latitude": 51.655934330634175,
        "longitude": 3.9049607853253208,
        "canPickup": true,
        "canDropoff": true,
        "openingstijden": {
          "ma": "09:00 - 21:00",
          "di": "09:00 - 21:00",
          "wo": "09:00 - 21:00",
          "do": "09:00 - 21:00",
          "vr": "09:00 - 21:00",
          "za": "09:00 - 18:00",
          "zo": "10:00 - 17:00"
        }
      }
    },
    {
      "type": "Feature",
      "geometry": {
        "type": "Point",
        "coordinates": [
          3.908831,
          51.653278
        ]
      },
      "properties": {
        "type": "pakketpunt",
        "locatieNaam": "Pakketautomaat Lidl Zierikzee",
        "straatNaam": "Haringvlietplein",
        "straatNr": "13-PS/59",
        "vervoerder": "DHL",
        "puntType": "packStation",
        "bezettingsgraad": 50,
        "latitude": 51.653278,
        "longitude": 3.908831,
        "canPickup": true,
        "canDropoff": true,
        "openingstijden": {
          "ma": "08:00 - 21:00",
          "di": "08:00 - 21:00",
          "wo": "08:00 - 21:00",
          "do": "08:00 - 21:00",
          "vr": "08:00 - 21:00",
          "za": "08:00 - 20:00",
          "zo": "08:00 - 18:00"
        }
      }
    },
    {
      "type": "Feature",
      "geometry": {
        "type": "Point",
        "coordinates": [
          3.920441,
          51.6502404
        ]
      },
      "properties": {
        "type": "pakketpunt",
        "locatieNaam": "Intertoys Zierikzee",
        "straatNaam": "Mol",
        "straatNr": "21",
        "vervoerder": "DHL",
        "puntType": "parcelShop",
        "bezettingsgraad": 50,
        "latitude": 51.6502404,
        "longitude": 3.920441,
        "canPickup": true,
        "canDropoff": true,
        "openingstijden": {
          "ma": "09:30 - 17:30",
          "di": "09:30 - 17:30",
          "wo": "09:30 - 17:30",
          "do": "09:30 - 17:30",
          "vr": "09:30 - 17:30",
          "za": "09:30 - 17:00",
          "zo": "gesloten"
        }
      }
    },
    {
      "type": "Feature",
      "geometry": {
        "type": "Point",
        "coordinates": [
          4.012101,
          51.649381
        ]
      },
      "properties": {
        "type": "pakketpunt",
        "locatieNaam": "Hubo Nieuwerkerk",
        "straatNaam": "Rijksweg",
        "straatNr": "26-B",
        "vervoerder": "DHL",
        "puntType": "parcelShop",
        "bezettingsgraad": 50,
        "latitude": 51.649381,
        "longitude": 4.012101,
        "canPickup": true,
        "canDropoff": true,
        "openingstijden": {
          "ma": "08:00 - 17:30",
          "di": "08:00 - 17:30",
          "wo": "08:00 - 17:30",
          "do": "08:00 - 17:30",
          "vr": "08:00 - 17:30",
          "za": "08:00 - 17:00",
          "zo": "gesloten"
        }
      }
    },
    {
      "type": "Feature",
      "geometry": {
        "type": "Point",
        "coordinates": [
          4.093122445185239,
          51.66059146751906
        ]
      },
      "properties": {
        "type": "pakketpunt",
        "locatieNaam": "Pakketautomaat AH Bruinisse",
        "straatNaam": "Dreef",
        "straatNr": "1-PS/113",
        "vervoerder": "DHL",
        "puntType": "packStation",
        "bezettingsgraad": 50,
        "latitude": 51.66059146751906,
        "longitude": 4.093122445185239,
        "canPickup": true,
        "canDropoff": true,
        "openingstijden": {
          "ma": "08:00 - 21:00",
          "di": "08:00 - 21:00",
          "wo": "08:00 - 21:00",
          "do": "08:00 - 21:00",
          "vr": "08:00 - 21:00",
          "za": "08:00 - 21:00",
          "zo": "08:00 - 20:00"
        }
      }
    },
    {
      "type": "Feature",
      "geometry": {
        "type": "Point",
        "coordinates": [
          4.092702,
          51.661047
        ]
      },
      "properties": {
        "type": "pakketpunt",
        "locatieNaam": "3S",
        "straatNaam": "Dreef",
        "straatNr": "14",
        "vervoerder": "DHL",
        "puntType": "parcelShop",
        "bezettingsgraad": 50,
        "latitude": 51.661047,
        "longitude": 4.092702,
        "canPickup": true,
        "canDropoff": true,
        "openingstijden": {
          "ma": "gesloten",
          "di": "09:30 - 17:30",
          "wo": "09:30 - 17:30",
          "do": "09:30 - 17:30",
          "vr": "09:30 - 17:30",
          "za": "09:30 - 16:00",
          "zo": "gesloten"
        }
      }
    },
    {
      "type": "Feature",
      "geometry": {
        "type": "Point",
        "coordinates": [
          3.979789,
          51.6848324
        ]
      },
      "properties": {
        "type": "pakketpunt",
        "locatieNaam": "Bodbijl Diervoeders",
        "straatNaam": "Bogerdweg",
        "straatNr": "48",
        "vervoerder": "DHL",
        "puntType": "parcelShop",
        "bezettingsgraad": 50,
        "latitude": 51.6848324,
        "longitude": 3.979789,
        "canPickup": true,
        "canDropoff": true,
        "openingstijden": {
          "ma": "09:00 - 12:00, 13:00 - 17:00",
          "di": "09:00 - 12:00, 13:00 - 17:00",
          "wo": "gesloten",
          "do": "09:00 - 12:00, 13:00 - 17:00",
          "vr": "09:00 - 12:00, 13:00 - 17:00",
          "za": "09:00 - 14:00",
          "zo": "gesloten"
        }
      }
    },
    {
      "type": "Feature",
      "geometry": {
        "type": "Point",
        "coordinates": [
          3.744299,
          51.705146
        ]
      },
      "properties": {
        "type": "pakketpunt",
        "locatieNaam": "Sluijs Dier en Tuin",
        "straatNaam": "Hogezoom",
        "straatNr": "44",
        "vervoerder": "DHL",
        "puntType": "parcelShop",
        "bezettingsgraad": 50,
        "latitude": 51.705146,
        "longitude": 3.744299,
        "canPickup": true,
        "canDropoff": true,
        "openingstijden": {
          "ma": "08:30 - 12:00, 13:00 - 17:30",
          "di": "08:30 - 12:00, 13:00 - 17:30",
          "wo": "08:30 - 12:00, 13:00 - 17:30",
          "do": "08:30 - 12:00, 13:00 - 17:30",
          "vr": "08:30 - 12:00, 13:00 - 17:30",
          "za": "08:00 - 16:30",
          "zo": "gesloten"
        }
      }
    },
    {
      "type": "Feature",
      "geometry": {
        "type": "Point",
        "coordinates": [
          3.7753487,
          51.7205882
        ]
      },
      "properties": {
        "type": "pakketpunt",
        "locatieNaam": "Pakketautomaat Praxis Renesse",
        "straatNaam": "Duinzoom",
        "straatNr": "1-PS/89",
        "vervoerder": "DHL",
        "puntType": "packStation",
        "bezettingsgraad": 50,
        "latitude": 51.7205882,
        "longitude": 3.7753487,
        "canPickup": true,
        "canDropoff": true,
        "openingstijden": {
          "ma": "00:00 - 23:59",
          "di": "00:00 - 23:59",
          "wo": "00:00 - 23:59",
          "do": "00:00 - 23:59",
          "vr": "00:00 - 23:59",
          "za": "00:00 - 23:59",
          "zo": "00:00 - 23:59"
        }
      }
    },
    {
      "type": "Feature",
      "geometry": {
        "type": "Point",
        "coordinates": [
          3.775519,
          51.72078
        ]
      },
      "properties": {
        "type": "pakketpunt",
        "locatieNaam": "Pakketautomaat Praxis Duinzoom",
        "straatNaam": "Duinzoom",
        "straatNr": "1-DB/58",
        "vervoerder": "DHL",
        "puntType": "packStation",
        "bezettingsgraad": 50,
        "latitude": 51.72078,
        "longitude": 3.775519,
        "canPickup": true,
        "canDropoff": true,
        "openingstijden": {
          "ma": "00:00 - 23:59",
          "di": "00:00 - 23:59",
          "wo": "00:00 - 23:59",
          "do": "00:00 - 23:59",
          "vr": "00:00 - 23:59",
          "za": "00:00 - 23:59",
          "zo": "00:00 - 23:59"
        }
      }
    },
    {
      "type": "Feature",
      "geometry": {
        "type": "Point",
        "coordinates": [
          3.9497198,
          51.7127108
        ]
      },
      "properties": {
        "type": "pakketpunt",
        "locatieNaam": "DHL Buurtpunt ViaTim & Germaine",
        "straatNaam": "Beatrixstraat",
        "straatNr": "15",
        "vervoerder": "DHL",
        "puntType": "parcelShop",
        "bezettingsgraad": 50,
        "latitude": 51.7127108,
        "longitude": 3.9497198,
        "canPickup": true,
        "canDropoff": true,
        "openingstijden": {
          "ma": "16:00 - 21:00",
          "di": "16:00 - 21:00",
          "wo": "16:00 - 21:00",
          "do": "16:00 - 21:00",
          "vr": "16:00 - 21:00",
          "za": "gesloten",
          "zo": "gesloten"
        }
      }
    },
    {
      "type": "Feature",
      "geometry": {
        "type": "Point",
        "coordinates": [
          3.979789,
          51.684832
        ]
      },
      "properties": {
        "type": "pakketpunt",
        "locatieNaam": "V.O.F.  Bodbijl",
        "straatNaam": "BOGERDWEG",
        "straatNr": "48",
        "vervoerder": "DPD",
        "puntType": "pickup_point",
        "bezettingsgraad": 50,
        "latitude": 51.684832,
        "longitude": 3.979789,
        "canPickup": true,
        "canDropoff": true,
        "openingstijden": {
          "ma": "09:00 - 12:00, 13:00 - 17:00",
          "di": "09:00 - 12:00, 13:00 - 17:00",
          "wo": "gesloten",
          "do": "09:00 - 12:00, 13:00 - 17:00",
          "vr": "09:00 - 12:00, 13:00 - 17:00",
          "za": "09:00 - 14:00",
          "zo": "gesloten"
        }
      }
    },
    {
      "type": "Feature",
      "geometry": {
        "type": "Point",
        "coordinates": [
          4.0119375,
          51.6502473
        ]
      },
      "properties": {
        "type": "pakketpunt",
        "locatieNaam": "Hubo Nieuwerkerk",
        "straatNaam": "RIJKSWEG",
        "straatNr": "26 b",
        "vervoerder": "DPD",
        "puntType": "pickup_point",
        "bezettingsgraad": 50,
        "latitude": 51.6502473,
        "longitude": 4.0119375,
        "canPickup": true,
        "canDropoff": true,
        "openingstijden": {
          "ma": "08:00 - 17:30",
          "di": "08:00 - 17:30",
          "wo": "08:00 - 17:30",
          "do": "08:00 - 17:30",
          "vr": "08:00 - 17:30",
          "za": "08:00 - 17:00",
          "zo": "gesloten"
        }
      }
    },
    {
      "type": "Feature",
      "geometry": {
        "type": "Point",
        "coordinates": [
          3.7753487,
          51.7205882
        ]
      },
      "properties": {
        "type": "pakketpunt",
        "locatieNaam": "Pakketautomaat - De Buren - Praxis",
        "straatNaam": "DUIMZOOM",
        "straatNr": "1",
        "vervoerder": "DPD",
        "puntType": "dpd_box",
        "bezettingsgraad": 50,
        "latitude": 51.7205882,
        "longitude": 3.7753487,
        "canPickup": true,
        "canDropoff": true,
        "openingstijden": {
          "ma": "00:00 - 23:59",
          "di": "00:00 - 23:59",
          "wo": "00:00 - 23:59",
          "do": "00:00 - 23:59",
          "vr": "00:00 - 23:59",
          "za": "00:00 - 23:59",
          "zo": "00:00 - 23:59"
        }
      }
    },
    {
      "type": "Feature",
      "geometry": {
        "type": "Point",
        "coordinates": [
          3.7359112,
          51.6921755
        ]
      },
      "properties": {
        "type": "pakketpunt",
        "locatieNaam": "DPD Pakketautomaat - Albert Heijn B",
        "straatNaam": "BURGHSEWEG",
        "straatNr": "73",
        "vervoerder": "DPD",
        "puntType": "dpd_box",
        "bezettingsgraad": 50,
        "latitude": 51.6921755,
        "longitude": 3.7359112,
        "canPickup": true,
        "canDropoff": true,
        "openingstijden": {
          "ma": "00:00 - 23:59",
          "di": "00:00 - 23:59",
          "wo": "00:00 - 23:59",
          "do": "00:00 - 23:59",
          "vr": "00:00 - 23:59",
          "za": "00:00 - 23:59",
          "zo": "00:00 - 23:59"
        }
      }
    },
    {
      "type": "Feature",
      "geometry": {
        "type": "Point",
        "coordinates": [
          4.0961494,
          51.6618124
        ]
      },
      "properties": {
        "type": "pakketpunt",
        "locatieNaam": "Koekeloere",
        "straatNaam": "LANGE RING",
        "straatNr": "12",
        "vervoerder": "DPD",
        "puntType": "pickup_point",
        "bezettingsgraad": 50,
        "latitude": 51.6618124,
        "longitude": 4.0961494,
        "canPickup": true,
        "canDropoff": true,
        "openingstijden": {
          "ma": "08:30 - 17:00",
          "di": "08:30 - 17:00",
          "wo": "08:30 - 17:00",
          "do": "08:30 - 17:00",
          "vr": "08:30 - 17:00",
          "za": "08:30 - 16:00",
          "zo": "gesloten"
        }
      }
    },
    {
      "type": "Feature",
      "geometry": {
        "type": "Point",
        "coordinates": [
          3.7434176,
          51.6983246
        ]
      },
      "properties": {
        "type": "pakketpunt",
        "locatieNaam": "Schouwse Schatten",
        "straatNaam": "RING",
        "straatNr": "7",
        "vervoerder": "DPD",
        "puntType": "pickup_point",
        "bezettingsgraad": 50,
        "latitude": 51.6983246,
        "longitude": 3.7434176,
        "canPickup": true,
        "canDropoff": true,
        "openingstijden": {
          "ma": "gesloten",
          "di": "10:00 - 17:00",
          "wo": "10:00 - 17:00",
          "do": "10:00 - 17:00",
          "vr": "10:00 - 17:00",
          "za": "10:00 - 17:00",
          "zo": "gesloten"
        }
      }
    },
    {
      "type": "Feature",
      "geometry": {
        "type": "Point",
        "coordinates": [
          4.093347,
          51.660525
        ]
      },
      "properties": {
        "type": "pakketpunt",
        "locatieNaam": "DPD Pakketautomaat - Project Develo",
        "straatNaam": "DREEF",
        "straatNr": "2",
        "vervoerder": "DPD",
        "puntType": "dpd_box",
        "bezettingsgraad": 50,
        "latitude": 51.660525,
        "longitude": 4.093347,
        "canPickup": true,
        "canDropoff": true,
        "openingstijden": {
          "ma": "08:00 - 21:00",
          "di": "08:00 - 21:00",
          "wo": "08:00 - 21:00",
          "do": "08:00 - 21:00",
          "vr": "08:00 - 21:00",
          "za": "08:00 - 21:00",
          "zo": "09:00 - 20:00"
        }
      }
    },
    {
      "type": "Feature",
      "geometry": {
        "type": "Point",
        "coordinates": [
          3.90866,
          51.653683
        ]
      },
      "properties": {
        "type": "pakketpunt",
        "locatieNaam": "UR195 Pakketautomaat Budbee",
        "straatNaam": "HARINGVLIETPLEIN",
        "straatNr": "7",
        "vervoerder": "DPD",
        "puntType": "dpd_box",
        "bezettingsgraad": 50,
        "latitude": 51.653683,
        "longitude": 3.90866,
        "canPickup": true,
        "canDropoff": false,
        "openingstijden": {
          "ma": "08:00 - 22:00",
          "di": "08:00 - 22:00",
          "wo": "08:00 - 22:00",
          "do": "08:00 - 22:00",
          "vr": "08:00 - 22:00",
          "za": "08:00 - 22:00",
          "zo": "08:00 - 18:00"
        }
      }
    },
    {
      "type": "Feature",
      "geometry": {
        "type": "Point",
        "coordinates": [
          3.920349,
          51.651653
        ]
      },
      "properties": {
        "type": "pakketpunt",
        "locatieNaam": "UR241 Pakketautomaat Budbee",
        "straatNaam": "LANGE NOBELSTRAAT",
        "straatNr": "28",
        "vervoerder": "DPD",
        "puntType": "dpd_box",
        "bezettingsgraad": 50,
        "latitude": 51.651653,
        "longitude": 3.920349,
        "canPickup": true,
        "canDropoff": false,
        "openingstijden": {
          "ma": "08:00 - 21:00",
          "di": "08:00 - 21:00",
          "wo": "08:00 - 21:00",
          "do": "08:00 - 21:00",
          "vr": "08:00 - 21:00",
          "za": "08:00 - 21:00",
          "zo": "09:00 - 18:00"
        }
      }
    },
    {
      "type": "Feature",
      "geometry": {
        "type": "Point",
        "coordinates": [
          3.94379026,
          51.68423563
        ]
      },
      "properties": {
        "type": "pakketpunt",
        "locatieNaam": "Mol Schuddebeurs B.V.",
        "straatNaam": "Kloosterweg",
        "straatNr": "11A",
        "vervoerder": "PostNL",
        "puntType": "servicepunt",
        "bezettingsgraad": 50,
        "latitude": 51.68423563,
        "longitude": 3.94379026,
        "canPickup": true,
        "canDropoff": true,
        "openingstijden": "08:00 - 16:30 (Zaterdag open)"
      }
    },
    {
      "type": "Feature",
      "geometry": {
        "type": "Point",
        "coordinates": [
          3.94886979276691,
          51.7141529247101
        ]
      },
      "properties": {
        "type": "pakketpunt",
        "locatieNaam": "Natuurlijk voor uw Hond",
        "straatNaam": "Dijk van Bommenede",
        "straatNr": "72",
        "vervoerder": "PostNL",
        "puntType": "servicepunt",
        "bezettingsgraad": 50,
        "latitude": 51.7141529247101,
        "longitude": 3.94886979276691,
        "canPickup": true,
        "canDropoff": true,
        "openingstijden": "13:00 - 18:00"
      }
    },
    {
      "type": "Feature",
      "geometry": {
        "type": "Point",
        "coordinates": [
          3.911924192,
          51.72520934
        ]
      },
      "properties": {
        "type": "pakketpunt",
        "locatieNaam": "Spar",
        "straatNaam": "Markt",
        "straatNr": "16-18",
        "vervoerder": "PostNL",
        "puntType": "servicepunt",
        "bezettingsgraad": 50,
        "latitude": 51.72520934,
        "longitude": 3.911924192,
        "canPickup": true,
        "canDropoff": true,
        "openingstijden": "08:00 - 19:00 (Na 18:00 open; Zaterdag open; Zondag open)"
      }
    },
    {
      "type": "Feature",
      "geometry": {
        "type": "Point",
        "coordinates": [
          3.846250369,
          51.73280547
        ]
      },
      "properties": {
        "type": "pakketpunt",
        "locatieNaam": "Mikado Scharendijke B.V.",
        "straatNaam": "Boutlaan",
        "straatNr": "1C",
        "vervoerder": "PostNL",
        "puntType": "servicepunt",
        "bezettingsgraad": 50,
        "latitude": 51.73280547,
        "longitude": 3.846250369,
        "canPickup": true,
        "canDropoff": true,
        "openingstijden": "08:00 - 20:00 (Na 18:00 open; Zaterdag open; Zondag open)"
      }
    },
    {
      "type": "Feature",
      "geometry": {
        "type": "Point",
        "coordinates": [
          3.997809313,
          51.64645831
        ]
      },
      "properties": {
        "type": "pakketpunt",
        "locatieNaam": "Jumbo (3762) NIEUWERKERK",
        "straatNaam": "Polderweg",
        "straatNr": "3",
        "vervoerder": "PostNL",
        "puntType": "servicepunt",
        "bezettingsgraad": 50,
        "latitude": 51.64645831,
        "longitude": 3.997809313,
        "canPickup": true,
        "canDropoff": true,
        "openingstijden": "08:00 - 21:00 (Na 18:00 open; Zaterdag open)"
      }
    },
    {
      "type": "Feature",
      "geometry": {
        "type": "Point",
        "coordinates": [
          3.9978093134397,
          51.6464583145754
        ]
      },
      "properties": {
        "type": "pakketpunt",
        "locatieNaam": "Pakket- en briefautomaat",
        "straatNaam": "Polderweg",
        "straatNr": "3PBA",
        "vervoerder": "PostNL",
        "puntType": "automaat",
        "bezettingsgraad": 50,
        "latitude": 51.6464583145754,
        "longitude": 3.9978093134397,
        "canPickup": true,
        "canDropoff": true,
        "openingstijden": "00:00 - 23:59"
      }
    },
    {
      "type": "Feature",
      "geometry": {
        "type": "Point",
        "coordinates": [
          4.037952719,
          51.6498047
        ]
      },
      "properties": {
        "type": "pakketpunt",
        "locatieNaam": "Pakket- en briefautomaat",
        "straatNaam": "Koninginneplein",
        "straatNr": "2PBA",
        "vervoerder": "PostNL",
        "puntType": "automaat",
        "bezettingsgraad": 50,
        "latitude": 51.6498047,
        "longitude": 4.037952719,
        "canPickup": true,
        "canDropoff": true,
        "openingstijden": "00:00 - 23:59"
      }
    },
    {
      "type": "Feature",
      "geometry": {
        "type": "Point",
        "coordinates": [
          4.037952719,
          51.6498047
        ]
      },
      "properties": {
        "type": "pakketpunt",
        "locatieNaam": "Gewoon Coop Compact Bolle",
        "straatNaam": "Koninginneplein",
        "straatNr": "2",
        "vervoerder": "PostNL",
        "puntType": "servicepunt",
        "bezettingsgraad": 50,
        "latitude": 51.6498047,
        "longitude": 4.037952719,
        "canPickup": true,
        "canDropoff": true,
        "openingstijden": "08:00 - 19:00 (Na 18:00 open; Zaterdag open)"
      }
    },
    {
      "type": "Feature",
      "geometry": {
        "type": "Point",
        "coordinates": [
          3.772193048,
          51.73244643
        ]
      },
      "properties": {
        "type": "pakketpunt",
        "locatieNaam": "Primera Renesse",
        "straatNaam": "Zeeanemoonweg",
        "straatNr": "2A-B",
        "vervoerder": "PostNL",
        "puntType": "servicepunt",
        "bezettingsgraad": 50,
        "latitude": 51.73244643,
        "longitude": 3.772193048,
        "canPickup": true,
        "canDropoff": true,
        "openingstijden": "09:00 - 18:00 (Na 18:00 open; Zaterdag open; Zondag open)"
      }
    },
    {
      "type": "Feature",
      "geometry": {
        "type": "Point",
        "coordinates": [
          3.74221485626651,
          51.6988740633294
        ]
      },
      "properties": {
        "type": "pakketpunt",
        "locatieNaam": "HEMA Burgh Haamstede",
        "straatNaam": "Noordstraat",
        "straatNr": "19",
        "vervoerder": "PostNL",
        "puntType": "servicepunt",
        "bezettingsgraad": 50,
        "latitude": 51.6988740633294,
        "longitude": 3.74221485626651,
        "canPickup": true,
        "canDropoff": true,
        "openingstijden": "09:00 - 18:00"
      }
    },
    {
      "type": "Feature",
      "geometry": {
        "type": "Point",
        "coordinates": [
          4.0927036699317,
          51.6610486881964
        ]
      },
      "properties": {
        "type": "pakketpunt",
        "locatieNaam": "3SDEBRUSEBAZAAR PpP",
        "straatNaam": "Dreef",
        "straatNr": "14",
        "vervoerder": "PostNL",
        "puntType": "servicepunt",
        "bezettingsgraad": 50,
        "latitude": 51.6610486881964,
        "longitude": 4.0927036699317,
        "canPickup": true,
        "canDropoff": true,
        "openingstijden": "09:30 - 17:30"
      }
    },
    {
      "type": "Feature",
      "geometry": {
        "type": "Point",
        "coordinates": [
          4.09325757665628,
          51.6603805998672
        ]
      },
      "properties": {
        "type": "pakketpunt",
        "locatieNaam": "Pakketautomaat",
        "straatNaam": "Dreef",
        "straatNr": "2PBA",
        "vervoerder": "PostNL",
        "puntType": "automaat",
        "bezettingsgraad": 50,
        "latitude": 51.6603805998672,
        "longitude": 4.09325757665628,
        "canPickup": true,
        "canDropoff": true,
        "openingstijden": "08:00 - 22:00"
      }
    },
    {
      "type": "Feature",
      "geometry": {
        "type": "Point",
        "coordinates": [
          3.9797892,
          51.6848324
        ]
      },
      "properties": {
        "type": "pakketpunt",
        "locatieNaam": "V.o.f. Bodbijl",
        "straatNaam": "Bogerdweg 48",
        "straatNr": "",
        "vervoerder": "VintedGo",
        "puntType": "parcel_shop",
        "bezettingsgraad": 50,
        "latitude": 51.6848324,
        "longitude": 3.9797892,
        "canPickup": true,
        "canDropoff": true,
        "openingstijden": null
      }
    },
    {
      "type": "Feature",
      "geometry": {
        "type": "Point",
        "coordinates": [
          4.09615199,
          51.66181455
        ]
      },
      "properties": {
        "type": "pakketpunt",
        "locatieNaam": "Koekeloere",
        "straatNaam": "Lange Ring 12",
        "straatNr": "",
        "vervoerder": "VintedGo",
        "puntType": "parcel_shop",
        "bezettingsgraad": 50,
        "latitude": 51.66181455,
        "longitude": 4.09615199,
        "canPickup": true,
        "canDropoff": true,
        "openingstijden": null
      }
    },
    {
      "type": "Feature",
      "geometry": {
        "type": "Point",
        "coordinates": [
          3.9183,
          51.65013
        ]
      },
      "properties": {
        "type": "pakketpunt",
        "locatieNaam": "Souvenirshopjoni ",
        "straatNaam": "Paternosterstraat 3",
        "straatNr": "",
        "vervoerder": "VintedGo",
        "puntType": "parcel_shop",
        "bezettingsgraad": 50,
        "latitude": 51.65013,
        "longitude": 3.9183,
        "canPickup": true,
        "canDropoff": true,
        "openingstijden": null
      }
    },
    {
      "type": "Feature",
      "geometry": {
        "type": "Point",
        "coordinates": [
          4.00161,
          51.64848
        ]
      },
      "properties": {
        "type": "pakketpunt",
        "locatieNaam": "Boekhandel De Kanselier",
        "straatNaam": "Burgemeester van Veenstraat 7",
        "straatNr": "",
        "vervoerder": "VintedGo",
        "puntType": "parcel_shop",
        "bezettingsgraad": 50,
        "latitude": 51.64848,
        "longitude": 4.00161,
        "canPickup": true,
        "canDropoff": true,
        "openingstijden": null
      }
    },
    {
      "type": "Feature",
      "geometry": {
        "type": "Point",
        "coordinates": [
          4.0931244,
          51.6605365
        ]
      },
      "properties": {
        "type": "pakketpunt",
        "locatieNaam": "Pakketkluizen Bruinisse",
        "straatNaam": "Dreef 2",
        "straatNr": "",
        "vervoerder": "VintedGo",
        "puntType": "locker",
        "bezettingsgraad": 50,
        "latitude": 51.6605365,
        "longitude": 4.0931244,
        "canPickup": true,
        "canDropoff": true,
        "openingstijden": null
      }
    },
    {
      "type": "Feature",
      "geometry": {
        "type": "Point",
        "coordinates": [
          3.7358397,
          51.6922236
        ]
      },
      "properties": {
        "type": "pakketpunt",
        "locatieNaam": "Pakketkluizen Burghseweg",
        "straatNaam": "Burghseweg 73",
        "straatNr": "",
        "vervoerder": "VintedGo",
        "puntType": "locker",
        "bezettingsgraad": 50,
        "latitude": 51.6922236,
        "longitude": 3.7358397,
        "canPickup": true,
        "canDropoff": true,
        "openingstijden": null
      }
    },
    {
      "type": "Feature",
      "geometry": {
        "type": "Point",
        "coordinates": [
          4.0120019,
          51.650171
        ]
      },
      "properties": {
        "type": "pakketpunt",
        "locatieNaam": "Hubo Nieuwerkerk",
        "straatNaam": "Rijksweg 26B",
        "straatNr": "",
        "vervoerder": "VintedGo",
        "puntType": "locker",
        "bezettingsgraad": 50,
        "latitude": 51.650171,
        "longitude": 4.0120019,
        "canPickup": true,
        "canDropoff": true,
        "openingstijden": null
      }
    },
    {
      "type": "Feature",
      "geometry": {
        "type": "Point",
        "coordinates": [
          3.743459808129327,
          51.698265967116846
        ]
      },
      "properties": {
        "type": "pakketpunt",
        "locatieNaam": "ViaTim en Schouwse Schatten",
        "straatNaam": "Ring",
        "straatNr": "7",
        "vervoerder": "ViaTim",
        "puntType": "servicepunt",
        "bezettingsgraad": 50,
        "latitude": 51.698265967116846,
        "longitude": 3.743459808129327,
        "canPickup": true,
        "canDropoff": true,
        "openingstijden": {
          "ma": "gesloten",
          "di": "10:00 - 17:00",
          "wo": "10:00 - 17:00",
          "do": "10:00 - 17:00",
          "vr": "10:00 - 17:00",
          "za": "10:00 - 17:00",
          "zo": "gesloten"
        }
      }
    },
    {
      "type": "Feature",
      "geometry": {
        "type": "Point",
        "coordinates": [
          3.94971984008361,
          51.7127108400602
        ]
      },
      "properties": {
        "type": "pakketpunt",
        "locatieNaam": "ViaTim en Germaine",
        "straatNaam": "Beatrixstraat",
        "straatNr": "15",
        "vervoerder": "ViaTim",
        "puntType": "servicepunt",
        "bezettingsgraad": 50,
        "latitude": 51.7127108400602,
        "longitude": 3.94971984008361,
        "canPickup": true,
        "canDropoff": true,
        "openingstijden": {
          "ma": "16:00 - 21:00",
          "di": "16:00 - 21:00",
          "wo": "16:00 - 21:00",
          "do": "16:00 - 21:00",
          "vr": "16:00 - 21:00",
          "za": "gesloten",
          "zo": "gesloten"
        }
      }
    },
    {
      "type": "Feature",
      "geometry": {
        "type": "Point",
        "coordinates": [
          4.09606,
          51.66186
        ]
      },
      "properties": {
        "type": "pakketpunt",
        "locatieNaam": "KOEKELOERE SNUFFELWINKEL",
        "straatNaam": "LANGE RING 12",
        "straatNr": "",
        "vervoerder": "InPost",
        "puntType": "servicepunt",
        "bezettingsgraad": 50,
        "latitude": 51.66186,
        "longitude": 4.09606,
        "canPickup": true,
        "canDropoff": true,
        "openingstijden": "L/Ma/Me/J/V 8:30-17,S 8:30-16"
      }
    },
    {
      "type": "Feature",
      "geometry": {
        "type": "Point",
        "coordinates": [
          3.97979,
          51.6848
        ]
      },
      "properties": {
        "type": "pakketpunt",
        "locatieNaam": "VOF BODBIJL",
        "straatNaam": "BOGERDWEG 48",
        "straatNr": "",
        "vervoerder": "InPost",
        "puntType": "servicepunt",
        "bezettingsgraad": 50,
        "latitude": 51.6848,
        "longitude": 3.97979,
        "canPickup": true,
        "canDropoff": true,
        "openingstijden": "L/Ma/Me/J/V 9-12 13-17,S 9-14"
      }
    },
    {
      "type": "Feature",
      "geometry": {
        "type": "Point",
        "coordinates": [
          3.74342,
          51.69825
        ]
      },
      "properties": {
        "type": "pakketpunt",
        "locatieNaam": "SCHOUWSE SCHATTEN",
        "straatNaam": "RING 7",
        "straatNr": "",
        "vervoerder": "InPost",
        "puntType": "servicepunt",
        "bezettingsgraad": 50,
        "latitude": 51.69825,
        "longitude": 3.74342,
        "canPickup": true,
        "canDropoff": true,
        "openingstijden": "Ma/Me/J/V/S 10-17"
      }
    },
    {
      "type": "Feature",
      "geometry": {
        "type": "Point",
        "coordinates": [
          3.77509,
          51.72069
        ]
      },
      "properties": {
        "type": "pakketpunt",
        "locatieNaam": "",
        "straatNaam": "Bouwplein Renesse",
        "straatNr": "",
        "vervoerder": "InPost",
        "puntType": "automaat",
        "bezettingsgraad": 50,
        "latitude": 51.72069,
        "longitude": 3.77509,
        "canPickup": true,
        "canDropoff": true,
        "openingstijden": "24/7"
      }
    },
    {
      "type": "Feature",
      "geometry": {
        "type": "Point",
        "coordinates": [
          3.90866,
          51.653683
        ]
      },
      "properties": {
        "type": "pakketpunt",
        "locatieNaam": "UR195 Pakketautomaat Budbee",
        "straatNaam": "HARINGVLIETPLEIN",
        "straatNr": "7",
        "vervoerder": "Budbee",
        "puntType": "automaat",
        "bezettingsgraad": 50,
        "latitude": 51.653683,
        "longitude": 3.90866,
        "canPickup": true,
        "canDropoff": true,
        "openingstijden": null
      }
    },
    {
      "type": "Feature",
      "geometry": {
        "type": "Point",
        "coordinates": [
          3.920349,
          51.651653
        ]
      },
      "properties": {
        "type": "pakketpunt",
        "locatieNaam": "UR241 Pakketautomaat Budbee",
        "straatNaam": "LANGE NOBELSTRAAT",
        "straatNr": "28",
        "vervoerder": "Budbee",
        "puntType": "automaat",
        "bezettingsgraad": 50,
        "latitude": 51.651653,
        "longitude": 3.920349,
        "canPickup": true,
        "canDropoff": true,
        "openingstijden": null
      }
    },
    {
      "type": "Feature",
      "geometry": {
        "type": "MultiPolygon",
        "coordinates": [
          [
            [
              [
                3.904426529151552,
                51.653103297105886
              ],
              [
                3.904382468833312,
                51.65326526111084
              ],
              [
                3.90420182449323,
                51.65327959682908
              ],
              [
                3.903787153219226,
                51.65333865014354
              ],
              [
                3.9033837827484374,
                51.65342269993752
              ],
              [
                3.902995597174672,
                51.653530936899124
              ],
              [
                3.9026263344489944,
                51.65366231881385
              ],
              [
                3.9022795503999905,
                51.65381558059505
              ],
              [
                3.901958584503525,
                51.65398924646014
              ],
              [
                3.9016665277311544,
                51.65418164413498
              ],
              [
                3.9014061927864354,
                51.65439092095024
              ],
              [
                3.901180087015632,
                51.65461506167487
              ],
              [
                3.9009903882537387,
                51.65485190791564
              ],
              [
                3.9008389238387373,
                51.6550991788956
              ],
              [
                3.900727152996604,
                51.65535449341229
              ],
              [
                3.9006561527673966,
                51.655615392764254
              ],
              [
                3.9006266076087135,
                51.65587936442505
              ],
              [
                3.9006388027776207,
                51.656143866237336
              ],
              [
                3.9006926215557653,
                51.65640635089405
              ],
              [
                3.900787546345459,
                51.6566642904705
              ],
              [
                3.90092266362728,
                51.656915200772026
              ],
              [
                3.9010966727324576,
                51.65715666526159
              ],
              [
                3.901307898346563,
                51.65738635833753
              ],
              [
                3.9015543066249303,
                51.65760206773698
              ],
              [
                3.9018335247653217,
                51.65780171584824
              ],
              [
                3.9021428638499374,
                51.65798337972781
              ],
              [
                3.9024793447370882,
                51.65814530962765
              ],
              [
                3.9028397267533967,
                51.658285945855255
              ],
              [
                3.9032205389100985,
                51.658403933802326
              ],
              [
                3.903618113342596,
                51.658498136998546
              ],
              [
                3.9040286206507266,
                51.65856764806344
              ],
              [
                3.904448106798776,
                51.65861179745052
              ],
              [
                3.90487253121906,
                51.658630159900085
              ],
              [
                3.9052978057512053,
                51.65862255853773
              ],
              [
                3.905719834041074,
                51.65858906657879
              ],
              [
                3.9061345510188903,
                51.658530006623096
              ],
              [
                3.9065379620752334,
                51.65844594754591
              ],
              [
                3.906926181556626,
                51.65833769901582
              ],
              [
                3.9072954702089397,
                51.658206303691976
              ],
              [
                3.9076422712072523,
                51.65805302717633
              ],
              [
                3.907963244424343,
                51.65787934581764
              ],
              [
                3.9082552986073265,
                51.65768693248543
              ],
              [
                3.908515621152157,
                51.657477640450836
              ],
              [
                3.9087417051890907,
                51.657253485529736
              ],
              [
                3.9089313737183526,
                51.65701662666087
              ],
              [
                3.9090828005637848,
                51.65676934510656
              ],
              [
                3.909194527943189,
                51.65651402247554
              ],
              [
                3.909238574345087,
                51.65635205665384
              ],
              [
                3.909419229435942,
                51.656337713206824
              ],
              [
                3.9098339210693167,
                51.6562786400318
              ],
              [
                3.91023730528475,
                51.65619456808175
              ],
              [
                3.9106254966873646,
                51.656086307149245
              ],
              [
                3.910994756293574,
                51.65595490001281
              ],
              [
                3.9113415275582986,
                51.65580161238819
              ],
              [
                3.9116624706407763,
                51.65562792073115
              ],
              [
                3.911954494578434,
                51.655435498010455
              ],
              [
                3.9122147870585846,
                51.65522619758756
              ],
              [
                3.9124408415010894,
                51.65500203535909
              ],
              [
                3.912630481191219,
                51.65476517033424
              ],
              [
                3.9127818802305767,
                51.65451788383447
              ],
              [
                3.912893581104742,
                51.654262557516226
              ],
              [
                3.912919436380493,
                51.65416744926972
              ],
              [
                3.9129528466524994,
                51.654112877712954
              ],
              [
                3.913064545542321,
                51.653857551214216
              ],
              [
                3.9131354714949143,
                51.65359664400649
              ],
              [
                3.9131649421412336,
                51.65333266884569
              ],
              [
                3.9131526743838596,
                51.65306816799084
              ],
              [
                3.9130987870956604,
                51.65280568871964
              ],
              [
                3.9130037999470346,
                51.65254775879695
              ],
              [
                3.912868628374048,
                51.65229686213326
              ],
              [
                3.912694574737008,
                51.65205541486691
              ],
              [
                3.912483315755583,
                51.65182574210043
              ],
              [
                3.9122368863423147,
                51.651610055515036
              ],
              [
                3.911957659990982,
                51.65141043207832
              ],
              [
                3.911648325909188,
                51.651228794049956
              ],
              [
                3.9113118631157833,
                51.651066890478106
              ],
              [
                3.910951511752729,
                51.65092628036351
              ],
              [
                3.91057074188763,
                51.65080831765413
              ],
              [
                3.910173220107113,
                51.65071413821359
              ],
              [
                3.909762774222327,
                51.65064464888909
              ],
              [
                3.9093433564258064,
                51.65060051878408
              ],
              [
                3.9089190052537344,
                51.65058217281871
              ],
              [
                3.908493806719028,
                51.650589787640605
              ],
              [
                3.908071854988466,
                51.65062328992509
              ],
              [
                3.907657212981599,
                51.65068235708076
              ],
              [
                3.9072538732697426,
                51.650766420354195
              ],
              [
                3.906865719650612,
                51.65087467030382
              ],
              [
                3.906496489767662,
                51.65100606459004
              ],
              [
                3.906149739133311,
                51.651159338007005
              ],
              [
                3.90582880690174,
                51.65133301466017
              ],
              [
                3.9055367837204003,
                51.651525422171396
              ],
              [
                3.905276481969432,
                51.65173470777669
              ],
              [
                3.905050408675484,
                51.65195885616029
              ],
              [
                3.904860741360823,
                51.652195708855125
              ],
              [
                3.9047093070605916,
                51.65244298502214
              ],
              [
                3.904597564710729,
                51.65269830340895
              ],
              [
                3.9045716928450402,
                51.65279340976467
              ],
              [
                3.9045382734865144,
                51.65284797889973
              ],
              [
                3.904426529151552,
                51.653103297105886
              ]
            ]
          ],
          [
            [
              [
                3.73579798103997,
                51.6835752934457
              ],
              [
                3.7355874785106336,
                51.68334530578089
              ],
              [
                3.7353417269324,
                51.68312925072253
              ],
              [
                3.7350630932753703,
                51.6829292087872
              ],
              [
                3.7347542610433946,
                51.682747106265055
              ],
              [
                3.7344182044262637,
                51.682584696677345
              ],
              [
                3.7340581596579296,
                51.68244354389746
              ],
              [
                3.733677593856523,
                51.682325007098804
              ],
              [
                3.7332801716460216,
                51.68223022767276
              ],
              [
                3.7328697198805454,
                51.68216011824366
              ],
              [
                3.7324501908103693,
                51.68211535388557
              ],
              [
                3.732025624043597,
                51.68209636562538
              ],
              [
                3.7316001076688803,
                51.68210333629497
              ],
              [
                3.7311777389126197,
                51.682136198771744
              ],
              [
                3.730762584708429,
                51.6821946366246
              ],
              [
                3.730358642557563,
                51.68227808715953
              ],
              [
                3.729969802056183,
                51.682385746834846
              ],
              [
                3.7295998074589893,
                51.682516578994715
              ],
              [
                3.729252221638909,
                51.682669323846326
              ],
              [
                3.7289303917891705,
                51.6828425105851
              ],
              [
                3.728637417197564,
                51.68303447155107
              ],
              [
                3.728376119402798,
                51.68324335828082
              ],
              [
                3.728149015020282,
                51.68346715930059
              ],
              [
                3.7279582914990246,
                51.683703719489365
              ],
              [
                3.727805786043419,
                51.68395076082595
              ],
              [
                3.7276929679033266,
                51.684205904320734
              ],
              [
                3.7276209242037086,
                51.6844666929204
              ],
              [
                3.7275903494510048,
                51.68473061516658
              ],
              [
                3.7276015388183,
                51.684995129379296
              ],
              [
                3.727654385274914,
                51.68525768813334
              ],
              [
                3.727748380589152,
                51.685515762791795
              ],
              [
                3.727882620195615,
                51.68576686786034
              ],
              [
                3.72805581188127,
                51.68600858492712
              ],
              [
                3.728266288207561,
                51.686238585959124
              ],
              [
                3.7285120225498525,
                51.68645465572809
              ],
              [
                3.7287906486004117,
                51.68665471315215
              ],
              [
                3.7290994831477016,
                51.68683683134602
              ],
              [
                3.7294355519129523,
                51.68699925618613
              ],
              [
                3.72979561819537,
                51.68714042321292
              ],
              [
                3.7301762140500494,
                51.6872589727055
              ],
              [
                3.7305736736980806,
                51.68735376278466
              ],
              [
                3.7309841688466387,
                51.68742388041674
              ],
              [
                3.731403745578264,
                51.6874686502124
              ],
              [
                3.731828362453251,
                51.68748764093578
              ],
              [
                3.732253929457315,
                51.687480669660296
              ],
              [
                3.732676347418401,
                51.68744780353192
              ],
              [
                3.733091547511977,
                51.687389359121994
              ],
              [
                3.7334955304732875,
                51.68730589937656
              ],
              [
                3.7338844051378484,
                51.68719822819132
              ],
              [
                3.734254425938088,
                51.68706738266432
              ],
              [
                3.7346020289941113,
                51.68691462310206
              ],
              [
                3.734923866450317,
                51.68674142087451
              ],
              [
                3.7352168387266107,
                51.686549444236846
              ],
              [
                3.7354781243732553,
                51.68634054225469
              ],
              [
                3.735705207241688,
                51.68611672698805
              ],
              [
                3.7358959007096733,
                51.68588015410535
              ],
              [
                3.736048368727751,
                51.68563310211558
              ],
              [
                3.73616114348476,
                51.685377950417845
              ],
              [
                3.7362331395229287,
                51.68511715638062
              ],
              [
                3.736263664167416,
                51.68485323167128
              ],
              [
                3.736252424170774,
                51.68458871806443
              ],
              [
                3.7361995285093372,
                51.68432616296203
              ],
              [
                3.736105487305714,
                51.68406809486057
              ],
              [
                3.7359712068888045,
                51.68381699900255
              ],
              [
                3.73579798103997,
                51.6835752934457
              ]
            ]
          ],
          [
            [
              [
                3.739572152630282,
                51.69072868430834
              ],
              [
                3.739326342208958,
                51.69051263751397
              ],
              [
                3.7390476457110164,
                51.69031260493272
              ],
              [
                3.738738747245447,
                51.69013051276457
              ],
              [
                3.738402621639806,
                51.68996811443105
              ],
              [
                3.738042505792288,
                51.689826973697215
              ],
              [
                3.7376618675053517,
                51.68970844962037
              ],
              [
                3.7372643721008147,
                51.68961368346942
              ],
              [
                3.736853847137431,
                51.689543587740815
              ],
              [
                3.7364342455701296,
                51.68949883737661
              ],
              [
                3.7360096077049114,
                51.68947986326904
              ],
              [
                3.7355840223148573,
                51.68948684811374
              ],
              [
                3.7351615872907526,
                51.68951972465152
              ],
              [
                3.7347463702041623,
                51.68957817631602
              ],
              [
                3.734342369161725,
                51.6896616402802
              ],
              [
                3.7339534743265896,
                51.68976931287306
              ],
              [
                3.733583430476605,
                51.689900157314426
              ],
              [
                3.7332358009589615,
                51.69005291369338
              ],
              [
                3.7329139333877195,
                51.69022611109425
              ],
              [
                3.7326209274139908,
                51.69041808175443
              ],
              [
                3.732612240159512,
                51.690425026191114
              ],
              [
                3.7325494267367247,
                51.69046617975069
              ],
              [
                3.7322881035927673,
                51.69067507495027
              ],
              [
                3.7320609807535643,
                51.69089888331647
              ],
              [
                3.7318702458460744,
                51.69113544965746
              ],
              [
                3.731717736184577,
                51.691382495892924
              ],
              [
                3.7316049210597106,
                51.69163764298593
              ],
              [
                3.731532887567677,
                51.69189843384866
              ],
              [
                3.731502330116907,
                51.692162357000846
              ],
              [
                3.731513543714142,
                51.69242687075369
              ],
              [
                3.731566421095627,
                51.69268942768652
              ],
              [
                3.731660453732092,
                51.69294749917986
              ],
              [
                3.731794736698918,
                51.69319859976978
              ],
              [
                3.7319679773656547,
                51.693440311087684
              ],
              [
                3.732178507822154,
                51.693670305155585
              ],
              [
                3.732424300922543,
                51.69388636681248
              ],
              [
                3.732702989793225,
                51.69408641505449
              ],
              [
                3.7330118906176253,
                51.69426852308473
              ],
              [
                3.733348028478583,
                51.69443093687746
              ],
              [
                3.733708166009727,
                51.694572092079504
              ],
              [
                3.734088834579781,
                51.69469062908384
              ],
              [
                3.7344863677093167,
                51.69478540613152
              ],
              [
                3.7348969363975772,
                51.694855510314305
              ],
              [
                3.7353165860185844,
                51.6949002663725
              ],
              [
                3.735741274430383,
                51.69491924320243
              ],
              [
                3.7361669109294597,
                51.69491225801148
              ],
              [
                3.7365893956742124,
                51.69487937807957
              ],
              [
                3.7370046591967014,
                51.69482092011107
              ],
              [
                3.737408701621102,
                51.694737447182625
              ],
              [
                3.737797631210097,
                51.69462976331692
              ],
              [
                3.7381677018670403,
                51.69449890573418
              ],
              [
                3.7385153492318297,
                51.69434613485711
              ],
              [
                3.7388372250221296,
                51.69417292216464
              ],
              [
                3.739130229288721,
                51.69398093601275
              ],
              [
                3.739138916236951,
                51.693973991093586
              ],
              [
                3.739201728610882,
                51.693932834008855
              ],
              [
                3.7394630389871764,
                51.693723923391715
              ],
              [
                3.7396901397020113,
                51.69350010063495
              ],
              [
                3.739880843961483,
                51.69326352147919
              ],
              [
                3.7400333156124383,
                51.69301646449377
              ],
              [
                3.7401460868089935,
                51.692761309126
              ],
              [
                3.7402180721279525,
                51.692500512779596
              ],
              [
                3.7402485789979947,
                51.69223658714418
              ],
              [
                3.740237314343131,
                51.69197207400336
              ],
              [
                3.7401843873774454,
                51.69170952075443
              ],
              [
                3.740090308525263,
                51.69145145587608
              ],
              [
                3.739955984478275,
                51.691200364579636
              ],
              [
                3.7397827094381872,
                51.69095866487893
              ],
              [
                3.739572152630282,
                51.69072868430834
              ]
            ]
          ],
          [
            [
              [
                3.744362341420274,
                51.69561802755539
              ],
              [
                3.7439426758355028,
                51.69557330384849
              ],
              [
                3.7435179775130605,
                51.69555435672085
              ],
              [
                3.7430923358080235,
                51.695561368608296
              ],
              [
                3.7426698491532964,
                51.695594271991325
              ],
              [
                3.742254585617499,
                51.69565275004506
              ],
              [
                3.741850543754468,
                51.69573623968839
              ],
              [
                3.741461614120398,
                51.69584393700309
              ],
              [
                3.741091541828246,
                51.695974804971
              ],
              [
                3.7407438904991497,
                51.696127583454654
              ],
              [
                3.740422007957308,
                51.69630080132549
              ],
              [
                3.7401289939981446,
                51.69649279062392
              ],
              [
                3.7400835054261137,
                51.696529156114075
              ],
              [
                3.7398864272123102,
                51.69659884460473
              ],
              [
                3.739538767031547,
                51.69675161946296
              ],
              [
                3.7392168754427777,
                51.696924833971515
              ],
              [
                3.738923852328519,
                51.69711682020304
              ],
              [
                3.7386625196950467,
                51.6973257294509
              ],
              [
                3.7384353944936395,
                51.697549550024526
              ],
              [
                3.738244664374238,
                51.69778612661462
              ],
              [
                3.738092166605287,
                51.69803318104206
              ],
              [
                3.7379793703631634,
                51.69828833419102
              ],
              [
                3.7379073625625128,
                51.69854912891538
              ],
              [
                3.737876837364625,
                51.698813053697606
              ],
              [
                3.737888089465897,
                51.6990775668332
              ],
              [
                3.7379410112319995,
                51.69934012090734
              ],
              [
                3.738035093706418,
                51.699598187328036
              ],
              [
                3.738169431484731,
                51.69984928068012
              ],
              [
                3.7383427314087374,
                51.700090982664676
              ],
              [
                3.7385533249976657,
                51.70032096539354
              ],
              [
                3.7387991844976454,
                51.70053701381483
              ],
              [
                3.7390779423955656,
                51.70073704705211
              ],
              [
                3.739386914209966,
                51.700919138452925
              ],
              [
                3.739723124339862,
                51.70108153415176
              ],
              [
                3.7400833347226863,
                51.70122266996953
              ],
              [
                3.740464076025325,
                51.70134118648599
              ],
              [
                3.7408616810676265,
                51.701435942139426
              ],
              [
                3.7412723201559945,
                51.70150602422772
              ],
              [
                3.7416920379861733,
                51.701550757703885
              ],
              [
                3.7421167917590292,
                51.701569711681906
              ],
              [
                3.7425424901413202,
                51.701562703589204
              ],
              [
                3.7429650326952326,
                51.70152980092632
              ],
              [
                3.7433803493958875,
                51.70147132061656
              ],
              [
                3.7437844398551636,
                51.70138782595187
              ],
              [
                3.7441734118730294,
                51.70128012116422
              ],
              [
                3.74454351894417,
                51.70114924367554
              ],
              [
                3.744891196357786,
                51.70099645410013
              ],
              [
                3.745213095542216,
                51.7008232240971
              ],
              [
                3.745338437704839,
                51.70074109391851
              ],
              [
                3.745376196355571,
                51.700730638025824
              ],
              [
                3.7457462954728467,
                51.70059975669465
              ],
              [
                3.746093964616807,
                51.70044696350454
              ],
              [
                3.7464158552954663,
                51.70027373014951
              ],
              [
                3.7467088674163507,
                51.70008172518456
              ],
              [
                3.746970179146289,
                51.69987279794821
              ],
              [
                3.7471972740859005,
                51.69964896074364
              ],
              [
                3.7473879654971505,
                51.69941236945065
              ],
              [
                3.7474044731724905,
                51.6993856169048
              ],
              [
                3.74743016952561,
                51.69935373512517
              ],
              [
                3.747582620948153,
                51.69910666837187
              ],
              [
                3.7476953652019143,
                51.698851505771486
              ],
              [
                3.747767317123454,
                51.69859070479757
              ],
              [
                3.747797784463361,
                51.69832677718414
              ],
              [
                3.7477864745265954,
                51.698062264733835
              ],
              [
                3.7477334969635434,
                51.69779971483724
              ],
              [
                3.747639362685998,
                51.69754165594068
              ],
              [
                3.7475049789195536,
                51.69729057319784
              ],
              [
                3.747331640441126,
                51.697048884540074
              ],
              [
                3.7471210170869664,
                51.69681891739537
              ],
              [
                3.746875137652324,
                51.69660288628042
              ],
              [
                3.7465963703385445,
                51.696402871481126
              ],
              [
                3.7462873999364796,
                51.69622079902621
              ],
              [
                3.745951201966285,
                51.69605842214728
              ],
              [
                3.7459154562218773,
                51.696044417439495
              ],
              [
                3.7459113948822904,
                51.6960424558783
              ],
              [
                3.7455512071910224,
                51.6959013380122
              ],
              [
                3.7451704980105385,
                51.695782838109416
              ],
              [
                3.7447729333451254,
                51.69568809720603
              ],
              [
                3.744362341420274,
                51.69561802755539
              ]
            ]
          ],
          [
            [
              [
                3.7479607419306378,
                51.70369892732129
              ],
              [
                3.7477148214191787,
                51.703482897939836
              ],
              [
                3.747436008292656,
                51.703282885078366
              ],
              [
                3.7471269877831412,
                51.703100814746904
              ],
              [
                3.746790735893327,
                51.70293844015658
              ],
              [
                3.746430490737284,
                51.7027973248438
              ],
              [
                3.7460497213624064,
                51.702678827620964
              ],
              [
                3.7456520943525202,
                51.702584089498345
              ],
              [
                3.74524143853332,
                51.70251402270252
              ],
              [
                3.744821708119432,
                51.70246930189689
              ],
              [
                3.7443969446572023,
                51.702450357689095
              ],
              [
                3.7439712381287755,
                51.70245737248686
              ],
              [
                3.7435486875910873,
                51.70249027874265
              ],
              [
                3.743133361727741,
                51.702548759603886
              ],
              [
                3.742729259692596,
                51.702632251962505
              ],
              [
                3.7423402726211448,
                51.702739951874115
              ],
              [
                3.741970146179337,
                51.702870822295594
              ],
              [
                3.741622444509684,
                51.70302360306583
              ],
              [
                3.741300515921125,
                51.703196823034354
              ],
              [
                3.7410074606525203,
                51.70338881422141
              ],
              [
                3.740746101019867,
                51.70359772787252
              ],
              [
                3.740518954234559,
                51.703821552254816
              ],
              [
                3.7403282081545544,
                51.70405813202226
              ],
              [
                3.740175700202171,
                51.704305188965215
              ],
              [
                3.7400628996520746,
                51.70456034394364
              ],
              [
                3.7399908934606154,
                51.70482113979381
              ],
              [
                3.7399603757738262,
                51.705085064987244
              ],
              [
                3.739971641216006,
                51.7053495778156
              ],
              [
                3.7400245820245765,
                51.70561213086688
              ],
              [
                3.7401186890598477,
                51.705870195559015
              ],
              [
                3.740253056681058,
                51.70612128649344
              ],
              [
                3.74042639144276,
                51.706362985394414
              ],
              [
                3.740637024528801,
                51.70659296440354
              ],
              [
                3.7408829278050124,
                51.70680900850464
              ],
              [
                3.741161733336723,
                51.70700903686294
              ],
              [
                3.7414707561837277,
                51.707191122872835
              ],
              [
                3.741807020253509,
                51.70735351272074
              ],
              [
                3.7421672869639235,
                51.707494642283905
              ],
              [
                3.7425480864392546,
                51.707613152202285
              ],
              [
                3.742945750938935,
                51.707707900977695
              ],
              [
                3.7433564501965573,
                51.707777975974246
              ],
              [
                3.7437762283281772,
                51.70782270221331
              ],
              [
                3.7442010419536915,
                51.70784164887845
              ],
              [
                3.744626799163203,
                51.70783463346756
              ],
              [
                3.7450493989521294,
                51.70780172355175
              ],
              [
                3.7454647707441717,
                51.70774323612419
              ],
              [
                3.7458689136204577,
                51.707659734545324
              ],
              [
                3.7462579348759895,
                51.70755202311381
              ],
              [
                3.7466280875311475,
                51.70742113931555
              ],
              [
                3.7469758064360494,
                51.70726834382568
              ],
              [
                3.7472977426194203,
                51.70709510836033
              ],
              [
                3.7475907955505328,
                51.70690310149483
              ],
              [
                3.7478521430032194,
                51.706694172586126
              ],
              [
                3.748079268234155,
                51.706470333953504
              ],
              [
                3.748269984213707,
                51.70623374149049
              ],
              [
                3.748422454676296,
                51.705986673894735
              ],
              [
                3.7485352117879716,
                51.705731510715594
              ],
              [
                3.748607170261694,
                51.705470709432035
              ],
              [
                3.7486376377852024,
                51.705206781781186
              ],
              [
                3.7486263216619395,
                51.70494226956593
              ],
              [
                3.748573331602131,
                51.704679720174695
              ],
              [
                3.748479178638163,
                51.704421662048894
              ],
              [
                3.7483447701758124,
                51.70417058033476
              ],
              [
                3.7481714012300285,
                51.70392889295364
              ],
              [
                3.7479607419306378,
                51.70369892732129
              ]
            ]
          ],
          [
            [
              [
                3.7790107147476104,
                51.71914016005166
              ],
              [
                3.77876456193186,
                51.7189241952371
              ],
              [
                3.7784855161149475,
                51.71872425563486
              ],
              [
                3.7781762647692627,
                51.718542266549235
              ],
              [
                3.7778397861198245,
                51.718379980408855
              ],
              [
                3.777479320463693,
                51.718238959898294
              ],
              [
                3.7770983389709003,
                51.718120562916994
              ],
              [
                3.776700510267161,
                51.718025929509956
              ],
              [
                3.776289665119686,
                51.717955970895304
              ],
              [
                3.775869759565569,
                51.71791136069497
              ],
              [
                3.7754448368370657,
                51.71789252845147
              ],
              [
                3.775018988449463,
                51.71789965549452
              ],
              [
                3.7745963148253363,
                51.71793267319582
              ],
              [
                3.7741808858332884,
                51.717991263629926
              ],
              [
                3.7737767016201507,
                51.718074862633586
              ],
              [
                3.7733876541127938,
                51.71818266523575
              ],
              [
                3.7730174895593396,
                51.7183136334045
              ],
              [
                3.7728978730897236,
                51.71836622261182
              ],
              [
                3.7727587974405283,
                51.71841542831355
              ],
              [
                3.772411078697342,
                51.718568300170105
              ],
              [
                3.7720891558158582,
                51.718741604512566
              ],
              [
                3.7717961289805886,
                51.7189336725486
              ],
              [
                3.771534820234442,
                51.719142654783745
              ],
              [
                3.7713077462995765,
                51.7193665388246
              ],
              [
                3.7711170943332575,
                51.71960316875062
              ],
              [
                3.770964700852349,
                51.71985026586898
              ],
              [
                3.770852034030006,
                51.7201054506526
              ],
              [
                3.770780179535576,
                51.720366265650526
              ],
              [
                3.7707498300549482,
                51.72063019914976
              ],
              [
                3.7707612785931888,
                51.720894709361616
              ],
              [
                3.770814415624953,
                51.7211572488991
              ],
              [
                3.7709087301212088,
                51.721415289310016
              ],
              [
                3.771043314443452,
                51.72166634542935
              ],
              [
                3.7712168730593314,
                51.72190799931651
              ],
              [
                3.771427734996724,
                51.722137923546235
              ],
              [
                3.771673869917181,
                51.72235390362981
              ],
              [
                3.771952907654707,
                51.722553859348764
              ],
              [
                3.772262161032204,
                51.722735864796974
              ],
              [
                3.7725986517362835,
                51.722898166936616
              ],
              [
                3.772959139001359,
                51.72303920248963
              ],
              [
                3.7733401508267597,
                51.72315761300134
              ],
              [
                3.7737380174259516,
                51.72325225793105
              ],
              [
                3.773916277354659,
                51.723282612888305
              ],
              [
                3.7741670389473616,
                51.72334226294945
              ],
              [
                3.774577929604278,
                51.72341222916239
              ],
              [
                3.7749978848859542,
                51.723456844178486
              ],
              [
                3.7754228597054333,
                51.72347567825266
              ],
              [
                3.7758487605997555,
                51.72346854996733
              ],
              [
                3.776271485180019,
                51.72343552798087
              ],
              [
                3.7766869616677257,
                51.72337693036606
              ],
              [
                3.7770911881355,
                51.72329332154475
              ],
              [
                3.7774802710732764,
                51.72318550684871
              ],
              [
                3.7778504629075353,
                51.723054524758496
              ],
              [
                3.778198198111401,
                51.722901636896076
              ],
              [
                3.7785201275571083,
                51.72272831586733
              ],
              [
                3.778813150779448,
                51.72253623107176
              ],
              [
                3.779074445839111,
                51.7223272326168
              ],
              [
                3.779301496498187,
                51.72210333349158
              ],
              [
                3.7794921164461126,
                51.72186669017223
              ],
              [
                3.779644470343077,
                51.721619581845985
              ],
              [
                3.7797570914786376,
                51.721364388454354
              ],
              [
                3.779828895876154,
                51.721103567767116
              ],
              [
                3.7798591927079954,
                51.72083963170804
              ],
              [
                3.7798476909221472,
                51.72057512216074
              ],
              [
                3.779794502017416,
                51.72031258648771
              ],
              [
                3.7797001389415654,
                51.720054552997965
              ],
              [
                3.77956551112409,
                51.71980350660023
              ],
              [
                3.7793919156924893,
                51.71956186487547
              ],
              [
                3.7792418909313654,
                51.71939831029514
              ],
              [
                3.7792216037284594,
                51.71937007043126
              ],
              [
                3.7790107147476104,
                51.71914016005166
              ]
            ]
          ],
          [
            [
              [
                3.8499111277657585,
                51.73135521093783
              ],
              [
                3.849664568651066,
                51.731139393806664
              ],
              [
                3.849385132548899,
                51.73093962183396
              ],
              [
                3.849075510688738,
                51.73075781870953
              ],
              [
                3.848738684862205,
                51.73059573507105
              ],
              [
                3.8483778987081547,
                51.730454931652886
              ],
              [
                3.84799662648151,
                51.73033676426409
              ],
              [
                3.847598539606315,
                51.7302423707388
              ],
              [
                3.84718747133467,
                51.73017265998531
              ],
              [
                3.8467673798512396,
                51.730128303239
              ],
              [
                3.846342310177889,
                51.73010972760201
              ],
              [
                3.8459163552443703,
                51.73011711193331
              ],
              [
                3.8454936164989726,
                51.730150385127374
              ],
              [
                3.8450781644374046,
                51.73020922679878
              ],
              [
                3.8446739994289576,
                51.730293070365356
              ],
              [
                3.8442850132161546,
                51.73040110850116
              ],
              [
                3.8439149514577284,
                51.730532300906475
              ],
              [
                3.843567377674745,
                51.7306853843198
              ],
              [
                3.8432456389463945,
                51.73085888467655
              ],
              [
                3.842952833685257,
                51.731051131296844
              ],
              [
                3.8426917818020274,
                51.73126027296644
              ],
              [
                3.8424649975468546,
                51.73148429575632
              ],
              [
                3.842274665288901,
                51.7317210424096
              ],
              [
                3.8421226184676724,
                51.731968233109
              ],
              [
                3.842010321919243,
                51.73222348742582
              ],
              [
                3.8419388577482594,
                51.73248434723897
              ],
              [
                3.8419089148825702,
                51.73274830040336
              ],
              [
                3.8419207824120156,
                51.733012804940316
              ],
              [
                3.841974346776508,
                51.73327531351696
              ],
              [
                3.8420690928316104,
                51.73353329797872
              ],
              [
                3.842204108782381,
                51.73378427369876
              ],
              [
                3.8423780949390394,
                51.73402582351032
              ],
              [
                3.8425893762110905,
                51.73425562099003
              ],
              [
                3.84283591822049,
                51.73447145286947
              ],
              [
                3.843115346879348,
                51.73467124035721
              ],
              [
                3.8434249712442212,
                51.734853059167165
              ],
              [
                3.8437618094272414,
                51.73501515805887
              ],
              [
                3.8441226173146963,
                51.7351559757117
              ],
              [
                3.844503919816457,
                51.735274155769744
              ],
              [
                3.8449020443450284,
                51.735368559911954
              ],
              [
                3.8453131562013114,
                51.73543827882187
              ],
              [
                3.845733295525706,
                51.73548264095089
              ],
              [
                3.8461584154578463,
                51.73550121898987
              ],
              [
                3.846584421136567,
                51.73549383398756
              ],
              [
                3.8470072091634653,
                51.73546055707525
              ],
              [
                3.8474227071489704,
                51.735401708781374
              ],
              [
                3.8478269129589657,
                51.73531785594248
              ],
              [
                3.8482159332829418,
                51.73520980624088
              ],
              [
                3.848586021151295,
                51.735078600420756
              ],
              [
                3.84893361203957,
                51.73492550225909
              ],
              [
                3.849255358211231,
                51.734751986387316
              ],
              [
                3.849548160967653,
                51.73455972408155
              ],
              [
                3.849809200494394,
                51.73435056715875
              ],
              [
                3.8500359630161665,
                51.734126530134084
              ],
              [
                3.850226264999002,
                51.73388977081158
              ],
              [
                3.850378274166853,
                51.73364256949532
              ],
              [
                3.8504905271306464,
                51.733387307021985
              ],
              [
                3.850561943460665,
                51.73312644182621
              ],
              [
                3.8505918360675633,
                51.73286248625989
              ],
              [
                3.850579917792917,
                51.73259798239387
              ],
              [
                3.8505263041469253,
                51.73233547753544
              ],
              [
                3.8504315121678845,
                51.73207749969621
              ],
              [
                3.850296455415568,
                51.731826533248494
              ],
              [
                3.8501224351477346,
                51.731584995002734
              ],
              [
                3.8499111277657585,
                51.73135521093783
              ]
            ]
          ],
          [
            [
              [
                3.7758561280839023,
                51.73099849496317
              ],
              [
                3.7756099264356013,
                51.73078252357717
              ],
              [
                3.7753308219987263,
                51.73058257645651
              ],
              [
                3.7750215028103455,
                51.73040057897787
              ],
              [
                3.7746849477488946,
                51.73023828365064
              ],
              [
                3.774324397847287,
                51.730097253247806
              ],
              [
                3.773943325086766,
                51.72997884576403
              ],
              [
                3.7735453989717986,
                51.72988420134533
              ],
              [
                3.773134451207443,
                51.72981423131593
              ],
              [
                3.772714438818709,
                51.72976960940754
              ],
              [
                3.7722894060663346,
                51.72975076527544
              ],
              [
                3.771863445524771,
                51.72975788036378
              ],
              [
                3.7714406586962514,
                51.72979088615938
              ],
              [
                3.7710251165391533,
                51.72984946485134
              ],
              [
                3.7706208202897176,
                51.729933052389704
              ],
              [
                3.770231662953383,
                51.73004084391369
              ],
              [
                3.769861391835634,
                51.73017180149821
              ],
              [
                3.7695135724723183,
                51.73032466414282
              ],
              [
                3.7691915543060874,
                51.730497959908924
              ],
              [
                3.7688984384389674,
                51.7306900200868
              ],
              [
                3.768637047771243,
                51.730898995257846
              ],
              [
                3.7684098998140643,
                51.73112287309664
              ],
              [
                3.7682191824376914,
                51.73135949774244
              ],
              [
                3.768066732789134,
                51.73160659055338
              ],
              [
                3.7679540195827523,
                51.731861772043956
              ],
              [
                3.7678821289349296,
                51.73212258479489
              ],
              [
                3.7678517538801315,
                51.7323865171149
              ],
              [
                3.767863187670135,
                51.7326510272267
              ],
              [
                3.767916320922075,
                51.73291356774427
              ],
              [
                3.7680106426437594,
                51.73317161020599
              ],
              [
                3.768145245127527,
                51.73342266942709
              ],
              [
                3.7683188326665147,
                51.73366432743707
              ],
              [
                3.7685297340103996,
                51.73389425677101
              ],
              [
                3.7687759184415146,
                51.73411024289088
              ],
              [
                3.7690550153172593,
                51.734310205520146
              ],
              [
                3.769364336891133,
                51.734492218686015
              ],
              [
                3.7697009041930327,
                51.734654529276305
              ],
              [
                3.7700614757196487,
                51.73479557393149
              ],
              [
                3.770442578658699,
                51.73491399410916
              ],
              [
                3.770840542345974,
                51.735008649175505
              ],
              [
                3.7712515336325363,
                51.735078627397044
              ],
              [
                3.771671593820835,
                51.7351232547274
              ],
              [
                3.7720966768132285,
                51.7351421013028
              ],
              [
                3.7725226881045653,
                51.73513498558523
              ],
              [
                3.7729455242423273,
                51.73510197611206
              ],
              [
                3.773361112373213,
                51.735043390835486
              ],
              [
                3.773765449494233,
                51.73495979405861
              ],
              [
                3.7741546410292752,
                51.73485199099711
              ],
              [
                3.7745249383586197,
                51.73472102001957
              ],
              [
                3.774872774939122,
                51.734568142641045
              ],
              [
                3.775194800666483,
                51.73439483136635
              ],
              [
                3.7754879141481066,
                51.734202755501244
              ],
              [
                3.775749292575384,
                51.733993765067176
              ],
              [
                3.775976418907555,
                51.73376987297602
              ],
              [
                3.776167106105398,
                51.73353323563631
              ],
              [
                3.776319518181645,
                51.73328613217769
              ],
              [
                3.7764321878658245,
                51.733030942494956
              ],
              [
                3.776504030714081,
                51.73277012432211
              ],
              [
                3.7765343555288604,
                51.732506189558784
              ],
              [
                3.776522870989084,
                51.73224168007624
              ],
              [
                3.7764696884279023,
                51.731979143236224
              ],
              [
                3.7763753207324307,
                51.73172110735904
              ],
              [
                3.776240677377081,
                51.73147005737651
              ],
              [
                3.7760670556393836,
                51.73122841090402
              ],
              [
                3.7758561280839023,
                51.73099849496317
              ]
            ]
          ],
          [
            [
              [
                4.0014582479496745,
                51.64500326273347
              ],
              [
                4.001211429995421,
                51.644787762065555
              ],
              [
                4.000931851406108,
                51.644588349615375
              ],
              [
                4.000622204779508,
                51.64440694561069
              ],
              [
                4.000285472142414,
                51.6442452968459
              ],
              [
                3.999924896233598,
                51.64410495986807
              ],
              [
                3.999543949281418,
                51.64398728599498
              ],
              [
                3.9991462995764464,
                51.64389340830906
              ],
              [
                3.9987357761606286,
                51.64382423075208
              ],
              [
                3.9983163319723265,
                51.643780419425546
              ],
              [
                3.9978920058014475,
                51.64376239618039
              ],
              [
                3.9974668834200777,
                51.643770334556926
              ],
              [
                3.997045058261959,
                51.64380415811515
              ],
              [
                3.996630592028431,
                51.643863541170326
              ],
              [
                3.996227475599123,
                51.6439479119275
              ],
              [
                3.99583959062284,
                51.644056457984256
              ],
              [
                3.995470672157567,
                51.644188134149864
              ],
              [
                3.995124272718486,
                51.644341672504204
              ],
              [
                3.9948037280796007,
                51.64451559460136
              ],
              [
                3.9945121251576956,
                51.64470822569962
              ],
              [
                3.9942522722876266,
                51.64491771088148
              ],
              [
                3.994026672175004,
                51.64514203290915
              ],
              [
                3.993837497786849,
                51.645379031642825
              ],
              [
                3.993686571412641,
                51.64562642483651
              ],
              [
                3.9935753470979165,
                51.645881830110234
              ],
              [
                3.9935048966201623,
                51.6461427878878
              ],
              [
                3.993475899142962,
                51.64640678507939
              ],
              [
                3.9934886346488763,
                51.64667127928097
              ],
              [
                3.9934886349341667,
                51.64667128065869
              ],
              [
                3.9934886350881387,
                51.64667128385637
              ],
              [
                3.993542981654618,
                51.646933727833506
              ],
              [
                3.993638416600214,
                51.64719159405247
              ],
              [
                3.99377402149119,
                51.647442399024456
              ],
              [
                3.9939484909612704,
                51.64768372722621
              ],
              [
                3.994160145260629,
                51.64791325436816
              ],
              [
                3.994406946414106,
                51.64812876978511
              ],
              [
                3.9946865178337276,
                51.6483281977333
              ],
              [
                3.9949961671972436,
                51.648509617389465
              ],
              [
                3.9953329123726884,
                51.64867128135769
              ],
              [
                3.9956935101394477,
                51.64881163250664
              ],
              [
                3.9960744874291785,
                51.648929318974005
              ],
              [
                3.996472174785446,
                51.649023207193295
              ],
              [
                3.9968827417193986,
                51.649092392818
              ],
              [
                3.997302233620293,
                51.649136209436506
              ],
              [
                3.997412123613384,
                51.6491408772088
              ],
              [
                3.997438976922882,
                51.6492134143455
              ],
              [
                3.997574608850583,
                51.64946421496535
              ],
              [
                3.9977491063133717,
                51.64970553755792
              ],
              [
                3.997960789291828,
                51.6499350578877
              ],
              [
                3.998207619534554,
                51.65015056535499
              ],
              [
                3.9984872201733763,
                51.650349984292596
              ],
              [
                3.998796898604571,
                51.65053139396403
              ],
              [
                3.9991336724161393,
                51.65069304706952
              ],
              [
                3.999494298111587,
                51.650833386582406
              ],
              [
                3.9998753023534865,
                51.6509510607523
              ],
              [
                4.00027301542573,
                51.65104493613129
              ],
              [
                4.000683606591687,
                51.65111410849643
              ],
              [
                4.001103121007137,
                51.651157911563935
              ],
              [
                4.001527517831682,
                51.65117592341004
              ],
              [
                4.001952709170654,
                51.65116797053761
              ],
              [
                4.002374599471508,
                51.651134129548005
              ],
              [
                4.002789124994191,
                51.651074726403195
              ],
              [
                4.003192292974311,
                51.650990333284206
              ],
              [
                4.0035802201008925,
                51.650881763077265
              ],
              [
                4.0039491699372,
                51.65075006153989
              ],
              [
                4.004295588923346,
                51.650596497223454
              ],
              [
                4.004616140613293,
                51.65042254924856
              ],
              [
                4.004907737815945,
                51.65022989305263
              ],
              [
                4.005167572330441,
                51.650020384245465
              ],
              [
                4.005393141989135,
                51.649796040730344
              ],
              [
                4.005582274747887,
                51.6495590232621
              ],
              [
                4.005733149591937,
                51.64931161462974
              ],
              [
                4.005844314056441,
                51.64905619766539
              ],
              [
                4.005914698193682,
                51.648795232290055
              ],
              [
                4.005943624853145,
                51.6485312318192
              ],
              [
                4.0059308161764235,
                51.64826673875489
              ],
              [
                4.005876396245456,
                51.64800430029901
              ],
              [
                4.005780889859584,
                51.6477464438226
              ],
              [
                4.005645217454326,
                51.647495652528185
              ],
              [
                4.005470686211862,
                51.647254341538726
              ],
              [
                4.005258977449742,
                51.64702483464381
              ],
              [
                4.00501213041022,
                51.64680934192697
              ],
              [
                4.00473252260696,
                51.64660993848836
              ],
              [
                4.004422846919011,
                51.64642854446901
              ],
              [
                4.004086085652947,
                51.6462669065671
              ],
              [
                4.003725481823152,
                51.64612658122512
              ],
              [
                4.003344507926764,
                51.64600891964874
              ],
              [
                4.002946832513729,
                51.64591505480199
              ],
              [
                4.002536284873461,
                51.64584589050306
              ],
              [
                4.002116818177505,
                51.64580209272581
              ],
              [
                4.002006937029617,
                51.64579742945168
              ],
              [
                4.0019800766540135,
                51.645724888691504
              ],
              [
                4.001844431286026,
                51.64547409304282
              ],
              [
                4.001669928035248,
                51.645232776442214
              ],
              [
                4.0014582479496745,
                51.64500326273347
              ]
            ]
          ],
          [
            [
              [
                3.9183874336999405,
                51.64743416272111
              ],
              [
                3.917962265975877,
                51.647441812067115
              ],
              [
                3.9175403502626853,
                51.64747534864064
              ],
              [
                3.917125749133216,
                51.64753444952008
              ],
              [
                3.9167224547653103,
                51.647618545627374
              ],
              [
                3.916334350520217,
                51.64772682720474
              ],
              [
                3.9159651735661405,
                51.647858251608035
              ],
              [
                3.915618478906009,
                51.64801155334145
              ],
              [
                3.915297605155188,
                51.648185256237646
              ],
              [
                3.9150056423981554,
                51.648377687665864
              ],
              [
                3.914745402433347,
                51.648586994631614
              ],
              [
                3.914519391692567,
                51.648811161613516
              ],
              [
                3.9143297870958045,
                51.649048029965314
              ],
              [
                3.9141784150742955,
                51.649295318697085
              ],
              [
                3.9140667339642676,
                51.64955064643531
              ],
              [
                3.9139958199415767,
                51.64981155435102
              ],
              [
                3.9139663566335114,
                51.65007552983525
              ],
              [
                3.9139786285087026,
                51.65034003069378
              ],
              [
                3.914032518109844,
                51.65060250962854
              ],
              [
                3.9141275071569,
                51.65086043876986
              ],
              [
                3.9142626815112838,
                51.6511113340235
              ],
              [
                3.9144367399542292,
                51.65135277899722
              ],
              [
                3.914648006695789,
                51.6515824482774
              ],
              [
                3.914894447494839,
                51.65179812983013
              ],
              [
                3.915173689235587,
                51.65199774631202
              ],
              [
                3.9154830427726113,
                51.652179375084096
              ],
              [
                3.9158195288247466,
                51.65234126673655
              ],
              [
                3.916179906668619,
                51.65248186194513
              ],
              [
                3.9162393072232318,
                51.65250026016549
              ],
              [
                3.9163115890940663,
                51.65263440421751
              ],
              [
                3.916485664264941,
                51.652875846174545
              ],
              [
                3.9166969484637515,
                51.653105511791004
              ],
              [
                3.9169434072812415,
                51.653321189068244
              ],
              [
                3.9172226674280726,
                51.65352080070411
              ],
              [
                3.9175320395815163,
                51.653702424106214
              ],
              [
                3.917868544281074,
                51.653864309916486
              ],
              [
                3.9182289406237265,
                51.65400489886695
              ],
              [
                3.918609757482491,
                51.6541228368048
              ],
              [
                3.9190073269472974,
                51.65421698774141
              ],
              [
                3.9194178196656986,
                51.654286444799624
              ],
              [
                3.919837281742443,
                51.65433053895326
              ],
              [
                3.920261672841699,
                51.654348845474665
              ],
              [
                3.9206869051240942,
                51.654341188028134
              ],
              [
                3.9211088826425593,
                51.654307640369254
              ],
              [
                3.9215235408165117,
                51.65424852563447
              ],
              [
                3.9219268856031473,
                51.65416441322664
              ],
              [
                3.922315031987532,
                51.65405611332805
              ],
              [
                3.922684241419879,
                51.6539246690926
              ],
              [
                3.923030957838579,
                51.65377134659328
              ],
              [
                3.923351841931352,
                51.653597622621874
              ],
              [
                3.923643803304001,
                51.65340517045823
              ],
              [
                3.9239040302466455,
                51.653195843747355
              ],
              [
                3.924130016810547,
                51.65297165863909
              ],
              [
                3.9243195869348977,
                51.65273477436281
              ],
              [
                3.9244709153914292,
                51.65248747242543
              ],
              [
                3.924582545345599,
                51.652232134631895
              ],
              [
                3.924653402365908,
                51.65197122014143
              ],
              [
                3.924682804747194,
                51.65170724178002
              ],
              [
                3.9246704700494446,
                51.65144274183748
              ],
              [
                3.92461651779013,
                51.65118026758253
              ],
              [
                3.924570866570778,
                51.65105639146634
              ],
              [
                3.924674414678031,
                51.650819530876824
              ],
              [
                3.9247452688783846,
                51.650558616285934
              ],
              [
                3.9247746697253474,
                51.65029463786117
              ],
              [
                3.9247623347936327,
                51.65003013789291
              ],
              [
                3.924708383602913,
                51.6497676636503
              ],
              [
                3.9246133364388274,
                51.64950974284965
              ],
              [
                3.924478109315205,
                51.64925885931351
              ],
              [
                3.9243040051270905,
                51.64901742905373
              ],
              [
                3.9240927010807014,
                51.64878777700898
              ],
              [
                3.923846232522303,
                51.64857211466094
              ],
              [
                3.9235669733223677,
                51.648372518743656
              ],
              [
                3.923257613004568,
                51.648190911251895
              ],
              [
                3.922921130840156,
                51.6480290409397
              ],
              [
                3.9225607671574174,
                51.647888466487586
              ],
              [
                3.9221799921424103,
                51.647770541500044
              ],
              [
                3.921782472431206,
                51.6476764014775
              ],
              [
                3.921372035814927,
                51.64760695288766
              ],
              [
                3.9209526343968077,
                51.64756286444178
              ],
              [
                3.920528306555321,
                51.647544560658794
              ],
              [
                3.9201031380787614,
                51.64755221778033
              ],
              [
                3.919713936900214,
                51.64758316120551
              ],
              [
                3.91964159006058,
                51.64756602644939
              ],
              [
                3.9192311578008505,
                51.64749657036672
              ],
              [
                3.918811759564688,
                51.64745247425968
              ],
              [
                3.9183874336999405,
                51.64743416272111
              ]
            ]
          ],
          [
            [
              [
                3.9476555528085666,
                51.683011900914046
              ],
              [
                3.9474439727974566,
                51.682782290734906
              ],
              [
                3.9471972089076557,
                51.68256667714979
              ],
              [
                3.9469176378537525,
                51.682367136423004
              ],
              [
                3.9466079521623945,
                51.68218559001756
              ],
              [
                3.9462711342377577,
                51.68202378609899
              ],
              [
                3.9459104276408534,
                51.68188328270837
              ],
              [
                3.945529305859153,
                51.68176543276572
              ],
              [
                3.9451314388671026,
                51.68167137104869
              ],
              [
                3.9447206577990266,
                51.681602003270946
              ],
              [
                3.944300918074053,
                51.681557997365445
              ],
              [
                3.943876261327369,
                51.68153977705651
              ],
              [
                3.9434507765134748,
                51.681547517781866
              ],
              [
                3.943028560555067,
                51.68158114500463
              ],
              [
                3.9426136789154405,
                51.68164033493034
              ],
              [
                3.9422101264730087,
                51.681724517623756
              ],
              [
                3.9418217890737526,
                51.68183288249349
              ],
              [
                3.9414524061308662,
                51.681964386093405
              ],
              [
                3.9411055346309154,
                51.682117762165326
              ],
              [
                3.9407845148924605,
                51.6822915338262
              ],
              [
                3.9404924384063187,
                51.682484027783225
              ],
              [
                3.9402321180668523,
                51.68269339043985
              ],
              [
                3.9400060610807897,
                51.68291760573852
              ],
              [
                3.9398164448145687,
                51.683154514567704
              ],
              [
                3.939665095813041,
                51.683401835547684
              ],
              [
                3.939553472192068,
                51.68365718699436
              ],
              [
                3.93948264957525,
                51.68391810985033
              ],
              [
                3.9394533107109795,
                51.684182091362594
              ],
              [
                3.93946573887076,
                51.684446589278686
              ],
              [
                3.939519815093421,
                51.68470905632863
              ],
              [
                3.939615019302741,
                51.684966964757095
              ],
              [
                3.939750435288902,
                51.68521783066896
              ],
              [
                3.939924759506759,
                51.685459237954326
              ],
              [
                3.9401363136072143,
                51.68568886156225
              ],
              [
                3.9403830605818686,
                51.68590448989844
              ],
              [
                3.9406626243661647,
                51.68610404613174
              ],
              [
                3.9409723127128258,
                51.68628560820326
              ],
              [
                3.9413091431156313,
                51.68644742734536
              ],
              [
                3.941669871534048,
                51.68658794493198
              ],
              [
                3.94205102364201,
                51.6867058074976
              ],
              [
                3.9424489282996507,
                51.68679987977941
              ],
              [
                3.9428597529251803,
                51.68686925565774
              ],
              [
                3.943279540425576,
                51.68691326688831
              ],
              [
                3.943704247329678,
                51.68693148954227
              ],
              [
                3.9441297827554576,
                51.68692374809166
              ],
              [
                3.944552047835232,
                51.68689011710132
              ],
              [
                3.9449669752180014,
                51.68683092051037
              ],
              [
                3.9453705682674722,
                51.68674672851036
              ],
              [
                3.9457589395771513,
                51.686638352050245
              ],
              [
                3.94612834843069,
                51.68650683502156
              ],
              [
                3.946475236845789,
                51.686353444198545
              ],
              [
                3.946796263853851,
                51.68617965703112
              ],
              [
                3.9470883376846895,
                51.68598714740809
              ],
              [
                3.9473486455459867,
                51.68577776952791
              ],
              [
                3.947574680710539,
                51.685553540033226
              ],
              [
                3.9477642666504975,
                51.68531661858107
              ],
              [
                3.947915577986434,
                51.68506928703632
              ],
              [
                3.948027158049957,
                51.6848139274891
              ],
              [
                3.9480979328913475,
                51.684552999308025
              ],
              [
                3.948127221598204,
                51.68428901545077
              ],
              [
                3.948114742826538,
                51.68402451825993
              ],
              [
                3.948060617482511,
                51.6837620549776
              ],
              [
                3.947965367530047,
                51.68350415321429
              ],
              [
                3.947829910936847,
                51.68325329660901
              ],
              [
                3.9476555528085666,
                51.683011900914046
              ]
            ]
          ],
          [
            [
              [
                3.983442612550594,
                51.68334553349201
              ],
              [
                3.9831956733554357,
                51.68312999516068
              ],
              [
                3.982915939281919,
                51.68293053981748
              ],
              [
                3.982606104425833,
                51.68274908810305
              ],
              [
                3.982269152627067,
                51.682587387271035
              ],
              [
                3.9819083287350896,
                51.68244699436978
              ],
              [
                3.981527107366235,
                51.682329261255376
              ],
              [
                3.9811291594533422,
                51.68223532158052
              ],
              [
                3.9807183169094777,
                51.68216607988376
              ],
              [
                3.9802985357453746,
                51.682122202884095
              ],
              [
                3.979873857994993,
                51.68210411306466
              ],
              [
                3.9794483728149728,
                51.68211198460682
              ],
              [
                3.979026177131566,
                51.682145741714
              ],
              [
                3.978611336212981,
                51.68220505934143
              ],
              [
                3.9782078445458073,
                51.6822893663241
              ],
              [
                3.9778195873912083,
                51.68239785087387
              ],
              [
                3.9774503033901834,
                51.68252946839229
              ],
              [
                3.9771035485771358,
                51.68268295152428
              ],
              [
                3.9767826621476474,
                51.682856822355795
              ],
              [
                3.976490734309516,
                51.683049406638936
              ],
              [
                3.9762305765263752,
                51.683258849907396
              ],
              [
                3.9760046944402636,
                51.683483135327094
              ],
              [
                3.9758152637339954,
                51.68372010311118
              ],
              [
                3.9756641091660576,
                51.683967471311895
              ],
              [
                3.9755526869803868,
                51.68422285779018
              ],
              [
                3.9754820708610925,
                51.68448380315108
              ],
              [
                3.975452941568181,
                51.684747794424524
              ],
              [
                3.9754537054718835,
                51.68476378089464
              ],
              [
                3.9754519385023825,
                51.684779794376226
              ],
              [
                3.9754519518285614,
                51.684780073257706
              ],
              [
                3.97545193846404,
                51.6847801943761
              ],
              [
                3.9754645772522452,
                51.685044689214585
              ],
              [
                3.975518863160427,
                51.685307140378754
              ],
              [
                3.9756142740928038,
                51.68556502026592
              ],
              [
                3.9757498918483565,
                51.6858158452556
              ],
              [
                3.975924410938312,
                51.68605719963171
              ],
              [
                3.97613615113625,
                51.686286758852724
              ],
              [
                3.976383073640841,
                51.686502311944174
              ],
              [
                3.9766628006963036,
                51.68670178279955
              ],
              [
                3.976972638482148,
                51.686883250182134
              ],
              [
                3.977309603052145,
                51.687044966236144
              ],
              [
                3.9776704490728356,
                51.6871853733285
              ],
              [
                3.978051701084824,
                51.68730311905778
              ],
              [
                3.978449686985432,
                51.68739706928662
              ],
              [
                3.9788605734098748,
                51.687466319071014
              ],
              [
                3.9792804026695348,
                51.6875102013813
              ],
              [
                3.9797051308907805,
                51.687528293530335
              ],
              [
                3.9797052703400526,
                51.68752829095087
              ],
              [
                3.9797053309026977,
                51.68752829353052
              ],
              [
                3.9801308669980395,
                51.68752042124691
              ],
              [
                3.980553112093276,
                51.68748666035646
              ],
              [
                3.9809679990300526,
                51.687427336049545
              ],
              [
                3.9813715315619302,
                51.68734301974799
              ],
              [
                3.9817598228657176,
                51.68723452359808
              ],
              [
                3.982129132996165,
                51.687102892644155
              ],
              [
                3.9824759049224387,
                51.686949394757875
              ],
              [
                3.9827967987985677,
                51.68677550842029
              ],
              [
                3.983088724137319,
                51.686582908475295
              ],
              [
                3.983348869577267,
                51.68637344999121
              ],
              [
                3.983574729956231,
                51.686149150386825
              ],
              [
                3.9837641304304054,
                51.68591216999431
              ],
              [
                3.9839152474071793,
                51.685664791246005
              ],
              [
                3.9840266260905137,
                51.68540939668634
              ],
              [
                3.9840971944705497,
                51.68514844602092
              ],
              [
                3.984126273623508,
                51.68488445242366
              ],
              [
                3.984125432592698,
                51.684866922312885
              ],
              [
                3.984127070519042,
                51.6848520523828
              ],
              [
                3.984114381121821,
                51.68458755828909
              ],
              [
                3.98406004613628,
                51.684325110912035
              ],
              [
                3.983964589545116,
                51.68406723770868
              ],
              [
                3.983828931305745,
                51.68381642204277
              ],
              [
                3.98365437846529,
                51.68357507927199
              ],
              [
                3.983442612550594,
                51.68334553349201
              ]
            ]
          ],
          [
            [
              [
                3.9522019615112822,
                51.71049884157323
              ],
              [
                3.9518410099954457,
                51.71035835592747
              ],
              [
                3.9514596332607215,
                51.710240524660975
              ],
              [
                3.9510615037361454,
                51.71014648237137
              ],
              [
                3.950650455083491,
                51.71007713458525
              ],
              [
                3.950230445297902,
                51.71003314904295
              ],
              [
                3.94980551861434,
                51.710014949272725
              ],
              [
                3.949379766585877,
                51.710022710514494
              ],
              [
                3.9489572887075886,
                51.71005635803378
              ],
              [
                3.9485421529641958,
                51.71011556784088
              ],
              [
                3.948138356680376,
                51.71019976980911
              ],
              [
                3.947749788049668,
                51.71030815316151
              ],
              [
                3.9473801887115365,
                51.71043967427419
              ],
              [
                3.9470331177361295,
                51.71059306672044
              ],
              [
                3.946711917362835,
                51.71076685345962
              ],
              [
                3.9464196808220717,
                51.710959361053916
              ],
              [
                3.9461592225497975,
                51.71116873577559
              ],
              [
                3.945933051081506,
                51.71139296145092
              ],
              [
                3.945743344886741,
                51.7116298788687
              ],
              [
                3.9455919313771557,
                51.711877206566456
              ],
              [
                3.9454802692907402,
                51.71213256279549
              ],
              [
                3.9454094346225177,
                51.7123934884524
              ],
              [
                3.9453927580565074,
                51.71254361368212
              ],
              [
                3.945309131458497,
                51.71261083455663
              ],
              [
                3.94508294850439,
                51.712835058514294
              ],
              [
                3.944893231741727,
                51.71307197448059
              ],
              [
                3.944741808683957,
                51.7133193010071
              ],
              [
                3.9446301381610502,
                51.7135746563564
              ],
              [
                3.9445592962493112,
                51.713835581433585
              ],
              [
                3.9445299658840467,
                51.71409956346422
              ],
              [
                3.9445424302560332,
                51.71436406019083
              ],
              [
                3.9445965700564556,
                51.71462652435493
              ],
              [
                3.9446918645978633,
                51.71488442822884
              ],
              [
                3.944827396801447,
                51.71513528796116
              ],
              [
                3.9450018620036427,
                51.71537668750146
              ],
              [
                3.945213580498266,
                51.71560630187322
              ],
              [
                3.945460513694175,
                51.71582191957089
              ],
              [
                3.945740283733669,
                51.71602146386573
              ],
              [
                3.946050196383161,
                51.71620301281358
              ],
              [
                3.9463872669761053,
                51.716364817773076
              ],
              [
                3.9467482491584147,
                51.71650532025462
              ],
              [
                3.9471296661595527,
                51.716623166937985
              ],
              [
                3.9475278442878308,
                51.716717222713285
              ],
              [
                3.9479389483268768,
                51.716786581619715
              ],
              [
                3.9483590184917494,
                51.71683057557644
              ],
              [
                3.9487840085879813,
                51.71684878082084
              ],
              [
                3.9492098250051346,
                51.716841021992764
              ],
              [
                3.949632366168312,
                51.716807373824444
              ],
              [
                3.9500475620666293,
                51.71674816042048
              ],
              [
                3.950451413476884,
                51.71666395213439
              ],
              [
                3.9508400305036027,
                51.71655556007219
              ],
              [
                3.951209670063391,
                51.7164240282757
              ],
              [
                3.9515567719516462,
                51.71627062366166
              ],
              [
                3.951877993143648,
                51.716096823812904
              ],
              [
                3.952170239999067,
                51.71590430274048
              ],
              [
                3.9524306980594353,
                51.715694914753264
              ],
              [
                3.952656859151441,
                51.715470676591366
              ],
              [
                3.952846545535068,
                51.715233747995505
              ],
              [
                3.952997930864323,
                51.71498641089935
              ],
              [
                3.9531095577591175,
                51.7147310474466
              ],
              [
                3.9531803518197504,
                51.71447011704348
              ],
              [
                3.953196994503168,
                51.71432007000664
              ],
              [
                3.953280661503687,
                51.71425280417386
              ],
              [
                3.9535068111102465,
                51.714028564294914
              ],
              [
                3.953696486927071,
                51.71379163424822
              ],
              [
                3.9538478627099156,
                51.71354429598146
              ],
              [
                3.9539594811706,
                51.71328893164958
              ],
              [
                3.9540302679906114,
                51.7130280006673
              ],
              [
                3.954059542143232,
                51.71276401601934
              ],
              [
                3.954047022425698,
                51.712499520055836
              ],
              [
                3.9539928301395664,
                51.71223706000694
              ],
              [
                3.953897487894441,
                51.711979163452085
              ],
              [
                3.9537619145477523,
                51.71172831398001
              ],
              [
                3.953587416330323,
                51.711486927273945
              ],
              [
                3.9533756742441515,
                51.71125732785297
              ],
              [
                3.953375658116057,
                51.71125731377212
              ],
              [
                3.9533756341585664,
                51.71125728779403
              ],
              [
                3.9531286877694916,
                51.71104168663237
              ],
              [
                3.952848915549509,
                51.710842159874616
              ],
              [
                3.952539011962627,
                51.710660628849176
              ],
              [
                3.9522019615112822,
                51.71049884157323
              ]
            ]
          ],
          [
            [
              [
                3.915582244680062,
                51.72375701794593
              ],
              [
                3.91533541169982,
                51.723541337840615
              ],
              [
                3.915055730431778,
                51.72334172143918
              ],
              [
                3.91474589446496,
                51.72316009093325
              ],
              [
                3.914408887651431,
                51.7229981952981
              ],
              [
                3.9140479553716507,
                51.72285759345779
              ],
              [
                3.9136665732865548,
                51.72273963928023
              ],
              [
                3.91326841387713,
                51.72264546854651
              ],
              [
                3.912857311093206,
                51.72257598801991
              ],
              [
                3.9124372234512825,
                51.72253186671889
              ],
              [
                3.912012195935976,
                51.7225135294788
              ],
              [
                3.9115863210710935,
                51.722521152863166
              ],
              [
                3.911163699534177,
                51.72255466346481
              ],
              [
                3.910748400692797,
                51.72261373861244
              ],
              [
                3.9103444234415554,
                51.722697809475804
              ],
              [
                3.9099556577159094,
                51.72280606654049
              ],
              [
                3.909585847052495,
                51.72293746739862
              ],
              [
                3.909238552555645,
                51.72309074678146
              ],
              [
                3.9089171186164036,
                51.72326442873723
              ],
              [
                3.908624640713613,
                51.72345684083722
              ],
              [
                3.908363935606838,
                51.723666130273465
              ],
              [
                3.9081375142079833,
                51.72389028169376
              ],
              [
                3.9079475573929683,
                51.72412713660206
              ],
              [
                3.907795894986633,
                51.72437441413824
              ],
              [
                3.9076839881237366,
                51.72462973303696
              ],
              [
                3.907612915156584,
                51.72489063455461
              ],
              [
                3.907583361245765,
                51.72515460614393
              ],
              [
                3.907595611735214,
                51.72541910564836
              ],
              [
                3.907649549376372,
                51.72568158578292
              ],
              [
                3.9077446554293065,
                51.72593951866641
              ],
              [
                3.907880014631187,
                51.7261904201683
              ],
              [
                3.9080543239854,
                51.72643187383614
              ],
              [
                3.908265905287568,
                51.72666155417219
              ],
              [
                3.9085127212687403,
                51.72687724903587
              ],
              [
                3.9087923952010004,
                51.72707688095526
              ],
              [
                3.9091022337772356,
                51.727258527142304
              ],
              [
                3.909439253045097,
                51.72742043801916
              ],
              [
                3.909800207145522,
                51.727561054076055
              ],
              [
                3.9101816195790087,
                51.727679020898755
              ],
              [
                3.910579816698308,
                51.727773202220085
              ],
              [
                3.9109909631044144,
                51.72784269087002
              ],
              [
                3.9114110986044577,
                51.72788681751789
              ],
              [
                3.911836176374656,
                51.72790515712294
              ],
              [
                3.912262101959936,
                51.72789753303066
              ],
              [
                3.9126847727336025,
                51.72786401867545
              ],
              [
                3.9131001174359397,
                51.727804936872865
              ],
              [
                3.9135041354099367,
                51.72772085670888
              ],
              [
                3.913892935155185,
                51.7276125880554
              ],
              [
                3.914262771827691,
                51.72748117376558
              ],
              [
                3.9146100833236135,
                51.72732787962434
              ],
              [
                3.914931524598636,
                51.72715418215068
              ],
              [
                3.91522399989201,
                51.72696175436954
              ],
              [
                3.9154846925444495,
                51.726752449691574
              ],
              [
                3.91571109212266,
                51.726528284054744
              ],
              [
                3.9159010185892837,
                51.72629141650135
              ],
              [
                3.916052643285746,
                51.7260441283775
              ],
              [
                3.9161645065264596,
                51.72578880135541
              ],
              [
                3.9162355316354933,
                51.72552789449092
              ],
              [
                3.9162650352914192,
                51.725263920536655
              ],
              [
                3.916252734081575,
                51.72499942174014
              ],
              [
                3.9161987472036675,
                51.724736945359155
              ],
              [
                3.9161035952897754,
                51.72447901913064
              ],
              [
                3.9159681953651404,
                51.724228126929304
              ],
              [
                3.915793851991325,
                51.723986684850296
              ],
              [
                3.915582244680062,
                51.72375701794593
              ]
            ]
          ],
          [
            [
              [
                4.015749716264227,
                51.64792550670213
              ],
              [
                4.015502814235962,
                51.647710035935766
              ],
              [
                4.015223154489455,
                51.647510657394086
              ],
              [
                4.014913430403761,
                51.64732929097834
              ],
              [
                4.014576624751304,
                51.64716768312084
              ],
              [
                4.014215980973694,
                51.647027389974724
              ],
              [
                4.013834971952552,
                51.64690976243571
              ],
              [
                4.013437266575886,
                51.64681593314002
              ],
              [
                4.013026694421484,
                51.646746805563545
              ],
              [
                4.012607208896828,
                51.6467030453265
              ],
              [
                4.012182849189702,
                51.646685073787886
              ],
              [
                4.011757701395011,
                51.646693063990234
              ],
              [
                4.011335859191151,
                51.646726938994455
              ],
              [
                4.010921384443595,
                51.646786372620575
              ],
              [
                4.010518268114012,
                51.646870792586576
              ],
              [
                4.010130391850366,
                51.6469793860164
              ],
              [
                4.009761490626894,
                51.64711110726312
              ],
              [
                4.0094151167929635,
                51.647264687972495
              ],
              [
                4.009094605876263,
                51.64743864929079
              ],
              [
                4.008803044469122,
                51.64763131609855
              ],
              [
                4.008543240506925,
                51.64784083313449
              ],
              [
                4.0083176962246165,
                51.648065182853905
              ],
              [
                4.008128584051887,
                51.648302204850374
              ],
              [
                4.00797772567938,
                51.64854961665377
              ],
              [
                4.007866574498033,
                51.64880503570487
              ],
              [
                4.007796201581284,
                51.649066002294575
              ],
              [
                4.007767285345975,
                51.649330003248146
              ],
              [
                4.007775728394626,
                51.649504199180356
              ],
              [
                4.007702995736873,
                51.64967132954827
              ],
              [
                4.007632620485448,
                51.64993229601032
              ],
              [
                4.007603702696403,
                51.65019629689672
              ],
              [
                4.00761652158504,
                51.65046078976794
              ],
              [
                4.007670954425905,
                51.65072322740201
              ],
              [
                4.007766477706742,
                51.65098108232638
              ],
              [
                4.007902172143079,
                51.65123187116075
              ],
              [
                4.00807673150619,
                51.6514731785373
              ],
              [
                4.008288475180385,
                51.651702680366824
              ],
              [
                4.008535364329563,
                51.65191816622784
              ],
              [
                4.008815021518042,
                51.65211756066127
              ],
              [
                4.009124753597271,
                51.65229894316643
              ],
              [
                4.009461577638352,
                51.652460566705294
              ],
              [
                4.009822249660803,
                51.65260087453588
              ],
              [
                4.010203295880796,
                51.65271851521297
              ],
              [
                4.010601046177722,
                51.65281235561126
              ],
              [
                4.011011669456254,
                51.65288149184482
              ],
              [
                4.011431210562723,
                51.65292525797771
              ],
              [
                4.011855628399545,
                51.65294323244211
              ],
              [
                4.012280834869593,
                51.65293524210092
              ],
              [
                4.012702734274546,
                51.6529013639164
              ],
              [
                4.013117262786672,
                51.65284192420883
              ],
              [
                4.0135204276128285,
                51.65275749551146
              ],
              [
                4.013908345472511,
                51.652648891053204
              ],
              [
                4.014277280018358,
                51.65251715692148
              ],
              [
                4.014623677837909,
                51.65236356198163
              ],
              [
                4.014944202689176,
                51.65218958564927
              ],
              [
                4.015235767639765,
                51.65199690363485
              ],
              [
                4.015495564799655,
                51.65178737179687
              ],
              [
                4.015721092361195,
                51.65156300826043
              ],
              [
                4.015768395061701,
                51.65150371094167
              ],
              [
                4.015785487897535,
                51.65148670617146
              ],
              [
                4.015974573563844,
                51.65124967177601
              ],
              [
                4.016125397475322,
                51.651002249601795
              ],
              [
                4.016236507657847,
                51.650746822611254
              ],
              [
                4.016306834686643,
                51.65048585082198
              ],
              [
                4.016335701961313,
                51.650221847611036
              ],
              [
                4.016324086723361,
                51.64998313797342
              ],
              [
                4.016335535175863,
                51.64995681880609
              ],
              [
                4.016405860365316,
                51.64969584693163
              ],
              [
                4.016434726516444,
                51.64943184367295
              ],
              [
                4.01642185635365,
                51.64916735155892
              ],
              [
                4.016367374551027,
                51.64890491778214
              ],
              [
                4.016271806503752,
                51.64864706966858
              ],
              [
                4.016136073241104,
                51.64839629034012
              ],
              [
                4.015961482531227,
                51.64815499480437
              ],
              [
                4.015749716264227,
                51.64792550670213
              ]
            ]
          ],
          [
            [
              [
                4.041600645930369,
                51.64834839799037
              ],
              [
                4.041353618138138,
                51.64813298133875
              ],
              [
                4.041073841441615,
                51.64793366417798
              ],
              [
                4.040764010345555,
                51.64775236581809
              ],
              [
                4.040427108652358,
                51.64759083203604
              ],
              [
                4.040066380727971,
                51.647450618271634
              ],
              [
                4.039685300263856,
                51.64733307465611
              ],
              [
                4.0392875368355625,
                51.6472393330177
              ],
              [
                4.038876920579539,
                51.647170295988175
              ],
              [
                4.03845740532767,
                51.647126628315945
              ],
              [
                4.03803303055382,
                51.647108750468725
              ],
              [
                4.03760788249789,
                51.64711683458699
              ],
              [
                4.037186054840812,
                51.64715080282747
              ],
              [
                4.036771609308093,
                51.64721032811228
              ],
              [
                4.036368536580294,
                51.64729483727707
              ],
              [
                4.035980717885809,
                51.647403516586806
              ],
              [
                4.035611887644895,
                51.64753531956766
              ],
              [
                4.035265597523816,
                51.64768897707839
              ],
              [
                4.034945182244621,
                51.64786300952565
              ],
              [
                4.0346537274791885,
                51.64805574110502
              ],
              [
                4.03439404013648,
                51.648265315931425
              ],
              [
                4.034168621328911,
                51.64848971590353
              ],
              [
                4.033979642278329,
                51.64872678013089
              ],
              [
                4.033828923393827,
                51.64897422573656
              ],
              [
                4.033717916723403,
                51.64922966983558
              ],
              [
                4.033647691949101,
                51.64949065247748
              ],
              [
                4.033618926061281,
                51.64975466033278
              ],
              [
                4.033631896812424,
                51.6500191508945
              ],
              [
                4.033686480014509,
                51.6502815769627
              ],
              [
                4.033782150707058,
                51.65053941117607
              ],
              [
                4.033917988185664,
                51.65079017035357
              ],
              [
                4.034092684843655,
                51.65103143941273
              ],
              [
                4.03430455874266,
                51.65126089463336
              ],
              [
                4.034551569791916,
                51.65147632604271
              ],
              [
                4.034831339381206,
                51.65167565870589
              ],
              [
                4.035141173278899,
                51.65185697271722
              ],
              [
                4.03547808757493,
                51.65201852169832
              ],
              [
                4.035838837419033,
                51.652158749625194
              ],
              [
                4.036219948277384,
                51.65227630582234
              ],
              [
                4.036617749406396,
                51.65237005797808
              ],
              [
                4.0370284092208095,
                51.65243910305651
              ],
              [
                4.037447972214811,
                51.6524827759998
              ],
              [
                4.037872397079836,
                51.6525006561377
              ],
              [
                4.038297595651003,
                51.65249257124175
              ],
              [
                4.038719472306113,
                51.65245859918509
              ],
              [
                4.03913396343669,
                51.65239906719223
              ],
              [
                4.039537076609871,
                51.65231454868535
              ],
              [
                4.039924929042969,
                51.65220585775839
              ],
              [
                4.040293785019174,
                51.65207404133181
              ],
              [
                4.040640091883225,
                51.65192036906343
              ],
              [
                4.0409605142696545,
                51.651746321113706
              ],
              [
                4.041251966233452,
                51.65155357388286
              ],
              [
                4.04151164097333,
                51.651343983857444
              ],
              [
                4.04173703786118,
                51.651119569722894
              ],
              [
                4.041925986517528,
                51.650882492913865
              ],
              [
                4.04207666770131,
                51.650635036790824
              ],
              [
                4.042187630813342,
                51.65037958464295
              ],
              [
                4.042257807845512,
                51.65011859672998
              ],
              [
                4.042286523642161,
                51.64985458658398
              ],
              [
                4.042273502375779,
                51.64959009679998
              ],
              [
                4.042218870175663,
                51.649327674547926
              ],
              [
                4.042123153885259,
                51.649069847042604
              ],
              [
                4.041987275961271,
                51.648819097207266
              ],
              [
                4.041812545564665,
                51.648577839765224
              ],
              [
                4.041600645930369,
                51.64834839799037
              ]
            ]
          ],
          [
            [
              [
                4.096377158995871,
                51.65850808602177
              ],
              [
                4.096067033255087,
                51.65832693329753
              ],
              [
                4.095729854588313,
                51.65816555798041
              ],
              [
                4.095368870027565,
                51.65802551398407
              ],
              [
                4.094987555734528,
                51.65790814980512
              ],
              [
                4.094589583535402,
                51.65781459554374
              ],
              [
                4.094178785576062,
                51.65774575202754
              ],
              [
                4.093759117437309,
                51.65770228214171
              ],
              [
                4.093334620064596,
                51.657684604449486
              ],
              [
                4.092909380877949,
                51.65769288916422
              ],
              [
                4.092487494435618,
                51.65772705651117
              ],
              [
                4.092073023029178,
                51.65778677749559
              ],
              [
                4.091669957588571,
                51.657871477068646
              ],
              [
                4.09128217927246,
                51.657980339662075
              ],
              [
                4.090913422112923,
                51.658112317037215
              ],
              [
                4.090567237073319,
                51.65826613837358
              ],
              [
                4.090246957864768,
                51.65844032250034
              ],
              [
                4.089955668849931,
                51.658633192152415
              ],
              [
                4.089696175342791,
                51.65884289011506
              ],
              [
                4.089470976590362,
                51.659067397101
              ],
              [
                4.0893819250441314,
                51.659179294821215
              ],
              [
                4.0893377908360495,
                51.659223292913396
              ],
              [
                4.089149054589428,
                51.65946044677854
              ],
              [
                4.089086787737159,
                51.65956288440886
              ],
              [
                4.088915360642852,
                51.65973377920784
              ],
              [
                4.088726620037839,
                51.65997093236553
              ],
              [
                4.088576161783694,
                51.66021844906533
              ],
              [
                4.088465435419562,
                51.66047394573721
              ],
              [
                4.088395507928982,
                51.66073496192416
              ],
              [
                4.088367053440126,
                51.66099898397313
              ],
              [
                4.088380346707124,
                51.661263469240055
              ],
              [
                4.088435260436302,
                51.66152587057558
              ],
              [
                4.088531266484113,
                51.661783660856095
              ],
              [
                4.088667440916329,
                51.662034357323265
              ],
              [
                4.088842472880801,
                51.66227554549816
              ],
              [
                4.089054677209315,
                51.66250490243918
              ],
              [
                4.0890552315757756,
                51.66250538504704
              ],
              [
                4.089056347057843,
                51.66250659068711
              ],
              [
                4.089303680493668,
                51.662721907364144
              ],
              [
                4.089583761304446,
                51.662921109950226
              ],
              [
                4.089893892260121,
                51.66310227979224
              ],
              [
                4.090231086588513,
                51.663263671900005
              ],
              [
                4.090592096741161,
                51.663403731760575
              ],
              [
                4.090973445676006,
                51.66352111031705
              ],
              [
                4.0913714603553935,
                51.663614676968805
              ],
              [
                4.091782307136299,
                51.663683530466656
              ],
              [
                4.0922020287113146,
                51.66372700759822
              ],
              [
                4.092626582243841,
                51.66374468957945
              ],
              [
                4.0929502306525345,
                51.663738386022445
              ],
              [
                4.093250323197321,
                51.66391367235179
              ],
              [
                4.0935875355950015,
                51.664075054839444
              ],
              [
                4.09394856267154,
                51.664215104394614
              ],
              [
                4.094329927221809,
                51.664332472059776
              ],
              [
                4.094727956057689,
                51.66442602733911
              ],
              [
                4.095138815399741,
                51.664494869093026
              ],
              [
                4.09555854781953,
                51.664538334222286
              ],
              [
                4.095983110375956,
                51.66455600405838
              ],
              [
                4.096408413577466,
                51.664547708398594
              ],
              [
                4.096830360793831,
                51.66451352714636
              ],
              [
                4.097244887736936,
                51.66445378954129
              ],
              [
                4.097648001629207,
                51.6643690709862
              ],
              [
                4.0980358196814715,
                51.66426018750204
              ],
              [
                4.098404606508731,
                51.66412818786399
              ],
              [
                4.098750810122589,
                51.66397434349464
              ],
              [
                4.098796755457756,
                51.6639493534314
              ],
              [
                4.098842801754693,
                51.66392889139443
              ],
              [
                4.099163087110251,
                51.66375468385714
              ],
              [
                4.099454370242646,
                51.66356179136415
              ],
              [
                4.099713845977896,
                51.66335207180092
              ],
              [
                4.099939015605834,
                51.66312754510045
              ],
              [
                4.100127710937023,
                51.66289037378126
              ],
              [
                4.1002781151714025,
                51.6626428421138
              ],
              [
                4.100388780378196,
                51.66238733411444
              ],
              [
                4.100458641419347,
                51.66212631058042
              ],
              [
                4.100487026183227,
                51.66186228538647
              ],
              [
                4.100473662030991,
                51.66159780127203
              ],
              [
                4.1004186783944805,
                51.661335405352
              ],
              [
                4.100322605501765,
                51.66107762458711
              ],
              [
                4.100186369243643,
                51.66082694144999
              ],
              [
                4.100011282231584,
                51.66058577002126
              ],
              [
                4.099799031134217,
                51.66035643274603
              ],
              [
                4.0995516604151465,
                51.66014113807371
              ],
              [
                4.099551005478315,
                51.66014067236438
              ],
              [
                4.099549070348074,
                51.660138988148326
              ],
              [
                4.099268962587061,
                51.65993980926543
              ],
              [
                4.098958815451903,
                51.659758664155575
              ],
              [
                4.098621615787266,
                51.6595972971198
              ],
              [
                4.098260610827307,
                51.659457261992145
              ],
              [
                4.097879276930091,
                51.659339907183664
              ],
              [
                4.097481286110522,
                51.659246362704394
              ],
              [
                4.097144409842642,
                51.65918991814671
              ],
              [
                4.097116824030887,
                51.659151915006184
              ],
              [
                4.09690459429937,
                51.658922572523856
              ],
              [
                4.096657245171964,
                51.658707271778674
              ],
              [
                4.096377158995871,
                51.65850808602177
              ]
            ]
          ]
        ]
      },
      "properties": {
        "type": "buffer_union_300m",
        "buffer_m": 300
      }
    },
    {
      "type": "Feature",
      "geometry": {
        "type": "MultiPolygon",
        "coordinates": [
          [
            [
              [
                3.9023405805356606,
                51.65272979715346
              ],
              [
                3.901848235996198,
                51.65290497006029
              ],
              [
                3.901385861031191,
                51.6531093158279
              ],
              [
                3.9009579081303465,
                51.6533408668719
              ],
              [
                3.900568498526467,
                51.65359739362573
              ],
              [
                3.9002213825129606,
                51.65387642599732
              ],
              [
                3.899919903323925,
                51.65417527714198
              ],
              [
                3.8996669649248106,
                51.65449106932317
              ],
              [
                3.899465004024287,
                51.65482076161287
              ],
              [
                3.8993159665776904,
                51.6551611791648
              ],
              [
                3.8992212890094837,
                51.65550904377962
              ],
              [
                3.8991818843369552,
                51.65586100546778
              ],
              [
                3.8991981333304686,
                51.65621367470644
              ],
              [
                3.899269880797186,
                51.656563655080106
              ],
              [
                3.899396437025929,
                51.65690757599068
              ],
              [
                3.899576584381201,
                51.65724212512192
              ],
              [
                3.899808588984699,
                51.6575640803451
              ],
              [
                3.9000902173735668,
                51.657870340759374
              ],
              [
                3.9004187579764733,
                51.6581579565662
              ],
              [
                3.9007910472020098,
                51.658424157491005
              ],
              [
                3.9012034998890788,
                51.65866637947666
              ],
              [
                3.9016521438267553,
                51.6588822893922
              ],
              [
                3.902132658011368,
                51.65906980751738
              ],
              [
                3.9026404142723146,
                51.6592271275867
              ],
              [
                3.9031705218652553,
                51.659352734198535
              ],
              [
                3.903717874602395,
                51.65944541742181
              ],
              [
                3.9042772000648385,
                51.659504284458606
              ],
              [
                3.9048431104216474,
                51.65952876825044
              ],
              [
                3.905410154364526,
                51.659518632944355
              ],
              [
                3.90597286965618,
                51.65947397616699
              ],
              [
                3.906525835784418,
                51.65939522808331
              ],
              [
                3.9070637262129218,
                51.659283147250505
              ],
              [
                3.907581359723695,
                51.65913881330601
              ],
              [
                3.908073750354958,
                51.65896361656076
              ],
              [
                3.9085361554520657,
                51.658759244598514
              ],
              [
                3.908964121367355,
                51.658527666010315
              ],
              [
                3.90935352636788,
                51.65827111142121
              ],
              [
                3.9097006203371394,
                51.65799205199298
              ],
              [
                3.9100020608881842,
                51.657693175610106
              ],
              [
                3.9102549455404,
                51.65737736097901
              ],
              [
                3.9104231940184424,
                51.657102596570006
              ],
              [
                3.9104231940184424,
                51.657102596570006
              ],
              [
                3.9107631122667486,
                51.65703175150938
              ],
              [
                3.9112807083373076,
                51.656887401028065
              ],
              [
                3.911773060238637,
                51.65671218853258
              ],
              [
                3.9122354256892833,
                51.65650780175843
              ],
              [
                3.912663351423598,
                51.656276209439255
              ],
              [
                3.913052716095768,
                51.6560196423323
              ],
              [
                3.9133997699778234,
                51.65574057171993
              ],
              [
                3.9137011710689857,
                51.655441685594326
              ],
              [
                3.9139540172687353,
                51.65512586275561
              ],
              [
                3.9141558743042197,
                51.65479614507359
              ],
              [
                3.9143047991438538,
                51.65445570818039
              ],
              [
                3.91431877438645,
                51.654404294676006
              ],
              [
                3.9143268295324467,
                51.65439113691196
              ],
              [
                3.9144757517264557,
                51.654050699778175
              ],
              [
                3.914570309066527,
                51.65370282231507
              ],
              [
                3.914609592134535,
                51.65335085490954
              ],
              [
                3.9145932238948733,
                51.6529981872604
              ],
              [
                3.9145677007757107,
                51.65287388661659
              ],
              [
                3.914992651071875,
                51.653078342427506
              ],
              [
                3.9150724145327973,
                51.65310946122201
              ],
              [
                3.9151978394581013,
                51.65328343178616
              ],
              [
                3.9154795459658764,
                51.65358965558842
              ],
              [
                3.9158081539602785,
                51.653877228566046
              ],
              [
                3.9161804992001845,
                51.6541433808569
              ],
              [
                3.916592995984386,
                51.654385548872234
              ],
              [
                3.9170416716766607,
                51.65460140000086
              ],
              [
                3.917522204966976,
                51.6547888550888
              ],
              [
                3.9180299675002845,
                51.65494610847778
              ],
              [
                3.9185600684714967,
                51.65507164540846
              ],
              [
                3.919107401756376,
                51.655164256621
              ],
              [
                3.9196666951232846,
                51.6552230500113
              ],
              [
                3.920232561050431,
                51.65524745923023
              ],
              [
                3.920799548657586,
                51.65523724914338
              ],
              [
                3.921362196250319,
                51.65519251809767
              ],
              [
                3.9219150839688397,
                51.655113696973565
              ],
              [
                3.922452886032486,
                51.65500154503187
              ],
              [
                3.922970422074867,
                51.65485714259493
              ],
              [
                3.92346270707354,
                51.654681880633476
              ],
              [
                3.92392499939184,
                51.65447744735947
              ],
              [
                3.9243528464689224,
                51.654245811954326
              ],
              [
                3.924742127716976,
                51.653989205590335
              ],
              [
                3.925089094211932,
                51.65371009992788
              ],
              [
                3.925390404795021,
                51.653411183296605
              ],
              [
                3.92564315823775,
                51.65309533479036
              ],
              [
                3.9258449211608655,
                51.652765596525995
              ],
              [
                3.925993751439366,
                51.65242514433373
              ],
              [
                3.92608821686922,
                51.652077257161785
              ],
              [
                3.9261274089175027,
                51.6517252854902
              ],
              [
                3.926110951425143,
                51.65137261905886
              ],
              [
                3.9260524869351583,
                51.65108823726431
              ],
              [
                3.9260855772140246,
                51.65101253932871
              ],
              [
                3.92618003888469,
                51.650664652022826
              ],
              [
                3.926219228888005,
                51.65031268026681
              ],
              [
                3.926202771084505,
                51.64996001380128
              ],
              [
                3.926130825265223,
                51.64961004897881
              ],
              [
                3.9260040855631306,
                51.64926615605588
              ],
              [
                3.925823773720008,
                51.64893164673906
              ],
              [
                3.9255916272754834,
                51.64860974229803
              ],
              [
                3.925309882793702,
                51.64830354255232
              ],
              [
                3.9249812542906817,
                51.6480159960295
              ],
              [
                3.924608907071413,
                51.64774987158262
              ],
              [
                3.924196427229616,
                51.64750773173896
              ],
              [
                3.9237477871045456,
                51.64729190803693
              ],
              [
                3.923267307027776,
                51.64710447858736
              ],
              [
                3.922759613728297,
                51.64694724807505
              ],
              [
                3.9222295957959528,
                51.64682173039278
              ],
              [
                3.9216823566314214,
                51.646729134074
              ],
              [
                3.9211231653346212,
                51.64667035066447
              ],
              [
                3.9205574060031303,
                51.64664594614413
              ],
              [
                3.9199905259272816,
                51.64665615548141
              ],
              [
                3.9198353956557836,
                51.646668489373575
              ],
              [
                3.919541519276656,
                51.6466187573789
              ],
              [
                3.918982332222147,
                51.64655996375483
              ],
              [
                3.918416575526137,
                51.64653554889385
              ],
              [
                3.917849696453591,
                51.646545747864046
              ],
              [
                3.917287153066765,
                51.646590462461994
              ],
              [
                3.916734361710753,
                51.64666926215768
              ],
              [
                3.9161966448993577,
                51.64678138823704
              ],
              [
                3.9156791801012827,
                51.64692576110231
              ],
              [
                3.9151869499181653,
                51.647100990660086
              ],
              [
                3.914724694132726,
                51.6473053896971
              ],
              [
                3.9142968640875506,
                51.64753699011612
              ],
              [
                3.91390757983287,
                51.64779356187501
              ],
              [
                3.913560590455444,
                51.64807263444814
              ],
              [
                3.913259237970232,
                51.64837152060358
              ],
              [
                3.9130064251227865,
                51.64868734226752
              ],
              [
                3.9128045874128565,
                51.64901705822779
              ],
              [
                3.912655669609477,
                51.64935749341011
              ],
              [
                3.9125611069848247,
                51.64970536944501
              ],
              [
                3.9125218114490474,
                51.65005733623288
              ],
              [
                3.912538162721164,
                51.65041000420142
              ],
              [
                3.9125636789443528,
                51.65053430528938
              ],
              [
                3.9121387634603955,
                51.650329840745734
              ],
              [
                3.91165829980688,
                51.65014236374704
              ],
              [
                3.911150613371663,
                51.64998508293995
              ],
              [
                3.910620592678749,
                51.64985951270159
              ],
              [
                3.9100733411555737,
                51.6497668620713
              ],
              [
                3.9095141280211476,
                51.64970802311779
              ],
              [
                3.9089483375833334,
                51.64968356235565
              ],
              [
                3.908381417431897,
                51.64969371529487
              ],
              [
                3.9078188260244806,
                51.64973838417524
              ],
              [
                3.9072659801683485,
                51.64981713890681
              ],
              [
                3.9067282029018116,
                51.6499292212085
              ],
              [
                3.9062106722753946,
                51.65007355190408
              ],
              [
                3.905718371524268,
                51.65024874130612
              ],
              [
                3.9052560411103237,
                51.65045310258812
              ],
              [
                3.904828133094417,
                51.650684668016325
              ],
              [
                3.904438768277277,
                51.6509412078856
              ],
              [
                3.9040916965211334,
                51.65122025197757
              ],
              [
                3.9037902606339783,
                51.65151911333454
              ],
              [
                3.9035373641643085,
                51.65183491412165
              ],
              [
                3.9033354434170087,
                51.65216461332795
              ],
              [
                3.903186443960703,
                51.65250503604049
              ],
              [
                3.903182970686317,
                51.652517802558584
              ],
              [
                3.9028581537662115,
                51.65258548377506
              ],
              [
                3.9023405805356606,
                51.65272979715346
              ]
            ]
          ],
          [
            [
              [
                3.7370882620123065,
                51.683169694688445
              ],
              [
                3.7368075861520933,
                51.682863047439334
              ],
              [
                3.7364799135526456,
                51.68257497729733
              ],
              [
                3.7361084003211396,
                51.682308258158756
              ],
              [
                3.735696624527536,
                51.682065458278316
              ],
              [
                3.735248551738349,
                51.68184891555043
              ],
              [
                3.734768496828369,
                51.6816607150096
              ],
              [
                3.7342610824380307,
                51.681502668765276
              ],
              [
                3.7337311944760088,
                51.68137629856428
              ],
              [
                3.7331839350948184,
                51.681282821148095
              ],
              [
                3.7326245735911194,
                51.68122313654543
              ],
              [
                3.7320584957021565,
                51.68119781941247
              ],
              [
                3.7314911517850375,
                51.681207113504016
              ],
              [
                3.730928004376076,
                51.68125092932837
              ],
              [
                3.7303744756333685,
                51.681328845008615
              ],
              [
                3.729835895166827,
                51.68144011034203
              ],
              [
                3.7293174487562317,
                51.68158365401836
              ],
              [
                3.728824128449488,
                51.681758093928
              ],
              [
                3.728360684520063,
                51.68196175046149
              ],
              [
                3.7279315797450323,
                51.68219266267147
              ],
              [
                3.7275409464430718,
                51.68244860714359
              ],
              [
                3.7271925466854445,
                51.68272711939395
              ],
              [
                3.7268897360629714,
                51.683025517587495
              ],
              [
                3.7266354313579044,
                51.68334092835141
              ],
              [
                3.72643208243259,
                51.68367031443247
              ],
              [
                3.7262816486064265,
                51.684010503935426
              ],
              [
                3.7261855797497305,
                51.684358220859444
              ],
              [
                3.726144802278036,
                51.68471011663973
              ],
              [
                3.726159710183339,
                51.68506280239062
              ],
              [
                3.7262301611904447,
                51.68541288154023
              ],
              [
                3.726355478077347,
                51.685756982541434
              ],
              [
                3.7265344551488404,
                51.68609179134578
              ],
              [
                3.7267653698028513,
                51.68641408332572
              ],
              [
                3.7270459990798703,
                51.68672075433863
              ],
              [
                3.727373641037644,
                51.687008850632836
              ],
              [
                3.7277451407465345,
                51.687275597307
              ],
              [
                3.728156920656251,
                51.68751842504822
              ],
              [
                3.7286050150420986,
                51.68773499489145
              ],
              [
                3.7290851081993353,
                51.68792322076013
              ],
              [
                3.7295925760177138,
                51.68808128957145
              ],
              [
                3.7301225305353416,
                51.68820767871137
              ],
              [
                3.730669867042014,
                51.688301170710616
              ],
              [
                3.731229313277179,
                51.68836086498002
              ],
              [
                3.731795480247414,
                51.68838618649199
              ],
              [
                3.7323629141722625,
                51.688376891323344
              ],
              [
                3.732926149056468,
                51.68833306900725
              ],
              [
                3.7334797593803044,
                51.688255141669984
              ],
              [
                3.734018412398749,
                51.68814385996237
              ],
              [
                3.7345369195438876,
                51.6880002958239
              ],
              [
                3.7350302864338234,
                51.687825832150416
              ],
              [
                3.7354937610049213,
                51.68762214946475
              ],
              [
                3.7359228793025636,
                51.687391209719195
              ],
              [
                3.736313508488412,
                51.68713523738619
              ],
              [
                3.736661886649377,
                51.686856698020584
              ],
              [
                3.736964659024591,
                51.68655827449917
              ],
              [
                3.737218910301621,
                51.68624284116826
              ],
              [
                3.7374221926713265,
                51.68591343614827
              ],
              [
                3.737572549372009,
                51.68557323206225
              ],
              [
                3.7376685334972404,
                51.68522550547147
              ],
              [
                3.737709221887665,
                51.68487360531222
              ],
              [
                3.7376942239746347,
                51.68452092063839
              ],
              [
                3.737623685492289,
                51.684170847980596
              ],
              [
                3.737498287024255,
                51.68382675863635
              ],
              [
                3.7373192374008597,
                51.683491966206184
              ],
              [
                3.7370882620123065,
                51.683169694688445
              ]
            ]
          ],
          [
            [
              [
                3.740792418287488,
                51.6902463854707
              ],
              [
                3.7404646672304738,
                51.68995832634796
              ],
              [
                3.7400930702118456,
                51.68969161968211
              ],
              [
                3.7396812061083935,
                51.689448833607585
              ],
              [
                3.739233041336918,
                51.68923230588579
              ],
              [
                3.738752891657775,
                51.68904412140664
              ],
              [
                3.73824538062372,
                51.68888609212488
              ],
              [
                3.7377153950737374,
                51.68875973962403
              ],
              [
                3.7371680380997043,
                51.68866628047496
              ],
              [
                3.7366085799376445,
                51.68860661453062
              ],
              [
                3.7360424072551597,
                51.688581316267424
              ],
              [
                3.7354749713217643,
                51.688590629258535
              ],
              [
                3.734911735559461,
                51.6886344638303
              ],
              [
                3.7343581229767993,
                51.68871239792541
              ],
              [
                3.73381946399074,
                51.6888236811637
              ],
              [
                3.733300945136955,
                51.688967242062674
              ],
              [
                3.7328075591608085,
                51.689141698346994
              ],
              [
                3.7323440569680826,
                51.68934537024948
              ],
              [
                3.7319149018969524,
                51.68957629667495
              ],
              [
                3.7315242267505533,
                51.68983225407222
              ],
              [
                3.7315155394421464,
                51.689839198427705
              ],
              [
                3.731452725847717,
                51.68988035140057
              ],
              [
                3.731104292288796,
                51.69015887494351
              ],
              [
                3.7308014570543353,
                51.690457282932
              ],
              [
                3.73054713716397,
                51.690772701898695
              ],
              [
                3.730343782626713,
                51.691102094511535
              ],
              [
                3.7301933528164755,
                51.69144228881232
              ],
              [
                3.730097297565401,
                51.69179000875399
              ],
              [
                3.7300565431585184,
                51.69214190574257
              ],
              [
                3.7300714833662005,
                51.69249459088097
              ],
              [
                3.730141975602651,
                51.69284466760286
              ],
              [
                3.7302673422492423,
                51.69318876438458
              ],
              [
                3.730446377131933,
                51.69352356721822
              ],
              [
                3.730677357092199,
                51.69384585153359
              ],
              [
                3.730958058541808,
                51.69415251326187
              ],
              [
                3.7312857788435614,
                51.69444059874069
              ],
              [
                3.7316573623133484,
                51.69470733317276
              ],
              [
                3.732069230594127,
                51.69495014736304
              ],
              [
                3.7325174171099573,
                51.695166702476826
              ],
              [
                3.732997605268567,
                51.69535491257952
              ],
              [
                3.7335051700444315,
                51.69551296474003
              ],
              [
                3.734035222541495,
                51.69563933650464
              ],
              [
                3.734582657105475,
                51.695732810571386
              ],
              [
                3.7351422005309782,
                51.69579248652389
              ],
              [
                3.73570846288806,
                51.69581778951089
              ],
              [
                3.736275989477135,
                51.69580847578773
              ],
              [
                3.7368393134100457,
                51.69576463506634
              ],
              [
                3.7373930083090445,
                51.69568668965028
              ],
              [
                3.7379317406142274,
                51.695575390364596
              ],
              [
                3.7384503209937963,
                51.69543180931807
              ],
              [
                3.7389437543603607,
                51.69525732956957
              ],
              [
                3.739407288009958,
                51.69505363179676
              ],
              [
                3.739836457418998,
                51.6948226780973
              ],
              [
                3.7402271292569904,
                51.69456669307815
              ],
              [
                3.740235816151211,
                51.694559748077786
              ],
              [
                3.7402986283530244,
                51.694518590406304
              ],
              [
                3.7406470394844633,
                51.69424003952691
              ],
              [
                3.740949835651798,
                51.69394160601839
              ],
              [
                3.741204101313819,
                51.69362616432319
              ],
              [
                3.7414073885232706,
                51.693296752642354
              ],
              [
                3.7415577404723157,
                51.69295654366304
              ],
              [
                3.7416537103007914,
                51.692608813993665
              ],
              [
                3.741694374987545,
                51.6922569126001
              ],
              [
                3.741679344192713,
                51.69190422854811
              ],
              [
                3.741608763967584,
                51.69155415836223
              ],
              [
                3.7414833152982303,
                51.6912100733161
              ],
              [
                3.7413042074988163,
                51.690875286968826
              ],
              [
                3.74107316652011,
                51.690553023260044
              ],
              [
                3.740792418287488,
                51.6902463854707
              ]
            ]
          ],
          [
            [
              [
                3.744676430478831,
                51.694740700226745
              ],
              [
                3.7441168869643398,
                51.69468106982472
              ],
              [
                3.743550633676087,
                51.694655807533856
              ],
              [
                3.742983122659416,
                51.69466515658103
              ],
              [
                3.7424198180590365,
                51.69470902694544
              ],
              [
                3.741866143546128,
                51.6947869962251
              ],
              [
                3.7413274301338397,
                51.69489831370127
              ],
              [
                3.7408088648818585,
                51.695041907561745
              ],
              [
                3.7403154409823385,
                51.69521639521388
              ],
              [
                3.7398519097063487,
                51.695420096588514
              ],
              [
                3.739422734672298,
                51.69565105030673
              ],
              [
                3.7391611016841813,
                51.69582247599891
              ],
              [
                3.7391103360733466,
                51.695840426949324
              ],
              [
                3.7386467929956613,
                51.69604412349011
              ],
              [
                3.738217605899519,
                51.69627507272517
              ],
              [
                3.7378269078966664,
                51.69653105088371
              ],
              [
                3.7374784616819405,
                51.696809593157454
              ],
              [
                3.7371756232941933,
                51.69710801742239
              ],
              [
                3.7369213097838516,
                51.69742345005458
              ],
              [
                3.7367179710989613,
                51.697752853590295
              ],
              [
                3.7365675664612654,
                51.69809305596611
              ],
              [
                3.7364715454609967,
                51.69844078105717
              ],
              [
                3.7364308340538304,
                51.69879268021992
              ],
              [
                3.736445825596507,
                51.6991453645361
              ],
              [
                3.7365163770092744,
                51.699495437447254
              ],
              [
                3.736641810103968,
                51.699839527466395
              ],
              [
                3.7368209180669094,
                51.70017432065056
              ],
              [
                3.7370519770359603,
                51.70049659252238
              ],
              [
                3.737332762662107,
                51.700803239132775
              ],
              [
                3.737660571497482,
                51.701091306964926
              ],
              [
                3.738032247005252,
                51.70135802139128
              ],
              [
                3.738444209941812,
                51.70160081340953
              ],
              [
                3.738892492819347,
                51.70181734439841
              ],
              [
                3.7393727781172097,
                51.70200552865554
              ],
              [
                3.739880439873953,
                51.702163553498764
              ],
              [
                3.7404105882590635,
                51.70228989673751
              ],
              [
                3.740690326955428,
                51.70233763905019
              ],
              [
                3.7403010786439093,
                51.702547079245576
              ],
              [
                3.7399103377676903,
                51.702803064011
              ],
              [
                3.7395618555524743,
                51.703081612155295
              ],
              [
                3.739258988383997,
                51.70338004149813
              ],
              [
                3.739004653590113,
                51.7036954783666
              ],
              [
                3.7388013013241532,
                51.7040248852562
              ],
              [
                3.7386508909390197,
                51.70436509007123
              ],
              [
                3.738554872080697,
                51.704712816663424
              ],
              [
                3.738514170684648,
                51.70506471637468
              ],
              [
                3.7385291800116307,
                51.705417400281405
              ],
              [
                3.738599756811028,
                51.70576747182922
              ],
              [
                3.7387252226505736,
                51.70611155954403
              ],
              [
                3.738904370401571,
                51.70644634950512
              ],
              [
                3.7391354758189994,
                51.706768617266064
              ],
              [
                3.7394163141067254,
                51.70707525891731
              ],
              [
                3.7397441813098737,
                51.70736332098978
              ],
              [
                3.740115920329557,
                51.70763002891131
              ],
              [
                3.7405279513104874,
                51.70787281374214
              ],
              [
                3.74097630610945,
                51.70808933693019
              ],
              [
                3.74145666651297,
                51.70827751284814
              ],
              [
                3.741964405836038,
                51.70843552889421
              ],
              [
                3.742494633500819,
                51.708561862962384
              ],
              [
                3.7430422421652056,
                51.708655298113754
              ],
              [
                3.7436019569462116,
                51.70871493430675
              ],
              [
                3.7441683862627184,
                51.708740197073155
              ],
              [
                3.7447360738063318,
                51.70873084305574
              ],
              [
                3.7452995511379763,
                51.708686962354484
              ],
              [
                3.7458533904018383,
                51.70860897765831
              ],
              [
                3.7463922566470718,
                51.7084976401706
              ],
              [
                3.7469109592514824,
                51.708354022368255
              ],
              [
                3.7474045019502635,
                51.70817950766431
              ],
              [
                3.74786813098638,
                51.707975777073116
              ],
              [
                3.7482973809176476,
                51.70774479300868
              ],
              [
                3.748688117638324,
                51.70748878037045
              ],
              [
                3.7490365782002666,
                51.70721020510156
              ],
              [
                3.749339407049861,
                51.706911750424716
              ],
              [
                3.749593688331825,
                51.70659629098643
              ],
              [
                3.7497969739492625,
                51.706266865158526
              ],
              [
                3.7499473071105363,
                51.70592664576446
              ],
              [
                3.75004324113733,
                51.70557890951281
              ],
              [
                3.750083853354209,
                51.70522700543288
              ],
              [
                3.750068753927525,
                51.704874322616114
              ],
              [
                3.749998089570372,
                51.7045242575751
              ],
              [
                3.7498725420798094,
                51.70418018153376
              ],
              [
                3.7496933217223423,
                51.70384540796427
              ],
              [
                3.7494621555332137,
                51.7035231606831
              ],
              [
                3.749181270643977,
                51.703216542812775
              ],
              [
                3.748853372800382,
                51.70292850690854
              ],
              [
                3.7484816202788127,
                51.70266182653687
              ],
              [
                3.7480695934534207,
                51.70241906957886
              ],
              [
                3.7476212603077306,
                51.70220257351543
              ],
              [
                3.747140938223093,
                51.70201442293143
              ],
              [
                3.746633252411944,
                51.70185642945523
              ],
              [
                3.7461030913956854,
                51.70173011432537
              ],
              [
                3.745823350591872,
                51.70168238492963
              ],
              [
                3.7462125660414465,
                51.70147292622112
              ],
              [
                3.746229679878314,
                51.70146171229817
              ],
              [
                3.746522579187551,
                51.70135813084156
              ],
              [
                3.7469861418747006,
                51.70115440331731
              ],
              [
                3.747415331132734,
                51.7009234220672
              ],
              [
                3.747806013440263,
                51.700667411963494
              ],
              [
                3.748154426373114,
                51.700388838924916
              ],
              [
                3.7484572148362214,
                51.7000903861526
              ],
              [
                3.748711463363028,
                51.699774928274685
              ],
              [
                3.7487279703922094,
                51.699748175540435
              ],
              [
                3.748753666024337,
                51.6997162934685
              ],
              [
                3.7489569262581686,
                51.69938686876405
              ],
              [
                3.7491072422790963,
                51.6990466501419
              ],
              [
                3.74920316757347,
                51.6986989143032
              ],
              [
                3.749243779549506,
                51.698347010273146
              ],
              [
                3.7492286883754224,
                51.697994327142816
              ],
              [
                3.749158040684383,
                51.697644261427726
              ],
              [
                3.7490325181125126,
                51.6973001843584
              ],
              [
                3.748853330685928,
                51.69696540941693
              ],
              [
                3.7486222051223903,
                51.69664316043305
              ],
              [
                3.7483413681619258,
                51.69633654054576
              ],
              [
                3.7480135250884907,
                51.69604850232975
              ],
              [
                3.747641833650881,
                51.695781819373785
              ],
              [
                3.747229873634945,
                51.69553905958394
              ],
              [
                3.7467816123808477,
                51.695322560468504
              ],
              [
                3.746745866955535,
                51.69530855601458
              ],
              [
                3.746741805645333,
                51.69530659448217
              ],
              [
                3.746261560178433,
                51.69511844049336
              ],
              [
                3.745753954623876,
                51.69496044344346
              ],
              [
                3.745223876730447,
                51.694834124605684
              ],
              [
                3.744676430478831,
                51.694740700226745
              ]
            ]
          ],
          [
            [
              [
                3.780231334323895,
                51.718657453121615
              ],
              [
                3.7799031267486503,
                51.71836950330914
              ],
              [
                3.77953106398286,
                51.718102920618186
              ],
              [
                3.7791187293873945,
                51.71786027198899
              ],
              [
                3.7786700939084423,
                51.717643893859
              ],
              [
                3.778189477837507,
                51.71745586967742
              ],
              [
                3.777681509216678,
                51.717298009855256
              ],
              [
                3.777151079289337,
                51.71717183434408
              ],
              [
                3.776603295424463,
                51.717078558010634
              ],
              [
                3.776043431966822,
                51.71701907894752
              ],
              [
                3.7754768794849167,
                51.71699396983186
              ],
              [
                3.7749090929038265,
                51.717003472415826
              ],
              [
                3.7743455390206724,
                51.71704749520028
              ],
              [
                3.773791643906245,
                51.71712561431604
              ],
              [
                3.7732527406974166,
                51.71723707760178
              ],
              [
                3.7727340182813065,
                51.7173808118415
              ],
              [
                3.772240471363618,
                51.717555433091235
              ],
              [
                3.7721208560149044,
                51.71760802151395
              ],
              [
                3.7719817818720194,
                51.717657226303345
              ],
              [
                3.771518160704341,
                51.7178610521723
              ],
              [
                3.7710889318748637,
                51.718092121183616
              ],
              [
                3.7706982288983637,
                51.718348208413325
              ],
              [
                3.7703498145189975,
                51.71862684800273
              ],
              [
                3.770047044470684,
                51.71892535689088
              ],
              [
                3.7697928351475434,
                51.719240860638756
              ],
              [
                3.769589635496184,
                51.71957032109762
              ],
              [
                3.7694394034013636,
                51.71991056565558
              ],
              [
                3.7693435867935725,
                51.720258317781344
              ],
              [
                3.769303109661896,
                51.72061022857059
              ],
              [
                3.769318363108507,
                51.72096290899258
              ],
              [
                3.769389201532763,
                51.72131296252598
              ],
              [
                3.769514943983506,
                51.721657017869866
              ],
              [
                3.7696943806685184,
                51.72199176141465
              ],
              [
                3.7699257845602623,
                51.72231396916062
              ],
              [
                3.7702069279879065,
                51.722620537775725
              ],
              [
                3.770535104057349,
                51.722908514493916
              ],
              [
                3.7709071526943156,
                51.72317512556481
              ],
              [
                3.771319491060636,
                51.72341780298108
              ],
              [
                3.7717681480514935,
                51.72363420922503
              ],
              [
                3.772248802541662,
                51.72382225979559
              ],
              [
                3.772756825012329,
                51.72398014329817
              ],
              [
                3.7732873221571617,
                51.724106338903304
              ],
              [
                3.773465585138434,
                51.724136694556606
              ],
              [
                3.7737163508527014,
                51.72419634559466
              ],
              [
                3.7742642147296315,
                51.72428963569854
              ],
              [
                3.7748241657229795,
                51.72434912359097
              ],
              [
                3.775390809975367,
                51.72437423623233
              ],
              [
                3.7759586891072248,
                51.72436473171169
              ],
              [
                3.7765223328333932,
                51.72432070157885
              ],
              [
                3.7770763116949,
                51.72424256996225
              ],
              [
                3.7776152893960955,
                51.724131089480764
              ],
              [
                3.7781340742413323,
                51.72398733398886
              ],
              [
                3.7786276691740266,
                51.72381268822588
              ],
              [
                3.7790913199346665,
                51.72360883446884
              ],
              [
                3.779520560872706,
                51.72337773631804
              ],
              [
                3.7799112579701255,
                51.723121619772
              ],
              [
                3.7802596486617106,
                51.72284295177457
              ],
              [
                3.7805623780682276,
                51.722544416441565
              ],
              [
                3.780816531293699,
                51.72222888919608
              ],
              [
                3.7810196614761273,
                51.72189940906295
              ],
              [
                3.7811698133224314,
                51.72155914938823
              ],
              [
                3.781265541902015,
                51.72121138726831
              ],
              [
                3.7813059265194213,
                51.720859471981086
              ],
              [
                3.7812905795341334,
                51.72050679272558
              ],
              [
                3.781219650044342,
                51.720156745979594
              ],
              [
                3.7810938224011825,
                51.71981270279036
              ],
              [
                3.7809143095695728,
                51.71947797631327
              ],
              [
                3.780682841401522,
                51.71915578991078
              ],
              [
                3.780532813282633,
                51.71899223696274
              ],
              [
                3.7805125254501815,
                51.71896399731861
              ],
              [
                3.780231334323895,
                51.718657453121615
              ]
            ]
          ],
          [
            [
              [
                3.8511313285693767,
                51.73087176433089
              ],
              [
                3.8508025792836897,
                51.730584011433514
              ],
              [
                3.8504299961615898,
                51.730317652250875
              ],
              [
                3.8500171675724957,
                51.73007525157046
              ],
              [
                3.8495680692170673,
                51.729859143441786
              ],
              [
                3.849087025841528,
                51.7296714087139
              ],
              [
                3.8485786696001605,
                51.72951385501053
              ],
              [
                3.8480478954665016,
                51.729387999335735
              ],
              [
                3.8474998141218673,
                51.729295053476754
              ],
              [
                3.846939702773712,
                51.72923591234428
              ],
              [
                3.8463729543760974,
                51.729211145362
              ],
              [
                3.845805025739645,
                51.72922099098794
              ],
              [
                3.8452413850288707,
                51.729265354420605
              ],
              [
                3.844687459150675,
                51.72934380851101
              ],
              [
                3.8441485815387155,
                51.729455597872885
              ],
              [
                3.843629940834676,
                51.72959964615082
              ],
              [
                3.8431365309589385,
                51.72977456637716
              ],
              [
                3.8426731030499557,
                51.729978674317884
              ],
              [
                3.84224411973386,
                51.730210004679314
              ],
              [
                3.8418537121637786,
                51.73046633002083
              ],
              [
                3.841505640241911,
                51.73074518219071
              ],
              [
                3.8412032564071636,
                51.73104387608055
              ],
              [
                3.840949473337205,
                51.73135953546928
              ],
              [
                3.840746735876432,
                51.73168912070878
              ],
              [
                3.8405969974610272,
                51.73202945798484
              ],
              [
                3.8405017012692775,
                51.7323772698723
              ],
              [
                3.8404617662801375,
                51.732729206890426
              ],
              [
                3.8404775783758796,
                51.73308187975485
              ],
              [
                3.8405489865764384,
                51.73343189201603
              ],
              [
                3.8406753044434727,
                51.73377587276944
              ],
              [
                3.8408553166426778,
                51.73411050912294
              ],
              [
                3.8410872906029065,
                51.73443257810822
              ],
              [
                3.8413689931616255,
                51.73473897772873
              ],
              [
                3.8416977120379046,
                51.73502675684533
              ],
              [
                3.8420702819274513,
                51.73529314361019
              ],
              [
                3.8424831149693754,
                51.73553557217601
              ],
              [
                3.842932235291888,
                51.735751707421514
              ],
              [
                3.843413317304588,
                51.73593946745556
              ],
              [
                3.843921727368386,
                51.73609704368204
              ],
              [
                3.84445256844138,
                51.73622291823121
              ],
              [
                3.8450007272698152,
                51.73631587859061
              ],
              [
                3.8455609236685753,
                51.73637502929227
              ],
              [
                3.8461277614151532,
                51.73639980054477
              ],
              [
                3.846695780265297,
                51.73638995372592
              ],
              [
                3.847259508587625,
                51.73634558368312
              ],
              [
                3.8478135161083795,
                51.73626711781937
              ],
              [
                3.8483524662564212,
                51.73615531197338
              ],
              [
                3.8488711676025473,
                51.736011243134016
              ],
              [
                3.849364623895932,
                51.735836299059095
              ],
              [
                3.849828082214324,
                51.73563216489922
              ],
              [
                3.8502570787629704,
                51.73540080695547
              ],
              [
                3.850647481880223,
                51.735144453728616
              ],
              [
                3.850995531835003,
                51.734865574441955
              ],
              [
                3.85129787703259,
                51.73456685524588
              ],
              [
                3.851551606280116,
                51.73425117333409
              ],
              [
                3.8517542768015534,
                51.73392156922014
              ],
              [
                3.8519039377331605,
                51.73358121744368
              ],
              [
                3.8519991488743033,
                51.733233395987035
              ],
              [
                3.852038994514485,
                51.732881454698735
              ],
              [
                3.852023092205051,
                51.73252878302719
              ],
              [
                3.8519515963929396,
                51.732178777376156
              ],
              [
                3.8518251968833472,
                51.731834808396066
              ],
              [
                3.851645112148061,
                51.7315001885267
              ],
              [
                3.8514130775457462,
                51.73117814010287
              ],
              [
                3.8511313285693767,
                51.73087176433089
              ]
            ]
          ],
          [
            [
              [
                3.7770771027441294,
                51.73051582298968
              ],
              [
                3.77674883005543,
                51.73022786441601
              ],
              [
                3.7763766891275443,
                51.72996127170137
              ],
              [
                3.775964264074332,
                51.72971861188241
              ],
              [
                3.7755155267132325,
                51.7295022215043
              ],
              [
                3.775034798316871,
                51.72931418413398
              ],
              [
                3.7745267080088767,
                51.729156310309484
              ],
              [
                3.7739961482041795,
                51.729030120117066
              ],
              [
                3.773448227522059,
                51.72893682856473
              ],
              [
                3.7728882216242994,
                51.728877333891575
              ],
              [
                3.772321522450483,
                51.72885220892495
              ],
              [
                3.771753586337653,
                51.72886169556959
              ],
              [
                3.771189881522215,
                51.72890570247998
              ],
              [
                3.7706358355277207,
                51.728983805939656
              ],
              [
                3.7700967829433325,
                51.72909525393804
              ],
              [
                3.7695779140940298,
                51.72923897340651
              ],
              [
                3.7690842250951153,
                51.72941358054325
              ],
              [
                3.7686204697705503,
                51.729617394128894
              ],
              [
                3.768191113896792,
                51.72984845170421
              ],
              [
                3.76780029221189,
                51.73010452845546
              ],
              [
                3.767451768603142,
                51.73038315862508
              ],
              [
                3.767148899856479,
                51.730681659242826
              ],
              [
                3.7668946033167567,
                51.730997155949495
              ],
              [
                3.7666913287709,
                51.731326610664276
              ],
              [
                3.766541034825434,
                51.73166685083069
              ],
              [
                3.7664451700071075,
                51.73201459995985
              ],
              [
                3.7664046587699938,
                51.73236650917627
              ],
              [
                3.7664198925454766,
                51.73271918946453
              ],
              [
                3.7664907259231377,
                51.733069244304566
              ],
              [
                3.7666164780012075,
                51.7334133023829
              ],
              [
                3.766795938895513,
                51.733748050063625
              ],
              [
                3.767027381346066,
                51.73407026330711
              ],
              [
                3.7673085773113053,
                51.73437683872845
              ],
              [
                3.76763681939167,
                51.73466482349576
              ],
              [
                3.7680089468775453,
                51.734931443781214
              ],
              [
                3.768421376171639,
                51.73517413148861
              ],
              [
                3.7688701352935334,
                51.73539054900106
              ],
              [
                3.7693509021343528,
                51.73557861170884
              ],
              [
                3.7698590460930674,
                51.73573650810029
              ],
              [
                3.770389672692981,
                51.73586271722183
              ],
              [
                3.7709376707479088,
                51.73595602333803
              ],
              [
                3.771497761622674,
                51.73601552765021
              ],
              [
                3.772064550112079,
                51.73604065696043
              ],
              [
                3.7726325764467283,
                51.736031169197176
              ],
              [
                3.7731963689230428,
                51.7359871557489
              ],
              [
                3.7737504966487156,
                51.73590904058336
              ],
              [
                3.774289621893697,
                51.73579757616085
              ],
              [
                3.774808551540703,
                51.73565383618129
              ],
              [
                3.775302287138008,
                51.73547920523469
              ],
              [
                3.7757660730709084,
                51.735275365455436
              ],
              [
                3.776195442386676,
                51.735044280309296
              ],
              [
                3.7765862598306943,
                51.73478817566958
              ],
              [
                3.7769347616786444,
                51.73450951836568
              ],
              [
                3.777237591980851,
                51.734210992410404
              ],
              [
                3.77749183486985,
                51.73389547313681
              ],
              [
                3.777695042620493,
                51.733565999492946
              ],
              [
                3.777845259193153,
                51.733225744762585
              ],
              [
                3.777941039034473,
                51.7328779859945
              ],
              [
                3.7779814609560014,
                51.73252607243441
              ],
              [
                3.777966136958699,
                51.7321733932648
              ],
              [
                3.7778952159201635,
                51.731823344962606
              ],
              [
                3.7777693821109173,
                51.73147929859022
              ],
              [
                3.7775898485560178,
                51.73114456733355
              ],
              [
                3.777358345307761,
                51.73082237460115
              ],
              [
                3.7770771027441294,
                51.73051582298968
              ]
            ]
          ],
          [
            [
              [
                4.002345413205816,
                51.64423088928654
              ],
              [
                4.001972640161636,
                51.643965009463564
              ],
              [
                4.001559778602196,
                51.64372314093523
              ],
              [
                4.001110804539742,
                51.64350761262712
              ],
              [
                4.000630041518838,
                51.6433204998055
              ],
              [
                4.00012211899061,
                51.64316360410641
              ],
              [
                3.9995919277501075,
                51.643038436198964
              ],
              [
                3.9990445728651185,
                51.64294620124887
              ],
              [
                3.9984853245485996,
                51.64288778732268
              ],
              [
                3.9979195674464343,
                51.64286375684299
              ],
              [
                3.9973527488272667,
                51.64287434117729
              ],
              [
                3.996790326171563,
                51.64291943841197
              ],
              [
                3.9962377146627457,
                51.642998614333095
              ],
              [
                3.995700235084204,
                51.64311110660436
              ],
              [
                3.9951830626221083,
                51.6432558321024
              ],
              [
                3.994691177065321,
                51.6434313973384
              ],
              [
                3.9942293148805548,
                51.64363611186692
              ],
              [
                3.9938019236229527,
                51.6438680045527
              ],
              [
                3.9934131191202553,
                51.644124842539064
              ],
              [
                3.993066645842187,
                51.644404152736406
              ],
              [
                3.9927658408364985,
                51.64470324562395
              ],
              [
                3.992513601579058,
                51.645019241136566
              ],
              [
                3.9923123580481046,
                51.64534909638705
              ],
              [
                3.9921640492924064,
                51.64568963495872
              ],
              [
                3.992070104720152,
                51.64603757748557
              ],
              [
                3.9920314302901683,
                51.64638957322635
              ],
              [
                3.992048399740117,
                51.646742232329
              ],
              [
                3.992048400025365,
                51.646742233706696
              ],
              [
                3.9920484001792365,
                51.64674223690439
              ],
              [
                3.992120851377088,
                51.6470921630497
              ],
              [
                3.9922480878328064,
                51.647435986160524
              ],
              [
                3.9924288853577306,
                51.64777039486124
              ],
              [
                3.9926615038092943,
                51.648092168374596
              ],
              [
                3.9929437038097033,
                51.64839820754889
              ],
              [
                3.9932727682790996,
                51.64868556471564
              ],
              [
                3.9936455285771446,
                51.64895147209068
              ],
              [
                3.9940583950022006,
                51.64919336844386
              ],
              [
                3.9945073913550377,
                51.64940892378034
              ],
              [
                3.9949881932344904,
                51.6495960617951
              ],
              [
                3.99549616969612,
                51.64975297988395
              ],
              [
                3.9960264278722493,
                51.649878166517404
              ],
              [
                3.996328346156814,
                51.6499290439488
              ],
              [
                3.9964620954151644,
                51.65011402034177
              ],
              [
                3.9967443336549375,
                51.65042005043347
              ],
              [
                3.9970734369108905,
                51.65070739700104
              ],
              [
                3.9974462361690417,
                51.65097329236217
              ],
              [
                3.9978591413524147,
                51.65121517540251
              ],
              [
                3.99830817588835,
                51.65143071625536
              ],
              [
                3.998789015007776,
                51.651617838755236
              ],
              [
                3.999297027407412,
                51.65177474044732
              ],
              [
                3.9998273198732726,
                51.65189990996012
              ],
              [
                4.000374784434842,
                51.65199214157311
              ],
              [
                4.000934147594681,
                51.652050546838865
              ],
              [
                4.001500021157938,
                51.65207456314732
              ],
              [
                4.002066954170564,
                51.6520639591491
              ],
              [
                4.002629485464288,
                51.65201883698591
              ],
              [
                4.003182196300364,
                51.651939631306035
              ],
              [
                4.003719762603223,
                51.651827105074815
              ],
              [
                4.004237006279145,
                51.651682342220084
              ],
              [
                4.004728945123949,
                51.65150673718439
              ],
              [
                4.005190840837605,
                51.65130198148423
              ],
              [
                4.0056182446819895,
                51.651070047406606
              ],
              [
                4.006007040341211,
                51.65081316900031
              ],
              [
                4.006201924849898,
                51.65065602783012
              ],
              [
                4.006248752852639,
                51.65088183399784
              ],
              [
                4.006376107088883,
                51.651225642050875
              ],
              [
                4.006557024008897,
                51.651560029236414
              ],
              [
                4.00678976232013,
                51.65188177498421
              ],
              [
                4.007072081490202,
                51.652187780409776
              ],
              [
                4.0074012632912215,
                51.652475098169504
              ],
              [
                4.007774137952416,
                51.6527409608587
              ],
              [
                4.008187114670233,
                51.65298280767742
              ],
              [
                4.008636216182667,
                51.65319830910791
              ],
              [
                4.0091171170751885,
                51.6533853893643
              ],
              [
                4.009625185449172,
                51.65354224639867
              ],
              [
                4.010155527551161,
                51.65366736926967
              ],
              [
                4.010703034932245,
                51.65375955270612
              ],
              [
                4.011262433682294,
                51.65381790872462
              ],
              [
                4.011828335263449,
                51.65384187518952
              ],
              [
                4.012395288451661,
                51.6538312212316
              ],
              [
                4.012957831884259,
                51.653786049473915
              ],
              [
                4.013510546705587,
                51.65370679504251
              ],
              [
                4.014048108801771,
                51.65359422137226
              ],
              [
                4.014565340119765,
                51.65344941284814
              ],
              [
                4.015057258574643,
                51.65327376435259
              ],
              [
                4.015519126063038,
                51.65306896782067
              ],
              [
                4.015946494119019,
                51.65283699593277
              ],
              [
                4.0163352467717575,
                51.65258008310173
              ],
              [
                4.016681640191586,
                51.652300703939346
              ],
              [
                4.0169823387423955,
                51.65200154940892
              ],
              [
                4.017029640259568,
                51.65194225157852
              ],
              [
                4.017046732790575,
                51.65192524662369
              ],
              [
                4.017298840263558,
                51.65160919796541
              ],
              [
                4.017499930438684,
                51.65127929939391
              ],
              [
                4.017648067672328,
                51.65093872828223
              ],
              [
                4.017741826436701,
                51.65059076472266
              ],
              [
                4.017780305005625,
                51.650238759929756
              ],
              [
                4.017771505587359,
                51.650058038233944
              ],
              [
                4.017840827340851,
                51.64980075953652
              ],
              [
                4.017879304412161,
                51.64944875467999
              ],
              [
                4.017862132969395,
                51.64909609869818
              ],
              [
                4.017789479676069,
                51.6487461878413
              ],
              [
                4.017662045477544,
                51.64840239184484
              ],
              [
                4.017481058802304,
                51.648068021480704
              ],
              [
                4.017248263686689,
                51.64774629667943
              ],
              [
                4.016965902939068,
                51.64744031552955
              ],
              [
                4.016636696507175,
                51.64715302445279
              ],
              [
                4.016263815258205,
                51.646887189841664
              ],
              [
                4.015850850425144,
                51.646645371432
              ],
              [
                4.0154017790142245,
                51.64642989766671
              ],
              [
                4.0149209255069085,
                51.646242843286785
              ],
              [
                4.014412920225149,
                51.646086009365604
              ],
              [
                4.013882654760369,
                51.64596090597729
              ],
              [
                4.013335234894643,
                51.64586873766643
              ],
              [
                4.012775931466261,
                51.64581039185797
              ],
              [
                4.012210129651485,
                51.64578643031862
              ],
              [
                4.011643277149294,
                51.64579708375218
              ],
              [
                4.011080831766301,
                51.64584224957972
              ],
              [
                4.010528208904765,
                51.645921492927
              ],
              [
                4.009990729457489,
                51.6460340508086
              ],
              [
                4.009473568609573,
                51.64617883946932
              ],
              [
                4.008981706038332,
                51.64635446481231
              ],
              [
                4.008519877989525,
                51.64655923581343
              ],
              [
                4.008092531690036,
                51.646791180793564
              ],
              [
                4.007703782535185,
                51.647048066392486
              ],
              [
                4.007357374462265,
                51.64732741906211
              ],
              [
                4.007174067975531,
                51.64750975039219
              ],
              [
                4.007171156639872,
                51.647501890714516
              ],
              [
                4.006990251105998,
                51.64716750439473
              ],
              [
                4.006757535277828,
                51.64684575898751
              ],
              [
                4.006475251200434,
                51.6465397527801
              ],
              [
                4.006146118083509,
                51.646252432435475
              ],
              [
                4.005773306088577,
                51.64598656462819
              ],
              [
                4.005360405782083,
                51.64574470941371
              ],
              [
                4.00491139354927,
                51.645529195589496
              ],
              [
                4.004430593302112,
                51.64534209828224
              ],
              [
                4.00392263485005,
                51.64518521897863
              ],
              [
                4.003392409333898,
                51.64506006818985
              ],
              [
                4.003090518614567,
                51.64500920959972
              ],
              [
                4.002956753385843,
                51.64482423552583
              ],
              [
                4.002674507543269,
                51.644518220232804
              ],
              [
                4.002345413205816,
                51.64423088928654
              ]
            ]
          ],
          [
            [
              [
                3.948943937403717,
                51.68260396141993
              ],
              [
                3.9486618249661167,
                51.68229781749875
              ],
              [
                3.948332802689194,
                51.68201033599667
              ],
              [
                3.947960039670039,
                51.681744285140105
              ],
              [
                3.9475471260061314,
                51.68150222674733
              ],
              [
                3.947098038213599,
                51.681286491571996
              ],
              [
                3.9466171009338256,
                51.68109915687215
              ],
              [
                3.946108945297074,
                51.68094202642002
              ],
              [
                3.94557846434365,
                51.68081661314468
              ],
              [
                3.945030765931064,
                51.68072412457424
              ],
              [
                3.9444711235796217,
                51.68066545121678
              ],
              [
                3.943904925728371,
                51.68064115799254
              ],
              [
                3.9433376238884654,
                51.680651478798566
              ],
              [
                3.9427746801914387,
                51.68069631425846
              ],
              [
                3.9422215148356643,
                51.68077523267854
              ],
              [
                3.94168345393518,
                51.68088747420194
              ],
              [
                3.9411656782712665,
                51.681031958119554
              ],
              [
                3.94067317343864,
                51.68120729326897
              ],
              [
                3.9402106818647873,
                51.68141179142049
              ],
              [
                3.9397826571632875,
                51.68164348352266
              ],
              [
                3.939393221259737,
                51.681900138650796
              ],
              [
                3.9390461247025055,
                51.682179285476664
              ],
              [
                3.938744710540325,
                51.682478236053434
              ],
              [
                3.9384918821146364,
                51.682794111687016
              ],
              [
                3.9382900750774072,
                51.68312387064553
              ],
              [
                3.938141233904642,
                51.683464337440434
              ],
              [
                3.938046793133003,
                51.68381223339781
              ],
              [
                3.9380076635015975,
                51.684164208225766
              ],
              [
                3.9380242231340796,
                51.68451687227441
              ],
              [
                3.9380963138477747,
                51.68486682917764
              ],
              [
                3.938223242627274,
                51.68521070856287
              ],
              [
                3.938403788250221,
                51.685545198513076
              ],
              [
                3.9386362130033317,
                51.685867077468906
              ],
              [
                3.938918279377546,
                51.686173245263426
              ],
              [
                3.939247271583093,
                51.68646075298965
              ],
              [
                3.9396200216785036,
                51.68672683141341
              ],
              [
                3.9400329400629492,
                51.68696891765698
              ],
              [
                3.940482050038896,
                51.6871846798964
              ],
              [
                3.9409630261124655,
                51.68737203983358
              ],
              [
                3.9414712356625676,
                51.687529192726494
              ],
              [
                3.9420017835770427,
                51.68765462478358
              ],
              [
                3.9425495594251,
                51.68774712775513
              ],
              [
                3.94310928671063,
                51.68780581057942
              ],
              [
                3.9436755737306233,
                51.68783010797255
              ],
              [
                3.9442429655472133,
                51.68781978587718
              ],
              [
                3.944805996571116,
                51.6877749437194
              ],
              [
                3.945359243248036,
                51.687696013450086
              ],
              [
                3.945897376338809,
                51.68758375538159
              ],
              [
                3.9464152122879192,
                51.68743925085881
              ],
              [
                3.946907763183928,
                51.68726389183604
              ],
              [
                3.9473702848291587,
                51.687059367460364
              ],
              [
                3.947798322454401,
                51.68682764779103
              ],
              [
                3.948187753637413,
                51.686570964812134
              ],
              [
                3.9485348280112267,
                51.686291790922176
              ],
              [
                3.9488362033796114,
                51.68599281510804
              ],
              [
                3.9490889778919485,
                51.68567691703368
              ],
              [
                3.949290717968128,
                51.68534713929337
              ],
              [
                3.9494394817054217,
                51.68500665809738
              ],
              [
                3.949533837542971,
                51.68465875267317
              ],
              [
                3.94957287800564,
                51.68430677367637
              ],
              [
                3.949556228396473,
                51.68395411091703
              ],
              [
                3.9494840503559048,
                51.6836041607117
              ],
              [
                3.949357040255259,
                51.68326029317568
              ],
              [
                3.9491764224420245,
                51.68292581977059
              ],
              [
                3.948943937403717,
                51.68260396141993
              ]
            ]
          ],
          [
            [
              [
                3.984660097928825,
                51.682860684528116
              ],
              [
                3.9843308419234296,
                51.68257330336599
              ],
              [
                3.983957861557459,
                51.68230736635488
              ],
              [
                3.9835447490201052,
                51.682065434216604
              ],
              [
                3.983095482741267,
                51.68184983648899
              ],
              [
                3.98261438907981,
                51.6816626491064
              ],
              [
                3.9821061006706864,
                51.68150567442262
              ],
              [
                3.9815755118316587,
                51.681380423866905
              ],
              [
                3.981027731458217,
                51.68128810340056
              ],
              [
                3.980468033859207,
                51.681229601913316
              ],
              [
                3.9799018080052093,
                51.6812054826706
              ],
              [
                3.979334505676806,
                51.681215977894475
              ],
              [
                3.978771589010274,
                51.68126098652929
              ],
              [
                3.978218477943995,
                51.68134007521412
              ],
              [
                3.9776804980697724,
                51.681452482452855
              ],
              [
                3.977162829389415,
                51.681597125940904
              ],
              [
                3.9766704564683977,
                51.681772612979294
              ],
              [
                3.976208120465081,
                51.681977253875964
              ],
              [
                3.9757802734962007,
                51.68220907820497
              ],
              [
                3.975391035777145,
                51.68246585376812
              ],
              [
                3.9750441559491456,
                51.682745108077484
              ],
              [
                3.974742974975147,
                51.68304415215088
              ],
              [
                3.9744903939522254,
                51.683360106393614
              ],
              [
                3.974288846150927,
                51.683689928316454
              ],
              [
                3.974140273551698,
                51.68403044182404
              ],
              [
                3.974046108105475,
                51.6843783677922
              ],
              [
                3.9740072579003702,
                51.68473035563951
              ],
              [
                3.9740080212929025,
                51.684746342117236
              ],
              [
                3.9740062538126435,
                51.68476235557508
              ],
              [
                3.9740062671299072,
                51.68476263445675
              ],
              [
                3.974006253761524,
                51.68476275557494
              ],
              [
                3.9740230942322143,
                51.68511541552463
              ],
              [
                3.9740954645294173,
                51.68546535125124
              ],
              [
                3.974222668944865,
                51.68580919258549
              ],
              [
                3.9744034836010695,
                51.68614362797639
              ],
              [
                3.974636168192958,
                51.686465436389625
              ],
              [
                3.974918482708012,
                51.68677151833725
              ],
              [
                3.9752477089654765,
                51.687058925738796
              ],
              [
                3.975620676768443,
                51.68732489032595
              ],
              [
                3.9760337944179946,
                51.687566850317424
              ],
              [
                3.976483083296076,
                51.687782475105045
              ],
              [
                3.9769642161844403,
                51.68796968771458
              ],
              [
                3.9774725589504274,
                51.68812668482308
              ],
              [
                3.978003215197726,
                51.68825195413959
              ],
              [
                3.978551073451219,
                51.68834428898203
              ],
              [
                3.9791108564203963,
                51.68840279990836
              ],
              [
                3.979677171865444,
                51.688426923290514
              ],
              [
                3.979677311317489,
                51.68842692071105
              ],
              [
                3.9796773718813343,
                51.68842692329074
              ],
              [
                3.9802447645903594,
                51.68841642674688
              ],
              [
                3.9808077689653936,
                51.68837141138453
              ],
              [
                3.981360961709111,
                51.68829231082318
              ],
              [
                3.981899014102357,
                51.688179887015686
              ],
              [
                3.9824167433676263,
                51.68803522290339
              ],
              [
                3.9829091626219824,
                51.68785971197801
              ],
              [
                3.983371528936775,
                51.68765504484973
              ],
              [
                3.9837993890400996,
                51.68742319295282
              ],
              [
                3.984188622220803,
                51.6871663895448
              ],
              [
                3.9845354800202744,
                51.686887108183974
              ],
              [
                3.9848366223294542,
                51.686588038892204
              ],
              [
                3.9850891495435614,
                51.686272062233336
              ],
              [
                3.9852906304653226,
                51.68594222155822
              ],
              [
                3.985439125688826,
                51.685601693682884
              ],
              [
                3.985533206239939,
                51.68525375828378
              ],
              [
                3.985571967295216,
                51.684901766304755
              ],
              [
                3.9855711257038706,
                51.68488423620228
              ],
              [
                3.9855727631559197,
                51.68486936625029
              ],
              [
                3.9855558327130205,
                51.684516707624994
              ],
              [
                3.98548337515327,
                51.68416677863111
              ],
              [
                3.985356089539591,
                51.68382294917911
              ],
              [
                3.985175202872212,
                51.68348853036346
              ],
              [
                3.9849424582270006,
                51.6831667425814
              ],
              [
                3.984660097928825,
                51.682860684528116
              ]
            ]
          ],
          [
            [
              [
                3.9530292945008187,
                51.70976150885391
              ],
              [
                3.952548030671411,
                51.70957419781558
              ],
              [
                3.952039535108769,
                51.709417092266285
              ],
              [
                3.9515087041255437,
                51.70929170489519
              ],
              [
                3.950960648948667,
                51.70919924298073
              ],
              [
                3.9504006465325343,
                51.70914059677422
              ],
              [
                3.9498340887819543,
                51.70911633093449
              ],
              [
                3.9492664306722016,
                51.70912667909491
              ],
              [
                3.9487031377640194,
                51.70917154161559
              ],
              [
                3.948149633617106,
                51.709250486542565
              ],
              [
                3.9476112476066407,
                51.709362753763756
              ],
              [
                3.947093163643527,
                51.7095072623229
              ],
              [
                3.9466003702904855,
                51.70968262082037
              ],
              [
                3.946137612752853,
                51.70988714080204
              ],
              [
                3.94570934720519,
                51.71011885300634
              ],
              [
                3.945319697892532,
                51.71037552631535
              ],
              [
                3.9449724174188368,
                51.71065468922599
              ],
              [
                3.944670850604747,
                51.71095365363667
              ],
              [
                3.9444179022628623,
                51.711269540720366
              ],
              [
                3.9442160092013205,
                51.71159930863498
              ],
              [
                3.9440671167261563,
                51.71193978180591
              ],
              [
                3.943988471841886,
                51.71222944386497
              ],
              [
                3.9438207162509733,
                51.712395741483384
              ],
              [
                3.943567753818307,
                51.71271162663164
              ],
              [
                3.943365848025441,
                51.71304139298446
              ],
              [
                3.9432169443010627,
                51.71338186498223
              ],
              [
                3.9431224777860496,
                51.71372976390105
              ],
              [
                3.9430833594693664,
                51.71408173942046
              ],
              [
                3.9430999673676927,
                51.714434401883906
              ],
              [
                3.943172142835497,
                51.714784354940505
              ],
              [
                3.9432991920430136,
                51.715128228254514
              ],
              [
                3.9434798926097994,
                51.71546270996721
              ],
              [
                3.943712505331839,
                51.71578457859841
              ],
              [
                3.943994790891007,
                51.71609073408035
              ],
              [
                3.9443240313874988,
                51.71637822762434
              ],
              [
                3.9446970564891326,
                51.716644290132436
              ],
              [
                3.945110273946706,
                51.71688635888007
              ],
              [
                3.9455597041821324,
                51.71710210221141
              ],
              [
                3.94604101861658,
                51.71728944201034
              ],
              [
                3.946549581369316,
                51.71744657372835
              ],
              [
                3.94708049392529,
                51.71757198377785
              ],
              [
                3.94762864234041,
                51.717664464120816
              ],
              [
                3.948188746528732,
                51.71772312391349
              ],
              [
                3.9487554111555214,
                51.71774739809363
              ],
              [
                3.9493231776443696,
                51.717737052827594
              ],
              [
                3.9498865767957194,
                51.717692187764634
              ],
              [
                3.9504401815081347,
                51.717613235076364
              ],
              [
                3.950978659092676,
                51.71750095529131
              ],
              [
                3.951496822674694,
                51.71735642996355
              ],
              [
                3.951989681186298,
                51.71718105124813
              ],
              [
                3.952452487466462,
                51.716976508482006
              ],
              [
                3.952880784004324,
                51.71674477190181
              ],
              [
                3.9532704458840846,
                51.71648807365479
              ],
              [
                3.9536177205173604,
                51.71620888628673
              ],
              [
                3.953919263779991,
                51.715909898914525
              ],
              [
                3.954172172205486,
                51.71559399131373
              ],
              [
                3.9543740109254366,
                51.715264206170446
              ],
              [
                3.9545228370887267,
                51.714923719766475
              ],
              [
                3.954601389774253,
                51.714634159660534
              ],
              [
                3.95476918394815,
                51.71446777740361
              ],
              [
                3.9550220782848258,
                51.71415186786848
              ],
              [
                3.955223904276641,
                51.71382208116455
              ],
              [
                3.955372719195006,
                51.7134815935886
              ],
              [
                3.95546709098791,
                51.713133684429415
              ],
              [
                3.9555061120284156,
                51.7127817043787
              ],
              [
                3.9554894078085203,
                51.71242904325666
              ],
              [
                3.95541714049645,
                51.71207909736393
              ],
              [
                3.955290007325046,
                51.71173523677409
              ],
              [
                3.9551092338286216,
                51.7114007728817
              ],
              [
                3.954876561995381,
                51.711078926518454
              ],
              [
                3.954594233451124,
                51.71077279694372
              ],
              [
                3.95459421732282,
                51.71077278286306
              ],
              [
                3.954594193364883,
                51.710772756885156
              ],
              [
                3.9542649277521003,
                51.71048529195001
              ],
              [
                3.9538918965112333,
                51.7102192597211
              ],
              [
                3.953478692322907,
                51.70997722183712
              ],
              [
                3.9530292945008187,
                51.70976150885391
              ]
            ]
          ],
          [
            [
              [
                3.916801543402155,
                51.72327288372013
              ],
              [
                3.9164724289860007,
                51.72298531352605
              ],
              [
                3.9160995189999626,
                51.7227191617725
              ],
              [
                3.915686404958582,
                51.72247699124909
              ],
              [
                3.9152370653088995,
                51.722261133789
              ],
              [
                3.9147558271184364,
                51.722073667827516
              ],
              [
                3.9142473244154115,
                51.72191639840038
              ],
              [
                3.9137164535819977,
                51.72179083977456
              ],
              [
                3.9131683262293313,
                51.721698200877405
              ],
              [
                3.9126082200069896,
                51.72163937366408
              ],
              [
                3.9120415278192353,
                51.721614924536034
              ],
              [
                3.911473705935456,
                51.72162508889125
              ],
              [
                3.910910221492715,
                51.7216697688595
              ],
              [
                3.910356499894112,
                51.72174853424431
              ],
              [
                3.9098178726075905,
                51.72186062666233
              ],
              [
                3.9092995258660803,
                51.722004966840274
              ],
              [
                3.9088064507612894,
                51.72218016499996
              ],
              [
                3.9083433952102205,
                51.722384534231075
              ],
              [
                3.9079148182557115,
                51.72261610672393
              ],
              [
                3.9075248471401642,
                51.72287265270602
              ],
              [
                3.907177237565157,
                51.72315170190063
              ],
              [
                3.906875337519447,
                51.72345056730165
              ],
              [
                3.906622055023788,
                51.72376637103582
              ],
              [
                3.9064198301036464,
                51.72409607206421
              ],
              [
                3.906270611260603,
                51.72443649545682
              ],
              [
                3.906175836670148,
                51.72478436295822
              ],
              [
                3.906136420288358,
                51.72513632455119
              ],
              [
                3.906152743002949,
                51.72548899071383
              ],
              [
                3.90622464891567,
                51.725838965060035
              ],
              [
                3.9063514467938023,
                51.72618287704965
              ],
              [
                3.906531916678657,
                51.726517414451905
              ],
              [
                3.906764321589311,
                51.72683935525066
              ],
              [
                3.9070464242105936,
                51.72714559868336
              ],
              [
                3.907375508406179,
                51.72743319511458
              ],
              [
                3.907748405350825,
                51.72769937445557
              ],
              [
                3.908161524031168,
                51.72794157285656
              ],
              [
                3.90861088582189,
                51.728157457413005
              ],
              [
                3.909092162804605,
                51.72834494864842
              ],
              [
                3.9096007194603297,
                51.728502240555684
              ],
              [
                3.9101316573335185,
                51.728627818003964
              ],
              [
                3.9106798622367354,
                51.72872047134269
              ],
              [
                3.9112400535401752,
                51.72877930806152
              ],
              [
                3.9118068350699584,
                51.728803761393834
              ],
              [
                3.9123747471233377,
                51.72879359578011
              ],
              [
                3.9129383190980755,
                51.728748909138886
              ],
              [
                3.91349212222727,
                51.72867013192306
              ],
              [
                3.9140308219098014,
                51.72855802297066
              ],
              [
                3.914549229130604,
                51.72841366219037
              ],
              [
                3.9150423504737826,
                51.72823844015211
              ],
              [
                3.9155054362454216,
                51.728034044683874
              ],
              [
                3.9159340262413194,
                51.727802444603554
              ],
              [
                3.916323992717906,
                51.727545870743945
              ],
              [
                3.916671580151871,
                51.72726679445294
              ],
              [
                3.9169734414053243,
                51.726967903778004
              ],
              [
                3.9172266699482843,
                51.726652077563735
              ],
              [
                3.917428827828651,
                51.726322357712824
              ],
              [
                3.917577969121146,
                51.72598191987872
              ],
              [
                3.9176726586305044,
                51.72563404287174
              ],
              [
                3.9177119856702642,
                51.725282077074496
              ],
              [
                3.917695572786078,
                51.72492941217039
              ],
              [
                3.9176235793413605,
                51.72457944449717
              ],
              [
                3.917496699932638,
                51.72423554433855
              ],
              [
                3.9173161576517717,
                51.723901023470695
              ],
              [
                3.9170836922618273,
                51.72357910327432
              ],
              [
                3.916801543402155,
                51.72327288372013
              ]
            ]
          ],
          [
            [
              [
                4.04281656946421,
                51.64786293726148
              ],
              [
                4.04248719535564,
                51.64757571833884
              ],
              [
                4.042114158182396,
                51.647309965569406
              ],
              [
                4.041701050678062,
                51.64706823790081
              ],
              [
                4.041251851221808,
                51.646852862901994
              ],
              [
                4.040770885527208,
                51.64666591436298
              ],
              [
                4.040262784995669,
                51.64650919233791
              ],
              [
                4.039732442135057,
                51.646384205823544
              ],
              [
                4.039184963472081,
                51.646292158239184
              ],
              [
                4.038625620410712,
                51.64623393584741
              ],
              [
                4.038059798508523,
                51.64621009922674
              ],
              [
                4.0374929456577675,
                51.64622087787834
              ],
              [
                4.036930519668442,
                51.64626616801769
              ],
              [
                4.036377935756268,
                51.646345533573694
              ],
              [
                4.0358405144393785,
                51.64645821038435
              ],
              [
                4.035323430343654,
                51.646603113549446
              ],
              [
                4.034831662408028,
                51.646778847869605
              ],
              [
                4.034369945967753,
                51.646983721271404
              ],
              [
                4.0339427271758534,
                51.647215761089626
              ],
              [
                4.033554120200736,
                51.647472733050854
              ],
              [
                4.033207867611478,
                51.64775216277516
              ],
              [
                4.032907304332125,
                51.64805135959069
              ],
              [
                4.032655325512178,
                51.64836744243102
              ],
              [
                4.032454358623168,
                51.64869736756766
              ],
              [
                4.032306340050919,
                51.649037957910515
              ],
              [
                4.032212696410024,
                51.649385933594544
              ],
              [
                4.032174330761933,
                51.649737943558584
              ],
              [
                4.03219161387103,
                51.65009059781303
              ],
              [
                4.032264380584695,
                51.65044050008477
              ],
              [
                4.032391931374111,
                51.650784280526054
              ],
              [
                4.032573039022909,
                51.65111862817163
              ],
              [
                4.032805960401049,
                51.65144032283177
              ],
              [
                4.033088453212304,
                51.65174626611377
              ],
              [
                4.0334177975555905,
                51.6520335112723
              ],
              [
                4.033790822093747,
                51.65229929160166
              ],
              [
                4.034203934578763,
                51.65254104709507
              ],
              [
                4.034653156440055,
                51.652756449114335
              ],
              [
                4.035134161103036,
                51.65294342283103
              ],
              [
                4.035642315668772,
                51.6531001672235
              ],
              [
                4.036172725552887,
                51.65322517243534
              ],
              [
                4.036720281653001,
                51.65331723432879
              ],
              [
                4.037279709589275,
                51.653375466091376
              ],
              [
                4.037845620542438,
                51.65339930678439
              ],
              [
                4.038412563198063,
                51.653388526750234
              ],
              [
                4.038975076295002,
                51.65334322982656
              ],
              [
                4.03952774127003,
                51.653263852345134
              ],
              [
                4.0400652344898225,
                51.653151158926306
              ],
              [
                4.040582378565303,
                51.65300623510844
              ],
              [
                4.041074192252554,
                51.65283047688469
              ],
              [
                4.041535938458119,
                51.65262557724704
              ],
              [
                4.041963169885098,
                51.6523935098689
              ],
              [
                4.042351771879535,
                51.65213651008285
              ],
              [
                4.042698002063754,
                51.651857053338055
              ],
              [
                4.042998526374723,
                51.651557831344846
              ],
              [
                4.043250451160474,
                51.65124172613719
              ],
              [
                4.043451351025981,
                51.65091178230299
              ],
              [
                4.043599292161095,
                51.650571177651024
              ],
              [
                4.043692850927086,
                51.65022319259624
              ],
              [
                4.043731127524203,
                51.64987117855988
              ],
              [
                4.043713754610238,
                51.649518525687945
              ],
              [
                4.043640900788964,
                51.64916863020057
              ],
              [
                4.0435132689366915,
                51.6488248616847
              ],
              [
                4.043332089384991,
                51.64849053064733
              ],
              [
                4.043099108027095,
                51.64816885663987
              ],
              [
                4.04281656946421,
                51.64786293726148
              ]
            ]
          ],
          [
            [
              [
                4.097416962315295,
                51.6578838947643
              ],
              [
                4.097003461971347,
                51.65764236127705
              ],
              [
                4.096553893237591,
                51.65742719756391
              ],
              [
                4.096072585381572,
                51.657240475380114
              ],
              [
                4.095564173097546,
                51.657083992600214
              ],
              [
                4.095033551893489,
                51.65695925591733
              ],
              [
                4.094485830974681,
                51.65686746634523
              ],
              [
                4.093926284076389,
                51.65680950766236
              ],
              [
                4.093360298717833,
                51.65678593790831
              ],
              [
                4.092793324364433,
                51.65679698401487
              ],
              [
                4.092230819995745,
                51.6568425396227
              ],
              [
                4.091678201582217,
                51.656922166104806
              ],
              [
                4.091140789974601,
                51.657035096787126
              ],
              [
                4.0906237597060775,
                51.65718024432523
              ],
              [
                4.090132089198415,
                51.65735621116688
              ],
              [
                4.089670512850182,
                51.6575613029998
              ],
              [
                4.089243475467152,
                51.65779354505559
              ],
              [
                4.0888550894728075,
                51.65805070111332
              ],
              [
                4.088509095310373,
                51.658330295020214
              ],
              [
                4.088208825417476,
                51.65862963452305
              ],
              [
                4.088119771630968,
                51.65874153127991
              ],
              [
                4.088075636631044,
                51.65878552889524
              ],
              [
                4.087823981530288,
                51.6591017312561
              ],
              [
                4.08778691018311,
                51.65916271597471
              ],
              [
                4.087653196375259,
                51.659296010620864
              ],
              [
                4.087401535463254,
                51.659612212038354
              ],
              [
                4.0872009160635585,
                51.6599422319717
              ],
              [
                4.0870532712175365,
                51.66028289241719
              ],
              [
                4.086960023942382,
                51.66063091283406
              ],
              [
                4.086922073483768,
                51.660982941729664
              ],
              [
                4.086939786608634,
                51.661335588931294
              ],
              [
                4.087012994023689,
                51.66168545823301
              ],
              [
                4.087140991956085,
                51.66202918010371
              ],
              [
                4.0873225488829155,
                51.66236344414153
              ],
              [
                4.087555917346595,
                51.66268503096117
              ],
              [
                4.087838850744042,
                51.66299084320792
              ],
              [
                4.087839405103394,
                51.66299132582153
              ],
              [
                4.087840520564841,
                51.66299253147297
              ],
              [
                4.0881702947731595,
                51.66327962365831
              ],
              [
                4.0885437342917195,
                51.663545230553375
              ],
              [
                4.088957242873889,
                51.66378679382147
              ],
              [
                4.089406838132177,
                51.664001986675494
              ],
              [
                4.089888189893612,
                51.6641887363016
              ],
              [
                4.090396661914162,
                51.66434524383643
              ],
              [
                4.090927356549942,
                51.66447000170509
              ],
              [
                4.0914751619542065,
                51.664561808152335
              ],
              [
                4.092034801344389,
                51.66461977882644
              ],
              [
                4.09238964930183,
                51.664634558027984
              ],
              [
                4.092389649301831,
                51.664634558027984
              ],
              [
                4.092763326783451,
                51.66481339332822
              ],
              [
                4.093244701111354,
                51.6650001292137
              ],
              [
                4.093753193953705,
                51.66515662222656
              ],
              [
                4.094283907465953,
                51.66528136493171
              ],
              [
                4.0948317296194245,
                51.66537315572007
              ],
              [
                4.095391383470139,
                51.6654311103907
              ],
              [
                4.0959574780216075,
                51.66545467067421
              ],
              [
                4.096524560190123,
                51.665443609614336
              ],
              [
                4.097087167370285,
                51.66539803375592
              ],
              [
                4.097639880092622,
                51.665318382117945
              ],
              [
                4.098177374264288,
                51.665205421961794
              ],
              [
                4.098694472487837,
                51.66506024139542
              ],
              [
                4.09918619396218,
                51.66488423888523
              ],
              [
                4.099647802483561,
                51.66467910977633
              ],
              [
                4.099693748045346,
                51.66465411936347
              ],
              [
                4.09973979465958,
                51.664633656976044
              ],
              [
                4.1001668433591565,
                51.6644013768125
              ],
              [
                4.100555220223959,
                51.664144183343026
              ],
              [
                4.100901185046864,
                51.663864553882114
              ],
              [
                4.1012014063229225,
                51.663565181803335
              ],
              [
                4.101452993321065,
                51.66324895058571
              ],
              [
                4.101653523901727,
                51.66291890603041
              ],
              [
                4.101801067813362,
                51.66257822691559
              ],
              [
                4.101894205244622,
                51.66223019437269
              ],
              [
                4.101932040454977,
                51.661878160279365
              ],
              [
                4.101914210354136,
                51.66152551497424
              ],
              [
                4.101840887949491,
                51.66117565460352
              ],
              [
                4.101712780630245,
                51.66083194841518
              ],
              [
                4.1015311233066525,
                51.66049770631516
              ],
              [
                4.1012976664723455,
                51.660176146997685
              ],
              [
                4.1010146593063865,
                51.65987036695666
              ],
              [
                4.100684827979318,
                51.65958331067636
              ],
              [
                4.100684173038796,
                51.65958284497341
              ],
              [
                4.100682237889899,
                51.659581160775915
              ],
              [
                4.1003087593169045,
                51.659315592378874
              ],
              [
                4.0998952304482,
                51.65907406904418
              ],
              [
                4.099445633718496,
                51.65885891637286
              ],
              [
                4.098964298664813,
                51.658672206013875
              ],
              [
                4.098455860243195,
                51.65851573572786
              ],
              [
                4.098120579922213,
                51.65843693142304
              ],
              [
                4.098120214648185,
                51.65843653670452
              ],
              [
                4.097790412109304,
                51.65814947232687
              ],
              [
                4.097416962315295,
                51.6578838947643
              ]
            ]
          ]
        ]
      },
      "properties": {
        "type": "buffer_union_400m",
        "buffer_m": 400
      }
    },
    {
      "type": "Feature",
      "geometry": {
        "type": "Polygon",
        "coordinates": [
          [
            [
              3.611341,
              51.650363
            ],
            [
              3.628846,
              51.670087
            ],
            [
              3.653133,
              51.69742
            ],
            [
              3.657993,
              51.702886
            ],
            [
              3.677449,
              51.724748
            ],
            [
              3.678928,
              51.72641
            ],
            [
              3.685364,
              51.733636
            ],
            [
              3.69428,
              51.738478
            ],
            [
              3.717458,
              51.751057
            ],
            [
              3.721631,
              51.753321
            ],
            [
              3.723051,
              51.754091
            ],
            [
              3.724351,
              51.754796
            ],
            [
              3.728313,
              51.756945
            ],
            [
              3.766036,
              51.777385
            ],
            [
              3.773675,
              51.78152
            ],
            [
              3.826213,
              51.765841
            ],
            [
              3.826412,
              51.765724
            ],
            [
              3.839218,
              51.758232
            ],
            [
              3.841658,
              51.756785
            ],
            [
              3.847428,
              51.753401
            ],
            [
              3.852022,
              51.75248
            ],
            [
              3.869794,
              51.748916
            ],
            [
              3.875894,
              51.747692
            ],
            [
              3.886171,
              51.749358
            ],
            [
              3.895058,
              51.757413
            ],
            [
              3.897557,
              51.759218
            ],
            [
              3.905057,
              51.764634
            ],
            [
              3.921444,
              51.770745
            ],
            [
              3.94033,
              51.7738
            ],
            [
              3.95277,
              51.772686
            ],
            [
              3.958938,
              51.772133
            ],
            [
              3.960051,
              51.771537
            ],
            [
              3.969008,
              51.766739
            ],
            [
              3.974491,
              51.763801
            ],
            [
              3.996936,
              51.761035
            ],
            [
              4.001352,
              51.760491
            ],
            [
              4.01114,
              51.759283
            ],
            [
              4.013336,
              51.759012
            ],
            [
              4.015836,
              51.751672
            ],
            [
              4.018885,
              51.742718
            ],
            [
              4.026258,
              51.738309
            ],
            [
              4.035038,
              51.730194
            ],
            [
              4.035789,
              51.724935
            ],
            [
              4.036426,
              51.720472
            ],
            [
              4.036704,
              51.711029
            ],
            [
              4.040037,
              51.702697
            ],
            [
              4.047813,
              51.694364
            ],
            [
              4.053421,
              51.693751
            ],
            [
              4.060589,
              51.692976
            ],
            [
              4.066297,
              51.692853
            ],
            [
              4.06973,
              51.692779
            ],
            [
              4.073643,
              51.692698
            ],
            [
              4.086419,
              51.691587
            ],
            [
              4.098084,
              51.690476
            ],
            [
              4.107932,
              51.687728
            ],
            [
              4.110027,
              51.687143
            ],
            [
              4.12308,
              51.685754
            ],
            [
              4.129079,
              51.685643
            ],
            [
              4.138078,
              51.685476
            ],
            [
              4.151825,
              51.685233
            ],
            [
              4.152317,
              51.684989
            ],
            [
              4.155371,
              51.683473
            ],
            [
              4.163164,
              51.679604
            ],
            [
              4.177372,
              51.672546
            ],
            [
              4.187407,
              51.66756
            ],
            [
              4.193764,
              51.664399
            ],
            [
              4.193873,
              51.664355
            ],
            [
              4.202701,
              51.660764
            ],
            [
              4.200798,
              51.654807
            ],
            [
              4.198453,
              51.647459
            ],
            [
              4.195885,
              51.639414
            ],
            [
              4.195374,
              51.639374
            ],
            [
              4.194179,
              51.639042
            ],
            [
              4.192824,
              51.638665
            ],
            [
              4.191777,
              51.638374
            ],
            [
              4.188645,
              51.638794
            ],
            [
              4.188165,
              51.638952
            ],
            [
              4.186095,
              51.639631
            ],
            [
              4.182584,
              51.641003
            ],
            [
              4.180616,
              51.6419
            ],
            [
              4.180361,
              51.642014
            ],
            [
              4.177428,
              51.642818
            ],
            [
              4.177068,
              51.643003
            ],
            [
              4.176865,
              51.643158
            ],
            [
              4.176155,
              51.643994
            ],
            [
              4.175838,
              51.644286
            ],
            [
              4.175525,
              51.644521
            ],
            [
              4.174268,
              51.645325
            ],
            [
              4.173928,
              51.645542
            ],
            [
              4.173574,
              51.645769
            ],
            [
              4.172794,
              51.646135
            ],
            [
              4.17142,
              51.646017
            ],
            [
              4.17001,
              51.645933
            ],
            [
              4.168071,
              51.64645
            ],
            [
              4.166869,
              51.646823
            ],
            [
              4.163139,
              51.648172
            ],
            [
              4.162071,
              51.648528
            ],
            [
              4.159315,
              51.649345
            ],
            [
              4.158985,
              51.649457
            ],
            [
              4.157366,
              51.650005
            ],
            [
              4.15518,
              51.6505
            ],
            [
              4.151624,
              51.651305
            ],
            [
              4.150789,
              51.651421
            ],
            [
              4.142989,
              51.652501
            ],
            [
              4.140665,
              51.653217
            ],
            [
              4.139677,
              51.653467
            ],
            [
              4.137462,
              51.654148
            ],
            [
              4.13602,
              51.654592
            ],
            [
              4.134845,
              51.655048
            ],
            [
              4.132976,
              51.656006
            ],
            [
              4.131024,
              51.656568
            ],
            [
              4.129877,
              51.65693
            ],
            [
              4.129816,
              51.656949
            ],
            [
              4.12888,
              51.657317
            ],
            [
              4.127836,
              51.657784
            ],
            [
              4.127264,
              51.657987
            ],
            [
              4.126994,
              51.65801
            ],
            [
              4.126904,
              51.658018
            ],
            [
              4.123828,
              51.657862
            ],
            [
              4.123512,
              51.657797
            ],
            [
              4.120272,
              51.656791
            ],
            [
              4.116388,
              51.655373
            ],
            [
              4.116063,
              51.655171
            ],
            [
              4.115361,
              51.654296
            ],
            [
              4.115049,
              51.653907
            ],
            [
              4.114956,
              51.653791
            ],
            [
              4.114694,
              51.653536
            ],
            [
              4.114404,
              51.653352
            ],
            [
              4.112906,
              51.652867
            ],
            [
              4.111988,
              51.65257
            ],
            [
              4.111648,
              51.652316
            ],
            [
              4.111304,
              51.652524
            ],
            [
              4.109715,
              51.651097
            ],
            [
              4.108801,
              51.650467
            ],
            [
              4.107976,
              51.649664
            ],
            [
              4.106033,
              51.648337
            ],
            [
              4.105984,
              51.648299
            ],
            [
              4.10508,
              51.647591
            ],
            [
              4.103153,
              51.646364
            ],
            [
              4.102353,
              51.645471
            ],
            [
              4.101542,
              51.64477
            ],
            [
              4.101321,
              51.644579
            ],
            [
              4.101094,
              51.644381
            ],
            [
              4.100774,
              51.644105
            ],
            [
              4.099111,
              51.643762
            ],
            [
              4.098994,
              51.643738
            ],
            [
              4.098864,
              51.643711
            ],
            [
              4.097642,
              51.643027
            ],
            [
              4.097233,
              51.642519
            ],
            [
              4.097,
              51.642229
            ],
            [
              4.095792,
              51.641471
            ],
            [
              4.09483,
              51.640945
            ],
            [
              4.09387,
              51.640187
            ],
            [
              4.093709,
              51.640074
            ],
            [
              4.093424,
              51.63986
            ],
            [
              4.09317,
              51.63966
            ],
            [
              4.093001,
              51.639512
            ],
            [
              4.092803,
              51.639329
            ],
            [
              4.092669,
              51.639206
            ],
            [
              4.092555,
              51.639071
            ],
            [
              4.092328,
              51.638798
            ],
            [
              4.092151,
              51.638587
            ],
            [
              4.091868,
              51.638288
            ],
            [
              4.091581,
              51.637984
            ],
            [
              4.091426,
              51.63783
            ],
            [
              4.091288,
              51.637724
            ],
            [
              4.091068,
              51.637575
            ],
            [
              4.09069,
              51.637336
            ],
            [
              4.090225,
              51.637036
            ],
            [
              4.089649,
              51.636661
            ],
            [
              4.089343,
              51.636459
            ],
            [
              4.089199,
              51.636343
            ],
            [
              4.088868,
              51.63607
            ],
            [
              4.088607,
              51.635858
            ],
            [
              4.088472,
              51.63573
            ],
            [
              4.08839,
              51.635635
            ],
            [
              4.088358,
              51.635598
            ],
            [
              4.088179,
              51.635382
            ],
            [
              4.087737,
              51.634861
            ],
            [
              4.087412,
              51.634466
            ],
            [
              4.087112,
              51.634122
            ],
            [
              4.086516,
              51.633833
            ],
            [
              4.086265,
              51.633707
            ],
            [
              4.086125,
              51.633637
            ],
            [
              4.086011,
              51.633563
            ],
            [
              4.085961,
              51.633479
            ],
            [
              4.085903,
              51.63334
            ],
            [
              4.085885,
              51.63319
            ],
            [
              4.085863,
              51.633015
            ],
            [
              4.085856,
              51.632735
            ],
            [
              4.085448,
              51.631715
            ],
            [
              4.085364,
              51.631559
            ],
            [
              4.085293,
              51.631445
            ],
            [
              4.085096,
              51.631175
            ],
            [
              4.084877,
              51.630907
            ],
            [
              4.084733,
              51.630789
            ],
            [
              4.083706,
              51.630085
            ],
            [
              4.083573,
              51.629974
            ],
            [
              4.083435,
              51.629842
            ],
            [
              4.083329,
              51.629719
            ],
            [
              4.083195,
              51.629573
            ],
            [
              4.083251,
              51.629486
            ],
            [
              4.083287,
              51.629462
            ],
            [
              4.083437,
              51.629391
            ],
            [
              4.083511,
              51.629381
            ],
            [
              4.083617,
              51.629371
            ],
            [
              4.0853,
              51.629295
            ],
            [
              4.085624,
              51.629312
            ],
            [
              4.085722,
              51.62933
            ],
            [
              4.0859,
              51.629368
            ],
            [
              4.086095,
              51.62942
            ],
            [
              4.086341,
              51.629475
            ],
            [
              4.086517,
              51.629524
            ],
            [
              4.086683,
              51.62957
            ],
            [
              4.08689,
              51.629643
            ],
            [
              4.087021,
              51.629696
            ],
            [
              4.087124,
              51.629742
            ],
            [
              4.088033,
              51.630162
            ],
            [
              4.088367,
              51.630294
            ],
            [
              4.089067,
              51.630513
            ],
            [
              4.089809,
              51.630701
            ],
            [
              4.089853,
              51.630705
            ],
            [
              4.089891,
              51.630689
            ],
            [
              4.089891,
              51.630659
            ],
            [
              4.08985,
              51.630601
            ],
            [
              4.088739,
              51.629356
            ],
            [
              4.088458,
              51.629089
            ],
            [
              4.088452,
              51.629071
            ],
            [
              4.087449,
              51.628428
            ],
            [
              4.086705,
              51.627597
            ],
            [
              4.085662,
              51.626729
            ],
            [
              4.085507,
              51.626613
            ],
            [
              4.085131,
              51.626333
            ],
            [
              4.084471,
              51.625796
            ],
            [
              4.08358,
              51.625185
            ],
            [
              4.082804,
              51.624586
            ],
            [
              4.082769,
              51.624557
            ],
            [
              4.082445,
              51.6244
            ],
            [
              4.081709,
              51.624098
            ],
            [
              4.080417,
              51.623469
            ],
            [
              4.079267,
              51.623106
            ],
            [
              4.077997,
              51.622459
            ],
            [
              4.0768,
              51.621933
            ],
            [
              4.076026,
              51.621483
            ],
            [
              4.074842,
              51.620776
            ],
            [
              4.07434,
              51.620491
            ],
            [
              4.074127,
              51.62036
            ],
            [
              4.073827,
              51.620174
            ],
            [
              4.073677,
              51.620039
            ],
            [
              4.073593,
              51.619869
            ],
            [
              4.07352,
              51.619674
            ],
            [
              4.073413,
              51.619509
            ],
            [
              4.073233,
              51.619355
            ],
            [
              4.073156,
              51.619312
            ],
            [
              4.07237,
              51.618875
            ],
            [
              4.072178,
              51.618754
            ],
            [
              4.071983,
              51.618618
            ],
            [
              4.071801,
              51.618466
            ],
            [
              4.071286,
              51.617968
            ],
            [
              4.071223,
              51.617876
            ],
            [
              4.071234,
              51.617857
            ],
            [
              4.071396,
              51.617822
            ],
            [
              4.071422,
              51.617805
            ],
            [
              4.07143,
              51.617787
            ],
            [
              4.071431,
              51.617771
            ],
            [
              4.071315,
              51.617686
            ],
            [
              4.071152,
              51.617596
            ],
            [
              4.070931,
              51.617484
            ],
            [
              4.070882,
              51.61746
            ],
            [
              4.070697,
              51.617369
            ],
            [
              4.070418,
              51.617248
            ],
            [
              4.070117,
              51.617131
            ],
            [
              4.069817,
              51.617015
            ],
            [
              4.069272,
              51.616827
            ],
            [
              4.068679,
              51.616655
            ],
            [
              4.068366,
              51.616568
            ],
            [
              4.067768,
              51.616391
            ],
            [
              4.066872,
              51.616092
            ],
            [
              4.066538,
              51.615984
            ],
            [
              4.066284,
              51.615886
            ],
            [
              4.065995,
              51.615767
            ],
            [
              4.065703,
              51.615649
            ],
            [
              4.065379,
              51.615542
            ],
            [
              4.065106,
              51.615484
            ],
            [
              4.064807,
              51.615433
            ],
            [
              4.064496,
              51.615386
            ],
            [
              4.064188,
              51.615344
            ],
            [
              4.063861,
              51.61529
            ],
            [
              4.063555,
              51.615231
            ],
            [
              4.063244,
              51.615157
            ],
            [
              4.062945,
              51.615079
            ],
            [
              4.062638,
              51.614998
            ],
            [
              4.062278,
              51.614887
            ],
            [
              4.061951,
              51.614785
            ],
            [
              4.061368,
              51.61463
            ],
            [
              4.060587,
              51.614455
            ],
            [
              4.060224,
              51.614376
            ],
            [
              4.059903,
              51.614288
            ],
            [
              4.059593,
              51.614196
            ],
            [
              4.059331,
              51.614102
            ],
            [
              4.059011,
              51.613977
            ],
            [
              4.058696,
              51.613851
            ],
            [
              4.058028,
              51.613623
            ],
            [
              4.056268,
              51.612942
            ],
            [
              4.055993,
              51.61283
            ],
            [
              4.055748,
              51.612697
            ],
            [
              4.054204,
              51.617271
            ],
            [
              4.052946,
              51.620995
            ],
            [
              4.048172,
              51.618273
            ],
            [
              4.046219,
              51.61718
            ],
            [
              4.046206,
              51.617173
            ],
            [
              4.044363,
              51.616312
            ],
            [
              4.044345,
              51.616304
            ],
            [
              4.04374,
              51.61575
            ],
            [
              4.040234,
              51.614094
            ],
            [
              4.03829,
              51.612967
            ],
            [
              4.035986,
              51.611581
            ],
            [
              4.034795,
              51.61084
            ],
            [
              4.033222,
              51.610385
            ],
            [
              4.032998,
              51.610257
            ],
            [
              4.032397,
              51.609666
            ],
            [
              4.031943,
              51.609425
            ],
            [
              4.031299,
              51.609183
            ],
            [
              4.031228,
              51.609169
            ],
            [
              4.03094,
              51.609154
            ],
            [
              4.029458,
              51.609109
            ],
            [
              4.029304,
              51.609131
            ],
            [
              4.029271,
              51.609157
            ],
            [
              4.029213,
              51.609253
            ],
            [
              4.029231,
              51.609538
            ],
            [
              4.029195,
              51.609591
            ],
            [
              4.029176,
              51.609617
            ],
            [
              4.029151,
              51.609628
            ],
            [
              4.029111,
              51.60962
            ],
            [
              4.028988,
              51.609558
            ],
            [
              4.028814,
              51.609456
            ],
            [
              4.028216,
              51.608907
            ],
            [
              4.027098,
              51.608392
            ],
            [
              4.026959,
              51.608322
            ],
            [
              4.026033,
              51.607957
            ],
            [
              4.025155,
              51.607611
            ],
            [
              4.02333,
              51.606892
            ],
            [
              4.02175,
              51.606813
            ],
            [
              4.020185,
              51.606555
            ],
            [
              4.020064,
              51.606549
            ],
            [
              4.019923,
              51.606562
            ],
            [
              4.019251,
              51.606663
            ],
            [
              4.018058,
              51.606915
            ],
            [
              4.016828,
              51.607049
            ],
            [
              4.015765,
              51.606943
            ],
            [
              4.014932,
              51.606859
            ],
            [
              4.013257,
              51.60724
            ],
            [
              4.011731,
              51.607378
            ],
            [
              4.00965,
              51.607844
            ],
            [
              4.008615,
              51.607919
            ],
            [
              4.007069,
              51.608048
            ],
            [
              4.006329,
              51.60811
            ],
            [
              4.005698,
              51.608154
            ],
            [
              4.005116,
              51.608214
            ],
            [
              4.004588,
              51.608286
            ],
            [
              4.004053,
              51.608352
            ],
            [
              4.003477,
              51.608428
            ],
            [
              4.002956,
              51.60853
            ],
            [
              4.002343,
              51.608698
            ],
            [
              4.001274,
              51.608897
            ],
            [
              4.000179,
              51.609021
            ],
            [
              3.999915,
              51.609039
            ],
            [
              3.99902,
              51.609041
            ],
            [
              3.998634,
              51.609078
            ],
            [
              3.998108,
              51.609189
            ],
            [
              3.997142,
              51.609498
            ],
            [
              3.996837,
              51.609613
            ],
            [
              3.996385,
              51.6098
            ],
            [
              3.995779,
              51.60998
            ],
            [
              3.995156,
              51.610101
            ],
            [
              3.994374,
              51.610239
            ],
            [
              3.992244,
              51.610496
            ],
            [
              3.990248,
              51.610689
            ],
            [
              3.989564,
              51.610805
            ],
            [
              3.9888,
              51.610932
            ],
            [
              3.987974,
              51.611119
            ],
            [
              3.987267,
              51.611277
            ],
            [
              3.986625,
              51.61145
            ],
            [
              3.986385,
              51.6115
            ],
            [
              3.986276,
              51.61156
            ],
            [
              3.986151,
              51.611671
            ],
            [
              3.986087,
              51.611787
            ],
            [
              3.986092,
              51.611868
            ],
            [
              3.986138,
              51.611934
            ],
            [
              3.986734,
              51.61204
            ],
            [
              3.986816,
              51.612083
            ],
            [
              3.986841,
              51.612131
            ],
            [
              3.986792,
              51.612196
            ],
            [
              3.986197,
              51.612531
            ],
            [
              3.986019,
              51.612581
            ],
            [
              3.983372,
              51.613198
            ],
            [
              3.982669,
              51.613341
            ],
            [
              3.981318,
              51.613578
            ],
            [
              3.98037,
              51.613709
            ],
            [
              3.980067,
              51.613734
            ],
            [
              3.97989,
              51.613735
            ],
            [
              3.979735,
              51.613738
            ],
            [
              3.979375,
              51.613713
            ],
            [
              3.979195,
              51.613684
            ],
            [
              3.979069,
              51.613654
            ],
            [
              3.978994,
              51.613622
            ],
            [
              3.978938,
              51.613547
            ],
            [
              3.978926,
              51.613455
            ],
            [
              3.978982,
              51.613356
            ],
            [
              3.979044,
              51.613314
            ],
            [
              3.979139,
              51.613283
            ],
            [
              3.979964,
              51.613144
            ],
            [
              3.980063,
              51.613086
            ],
            [
              3.980078,
              51.613048
            ],
            [
              3.980097,
              51.612994
            ],
            [
              3.980074,
              51.612938
            ],
            [
              3.980013,
              51.612886
            ],
            [
              3.979351,
              51.612811
            ],
            [
              3.978084,
              51.612697
            ],
            [
              3.976901,
              51.612705
            ],
            [
              3.975529,
              51.612744
            ],
            [
              3.973595,
              51.612773
            ],
            [
              3.970497,
              51.612727
            ],
            [
              3.969444,
              51.612703
            ],
            [
              3.96837,
              51.612672
            ],
            [
              3.968258,
              51.61268
            ],
            [
              3.968005,
              51.6127
            ],
            [
              3.967712,
              51.612743
            ],
            [
              3.965816,
              51.613481
            ],
            [
              3.965587,
              51.613533
            ],
            [
              3.965371,
              51.613554
            ],
            [
              3.961016,
              51.613882
            ],
            [
              3.960648,
              51.613888
            ],
            [
              3.960284,
              51.613872
            ],
            [
              3.959669,
              51.613813
            ],
            [
              3.959089,
              51.613749
            ],
            [
              3.958884,
              51.613745
            ],
            [
              3.958794,
              51.613745
            ],
            [
              3.958703,
              51.613751
            ],
            [
              3.958577,
              51.613763
            ],
            [
              3.958439,
              51.613796
            ],
            [
              3.958301,
              51.613824
            ],
            [
              3.958178,
              51.613854
            ],
            [
              3.958003,
              51.613941
            ],
            [
              3.957791,
              51.614066
            ],
            [
              3.957728,
              51.614103
            ],
            [
              3.957662,
              51.614176
            ],
            [
              3.956796,
              51.615138
            ],
            [
              3.956323,
              51.615634
            ],
            [
              3.956025,
              51.615901
            ],
            [
              3.955554,
              51.616105
            ],
            [
              3.954349,
              51.616627
            ],
            [
              3.953879,
              51.616859
            ],
            [
              3.951751,
              51.617946
            ],
            [
              3.950737,
              51.61843
            ],
            [
              3.948703,
              51.619189
            ],
            [
              3.948729,
              51.616022
            ],
            [
              3.948734,
              51.615292
            ],
            [
              3.924761,
              51.607861
            ],
            [
              3.900482,
              51.600329
            ],
            [
              3.890774,
              51.597315
            ],
            [
              3.879042,
              51.593671
            ],
            [
              3.878545,
              51.594036
            ],
            [
              3.877908,
              51.594476
            ],
            [
              3.877205,
              51.594947
            ],
            [
              3.876658,
              51.595287
            ],
            [
              3.87651,
              51.595422
            ],
            [
              3.876286,
              51.595655
            ],
            [
              3.876017,
              51.595974
            ],
            [
              3.875666,
              51.596278
            ],
            [
              3.87526,
              51.596559
            ],
            [
              3.874849,
              51.59681
            ],
            [
              3.874564,
              51.596919
            ],
            [
              3.874227,
              51.596965
            ],
            [
              3.873885,
              51.596941
            ],
            [
              3.873378,
              51.596868
            ],
            [
              3.87294,
              51.596814
            ],
            [
              3.872285,
              51.596741
            ],
            [
              3.871862,
              51.596777
            ],
            [
              3.871729,
              51.596807
            ],
            [
              3.871252,
              51.596914
            ],
            [
              3.870654,
              51.597056
            ],
            [
              3.870111,
              51.597184
            ],
            [
              3.868955,
              51.597454
            ],
            [
              3.867955,
              51.597706
            ],
            [
              3.867332,
              51.597931
            ],
            [
              3.866552,
              51.598288
            ],
            [
              3.865926,
              51.598596
            ],
            [
              3.86534,
              51.598906
            ],
            [
              3.864917,
              51.599178
            ],
            [
              3.8644,
              51.599554
            ],
            [
              3.863867,
              51.599903
            ],
            [
              3.863445,
              51.600148
            ],
            [
              3.862972,
              51.600387
            ],
            [
              3.862575,
              51.600511
            ],
            [
              3.861673,
              51.600759
            ],
            [
              3.860985,
              51.600947
            ],
            [
              3.860573,
              51.601095
            ],
            [
              3.860094,
              51.601308
            ],
            [
              3.859849,
              51.60141
            ],
            [
              3.859272,
              51.601651
            ],
            [
              3.85868,
              51.601901
            ],
            [
              3.858373,
              51.602019
            ],
            [
              3.857667,
              51.602222
            ],
            [
              3.857105,
              51.602409
            ],
            [
              3.856941,
              51.602463
            ],
            [
              3.85615,
              51.602738
            ],
            [
              3.855468,
              51.602984
            ],
            [
              3.854793,
              51.603237
            ],
            [
              3.853924,
              51.603575
            ],
            [
              3.853303,
              51.603818
            ],
            [
              3.852824,
              51.604012
            ],
            [
              3.852331,
              51.604231
            ],
            [
              3.851983,
              51.604396
            ],
            [
              3.851679,
              51.604545
            ],
            [
              3.851333,
              51.604775
            ],
            [
              3.850979,
              51.605007
            ],
            [
              3.850593,
              51.605254
            ],
            [
              3.850259,
              51.605455
            ],
            [
              3.849772,
              51.605679
            ],
            [
              3.849551,
              51.60577
            ],
            [
              3.849428,
              51.605821
            ],
            [
              3.849031,
              51.60594
            ],
            [
              3.848767,
              51.60598
            ],
            [
              3.848257,
              51.606014
            ],
            [
              3.84774,
              51.606035
            ],
            [
              3.847245,
              51.606068
            ],
            [
              3.846745,
              51.606098
            ],
            [
              3.846462,
              51.606158
            ],
            [
              3.84608,
              51.606264
            ],
            [
              3.84563,
              51.606344
            ],
            [
              3.845156,
              51.606397
            ],
            [
              3.8447,
              51.606417
            ],
            [
              3.844286,
              51.6064
            ],
            [
              3.843865,
              51.606349
            ],
            [
              3.843395,
              51.606256
            ],
            [
              3.842913,
              51.60618
            ],
            [
              3.842541,
              51.606163
            ],
            [
              3.842326,
              51.606153
            ],
            [
              3.841953,
              51.606183
            ],
            [
              3.841377,
              51.606264
            ],
            [
              3.840765,
              51.60634
            ],
            [
              3.840134,
              51.606436
            ],
            [
              3.839778,
              51.606509
            ],
            [
              3.83953,
              51.606603
            ],
            [
              3.839139,
              51.606749
            ],
            [
              3.838675,
              51.606927
            ],
            [
              3.838234,
              51.607068
            ],
            [
              3.83794,
              51.607119
            ],
            [
              3.837623,
              51.607109
            ],
            [
              3.837119,
              51.607056
            ],
            [
              3.836386,
              51.606958
            ],
            [
              3.835558,
              51.606872
            ],
            [
              3.835215,
              51.606868
            ],
            [
              3.834674,
              51.606875
            ],
            [
              3.833832,
              51.606904
            ],
            [
              3.833113,
              51.606931
            ],
            [
              3.832347,
              51.606949
            ],
            [
              3.831633,
              51.606941
            ],
            [
              3.830789,
              51.606918
            ],
            [
              3.829992,
              51.606898
            ],
            [
              3.829032,
              51.60688
            ],
            [
              3.828567,
              51.606861
            ],
            [
              3.828277,
              51.606898
            ],
            [
              3.827588,
              51.606993
            ],
            [
              3.826958,
              51.60706
            ],
            [
              3.826423,
              51.607106
            ],
            [
              3.826061,
              51.607122
            ],
            [
              3.825574,
              51.607114
            ],
            [
              3.825117,
              51.607091
            ],
            [
              3.824485,
              51.607075
            ],
            [
              3.823887,
              51.607056
            ],
            [
              3.823345,
              51.607052
            ],
            [
              3.822832,
              51.60708
            ],
            [
              3.822267,
              51.607132
            ],
            [
              3.821706,
              51.607182
            ],
            [
              3.821103,
              51.607215
            ],
            [
              3.820727,
              51.607222
            ],
            [
              3.820078,
              51.607208
            ],
            [
              3.819331,
              51.607201
            ],
            [
              3.818807,
              51.607204
            ],
            [
              3.818402,
              51.607235
            ],
            [
              3.817895,
              51.607299
            ],
            [
              3.817149,
              51.607371
            ],
            [
              3.816494,
              51.607438
            ],
            [
              3.815926,
              51.607467
            ],
            [
              3.815449,
              51.607487
            ],
            [
              3.814799,
              51.607504
            ],
            [
              3.814099,
              51.607489
            ],
            [
              3.81362,
              51.607466
            ],
            [
              3.813403,
              51.607456
            ],
            [
              3.8127,
              51.607425
            ],
            [
              3.811944,
              51.607363
            ],
            [
              3.811167,
              51.607293
            ],
            [
              3.810454,
              51.607222
            ],
            [
              3.809709,
              51.607157
            ],
            [
              3.809276,
              51.607138
            ],
            [
              3.808473,
              51.607095
            ],
            [
              3.807806,
              51.607058
            ],
            [
              3.807288,
              51.607003
            ],
            [
              3.806846,
              51.606928
            ],
            [
              3.806333,
              51.606836
            ],
            [
              3.805914,
              51.606739
            ],
            [
              3.805369,
              51.606629
            ],
            [
              3.804847,
              51.606583
            ],
            [
              3.804205,
              51.606551
            ],
            [
              3.803592,
              51.606539
            ],
            [
              3.803021,
              51.606552
            ],
            [
              3.80236,
              51.606578
            ],
            [
              3.80168,
              51.60662
            ],
            [
              3.801134,
              51.606643
            ],
            [
              3.80081,
              51.606607
            ],
            [
              3.800211,
              51.606497
            ],
            [
              3.799663,
              51.60636
            ],
            [
              3.799159,
              51.60621
            ],
            [
              3.798612,
              51.606013
            ],
            [
              3.798113,
              51.605827
            ],
            [
              3.797603,
              51.605628
            ],
            [
              3.797054,
              51.605406
            ],
            [
              3.796553,
              51.605245
            ],
            [
              3.796156,
              51.605153
            ],
            [
              3.795493,
              51.605047
            ],
            [
              3.795488,
              51.605046
            ],
            [
              3.795164,
              51.605008
            ],
            [
              3.79478,
              51.604965
            ],
            [
              3.794338,
              51.604875
            ],
            [
              3.793888,
              51.604779
            ],
            [
              3.793266,
              51.604623
            ],
            [
              3.792403,
              51.60437
            ],
            [
              3.791599,
              51.60411
            ],
            [
              3.790661,
              51.603831
            ],
            [
              3.790167,
              51.603733
            ],
            [
              3.789564,
              51.60366
            ],
            [
              3.789028,
              51.603602
            ],
            [
              3.788525,
              51.603559
            ],
            [
              3.787849,
              51.603499
            ],
            [
              3.787134,
              51.603424
            ],
            [
              3.786753,
              51.603366
            ],
            [
              3.786478,
              51.603294
            ],
            [
              3.785957,
              51.603168
            ],
            [
              3.785546,
              51.60308
            ],
            [
              3.784903,
              51.602969
            ],
            [
              3.784897,
              51.602968
            ],
            [
              3.784308,
              51.602884
            ],
            [
              3.783436,
              51.602764
            ],
            [
              3.782812,
              51.602679
            ],
            [
              3.782001,
              51.602564
            ],
            [
              3.78104,
              51.60242
            ],
            [
              3.780269,
              51.602288
            ],
            [
              3.779448,
              51.602155
            ],
            [
              3.778749,
              51.602056
            ],
            [
              3.778274,
              51.602005
            ],
            [
              3.777759,
              51.60199
            ],
            [
              3.777125,
              51.601957
            ],
            [
              3.776317,
              51.601934
            ],
            [
              3.775888,
              51.601853
            ],
            [
              3.775471,
              51.601726
            ],
            [
              3.775119,
              51.601606
            ],
            [
              3.774687,
              51.601477
            ],
            [
              3.774279,
              51.601414
            ],
            [
              3.77389,
              51.601394
            ],
            [
              3.773169,
              51.601373
            ],
            [
              3.772426,
              51.601356
            ],
            [
              3.771965,
              51.601326
            ],
            [
              3.771625,
              51.601266
            ],
            [
              3.771165,
              51.601155
            ],
            [
              3.771164,
              51.601155
            ],
            [
              3.770492,
              51.600997
            ],
            [
              3.769851,
              51.60087
            ],
            [
              3.769431,
              51.60082
            ],
            [
              3.768857,
              51.600817
            ],
            [
              3.768042,
              51.600797
            ],
            [
              3.767206,
              51.600762
            ],
            [
              3.766493,
              51.600728
            ],
            [
              3.765669,
              51.600669
            ],
            [
              3.764759,
              51.600599
            ],
            [
              3.763701,
              51.60051
            ],
            [
              3.762892,
              51.600435
            ],
            [
              3.762246,
              51.600355
            ],
            [
              3.761741,
              51.600272
            ],
            [
              3.761121,
              51.600167
            ],
            [
              3.760736,
              51.600129
            ],
            [
              3.760156,
              51.600101
            ],
            [
              3.759277,
              51.600059
            ],
            [
              3.758531,
              51.600049
            ],
            [
              3.757754,
              51.600049
            ],
            [
              3.756902,
              51.600075
            ],
            [
              3.756133,
              51.600103
            ],
            [
              3.755976,
              51.600109
            ],
            [
              3.755783,
              51.600101
            ],
            [
              3.755446,
              51.600086
            ],
            [
              3.754719,
              51.600038
            ],
            [
              3.75399,
              51.600046
            ],
            [
              3.753494,
              51.600069
            ],
            [
              3.75282,
              51.600134
            ],
            [
              3.752104,
              51.600171
            ],
            [
              3.751488,
              51.600133
            ],
            [
              3.751017,
              51.600083
            ],
            [
              3.750534,
              51.599998
            ],
            [
              3.750071,
              51.599927
            ],
            [
              3.74955,
              51.599869
            ],
            [
              3.749065,
              51.599822
            ],
            [
              3.748248,
              51.599761
            ],
            [
              3.747586,
              51.599716
            ],
            [
              3.747128,
              51.599702
            ],
            [
              3.746249,
              51.599673
            ],
            [
              3.745709,
              51.599626
            ],
            [
              3.745091,
              51.599563
            ],
            [
              3.744817,
              51.599476
            ],
            [
              3.744602,
              51.599353
            ],
            [
              3.744443,
              51.599209
            ],
            [
              3.744253,
              51.599003
            ],
            [
              3.743999,
              51.598695
            ],
            [
              3.743793,
              51.598541
            ],
            [
              3.743532,
              51.598415
            ],
            [
              3.743336,
              51.598347
            ],
            [
              3.743161,
              51.598303
            ],
            [
              3.742815,
              51.598286
            ],
            [
              3.741756,
              51.598252
            ],
            [
              3.740772,
              51.598217
            ],
            [
              3.739915,
              51.598169
            ],
            [
              3.73936,
              51.598141
            ],
            [
              3.739317,
              51.598138
            ],
            [
              3.73843,
              51.59805
            ],
            [
              3.738138,
              51.598022
            ],
            [
              3.737681,
              51.597974
            ],
            [
              3.737234,
              51.597927
            ],
            [
              3.737089,
              51.597911
            ],
            [
              3.736144,
              51.597821
            ],
            [
              3.73533,
              51.597764
            ],
            [
              3.734672,
              51.597719
            ],
            [
              3.734499,
              51.59771
            ],
            [
              3.733644,
              51.597664
            ],
            [
              3.733267,
              51.597643
            ],
            [
              3.732259,
              51.597592
            ],
            [
              3.731355,
              51.597559
            ],
            [
              3.730873,
              51.597503
            ],
            [
              3.730158,
              51.597442
            ],
            [
              3.729624,
              51.597423
            ],
            [
              3.729169,
              51.597431
            ],
            [
              3.728533,
              51.597463
            ],
            [
              3.727689,
              51.597511
            ],
            [
              3.727355,
              51.59753
            ],
            [
              3.727034,
              51.597547
            ],
            [
              3.726576,
              51.597537
            ],
            [
              3.726069,
              51.597504
            ],
            [
              3.724987,
              51.597393
            ],
            [
              3.724031,
              51.59732
            ],
            [
              3.723188,
              51.597281
            ],
            [
              3.722538,
              51.597288
            ],
            [
              3.721921,
              51.597358
            ],
            [
              3.721169,
              51.597455
            ],
            [
              3.720298,
              51.597563
            ],
            [
              3.719195,
              51.597702
            ],
            [
              3.718465,
              51.59779
            ],
            [
              3.717473,
              51.597872
            ],
            [
              3.716599,
              51.597965
            ],
            [
              3.715692,
              51.598064
            ],
            [
              3.715039,
              51.598144
            ],
            [
              3.713624,
              51.598306
            ],
            [
              3.712517,
              51.598442
            ],
            [
              3.711947,
              51.5985
            ],
            [
              3.711419,
              51.598526
            ],
            [
              3.710634,
              51.598558
            ],
            [
              3.709879,
              51.598578
            ],
            [
              3.709252,
              51.598565
            ],
            [
              3.708734,
              51.598608
            ],
            [
              3.707962,
              51.598726
            ],
            [
              3.712046,
              51.603881
            ],
            [
              3.712377,
              51.604298
            ],
            [
              3.719253,
              51.612974
            ],
            [
              3.726457,
              51.62206
            ],
            [
              3.726678,
              51.622339
            ],
            [
              3.748107,
              51.649343
            ],
            [
              3.748886,
              51.650323
            ],
            [
              3.72542,
              51.650329
            ],
            [
              3.696516,
              51.650337
            ],
            [
              3.69507,
              51.650338
            ],
            [
              3.681798,
              51.650343
            ],
            [
              3.667611,
              51.650348
            ],
            [
              3.660385,
              51.65035
            ],
            [
              3.638706,
              51.650355
            ],
            [
              3.611341,
              51.650363
            ]
          ]
        ]
      },
      "properties": {
        "type": "boundary",
        "gemeente": "Schouwen-Duiveland"
      }
    }
  ]
}