{
  "type": "FeatureCollection",
  "metadata": {
    "gemeente": "Zutphen",
    "slug": "zutphen",
    "generated_at": "2026-01-09T19:29:34.041448Z",
    "total_points": 48,
    "providers": [
      "Amazon",
      "DeBuren",
      "DHL",
      "DPD",
      "PostNL",
      "VintedGo"
    ],
    "bounds": [
      6.18115726261871,
      52.1192534187865,
      6.244303779,
      52.157577
    ]
  },
  "features": [
    {
      "type": "Feature",
      "geometry": {
        "type": "Point",
        "coordinates": [
          6.18115726261871,
          52.1433827073063
        ]
      },
      "properties": {
        "type": "pakketpunt",
        "locatieNaam": "Apotheek Zutphen Locatie De Hoven",
        "straatNaam": "Schoolstraat 2",
        "straatNr": "",
        "vervoerder": "Amazon",
        "puntType": "3p",
        "bezettingsgraad": 51,
        "latitude": 52.1433827073063,
        "longitude": 6.18115726261871
      }
    },
    {
      "type": "Feature",
      "geometry": {
        "type": "Point",
        "coordinates": [
          6.22467873221353,
          52.1192534187865
        ]
      },
      "properties": {
        "type": "pakketpunt",
        "locatieNaam": "Opalstore",
        "straatNaam": "Holtmede 23 A",
        "straatNr": "",
        "vervoerder": "Amazon",
        "puntType": "3p",
        "bezettingsgraad": 91,
        "latitude": 52.1192534187865,
        "longitude": 6.22467873221353
      }
    },
    {
      "type": "Feature",
      "geometry": {
        "type": "Point",
        "coordinates": [
          6.19559918601282,
          52.1510774574855
        ]
      },
      "properties": {
        "type": "pakketpunt",
        "locatieNaam": "Voordeelmarkt Zutphen",
        "straatNaam": "Gerritsenweg 2",
        "straatNr": "",
        "vervoerder": "Amazon",
        "puntType": "3p",
        "bezettingsgraad": 12,
        "latitude": 52.1510774574855,
        "longitude": 6.19559918601282
      }
    },
    {
      "type": "Feature",
      "geometry": {
        "type": "Point",
        "coordinates": [
          6.212377311,
          52.12361865
        ]
      },
      "properties": {
        "type": "pakketpunt",
        "locatieNaam": "KARWEI Zutphen",
        "straatNaam": "De Stoven 47",
        "straatNr": "",
        "vervoerder": "Amazon",
        "puntType": "3p",
        "bezettingsgraad": 34,
        "latitude": 52.12361865,
        "longitude": 6.212377311
      }
    },
    {
      "type": "Feature",
      "geometry": {
        "type": "Point",
        "coordinates": [
          6.199638713,
          52.15224514
        ]
      },
      "properties": {
        "type": "pakketpunt",
        "locatieNaam": "GAMMA Zutphen",
        "straatNaam": "Pollaan 50 F",
        "straatNr": "",
        "vervoerder": "Amazon",
        "puntType": "3p",
        "bezettingsgraad": 65,
        "latitude": 52.15224514,
        "longitude": 6.199638713
      }
    },
    {
      "type": "Feature",
      "geometry": {
        "type": "Point",
        "coordinates": [
          6.20557286487803,
          52.1324117739148
        ]
      },
      "properties": {
        "type": "pakketpunt",
        "locatieNaam": "iFixiteasy.nl",
        "straatNaam": "Troelstralaan 37",
        "straatNr": "",
        "vervoerder": "Amazon",
        "puntType": "3p",
        "bezettingsgraad": 97,
        "latitude": 52.1324117739148,
        "longitude": 6.20557286487803
      }
    },
    {
      "type": "Feature",
      "geometry": {
        "type": "Point",
        "coordinates": [
          6.19866854746278,
          52.1559460236026
        ]
      },
      "properties": {
        "type": "pakketpunt",
        "locatieNaam": "ShipToShop",
        "straatNaam": "Litauensestraat 23",
        "straatNr": "",
        "vervoerder": "Amazon",
        "puntType": "3p",
        "bezettingsgraad": 42,
        "latitude": 52.1559460236026,
        "longitude": 6.19866854746278
      }
    },
    {
      "type": "Feature",
      "geometry": {
        "type": "Point",
        "coordinates": [
          6.198734233,
          52.1250077
        ]
      },
      "properties": {
        "type": "pakketpunt",
        "locatieNaam": "ReadShop De Brink",
        "straatNaam": "De Brink 102",
        "straatNr": "",
        "vervoerder": "Amazon",
        "puntType": "3p",
        "bezettingsgraad": 89,
        "latitude": 52.1250077,
        "longitude": 6.198734233
      }
    },
    {
      "type": "Feature",
      "geometry": {
        "type": "Point",
        "coordinates": [
          6.20173,
          52.141121
        ]
      },
      "properties": {
        "type": "pakketpunt",
        "locatieNaam": "Zutphen | Laarstraat | Fixxar",
        "straatNaam": "Laarstraat ",
        "straatNr": "54",
        "vervoerder": "DeBuren",
        "puntType": "Afhaalpunt",
        "bezettingsgraad": 88,
        "latitude": 52.141121,
        "longitude": 6.20173
      }
    },
    {
      "type": "Feature",
      "geometry": {
        "type": "Point",
        "coordinates": [
          6.244154930114746,
          52.12761306762695
        ]
      },
      "properties": {
        "type": "pakketpunt",
        "locatieNaam": "Pakketautomaat Jumbo Zutphen",
        "straatNaam": "Rudolf Steinerlaan",
        "straatNr": "47-PS/57",
        "vervoerder": "DHL",
        "puntType": "packStation",
        "bezettingsgraad": 45,
        "latitude": 52.12761306762695,
        "longitude": 6.244154930114746
      }
    },
    {
      "type": "Feature",
      "geometry": {
        "type": "Point",
        "coordinates": [
          6.235479,
          52.126546
        ]
      },
      "properties": {
        "type": "pakketpunt",
        "locatieNaam": "Hubo XL Zutphen",
        "straatNaam": "Leestenseweg",
        "straatNr": "10",
        "vervoerder": "DHL",
        "puntType": "parcelShop",
        "bezettingsgraad": 57,
        "latitude": 52.126546,
        "longitude": 6.235479
      }
    },
    {
      "type": "Feature",
      "geometry": {
        "type": "Point",
        "coordinates": [
          6.1927842,
          52.1474498
        ]
      },
      "properties": {
        "type": "pakketpunt",
        "locatieNaam": "Lederexpert",
        "straatNaam": "Dreef",
        "straatNr": "233",
        "vervoerder": "DHL",
        "puntType": "parcelShop",
        "bezettingsgraad": 86,
        "latitude": 52.1474498,
        "longitude": 6.1927842
      }
    },
    {
      "type": "Feature",
      "geometry": {
        "type": "Point",
        "coordinates": [
          6.1964585,
          52.1447216
        ]
      },
      "properties": {
        "type": "pakketpunt",
        "locatieNaam": "Expert Eliesen Zutphen",
        "straatNaam": "Stationsplein",
        "straatNr": "25",
        "vervoerder": "DHL",
        "puntType": "parcelShop",
        "bezettingsgraad": 22,
        "latitude": 52.1447216,
        "longitude": 6.1964585
      }
    },
    {
      "type": "Feature",
      "geometry": {
        "type": "Point",
        "coordinates": [
          6.196501,
          52.142384
        ]
      },
      "properties": {
        "type": "pakketpunt",
        "locatieNaam": "Jeans Centre Zutphen",
        "straatNaam": "Beukerstraat",
        "straatNr": "7",
        "vervoerder": "DHL",
        "puntType": "parcelShop",
        "bezettingsgraad": 66,
        "latitude": 52.142384,
        "longitude": 6.196501
      }
    },
    {
      "type": "Feature",
      "geometry": {
        "type": "Point",
        "coordinates": [
          6.201465,
          52.152832
        ]
      },
      "properties": {
        "type": "pakketpunt",
        "locatieNaam": "Pakketautomaat Praxis Zutphen",
        "straatNaam": "Pollaan",
        "straatNr": "50-PS/165",
        "vervoerder": "DHL",
        "puntType": "packStation",
        "bezettingsgraad": 9,
        "latitude": 52.152832,
        "longitude": 6.201465
      }
    },
    {
      "type": "Feature",
      "geometry": {
        "type": "Point",
        "coordinates": [
          6.1992389,
          52.1410432
        ]
      },
      "properties": {
        "type": "pakketpunt",
        "locatieNaam": "Intertoys Zutphen",
        "straatNaam": "Beukerstraat",
        "straatNr": "93",
        "vervoerder": "DHL",
        "puntType": "parcelShop",
        "bezettingsgraad": 49,
        "latitude": 52.1410432,
        "longitude": 6.1992389
      }
    },
    {
      "type": "Feature",
      "geometry": {
        "type": "Point",
        "coordinates": [
          6.2031753,
          52.1575769
        ]
      },
      "properties": {
        "type": "pakketpunt",
        "locatieNaam": "DHL Pakketpunt Zutphen",
        "straatNaam": "Noorsestraat",
        "straatNr": "7",
        "vervoerder": "DHL",
        "puntType": "parcelShop",
        "bezettingsgraad": 95,
        "latitude": 52.1575769,
        "longitude": 6.2031753
      }
    },
    {
      "type": "Feature",
      "geometry": {
        "type": "Point",
        "coordinates": [
          6.201799595336243,
          52.141435906023105
        ]
      },
      "properties": {
        "type": "pakketpunt",
        "locatieNaam": "Pakketautomaat Laarstraat",
        "straatNaam": "Laarstraat",
        "straatNr": "54-DB/62",
        "vervoerder": "DHL",
        "puntType": "packStation",
        "bezettingsgraad": 1,
        "latitude": 52.141435906023105,
        "longitude": 6.201799595336243
      }
    },
    {
      "type": "Feature",
      "geometry": {
        "type": "Point",
        "coordinates": [
          6.202813625335693,
          52.13642501831055
        ]
      },
      "properties": {
        "type": "pakketpunt",
        "locatieNaam": "Pakketautomaat Lidl Zutphen",
        "straatNaam": "Emmerikseweg",
        "straatNr": "7-PS/58",
        "vervoerder": "DHL",
        "puntType": "packStation",
        "bezettingsgraad": 41,
        "latitude": 52.13642501831055,
        "longitude": 6.202813625335693
      }
    },
    {
      "type": "Feature",
      "geometry": {
        "type": "Point",
        "coordinates": [
          6.205292224884033,
          52.13230895996094
        ]
      },
      "properties": {
        "type": "pakketpunt",
        "locatieNaam": "Intra-ICT",
        "straatNaam": "Troelstralaan",
        "straatNr": "35",
        "vervoerder": "DHL",
        "puntType": "parcelShop",
        "bezettingsgraad": 41,
        "latitude": 52.13230895996094,
        "longitude": 6.205292224884033
      }
    },
    {
      "type": "Feature",
      "geometry": {
        "type": "Point",
        "coordinates": [
          6.2160256,
          52.1301804
        ]
      },
      "properties": {
        "type": "pakketpunt",
        "locatieNaam": "Pakketautomaat MHC Zutphen",
        "straatNaam": "Jelle Zijlstrapad",
        "straatNr": "1-HC/149",
        "vervoerder": "DHL",
        "puntType": "packStation",
        "bezettingsgraad": 73,
        "latitude": 52.1301804,
        "longitude": 6.2160256
      }
    },
    {
      "type": "Feature",
      "geometry": {
        "type": "Point",
        "coordinates": [
          6.21239,
          52.12394
        ]
      },
      "properties": {
        "type": "pakketpunt",
        "locatieNaam": "Pakketautomaat Karwei Zutphen",
        "straatNaam": "De Stoven",
        "straatNr": "47-PS/108",
        "vervoerder": "DHL",
        "puntType": "packStation",
        "bezettingsgraad": 97,
        "latitude": 52.12394,
        "longitude": 6.21239
      }
    },
    {
      "type": "Feature",
      "geometry": {
        "type": "Point",
        "coordinates": [
          6.234837,
          52.126669
        ]
      },
      "properties": {
        "type": "pakketpunt",
        "locatieNaam": "Hubo Xl Zutphen",
        "straatNaam": "LEESTENSEWEG",
        "straatNr": "10",
        "vervoerder": "DPD",
        "puntType": "pickup_point",
        "bezettingsgraad": 95,
        "latitude": 52.126669,
        "longitude": 6.234837
      }
    },
    {
      "type": "Feature",
      "geometry": {
        "type": "Point",
        "coordinates": [
          6.20173,
          52.141121
        ]
      },
      "properties": {
        "type": "pakketpunt",
        "locatieNaam": "Pakketautomaat - De Buren - Fixxar",
        "straatNaam": "LAARSTRAAT",
        "straatNr": "54",
        "vervoerder": "DPD",
        "puntType": "dpd_box",
        "bezettingsgraad": 31,
        "latitude": 52.141121,
        "longitude": 6.20173
      }
    },
    {
      "type": "Feature",
      "geometry": {
        "type": "Point",
        "coordinates": [
          6.2242317,
          52.1194371
        ]
      },
      "properties": {
        "type": "pakketpunt",
        "locatieNaam": "Business Point - Opalstore",
        "straatNaam": "HOLTMEDE",
        "straatNr": "23",
        "vervoerder": "DPD",
        "puntType": "pickup_point",
        "bezettingsgraad": 95,
        "latitude": 52.1194371,
        "longitude": 6.2242317
      }
    },
    {
      "type": "Feature",
      "geometry": {
        "type": "Point",
        "coordinates": [
          6.203175,
          52.157577
        ]
      },
      "properties": {
        "type": "pakketpunt",
        "locatieNaam": "Johannes Distributie B.V.",
        "straatNaam": "NOORSESTRAAT",
        "straatNr": "7",
        "vervoerder": "DPD",
        "puntType": "pickup_point",
        "bezettingsgraad": 26,
        "latitude": 52.157577,
        "longitude": 6.203175
      }
    },
    {
      "type": "Feature",
      "geometry": {
        "type": "Point",
        "coordinates": [
          6.1936591,
          52.1486073
        ]
      },
      "properties": {
        "type": "pakketpunt",
        "locatieNaam": "Business Point - Velpa B.V.",
        "straatNaam": "HERMESWEG",
        "straatNr": "12",
        "vervoerder": "DPD",
        "puntType": "pickup_point",
        "bezettingsgraad": 24,
        "latitude": 52.1486073,
        "longitude": 6.1936591
      }
    },
    {
      "type": "Feature",
      "geometry": {
        "type": "Point",
        "coordinates": [
          6.2139313,
          52.1279648
        ]
      },
      "properties": {
        "type": "pakketpunt",
        "locatieNaam": "DPD Pakketautomaat - ZVV Be Quick",
        "straatNaam": "LAAN NAAR EME",
        "straatNr": "97",
        "vervoerder": "DPD",
        "puntType": "dpd_box",
        "bezettingsgraad": 86,
        "latitude": 52.1279648,
        "longitude": 6.2139313
      }
    },
    {
      "type": "Feature",
      "geometry": {
        "type": "Point",
        "coordinates": [
          6.2274789,
          52.1448257
        ]
      },
      "properties": {
        "type": "pakketpunt",
        "locatieNaam": "Kringloop Brocanterie De Distel",
        "straatNaam": "RIJKSSTRAATWEG",
        "straatNr": "89",
        "vervoerder": "DPD",
        "puntType": "pickup_point",
        "bezettingsgraad": 64,
        "latitude": 52.1448257,
        "longitude": 6.2274789
      }
    },
    {
      "type": "Feature",
      "geometry": {
        "type": "Point",
        "coordinates": [
          6.235200291,
          52.12662059
        ]
      },
      "properties": {
        "type": "pakketpunt",
        "locatieNaam": "Pakket- en briefautomaat",
        "straatNaam": "Leestenseweg",
        "straatNr": "10",
        "vervoerder": "PostNL",
        "puntType": "",
        "bezettingsgraad": 16,
        "latitude": 52.12662059,
        "longitude": 6.235200291
      }
    },
    {
      "type": "Feature",
      "geometry": {
        "type": "Point",
        "coordinates": [
          6.229723693,
          52.13435392
        ]
      },
      "properties": {
        "type": "pakketpunt",
        "locatieNaam": "The Read Shop Express",
        "straatNaam": "Dreiumme",
        "straatNr": "55",
        "vervoerder": "PostNL",
        "puntType": "",
        "bezettingsgraad": 14,
        "latitude": 52.13435392,
        "longitude": 6.229723693
      }
    },
    {
      "type": "Feature",
      "geometry": {
        "type": "Point",
        "coordinates": [
          6.244303779,
          52.12613229
        ]
      },
      "properties": {
        "type": "pakketpunt",
        "locatieNaam": "Primera Leesten",
        "straatNaam": "Rudolf Steinerlaan",
        "straatNr": "51",
        "vervoerder": "PostNL",
        "puntType": "",
        "bezettingsgraad": 11,
        "latitude": 52.12613229,
        "longitude": 6.244303779
      }
    },
    {
      "type": "Feature",
      "geometry": {
        "type": "Point",
        "coordinates": [
          6.22467873221353,
          52.1192534187865
        ]
      },
      "properties": {
        "type": "pakketpunt",
        "locatieNaam": "Opalstore",
        "straatNaam": "Holtmede",
        "straatNr": "23",
        "vervoerder": "PostNL",
        "puntType": "",
        "bezettingsgraad": 15,
        "latitude": 52.1192534187865,
        "longitude": 6.22467873221353
      }
    },
    {
      "type": "Feature",
      "geometry": {
        "type": "Point",
        "coordinates": [
          6.212377311,
          52.12361865
        ]
      },
      "properties": {
        "type": "pakketpunt",
        "locatieNaam": "Pakket- en briefautomaat",
        "straatNaam": "De Stoven",
        "straatNr": "47",
        "vervoerder": "PostNL",
        "puntType": "",
        "bezettingsgraad": 19,
        "latitude": 52.12361865,
        "longitude": 6.212377311
      }
    },
    {
      "type": "Feature",
      "geometry": {
        "type": "Point",
        "coordinates": [
          6.212377311,
          52.12361865
        ]
      },
      "properties": {
        "type": "pakketpunt",
        "locatieNaam": "KARWEI Zutphen",
        "straatNaam": "De Stoven",
        "straatNr": "47",
        "vervoerder": "PostNL",
        "puntType": "",
        "bezettingsgraad": 86,
        "latitude": 52.12361865,
        "longitude": 6.212377311
      }
    },
    {
      "type": "Feature",
      "geometry": {
        "type": "Point",
        "coordinates": [
          6.20557286487803,
          52.1324117739148
        ]
      },
      "properties": {
        "type": "pakketpunt",
        "locatieNaam": "iFixiteasy.nl",
        "straatNaam": "Troelstralaan",
        "straatNr": "37",
        "vervoerder": "PostNL",
        "puntType": "",
        "bezettingsgraad": 95,
        "latitude": 52.1324117739148,
        "longitude": 6.20557286487803
      }
    },
    {
      "type": "Feature",
      "geometry": {
        "type": "Point",
        "coordinates": [
          6.20455507193389,
          52.1334614845581
        ]
      },
      "properties": {
        "type": "pakketpunt",
        "locatieNaam": "Pakketautomaat",
        "straatNaam": "Ruys de Beerenbrouckstraat",
        "straatNr": "14",
        "vervoerder": "PostNL",
        "puntType": "",
        "bezettingsgraad": 43,
        "latitude": 52.1334614845581,
        "longitude": 6.20455507193389
      }
    },
    {
      "type": "Feature",
      "geometry": {
        "type": "Point",
        "coordinates": [
          6.198734233,
          52.1250077
        ]
      },
      "properties": {
        "type": "pakketpunt",
        "locatieNaam": "ReadShop De Brink",
        "straatNaam": "De Brink",
        "straatNr": "102",
        "vervoerder": "PostNL",
        "puntType": "",
        "bezettingsgraad": 39,
        "latitude": 52.1250077,
        "longitude": 6.198734233
      }
    },
    {
      "type": "Feature",
      "geometry": {
        "type": "Point",
        "coordinates": [
          6.21181198193406,
          52.1499405291885
        ]
      },
      "properties": {
        "type": "pakketpunt",
        "locatieNaam": "Pakketautomaat",
        "straatNaam": "Weg naar Laren",
        "straatNr": "126",
        "vervoerder": "PostNL",
        "puntType": "",
        "bezettingsgraad": 3,
        "latitude": 52.1499405291885,
        "longitude": 6.21181198193406
      }
    },
    {
      "type": "Feature",
      "geometry": {
        "type": "Point",
        "coordinates": [
          6.195010847,
          52.1419853
        ]
      },
      "properties": {
        "type": "pakketpunt",
        "locatieNaam": "Primera Zutphen",
        "straatNaam": "Korte Hofstraat",
        "straatNr": "7",
        "vervoerder": "PostNL",
        "puntType": "",
        "bezettingsgraad": 74,
        "latitude": 52.1419853,
        "longitude": 6.195010847
      }
    },
    {
      "type": "Feature",
      "geometry": {
        "type": "Point",
        "coordinates": [
          6.195168213,
          52.14422232
        ]
      },
      "properties": {
        "type": "pakketpunt",
        "locatieNaam": "Spar Zutphen",
        "straatNaam": "Stationsplein",
        "straatNr": "39",
        "vervoerder": "PostNL",
        "puntType": "",
        "bezettingsgraad": 59,
        "latitude": 52.14422232,
        "longitude": 6.195168213
      }
    },
    {
      "type": "Feature",
      "geometry": {
        "type": "Point",
        "coordinates": [
          6.199638713,
          52.15224514
        ]
      },
      "properties": {
        "type": "pakketpunt",
        "locatieNaam": "GAMMA Zutphen",
        "straatNaam": "Pollaan",
        "straatNr": "50",
        "vervoerder": "PostNL",
        "puntType": "",
        "bezettingsgraad": 2,
        "latitude": 52.15224514,
        "longitude": 6.199638713
      }
    },
    {
      "type": "Feature",
      "geometry": {
        "type": "Point",
        "coordinates": [
          6.19559918601282,
          52.1510774574855
        ]
      },
      "properties": {
        "type": "pakketpunt",
        "locatieNaam": "Voordeelmarkt Zutphen",
        "straatNaam": "Gerritsenweg",
        "straatNr": "2",
        "vervoerder": "PostNL",
        "puntType": "",
        "bezettingsgraad": 95,
        "latitude": 52.1510774574855,
        "longitude": 6.19559918601282
      }
    },
    {
      "type": "Feature",
      "geometry": {
        "type": "Point",
        "coordinates": [
          6.19866854746278,
          52.1559460236026
        ]
      },
      "properties": {
        "type": "pakketpunt",
        "locatieNaam": "ShipToShop",
        "straatNaam": "Litauensestraat",
        "straatNr": "23",
        "vervoerder": "PostNL",
        "puntType": "",
        "bezettingsgraad": 16,
        "latitude": 52.1559460236026,
        "longitude": 6.19866854746278
      }
    },
    {
      "type": "Feature",
      "geometry": {
        "type": "Point",
        "coordinates": [
          6.18115726261871,
          52.1433827073063
        ]
      },
      "properties": {
        "type": "pakketpunt",
        "locatieNaam": "Apotheek Zutphen Locatie De Hoven",
        "straatNaam": "Schoolstraat",
        "straatNr": "2",
        "vervoerder": "PostNL",
        "puntType": "",
        "bezettingsgraad": 82,
        "latitude": 52.1433827073063,
        "longitude": 6.18115726261871
      }
    },
    {
      "type": "Feature",
      "geometry": {
        "type": "Point",
        "coordinates": [
          6.2352,
          52.12662
        ]
      },
      "properties": {
        "type": "pakketpunt",
        "locatieNaam": "Hubo XL zutphen",
        "straatNaam": "Leestenseweg 10",
        "straatNr": "",
        "vervoerder": "VintedGo",
        "puntType": "parcel_shop",
        "bezettingsgraad": 60,
        "latitude": 52.12662,
        "longitude": 6.2352
      }
    },
    {
      "type": "Feature",
      "geometry": {
        "type": "Point",
        "coordinates": [
          6.19519,
          52.14393
        ]
      },
      "properties": {
        "type": "pakketpunt",
        "locatieNaam": "Complete Skate Shop",
        "straatNaam": "Stationsstraat 20",
        "straatNr": "",
        "vervoerder": "VintedGo",
        "puntType": "parcel_shop",
        "bezettingsgraad": 85,
        "latitude": 52.14393,
        "longitude": 6.19519
      }
    },
    {
      "type": "Feature",
      "geometry": {
        "type": "Point",
        "coordinates": [
          6.227479,
          52.1448257
        ]
      },
      "properties": {
        "type": "pakketpunt",
        "locatieNaam": "Kringloop Brocanterie De Distel",
        "straatNaam": "Rijksstraatweg 89",
        "straatNr": "",
        "vervoerder": "VintedGo",
        "puntType": "parcel_shop",
        "bezettingsgraad": 28,
        "latitude": 52.1448257,
        "longitude": 6.227479
      }
    },
    {
      "type": "Feature",
      "geometry": {
        "type": "MultiPolygon",
        "coordinates": [
          [
            [
              [
                6.202574243965646,
                52.12371007768955
              ],
              [
                6.202349106774621,
                52.12348466006569
              ],
              [
                6.202089159951727,
                52.12327391020593
              ],
              [
                6.201796907125071,
                52.123079857526584
              ],
              [
                6.2014751629030345,
                52.122904370633506
              ],
              [
                6.2011270257660085,
                52.122749139335305
              ],
              [
                6.200755848229875,
                52.12261565837804
              ],
              [
                6.200365204568472,
                52.122505213058425
              ],
              [
                6.199958856405582,
                52.12241886685336
              ],
              [
                6.199540716507167,
                52.12235745118451
              ],
              [
                6.1991148111219445,
                52.12232155741684
              ],
              [
                6.198685241232035,
                52.122311531167156
              ],
              [
                6.1982561430859064,
                52.12232746897799
              ],
              [
                6.197831648392648,
                52.12236921738847
              ],
              [
                6.1974158445598,
                52.12243637441113
              ],
              [
                6.197012735356611,
                52.12252829340037
              ],
              [
                6.196626202380479,
                52.122644089275866
              ],
              [
                6.1962599676967365,
                52.12278264704042
              ],
              [
                6.195917558010765,
                52.1229426325111
              ],
              [
                6.195602270716744,
                52.12312250516043
              ],
              [
                6.195317142149569,
                52.12332053294391
              ],
              [
                6.195064918345371,
                52.123534808971975
              ],
              [
                6.194848028592155,
                52.1237632698655
              ],
              [
                6.194668562025402,
                52.12400371561901
              ],
              [
                6.194528247494396,
                52.124253830780525
              ],
              [
                6.194428436893707,
                52.12451120674377
              ],
              [
                6.1943700921210825,
                52.124773364939145
              ],
              [
                6.194353775788213,
                52.12503778069969
              ],
              [
                6.194379645774826,
                52.12530190757293
              ],
              [
                6.194447453679593,
                52.125563201843605
              ],
              [
                6.194556547183917,
                52.12581914703274
              ],
              [
                6.194705876306877,
                52.126067278134805
              ],
              [
                6.194894003492159,
                52.12630520536195
              ],
              [
                6.1951191174308216,
                52.1265306371645
              ],
              [
                6.195379050487527,
                52.1267414023068
              ],
              [
                6.195671299563201,
                52.12693547078525
              ],
              [
                6.195993050193601,
                52.12711097338672
              ],
              [
                6.196341203652073,
                52.12726621969908
              ],
              [
                6.196712406795519,
                52.12739971439928
              ],
              [
                6.197103084366004,
                52.12751017166235
              ],
              [
                6.197509473436661,
                52.12759652755253
              ],
              [
                6.197927659669455,
                52.12765795027587
              ],
              [
                6.1983536150350655,
                52.1276938481964
              ],
              [
                6.198783236630655,
                52.12770387553763
              ],
              [
                6.199212386220732,
                52.12768793571518
              ],
              [
                6.199636930119251,
                52.12764618226714
              ],
              [
                6.200052779027735,
                52.12757901737459
              ],
              [
                6.200455927444706,
                52.127487087985564
              ],
              [
                6.200842492265807,
                52.12737127958006
              ],
              [
                6.201208750201916,
                52.12723270763685
              ],
              [
                6.201551173654073,
                52.127072706883624
              ],
              [
                6.201866464699079,
                52.1268928184352
              ],
              [
                6.202151586857887,
                52.12669477494326
              ],
              [
                6.2024037943406345,
                52.12648048390103
              ],
              [
                6.202620658486544,
                52.12625200926468
              ],
              [
                6.202800091144207,
                52.126011551567636
              ],
              [
                6.202940364767449,
                52.125761426721034
              ],
              [
                6.203040129033759,
                52.12550404370325
              ],
              [
                6.203098423825998,
                52.12524188135508
              ],
              [
                6.203114688453186,
                52.12497746450292
              ],
              [
                6.203088767022625,
                52.12471333964137
              ],
              [
                6.203020909912598,
                52.12445205040821
              ],
              [
                6.20291177133264,
                52.12419611308899
              ],
              [
                6.202762402995897,
                52.12394799238666
              ],
              [
                6.202574243965646,
                52.12371007768955
              ]
            ]
          ],
          [
            [
              [
                6.1991898548361215,
                52.138347038677
              ],
              [
                6.1987606028099815,
                52.13836297860254
              ],
              [
                6.198335956232143,
                52.13840472903451
              ],
              [
                6.197920003972294,
                52.138471887965956
              ],
              [
                6.1975167512285925,
                52.13856380873304
              ],
              [
                6.197130080980343,
                52.13867960623832
              ],
              [
                6.196763716614524,
                52.13881816546888
              ],
              [
                6.196421186085154,
                52.138978152227914
              ],
              [
                6.196105787950051,
                52.139158025975526
              ],
              [
                6.195845019555896,
                52.13933907267244
              ],
              [
                6.195817852774023,
                52.13933508305624
              ],
              [
                6.195391788287763,
                52.13929917627067
              ],
              [
                6.1949620558003025,
                52.13928913682092
              ],
              [
                6.194532793125373,
                52.13930506137668
              ],
              [
                6.194108133555904,
                52.1393467966047
              ],
              [
                6.193692166086635,
                52.13941394064442
              ],
              [
                6.1932888960621115,
                52.13950584697537
              ],
              [
                6.1929022066279735,
                52.13962163063911
              ],
              [
                6.192535821355869,
                52.13976017675605
              ],
              [
                6.192193268401047,
                52.13992015125561
              ],
              [
                6.191877846537187,
                52.140100013715994
              ],
              [
                6.191592593395032,
                52.1402980321909
              ],
              [
                6.191340256210436,
                52.140512299880506
              ],
              [
                6.191123265363436,
                52.14074075348604
              ],
              [
                6.190943710963349,
                52.14098119307241
              ],
              [
                6.190803322705706,
                52.14123130324705
              ],
              [
                6.190703453195564,
                52.14148867545178
              ],
              [
                6.19064506489855,
                52.141750831153296
              ],
              [
                6.190628720846122,
                52.14201524570866
              ],
              [
                6.190654579185606,
                52.142279372677
              ],
              [
                6.190722391628504,
                52.14254066834239
              ],
              [
                6.190831505813164,
                52.14279661621213
              ],
              [
                6.19098087156011,
                52.14304475125503
              ],
              [
                6.191024794596496,
                52.143100287414065
              ],
              [
                6.190982289248383,
                52.14317601026821
              ],
              [
                6.190882416481414,
                52.14343338254731
              ],
              [
                6.190824026754512,
                52.14369553825484
              ],
              [
                6.190807683112973,
                52.143959952747906
              ],
              [
                6.190807910127613,
                52.14396227137363
              ],
              [
                6.190802211266853,
                52.14398785751832
              ],
              [
                6.190785867398493,
                52.144252271995846
              ],
              [
                6.190811728035478,
                52.14451639882589
              ],
              [
                6.19087954486727,
                52.14477769429373
              ],
              [
                6.190973041731979,
                52.14499699582859
              ],
              [
                6.190675417606503,
                52.14508609328968
              ],
              [
                6.19030898062888,
                52.14522463246786
              ],
              [
                6.189966377833316,
                52.14538460045496
              ],
              [
                6.189650908473366,
                52.14556445689202
              ],
              [
                6.189365610637127,
                52.14576246989067
              ],
              [
                6.189113231990849,
                52.14597673270388
              ],
              [
                6.18889620331389,
                52.14620518207994
              ],
              [
                6.188716615079942,
                52.14644561812446
              ],
              [
                6.188576197310477,
                52.14669572547902
              ],
              [
                6.188476302894902,
                52.14695309561266
              ],
              [
                6.188417894538854,
                52.14721525001201
              ],
              [
                6.188401535467171,
                52.14747966404674
              ],
              [
                6.188427383972017,
                52.147743791281066
              ],
              [
                6.188495191859831,
                52.14800508799636
              ],
              [
                6.188604306813044,
                52.14826103768992
              ],
              [
                6.188753678644985,
                52.148509175313
              ],
              [
                6.188941869388782,
                52.148747111014835
              ],
              [
                6.189167067124024,
                52.1489725531641
              ],
              [
                6.18936158349241,
                52.14913022227788
              ],
              [
                6.189369991769894,
                52.14916261990918
              ],
              [
                6.189479114600952,
                52.149418568727256
              ],
              [
                6.189628495199017,
                52.149666705175875
              ],
              [
                6.189816695512815,
                52.1499046394157
              ],
              [
                6.190041903529784,
                52.15013007982941
              ],
              [
                6.19030195070908,
                52.1503408550983
              ],
              [
                6.190594332852916,
                52.15053493512114
              ],
              [
                6.190916234215727,
                52.150710450573555
              ],
              [
                6.191232005126759,
                52.15085120239754
              ],
              [
                6.191216167731839,
                52.151107426844106
              ],
              [
                6.191242035107738,
                52.15137155326081
              ],
              [
                6.191309865092172,
                52.151632848152204
              ],
              [
                6.191419005154878,
                52.15188879503308
              ],
              [
                6.191568404867461,
                52.1521369288818
              ],
              [
                6.191756625994602,
                52.152374859883885
              ],
              [
                6.191981856323318,
                52.15260029645323
              ],
              [
                6.192241927097893,
                52.15281106730817
              ],
              [
                6.192534333893289,
                52.153005142389965
              ],
              [
                6.192856260726485,
                52.15318065242176
              ],
              [
                6.193204607173844,
                52.153335906919764
              ],
              [
                6.193576018233429,
                52.15346941048186
              ],
              [
                6.1939669166445395,
                52.1535798771977
              ],
              [
                6.194373537352879,
                52.15366624304033
              ],
              [
                6.194791963788872,
                52.153727676119914
              ],
              [
                6.1952181656090435,
                52.15376358470057
              ],
              [
                6.195648037536117,
                52.153773622903145
              ],
              [
                6.196013400701749,
                52.15376006966909
              ],
              [
                6.196021427405289,
                52.153768102459786
              ],
              [
                6.196047097255231,
                52.1537889034012
              ],
              [
                6.1958499151902515,
                52.153880969292864
              ],
              [
                6.195534409757014,
                52.15406084128391
              ],
              [
                6.195249083995063,
                52.1542588682883
              ],
              [
                6.194996685839767,
                52.15447314342412
              ],
              [
                6.194779646258598,
                52.15470160332093
              ],
              [
                6.194600055830556,
                52.15494204798314
              ],
              [
                6.194459644598551,
                52.155192161969275
              ],
              [
                6.194359765389379,
                52.15544953668449
              ],
              [
                6.1943013807625915,
                52.15571169357133
              ],
              [
                6.194285053714845,
                52.15597610797543
              ],
              [
                6.194310942230242,
                52.15624023345735
              ],
              [
                6.1943787977302005,
                52.15650152631544
              ],
              [
                6.194487967438885,
                52.156757470083946
              ],
              [
                6.194637400642518,
                52.15700559977115
              ],
              [
                6.194825658783343,
                52.15724352560269
              ],
              [
                6.195050929291969,
                52.1574689560422
              ],
              [
                6.1953110430257405,
                52.157679719866934
              ],
              [
                6.195603495145888,
                52.15787378708599
              ],
              [
                6.195925469232819,
                52.158049288498034
              ],
              [
                6.196273864407732,
                52.158204533702396
              ],
              [
                6.196645325199281,
                52.15833802738641
              ],
              [
                6.197036273867665,
                52.158448483734816
              ],
              [
                6.197442944874404,
                52.15853483882054
              ],
              [
                6.1978614211653325,
                52.15859626085727
              ],
              [
                6.198287671916638,
                52.1586321582156
              ],
              [
                6.198717591379615,
                52.15864218512442
              ],
              [
                6.199137706653406,
                52.15862659139568
              ],
              [
                6.199143813911645,
                52.15863672995947
              ],
              [
                6.199332102970338,
                52.158874648468355
              ],
              [
                6.199557404477853,
                52.15910007017445
              ],
              [
                6.199817548992937,
                52.1593108239392
              ],
              [
                6.200110031380285,
                52.15950487986841
              ],
              [
                6.200432034928725,
                52.15968036886966
              ],
              [
                6.200780458475595,
                52.15983560066156
              ],
              [
                6.201151946276201,
                52.15996908006084
              ],
              [
                6.201542920330502,
                52.160079521389704
              ],
              [
                6.20194961485542,
                52.160165860865746
              ],
              [
                6.202368112570173,
                52.16022726685311
              ],
              [
                6.20279438244453,
                52.160263147876805
              ],
              [
                6.203224318545525,
                52.160273158323236
              ],
              [
                6.2036537796075475,
                52.16025720177056
              ],
              [
                6.204078628943672,
                52.16021543191816
              ],
              [
                6.204494774312737,
                52.160148251105234
              ],
              [
                6.204898207357145,
                52.16005630643314
              ],
              [
                6.2052850422305434,
                52.15994048352929
              ],
              [
                6.205285171547457,
                52.159940434632134
              ],
              [
                6.205285342241645,
                52.15994038352391
              ],
              [
                6.205651853051713,
                52.15980179800584
              ],
              [
                6.205994509765365,
                52.159641784733154
              ],
              [
                6.206310012212731,
                52.15946188494149
              ],
              [
                6.206595321878861,
                52.15926383139181
              ],
              [
                6.20684769116836,
                52.159049531674455
              ],
              [
                6.2070646898626505,
                52.15882104982921
              ],
              [
                6.207244228515272,
                52.15858058645916
              ],
              [
                6.207384578560158,
                52.1583304575301
              ],
              [
                6.207484388939869,
                52.1580730720598
              ],
              [
                6.207542699094336,
                52.15781090891273
              ],
              [
                6.207558948185883,
                52.157546492923
              ],
              [
                6.20753298047268,
                52.157282370576894
              ],
              [
                6.20746504677997,
                52.15702108548783
              ],
              [
                6.207355802055973,
                52.15676515390146
              ],
              [
                6.207206299037107,
                52.15651704046539
              ],
              [
                6.207017978084588,
                52.156279134497694
              ],
              [
                6.2067926532912345,
                52.156053726982414
              ],
              [
                6.2065324949931355,
                52.15584298851269
              ],
              [
                6.20624000885524,
                52.15564894839504
              ],
              [
                6.205918011732842,
                52.155473475114235
              ],
              [
                6.205569604541632,
                52.15531825834753
              ],
              [
                6.205198142397768,
                52.15518479270093
              ],
              [
                6.204807202315299,
                52.15507436332359
              ],
              [
                6.204400548771807,
                52.15498803353877
              ],
              [
                6.204163290093329,
                52.15495322101999
              ],
              [
                6.204283829887557,
                52.15489692806659
              ],
              [
                6.204599305816967,
                52.154717032760864
              ],
              [
                6.204884592879863,
                52.15451898323657
              ],
              [
                6.205136943698466,
                52.154304687045226
              ],
              [
                6.205353928231995,
                52.15407620819265
              ],
              [
                6.205533457170237,
                52.153835747253176
              ],
              [
                6.205673802040523,
                52.15358562016904
              ],
              [
                6.2057736118350855,
                52.15332823594035
              ],
              [
                6.20583192599931,
                52.15306607341955
              ],
              [
                6.20584818365671,
                52.152801657434786
              ],
              [
                6.205822228982782,
                52.15253753447225
              ],
              [
                6.205754312677011,
                52.1522762481514
              ],
              [
                6.20564508952002,
                52.15202031472968
              ],
              [
                6.205495612040378,
                52.151772198872415
              ],
              [
                6.205307320353236,
                52.15153428992105
              ],
              [
                6.20508202826949,
                52.15130887888837
              ],
              [
                6.204821905810172,
                52.15109813640146
              ],
              [
                6.204529458295076,
                52.15090409180553
              ],
              [
                6.204207502207562,
                52.150728613628424
              ],
              [
                6.203859138068197,
                52.150573391594676
              ],
              [
                6.20348772057862,
                52.15043992036101
              ],
              [
                6.2030968263229695,
                52.15032948513041
              ],
              [
                6.2026902193376285,
                52.1502431492824
              ],
              [
                6.202521887169592,
                52.15021844501011
              ],
              [
                6.2023812656000175,
                52.15014179577772
              ],
              [
                6.202032912373525,
                52.14998656831195
              ],
              [
                6.201661505206383,
                52.14985309129274
              ],
              [
                6.20127062058337,
                52.149742649978805
              ],
              [
                6.200864022448148,
                52.14965630780829
              ],
              [
                6.200445625973212,
                52.14959489616398
              ],
              [
                6.200019459877307,
                52.14955900637197
              ],
              [
                6.199589627652315,
                52.14954898401073
              ],
              [
                6.1992243000983605,
                52.14956254825765
              ],
              [
                6.199216273580062,
                52.14955451567887
              ],
              [
                6.198956189015869,
                52.14934376011496
              ],
              [
                6.19866377845936,
                52.14914970084139
              ],
              [
                6.198341858038098,
                52.14897420652741
              ],
              [
                6.198026078123651,
                52.14883347371244
              ],
              [
                6.198041875686068,
                52.14857724833682
              ],
              [
                6.198015969790529,
                52.14831312336771
              ],
              [
                6.197948105721187,
                52.1480518322581
              ],
              [
                6.197838937755497,
                52.147795891311574
              ],
              [
                6.197689517890461,
                52.147547765266026
              ],
              [
                6.197520702945983,
                52.14733438671727
              ],
              [
                6.19777750361614,
                52.147292933430855
              ],
              [
                6.198180834576159,
                52.14720101174386
              ],
              [
                6.198567575772849,
                52.14708521081097
              ],
              [
                6.198934002217989,
                52.14694664603912
              ],
              [
                6.199276584689401,
                52.146786652086966
              ],
              [
                6.199592023732187,
                52.146606770003984
              ],
              [
                6.199877281441891,
                52.146408732380536
              ],
              [
                6.200129610723266,
                52.14619444665352
              ],
              [
                6.200346581742736,
                52.14596597672804
              ],
              [
                6.200526105319971,
                52.14572552309224
              ],
              [
                6.200666453033643,
                52.145475401618164
              ],
              [
                6.200766273848282,
                52.14521802125187
              ],
              [
                6.2008246071028035,
                52.14495586080861
              ],
              [
                6.200840891736547,
                52.14469144509655
              ],
              [
                6.200814971664883,
                52.14442732059925
              ],
              [
                6.200747097253777,
                52.14416603095107
              ],
              [
                6.200694335038033,
                52.14404234037609
              ],
              [
                6.200992912664732,
                52.14408617025732
              ],
              [
                6.20141902725208,
                52.14412205667278
              ],
              [
                6.20184880758924,
                52.14413207248475
              ],
              [
                6.202278113911319,
                52.144116121219874
              ],
              [
                6.202702811022231,
                52.14407435652645
              ],
              [
                6.20311880814741,
                52.14400718069404
              ],
              [
                6.203522098357455,
                52.14391524077595
              ],
              [
                6.203908797182029,
                52.14379942235368
              ],
              [
                6.2042751800411535,
                52.14366084100258
              ],
              [
                6.204617718132582,
                52.14350083154106
              ],
              [
                6.204933112428968,
                52.143320935167864
              ],
              [
                6.205218325456931,
                52.143122884611046
              ],
              [
                6.205470610551639,
                52.142908587432
              ],
              [
                6.205687538305137,
                52.14268010764601
              ],
              [
                6.205867019953817,
                52.142439645836255
              ],
              [
                6.206007327480164,
                52.14218951795339
              ],
              [
                6.206107110235705,
                52.14193213300523
              ],
              [
                6.206165407925839,
                52.14166996985099
              ],
              [
                6.206181659832308,
                52.14140555332499
              ],
              [
                6.2061557101855565,
                52.1411414299186
              ],
              [
                6.206093505626067,
                52.140902061993906
              ],
              [
                6.206093505626067,
                52.140902061993906
              ],
              [
                6.206086084608234,
                52.14082652651439
              ],
              [
                6.206018184955323,
                52.14056523979556
              ],
              [
                6.205908989310852,
                52.14030930605617
              ],
              [
                6.205759549938044,
                52.14006118996461
              ],
              [
                6.205571306584711,
                52.139823280864654
              ],
              [
                6.205346072595988,
                52.13959786977042
              ],
              [
                6.205086017433209,
                52.13938712730981
              ],
              [
                6.20479364576795,
                52.139193082827724
              ],
              [
                6.204471773353045,
                52.13901760485109
              ],
              [
                6.204325384123811,
                52.13895236099631
              ],
              [
                6.204535989726426,
                52.138904340619696
              ],
              [
                6.204922642573967,
                52.138788518872325
              ],
              [
                6.205288981234706,
                52.138649934348145
              ],
              [
                6.205631477332158,
                52.13848992189604
              ],
              [
                6.20594683224348,
                52.13831002274365
              ],
              [
                6.206232008874624,
                52.13811196964565
              ],
              [
                6.206484260911282,
                52.137897670187975
              ],
              [
                6.206701159263823,
                52.13766918840777
              ],
              [
                6.206880615451721,
                52.13742872490741
              ],
              [
                6.207020901702546,
                52.13717859565378
              ],
              [
                6.207120667572585,
                52.13692120966791
              ],
              [
                6.207178952929691,
                52.136659045819
              ],
              [
                6.207195197174199,
                52.136394628948054
              ],
              [
                6.207169244610152,
                52.136130505549644
              ],
              [
                6.207101345916092,
                52.13586921924751
              ],
              [
                6.207024308740169,
                52.1356886507136
              ],
              [
                6.207030349295926,
                52.1356863653035
              ],
              [
                6.207372816452161,
                52.13552634777576
              ],
              [
                6.207688143457892,
                52.135346443936584
              ],
              [
                6.20797329348787,
                52.135148386585826
              ],
              [
                6.208225520483997,
                52.134934083350295
              ],
              [
                6.2084423955978,
                52.13470559830353
              ],
              [
                6.208621830572529,
                52.13446513207934
              ],
              [
                6.208722898528651,
                52.13428490308646
              ],
              [
                6.208991044142468,
                52.13409864682199
              ],
              [
                6.209243260340736,
                52.133884341394904
              ],
              [
                6.209460125168192,
                52.13365585445812
              ],
              [
                6.209639550467146,
                52.13341538666374
              ],
              [
                6.209779808762599,
                52.13316525401996
              ],
              [
                6.2098795498799815,
                52.13290786558037
              ],
              [
                6.209937813925415,
                52.13264570023778
              ],
              [
                6.20995404050435,
                52.1323812828476
              ],
              [
                6.209928074090808,
                52.13211715990934
              ],
              [
                6.209860165496546,
                52.1318558750423
              ],
              [
                6.209750969427136,
                52.13159994448992
              ],
              [
                6.209601538149553,
                52.13135183288993
              ],
              [
                6.209413311333332,
                52.131113929542835
              ],
              [
                6.209188102164072,
                52.13088852540745
              ],
              [
                6.208928079863852,
                52.13067779104452
              ],
              [
                6.208635748787579,
                52.13048375572112
              ],
              [
                6.208313924297091,
                52.130308287875955
              ],
              [
                6.207965705645604,
                52.130153077134075
              ],
              [
                6.2077074277160955,
                52.13006023248247
              ],
              [
                6.207685074396995,
                52.130050268818295
              ],
              [
                6.207313816575256,
                52.12991680883839
              ],
              [
                6.206923092855724,
                52.12980638555031
              ],
              [
                6.206516665632869,
                52.129720062218745
              ],
              [
                6.206098448433732,
                52.12965867004513
              ],
              [
                6.205672468251157,
                52.12962280016818
              ],
              [
                6.205242826787292,
                52.12961279797463
              ],
              [
                6.204813660979615,
                52.129628759775436
              ],
              [
                6.204389103188564,
                52.12967053187874
              ],
              [
                6.203973241429136,
                52.129737712068945
              ],
              [
                6.20357008002827,
                52.12982965347741
              ],
              [
                6.203183501085949,
                52.12994547080798
              ],
              [
                6.202817227110141,
                52.13008404885684
              ],
              [
                6.202474785184636,
                52.13024405324585
              ],
              [
                6.2021594730141745,
                52.13042394326535
              ],
              [
                6.201874327173365,
                52.130621986703595
              ],
              [
                6.20162209386488,
                52.13083627652028
              ],
              [
                6.20140520246849,
                52.13106474920346
              ],
              [
                6.201225742135778,
                52.13130520463425
              ],
              [
                6.201085441656287,
                52.1315553272674
              ],
              [
                6.200985652789587,
                52.1318127084246
              ],
              [
                6.2009608443657465,
                52.13192423653315
              ],
              [
                6.200884870167239,
                52.131988778602754
              ],
              [
                6.200667969426622,
                52.132217249905665
              ],
              [
                6.200488500520763,
                52.13245770418627
              ],
              [
                6.200348192321792,
                52.13270782591041
              ],
              [
                6.200248396663641,
                52.1329652064086
              ],
              [
                6.200190075300505,
                52.133227367067484
              ],
              [
                6.200173790618982,
                52.13349178319648
              ],
              [
                6.2001997001943066,
                52.133755908339396
              ],
              [
                6.2002675552442,
                52.13401719879769
              ],
              [
                6.200344562200606,
                52.13419777185861
              ],
              [
                6.200338521501747,
                52.13420005692708
              ],
              [
                6.199996039172085,
                52.13436005409206
              ],
              [
                6.199680688007228,
                52.134539937441204
              ],
              [
                6.199395504957247,
                52.13473797482698
              ],
              [
                6.1991432365831285,
                52.134952259267415
              ],
              [
                6.198926312602338,
                52.1351807273024
              ],
              [
                6.198746822480285,
                52.13542117885775
              ],
              [
                6.198606495293465,
                52.13567129842558
              ],
              [
                6.198506683058742,
                52.13592867735719
              ],
              [
                6.198448347690032,
                52.13619083705444
              ],
              [
                6.198432051708913,
                52.136455252835894
              ],
              [
                6.198457952799558,
                52.13671937824874
              ],
              [
                6.198525802261514,
                52.13698066959191
              ],
              [
                6.198634947376352,
                52.13723661041444
              ],
              [
                6.198784337666443,
                52.137484735752835
              ],
              [
                6.198972534986683,
                52.13772265587472
              ],
              [
                6.19919772735287,
                52.13794807929872
              ],
              [
                6.199457746374483,
                52.13815883486983
              ],
              [
                6.199750088124584,
                52.138352892676544
              ],
              [
                6.199782981290578,
                52.13837082805512
              ],
              [
                6.199619579120144,
                52.13835706273913
              ],
              [
                6.1991898548361215,
                52.138347038677
              ]
            ]
          ],
          [
            [
              [
                6.184774223178492,
                52.141860206694226
              ],
              [
                6.184514251649661,
                52.141649418783
              ],
              [
                6.18422195426115,
                52.14145532322535
              ],
              [
                6.183900146050969,
                52.141279789039984
              ],
              [
                6.183551926116069,
                52.141124506490826
              ],
              [
                6.18318064776989,
                52.140990970817356
              ],
              [
                6.182789886257145,
                52.140880467843196
              ],
              [
                6.182383404336435,
                52.14079406160019
              ],
              [
                6.1819651160615825,
                52.140732584088134
              ],
              [
                6.181539049109805,
                52.14069662726728
              ],
              [
                6.181109306018626,
                52.14068653736164
              ],
              [
                6.180680024703859,
                52.140702411526554
              ],
              [
                6.1802553386378545,
                52.14074409691403
              ],
              [
                6.179839337070371,
                52.14081119214336
              ],
              [
                6.179436025674135,
                52.14090305116406
              ],
              [
                6.1790492879929575,
                52.14101878947317
              ],
              [
                6.17868284806284,
                52.141157292627945
              ],
              [
                6.178340234565104,
                52.14131722697147
              ],
              [
                6.17802474685616,
                52.14149705246861
              ],
              [
                6.177739423200539,
                52.14169503752909
              ],
              [
                6.177487011512861,
                52.14190927567482
              ],
              [
                6.177269942890372,
                52.14213770389168
              ],
              [
                6.177090308191155,
                52.14237812248912
              ],
              [
                6.17694983788385,
                52.14262821627679
              ],
              [
                6.176849885363538,
                52.14288557685442
              ],
              [
                6.176791413895177,
                52.143147725800716
              ],
              [
                6.1767749873111795,
                52.14341213853804
              ],
              [
                6.176800764553725,
                52.143676268643155
              ],
              [
                6.17686849811542,
                52.14393757236983
              ],
              [
                6.17697753639443,
                52.14419353314803
              ],
              [
                6.177126829942507,
                52.1444416858223
              ],
              [
                6.1773149415467525,
                52.14467964039697
              ],
              [
                6.1775400600490356,
                52.144905105059124
              ],
              [
                6.177800017770764,
                52.145115908256514
              ],
              [
                6.178092311375914,
                52.14531001961907
              ],
              [
                6.178414125971868,
                52.14548556952061
              ],
              [
                6.178762362216269,
                52.14564086709327
              ],
              [
                6.179133666168919,
                52.14577441652025
              ],
              [
                6.179524461601056,
                52.1458849314494
              ],
              [
                6.17993098445058,
                52.14597134738941
              ],
              [
                6.180349319090799,
                52.14603283196788
              ],
              [
                6.180775436062692,
                52.14606879295292
              ],
              [
                6.181205230906504,
                52.146078883960584
              ],
              [
                6.181634563717583,
                52.146063007793124
              ],
              [
                6.182059299044612,
                52.14602131737554
              ],
              [
                6.18247534574475,
                52.14595421428179
              ],
              [
                6.1828786964108655,
                52.14586234486456
              ],
              [
                6.183265465990009,
                52.14574659402641
              ],
              [
                6.183631929220369,
                52.14560807669154
              ],
              [
                6.1839745565252064,
                52.14544812706185
              ],
              [
                6.184290048017512,
                52.14526828575984
              ],
              [
                6.184575365287362,
                52.14507028498318
              ],
              [
                6.184827760665536,
                52.14485603181391
              ],
              [
                6.185044803681554,
                52.144627589843545
              ],
              [
                6.185224404461376,
                52.14438715929111
              ],
              [
                6.185364833839868,
                52.144137055806446
              ],
              [
                6.185464739994817,
                52.14387968816243
              ],
              [
                6.185523161443058,
                52.1436175350519
              ],
              [
                6.185539536274428,
                52.14335312121254
              ],
              [
                6.18551370753557,
                52.14308899311002
              ],
              [
                6.1854459247128535,
                52.14282769441345
              ],
              [
                6.185336841301185,
                52.142571741499694
              ],
              [
                6.185187508483233,
                52.142323599221925
              ],
              [
                6.184999364981019,
                52.14208565717628
              ],
              [
                6.184774223178492,
                52.141860206694226
              ]
            ]
          ],
          [
            [
              [
                6.215991605063426,
                52.12209519266851
              ],
              [
                6.215731602170424,
                52.12188447296214
              ],
              [
                6.215439299396719,
                52.12169045416496
              ],
              [
                6.21511751183139,
                52.12151500455659
              ],
              [
                6.214769338371929,
                52.121359813586515
              ],
              [
                6.214398131883728,
                52.12122637561251
              ],
              [
                6.214007466919207,
                52.1211159755174
              ],
              [
                6.213601105307092,
                52.12102967634254
              ],
              [
                6.213182959942713,
                52.12096830905689
              ],
              [
                6.212757057127334,
                52.120932464559466
              ],
              [
                6.212327497818291,
                52.12092248799271
              ],
              [
                6.211898418162181,
                52.12093847542082
              ],
              [
                6.21147394969012,
                52.12098027290514
              ],
              [
                6.211058179557278,
                52.12104747798575
              ],
              [
                6.210655111208554,
                52.12113944355429
              ],
              [
                6.210268625848154,
                52.121255284081975
              ],
              [
                6.209902445083131,
                52.12139388414157
              ],
              [
                6.209560095099913,
                52.12155390914294
              ],
              [
                6.209244872718033,
                52.121733818177844
              ],
              [
                6.2089598136475725,
                52.12193187885151
              ],
              [
                6.208707663255691,
                52.12214618395742
              ],
              [
                6.208490850123677,
                52.122374669836454
              ],
              [
                6.20831146264936,
                52.12261513624254
              ],
              [
                6.208171228920536,
                52.122865267524624
              ],
              [
                6.208071500053757,
                52.12312265492105
              ],
              [
                6.208013237159728,
                52.123384819752104
              ],
              [
                6.207997002061639,
                52.12364923728678
              ],
              [
                6.208016934044655,
                52.12385211048448
              ],
              [
                6.208009659561014,
                52.12397058782276
              ],
              [
                6.208035609628319,
                52.124234711574005
              ],
              [
                6.208103495719665,
                52.12449599786878
              ],
              [
                6.2082126647633356,
                52.124751930304676
              ],
              [
                6.208362066050723,
                52.12500004399906
              ],
              [
                6.208550261330299,
                52.12523794933152
              ],
              [
                6.208775438637045,
                52.12546335496325
              ],
              [
                6.209035429725051,
                52.125674089910504
              ],
              [
                6.209327730936046,
                52.12586812446053
              ],
              [
                6.2096495273033705,
                52.12604358972698
              ],
              [
                6.209997719659585,
                52.12619879565724
              ],
              [
                6.2103689544866825,
                52.126332247317144
              ],
              [
                6.210429527837284,
                52.12634936541556
              ],
              [
                6.210261243414238,
                52.12649238424571
              ],
              [
                6.210044417272047,
                52.12672087284548
              ],
              [
                6.209865020849639,
                52.12696134146188
              ],
              [
                6.2097247823211275,
                52.12721147442256
              ],
              [
                6.209625052849445,
                52.12746886294976
              ],
              [
                6.209566793551284,
                52.127731028352784
              ],
              [
                6.209550566215371,
                52.127995445895195
              ],
              [
                6.209576527864486,
                52.128259569107136
              ],
              [
                6.209644429214612,
                52.12852085430862
              ],
              [
                6.209753617047212,
                52.12877678510768
              ],
              [
                6.209903040472852,
                52.12902489663744
              ],
              [
                6.210091261026889,
                52.12926279929845
              ],
              [
                6.210316466500968,
                52.12948820177738
              ],
              [
                6.210576488377942,
                52.129698933121
              ],
              [
                6.2108688227030395,
                52.12989296365116
              ],
              [
                6.211190654190666,
                52.13006842452022
              ],
              [
                6.211538883335097,
                52.13022362571785
              ],
              [
                6.2116498010103625,
                52.13026349306714
              ],
              [
                6.211670626156928,
                52.130475246775866
              ],
              [
                6.211738543193374,
                52.13073653064216
              ],
              [
                6.21184774850421,
                52.13099245937094
              ],
              [
                6.211997191031728,
                52.13124056811515
              ],
              [
                6.212185432127354,
                52.131478467302166
              ],
              [
                6.212410659384913,
                52.13170386565219
              ],
              [
                6.212670704077478,
                52.13191459225164
              ],
              [
                6.2129630620305125,
                52.13210861746808
              ],
              [
                6.213284917730839,
                52.132284072505044
              ],
              [
                6.213633171439483,
                52.132439267408316
              ],
              [
                6.21400446904743,
                52.132572707350015
              ],
              [
                6.214395234386554,
                52.13268310703263
              ],
              [
                6.214801703684283,
                52.132769403074946
              ],
              [
                6.215219961829536,
                52.132830764259516
              ],
              [
                6.215645980100087,
                52.13286659954312
              ],
              [
                6.216075654986982,
                52.132876563752646
              ],
              [
                6.216504847741279,
                52.132860560911766
              ],
              [
                6.21692942426109,
                52.13281874516575
              ],
              [
                6.21734529493372,
                52.13275151929569
              ],
              [
                6.21774845404812,
                52.132659530836975
              ],
              [
                6.218135018397025,
                52.132543665838725
              ],
              [
                6.218501264696062,
                52.13240504032467
              ],
              [
                6.218843665458628,
                52.13224498953867
              ],
              [
                6.219158922980374,
                52.132065055077376
              ],
              [
                6.2194440011054954,
                52.131866970035624
              ],
              [
                6.219696154468629,
                52.131652642306804
              ],
              [
                6.219912954930651,
                52.13142413620035
              ],
              [
                6.220092314953918,
                52.13118365255281
              ],
              [
                6.220232507692205,
                52.130933507525015
              ],
              [
                6.220332183602375,
                52.13067611028979
              ],
              [
                6.2203903834185645,
                52.13041393982454
              ],
              [
                6.2204065473647745,
                52.130149521033886
              ],
              [
                6.220380520518139,
                52.12988540043084
              ],
              [
                6.220312554272311,
                52.129624121612004
              ],
              [
                6.220203303887904,
                52.129368200762585
              ],
              [
                6.220053822154793,
                52.129120102426775
              ],
              [
                6.219865549228197,
                52.12888221577726
              ],
              [
                6.219640298737531,
                52.12865683161199
              ],
              [
                6.219380240302558,
                52.12844612029943
              ],
              [
                6.219087878625934,
                52.128252110884624
              ],
              [
                6.218766029363931,
                52.12807667155668
              ],
              [
                6.218417792008096,
                52.127921491666164
              ],
              [
                6.218306874155686,
                52.127881630668526
              ],
              [
                6.218286018830128,
                52.12766987810593
              ],
              [
                6.218218068275149,
                52.12740859795054
              ],
              [
                6.21810883537242,
                52.12715267502941
              ],
              [
                6.217959372743401,
                52.12690457390659
              ],
              [
                6.217771120359299,
                52.12666668378179
              ],
              [
                6.2175458916516835,
                52.12644129548635
              ],
              [
                6.217285856030542,
                52.12623057942857
              ],
              [
                6.216993517978837,
                52.126036564699135
              ],
              [
                6.21667169292537,
                52.1258611195385
              ],
              [
                6.216323480128609,
                52.12570593335326
              ],
              [
                6.215952232832697,
                52.12557250045512
              ],
              [
                6.215891658436785,
                52.12555538519409
              ],
              [
                6.216059921272169,
                52.12541235835172
              ],
              [
                6.216276710264478,
                52.12518385871965
              ],
              [
                6.216456065027227,
                52.12494338036641
              ],
              [
                6.216596258764633,
                52.124693239401815
              ],
              [
                6.216695941923692,
                52.12443584495954
              ],
              [
                6.21675415516848,
                52.12417367599019
              ],
              [
                6.216770338593414,
                52.12390925738394
              ],
              [
                6.216750366835417,
                52.12370638575379
              ],
              [
                6.216757618092971,
                52.12358790792109
              ],
              [
                6.216731616860299,
                52.123323786171795
              ],
              [
                6.216663682147171,
                52.12306250489946
              ],
              [
                6.216554468910318,
                52.122806580312826
              ],
              [
                6.2164050295816775,
                52.12255847699216
              ],
              [
                6.216216803907962,
                52.12232058415821
              ],
              [
                6.215991605063426,
                52.12209519266851
              ]
            ]
          ],
          [
            [
              [
                6.2154284215508255,
                52.148417091303166
              ],
              [
                6.21516826730022,
                52.1482063716001
              ],
              [
                6.214875793968802,
                52.148012352618785
              ],
              [
                6.214553818288301,
                52.14783690264061
              ],
              [
                6.214205440967748,
                52.14768171111837
              ],
              [
                6.2138340168355235,
                52.14754827241511
              ],
              [
                6.2134431225395845,
                52.14743787142044
              ],
              [
                6.213036522116586,
                52.14735157118446
              ],
              [
                6.212618130760956,
                52.14729020268612
              ],
              [
                6.212191977142078,
                52.14725435683606
              ],
              [
                6.211762164631687,
                52.147244378789736
              ],
              [
                6.21133283181385,
                52.147260364625566
              ],
              [
                6.210908112656748,
                52.14730216042029
              ],
              [
                6.210492096728825,
                52.14736936373028
              ],
              [
                6.210088789841237,
                52.147461327464235
              ],
              [
                6.209702075494665,
                52.14757716611114
              ],
              [
                6.209335677500805,
                52.14771576426203
              ],
              [
                6.20899312413764,
                52.14787578734524
              ],
              [
                6.2086777141830884,
                52.148055694471154
              ],
              [
                6.208392485153573,
                52.14825375326343
              ],
              [
                6.208140184053164,
                52.148468056533936
              ],
              [
                6.207923240914863,
                52.14869654064129
              ],
              [
                6.207743745389023,
                52.14893700535654
              ],
              [
                6.207603426604689,
                52.14918713504511
              ],
              [
                6.207503636498334,
                52.149444520960785
              ],
              [
                6.20744533677134,
                52.14970668443808
              ],
              [
                6.207429089602586,
                52.149971100759174
              ],
              [
                6.207455052206687,
                52.150235223465955
              ],
              [
                6.207522975291281,
                52.15049650888334
              ],
              [
                6.207632205429337,
                52.15075244061724
              ],
              [
                6.207781691324754,
                52.15100055379187
              ],
              [
                6.207969993911942,
                52.15123845879158
              ],
              [
                6.208195300193081,
                52.15146386428072
              ],
              [
                6.208455440680631,
                52.15167459927687
              ],
              [
                6.208747910277793,
                52.15186863406655
              ],
              [
                6.209069892396349,
                52.15204409976106
              ],
              [
                6.209418286079853,
                52.152199306303494
              ],
              [
                6.209789735871111,
                52.15233275875373
              ],
              [
                6.2101806641361,
                52.15244317169358
              ],
              [
                6.2105873055327505,
                52.15252948161423
              ],
              [
                6.2110057432920485,
                52.15259085716443
              ],
              [
                6.211431946961337,
                52.15262670716241
              ],
              [
                6.211861811245471,
                52.1526366862935
              ],
              [
                6.212291195570751,
                52.15262069843746
              ],
              [
                6.212715963989595,
                52.15257889759531
              ],
              [
                6.213132025040454,
                52.15251168640461
              ],
              [
                6.213535371178124,
                52.152419712259395
              ],
              [
                6.213922117393566,
                52.152303861070905
              ],
              [
                6.2142885386503846,
                52.152165248730014
              ],
              [
                6.214631105776608,
                52.152005210353764
              ],
              [
                6.214946519465413,
                52.15182528741939
              ],
              [
                6.215231742056873,
                52.15162721291079
              ],
              [
                6.21548402679433,
                52.151412894620094
              ],
              [
                6.2157009442736,
                52.151184396765885
              ],
              [
                6.215880405830388,
                52.15094392010533
              ],
              [
                6.216020683641068,
                52.150693780732134
              ],
              [
                6.216120427343757,
                52.15043638776464
              ],
              [
                6.216178677020344,
                52.150174220139355
              ],
              [
                6.216194872415354,
                52.14990980273354
              ],
              [
                6.216168858303807,
                52.14964568204694
              ],
              [
                6.216100885957474,
                52.149384401676976
              ],
              [
                6.2159916106964825,
                52.149128477823766
              ],
              [
                6.21584208555098,
                52.14888037506047
              ],
              [
                6.215653751094922,
                52.14864248260233
              ],
              [
                6.2154284215508255,
                52.148417091303166
              ]
            ]
          ],
          [
            [
              [
                6.228292252281209,
                52.11772958493636
              ],
              [
                6.228032217050553,
                52.117518892278476
              ],
              [
                6.227739889704152,
                52.117324903894854
              ],
              [
                6.227418085567423,
                52.117149487772295
              ],
              [
                6.227069903697186,
                52.116994333037724
              ],
              [
                6.226698697039612,
                52.11686093370014
              ],
              [
                6.226308040148578,
                52.1167505742702
              ],
              [
                6.225901694774949,
                52.11666431739788
              ],
              [
                6.225483573657628,
                52.11660299364468
              ],
              [
                6.2250577028643805,
                52.11656719349057
              ],
              [
                6.224628183044241,
                52.11655726165098
              ],
              [
                6.224199149963654,
                52.11657329375952
              ],
              [
                6.223774734705388,
                52.11661513544729
              ],
              [
                6.223359023912385,
                52.1166823838288
              ],
              [
                6.222956020458367,
                52.11677439137876
              ],
              [
                6.222569604922875,
                52.11689027216406
              ],
              [
                6.222203498240855,
                52.1170289103699
              ],
              [
                6.222041682121105,
                52.117104582527666
              ],
              [
                6.221756478004139,
                52.11721258223879
              ],
              [
                6.221414202636594,
                52.11737264161143
              ],
              [
                6.221099057581713,
                52.117552582297805
              ],
              [
                6.22081407780517,
                52.11775067159826
              ],
              [
                6.220562007910733,
                52.117965002030644
              ],
              [
                6.220345275704678,
                52.11819350969186
              ],
              [
                6.220165968805638,
                52.118433994125944
              ],
              [
                6.220025814525526,
                52.11868413950815
              ],
              [
                6.219926163215807,
                52.11894153694104
              ],
              [
                6.219867975240254,
                52.119203707648026
              ],
              [
                6.219851811700467,
                52.11946812684148
              ],
              [
                6.219877829004513,
                52.1197322480356
              ],
              [
                6.219945777332039,
                52.11999352756968
              ],
              [
                6.220055003011702,
                52.120249449106375
              ],
              [
                6.220204454789174,
                52.1204975478679
              ],
              [
                6.220392693926357,
                52.120735434377636
              ],
              [
                6.220617908035538,
                52.120960817477986
              ],
              [
                6.220877928516047,
                52.1211715264022
              ],
              [
                6.221170251426234,
                52.121365531688106
              ],
              [
                6.221492061590174,
                52.12154096473117
              ],
              [
                6.2218402597072995,
                52.12169613578918
              ],
              [
                6.222211492203909,
                52.121829550263904
              ],
              [
                6.22260218353898,
                52.12193992310312
              ],
              [
                6.2230085706527545,
                52.122026191184325
              ],
              [
                6.223426739225847,
                52.12208752355939
              ],
              [
                6.223852661398932,
                52.12212332946252
              ],
              [
                6.22428223458888,
                52.12213326400385
              ],
              [
                6.224711321026547,
                52.122117231492716
              ],
              [
                6.225135787634364,
                52.12207538636015
              ],
              [
                6.225551545858599,
                52.12200813167035
              ],
              [
                6.225954591071601,
                52.12191611523632
              ],
              [
                6.226341041163483,
                52.121800223376546
              ],
              [
                6.226707173950629,
                52.121661572373526
              ],
              [
                6.226868998593755,
                52.12158589385
              ],
              [
                6.2271542181408615,
                52.121477881814414
              ],
              [
                6.227496504217081,
                52.12131780586108
              ],
              [
                6.227811649880631,
                52.121137848182855
              ],
              [
                6.228096620053205,
                52.120939742098024
              ],
              [
                6.228348670409221,
                52.1207253957026
              ],
              [
                6.228565373801638,
                52.120496873485685
              ],
              [
                6.228744643627615,
                52.12025637643889
              ],
              [
                6.228884753909452,
                52.12000622085211
              ],
              [
                6.228984355897912,
                52.119748815999564
              ],
              [
                6.229042491038746,
                52.119486640932124
              ],
              [
                6.229058600178465,
                52.11922222059849
              ],
              [
                6.229032528921621,
                52.118958101526545
              ],
              [
                6.228964529089107,
                52.118696827298145
              ],
              [
                6.2288552562645405,
                52.11844091405413
              ],
              [
                6.228705763453435,
                52.11819282626545
              ],
              [
                6.228517490917246,
                52.117954953003185
              ],
              [
                6.228292252281209,
                52.11772958493636
              ]
            ]
          ],
          [
            [
              [
                6.2479171810935705,
                52.124607856631584
              ],
              [
                6.247657013324584,
                52.12439720779895
              ],
              [
                6.247364555854338,
                52.12420326859141
              ],
              [
                6.247042625260977,
                52.12402790652199
              ],
              [
                6.246694321818665,
                52.12387281019723
              ],
              [
                6.246322999643856,
                52.123739473063445
              ],
              [
                6.245932234402392,
                52.123629179032434
              ],
              [
                6.245525788888082,
                52.12354299012429
              ],
              [
                6.245107576803747,
                52.12348173624622
              ],
              [
                6.244681625092769,
                52.1234460072053
              ],
              [
                6.244252035183087,
                52.123436147032265
              ],
              [
                6.243822943515848,
                52.12345225067067
              ],
              [
                6.2433984817378425,
                52.12349416306303
              ],
              [
                6.242982736939916,
                52.12356148064293
              ],
              [
                6.242579712323273,
                52.12365355521889
              ],
              [
                6.2421932886713805,
                52.12376950021246
              ],
              [
                6.241827186997542,
                52.12390819919061
              ],
              [
                6.24148493272712,
                52.12406831661059
              ],
              [
                6.241169821758594,
                52.1242483106743
              ],
              [
                6.240884888729815,
                52.12444644816804
              ],
              [
                6.24063287779486,
                52.12466082114549
              ],
              [
                6.240416216192714,
                52.12488936529381
              ],
              [
                6.240236990862601,
                52.125129879805634
              ],
              [
                6.2400969283314085,
                52.125380048566505
              ],
              [
                6.239997378067506,
                52.125637462453604
              ],
              [
                6.23993929946198,
                52.12589964253185
              ],
              [
                6.23992325256351,
                52.12616406392313
              ],
              [
                6.23994939265714,
                52.126428180120364
              ],
              [
                6.240017468740175,
                52.126689447510884
              ],
              [
                6.2400289071876,
                52.12671621431
              ],
              [
                6.239947942304033,
                52.12686082136594
              ],
              [
                6.239848387929592,
                52.12711823507328
              ],
              [
                6.2397903065737435,
                52.127380415019985
              ],
              [
                6.239774258311714,
                52.12764483632931
              ],
              [
                6.239800398441732,
                52.127908952494884
              ],
              [
                6.23986847596081,
                52.128170219904284
              ],
              [
                6.239977835953571,
                52.128426122336755
              ],
              [
                6.2401274258722195,
                52.128674195198265
              ],
              [
                6.24031580564821,
                52.1289120492616
              ],
              [
                6.240541161539221,
                52.129137393681425
              ],
              [
                6.2408013235788635,
                52.12934805806342
              ],
              [
                6.241093786461822,
                52.129542013374284
              ],
              [
                6.241415733663713,
                52.12971739149072
              ],
              [
                6.241764064563702,
                52.12987250319952
              ],
              [
                6.242135424308779,
                52.13000585447389
              ],
              [
                6.2425262361318765,
                52.13011616087049
              ],
              [
                6.242932735812313,
                52.13020235990662
              ],
              [
                6.2433510079460826,
                52.130263621299235
              ],
              [
                6.2437770236760235,
                52.13029935496637
              ],
              [
                6.244206679517576,
                52.130309216713826
              ],
              [
                6.24463583690526,
                52.13029311155224
              ],
              [
                6.245060362077974,
                52.13025119461243
              ],
              [
                6.245476165917828,
                52.13018386965038
              ],
              [
                6.245879243357828,
                52.130091785155976
              ],
              [
                6.246265711977787,
                52.129975828103255
              ],
              [
                6.24663184941584,
                52.12983711540271
              ],
              [
                6.246974129234418,
                52.129676983137934
              ],
              [
                6.2472892548945955,
                52.129496973690266
              ],
              [
                6.2475741915111405,
                52.12929882087675
              ],
              [
                6.247826195082145,
                52.12908443324347
              ],
              [
                6.248042838911665,
                52.128855875676564
              ],
              [
                6.248222036971042,
                52.12861534950814
              ],
              [
                6.248362063974291,
                52.12836517130835
              ],
              [
                6.248461571974723,
                52.12810775056922
              ],
              [
                6.248519603323751,
                52.12784556649436
              ],
              [
                6.248535599867882,
                52.12758114411923
              ],
              [
                6.248509408296374,
                52.127317029991104
              ],
              [
                6.248441281589083,
                52.12705576764409
              ],
              [
                6.248429838016794,
                52.12702900167405
              ],
              [
                6.248510775705851,
                52.12688438885842
              ],
              [
                6.24861027959918,
                52.12662696793983
              ],
              [
                6.2486683082016405,
                52.12636478373373
              ],
              [
                6.248684303386139,
                52.12610036127675
              ],
              [
                6.24865811185498,
                52.12583624711691
              ],
              [
                6.248589986587564,
                52.125574984788756
              ],
              [
                6.248480584375623,
                52.12531909031824
              ],
              [
                6.248330959470738,
                52.12507102799545
              ],
              [
                6.248142553406391,
                52.12483318664605
              ],
              [
                6.2479171810935705,
                52.124607856631584
              ]
            ]
          ],
          [
            [
              [
                6.239092738211167,
                52.12502183646471
              ],
              [
                6.238832609525106,
                52.12481116808926
              ],
              [
                6.238540187524215,
                52.124617206928775
              ],
              [
                6.238218288445263,
                52.12444182070782
              ],
              [
                6.237870012259115,
                52.124286698265415
              ],
              [
                6.237498712819931,
                52.12415333329947
              ],
              [
                6.23710796557476,
                52.12404300998968
              ],
              [
                6.2367015331442515,
                52.12395679063819
              ],
              [
                6.236283329105336,
                52.123895505445205
              ],
              [
                6.235857380323997,
                52.12385974451939
              ],
              [
                6.235427788199992,
                52.12384985219846
              ],
              [
                6.2349986891957965,
                52.12386592373549
              ],
              [
                6.234574215028814,
                52.123907804382114
              ],
              [
                6.234158452909128,
                52.123975090877494
              ],
              [
                6.233871380395239,
                52.1240406502891
              ],
              [
                6.233516486142209,
                52.124098083666986
              ],
              [
                6.2331134369939125,
                52.12419012592788
              ],
              [
                6.232726983960355,
                52.1243060399475
              ],
              [
                6.232360848337625,
                52.1244447095911
              ],
              [
                6.232018555877815,
                52.12460479959842
              ],
              [
                6.231703402846963,
                52.12478476843532
              ],
              [
                6.231418424287787,
                52.12498288313102
              ],
              [
                6.231166364792616,
                52.12519723595886
              ],
              [
                6.230949652067897,
                52.1254257628
              ],
              [
                6.230770373545013,
                52.1256662630138
              ],
              [
                6.230630256262957,
                52.125916420623554
              ],
              [
                6.230530650217272,
                52.12617382661393
              ],
              [
                6.230472515336164,
                52.126436002125885
              ],
              [
                6.230456412210238,
                52.12670042232558
              ],
              [
                6.230482496666049,
                52.1269645407172
              ],
              [
                6.23055051823677,
                52.127225813667145
              ],
              [
                6.230659822545874,
                52.12748172490131
              ],
              [
                6.230809357581906,
                52.12772980974097
              ],
              [
                6.230997683804986,
                52.12796767884358
              ],
              [
                6.231222987988692,
                52.128193041219085
              ],
              [
                6.2314831006647875,
                52.128403726300206
              ],
              [
                6.231775517003554,
                52.12859770485439
              ],
              [
                6.232097420929068,
                52.128773108534546
              ],
              [
                6.232445712237506,
                52.12892824788105
              ],
              [
                6.232817036457357,
                52.129061628601185
              ],
              [
                6.233207817163896,
                52.12917196596786
              ],
              [
                6.233614290436295,
                52.129258197200095
              ],
              [
                6.234032541125042,
                52.129319491704706
              ],
              [
                6.234458540579631,
                52.1293552590808
              ],
              [
                6.234888185472334,
                52.129365154809456
              ],
              [
                6.2353173373431785,
                52.12934908357399
              ],
              [
                6.235741862484183,
                52.12930720017842
              ],
              [
                6.235940806096298,
                52.129275004526114
              ],
              [
                6.236105173931462,
                52.1292587873668
              ],
              [
                6.236520982219891,
                52.129191493964406
              ],
              [
                6.236924069354004,
                52.129099440047646
              ],
              [
                6.237076919206927,
                52.129053592152445
              ],
              [
                6.237202790897283,
                52.12902484597602
              ],
              [
                6.237589272990268,
                52.128908917312465
              ],
              [
                6.237955428802723,
                52.12877023149043
              ],
              [
                6.238297731719957,
                52.12861012433453
              ],
              [
                6.2386128849804035,
                52.12843013798437
              ],
              [
                6.238897853432825,
                52.128232006034466
              ],
              [
                6.2391498927684985,
                52.12801763682992
              ],
              [
                6.239366575946849,
                52.12778909507958
              ],
              [
                6.2395458165600655,
                52.12754858196309
              ],
              [
                6.239685888912164,
                52.12729841392504
              ],
              [
                6.239785444619565,
                52.127041000359654
              ],
              [
                6.239843525574103,
                52.1267788204015
              ],
              [
                6.239859573144469,
                52.126514399046414
              ],
              [
                6.23983343352845,
                52.126250282831975
              ],
              [
                6.239765359205531,
                52.12598901531242
              ],
              [
                6.239656006476901,
                52.1257331125639
              ],
              [
                6.239506429117701,
                52.12548503895619
              ],
              [
                6.239318068203677,
                52.12524718342377
              ],
              [
                6.239092738211167,
                52.12502183646471
              ]
            ]
          ],
          [
            [
              [
                6.233563599595754,
                52.13305529068151
              ],
              [
                6.233338258953738,
                52.13282993303966
              ],
              [
                6.233078111647693,
                52.13261925228101
              ],
              [
                6.232785663235866,
                52.13242527715638
              ],
              [
                6.23246373020953,
                52.132249875524586
              ],
              [
                6.232115412866593,
                52.132094736373205
              ],
              [
                6.2317440654576,
                52.1319613535608
              ],
              [
                6.231353263891549,
                52.131851011439096
              ],
              [
                6.2309467713121345,
                52.13176477249116
              ],
              [
                6.230528501875403,
                52.131703467106014
              ],
              [
                6.230102483076935,
                52.131667685586606
              ],
              [
                6.22967281699055,
                52.131657772469
              ],
              [
                6.229243640790727,
                52.13167382320651
              ],
              [
                6.228819086937993,
                52.131715683250945
              ],
              [
                6.228403243409516,
                52.131782949539975
              ],
              [
                6.22800011435688,
                52.13187497437598
              ],
              [
                6.22761358156886,
                52.131990871659454
              ],
              [
                6.227247367109338,
                52.132129525416865
              ],
              [
                6.226904997489415,
                52.13228960054083
              ],
              [
                6.226589769718027,
                52.132469555640746
              ],
              [
                6.226304719557543,
                52.13266765787807
              ],
              [
                6.226052592289767,
                52.13288199964612
              ],
              [
                6.225835816273816,
                52.13311051693272
              ],
              [
                6.225656479550634,
                52.13335100918928
              ],
              [
                6.225516309719828,
                52.133601160515695
              ],
              [
                6.2254166572831675,
                52.133858561957325
              ],
              [
                6.225358482615839,
                52.1341207346989
              ],
              [
                6.22534234669187,
                52.13438515393327
              ],
              [
                6.225368405653961,
                52.13464927317416
              ],
              [
                6.2254364092811105,
                52.134910548779665
              ],
              [
                6.22554570336992,
                52.13516646445009
              ],
              [
                6.225695236007676,
                52.13541455546414
              ],
              [
                6.225883567677903,
                52.135652432419775
              ],
              [
                6.226108885101992,
                52.13587780425125
              ],
              [
                6.226369018684432,
                52.13608850030026
              ],
              [
                6.22666146339437,
                52.13628249122856
              ],
              [
                6.226983402882791,
                52.13645790856982
              ],
              [
                6.227331736603459,
                52.13661306273295
              ],
              [
                6.227703109676435,
                52.136746459282335
              ],
              [
                6.228093945206468,
                52.136856813338454
              ],
              [
                6.228500478744653,
                52.13694306195958
              ],
              [
                6.22891879456092,
                52.13700437438495
              ],
              [
                6.229344863377342,
                52.137040160040996
              ],
              [
                6.229774581197944,
                52.137050074232775
              ],
              [
                6.230203808860128,
                52.13703402146569
              ],
              [
                6.230628411925697,
                52.13699215636592
              ],
              [
                6.231044300526266,
                52.13692488219003
              ],
              [
                6.231447468778147,
                52.136832846938724
              ],
              [
                6.231834033386169,
                52.1367169371118
              ],
              [
                6.232200271063618,
                52.13657826916491
              ],
              [
                6.232542654407141,
                52.136418178750446
              ],
              [
                6.232857885880418,
                52.13623820784694
              ],
              [
                6.233142929578818,
                52.13604008990013
              ],
              [
                6.233395040468863,
                52.13582573312034
              ],
              [
                6.233611790820832,
                52.13559720209671
              ],
              [
                6.233791093580032,
                52.135356697905756
              ],
              [
                6.233931222452064,
                52.13510653690616
              ],
              [
                6.234030828509194,
                52.13484912842437
              ],
              [
                6.234088953158567,
                52.13458695154606
              ],
              [
                6.234105037348319,
                52.134322531237515
              ],
              [
                6.234078926923869,
                52.13405841402622
              ],
              [
                6.234010874083882,
                52.133797143476095
              ],
              [
                6.233901534922984,
                52.13354123569249
              ],
              [
                6.23375196308598,
                52.13329315509372
              ],
              [
                6.233563599595754,
                52.13305529068151
              ]
            ]
          ],
          [
            [
              [
                6.225368409052243,
                52.14246261644271
              ],
              [
                6.225002101866885,
                52.142601263184076
              ],
              [
                6.224659644067241,
                52.14276133169854
              ],
              [
                6.224344333511302,
                52.14294128065906
              ],
              [
                6.224059206758613,
                52.143139377286325
              ],
              [
                6.2238070098286045,
                52.143353714027725
              ],
              [
                6.223590171751354,
                52.14358222691957
              ],
              [
                6.223410781165644,
                52.14382271545561
              ],
              [
                6.223270566190034,
                52.14407286377171
              ],
              [
                6.223170877761344,
                52.144330262942134
              ],
              [
                6.223112676601724,
                52.14459243417365
              ],
              [
                6.223096523940714,
                52.14485685267365
              ],
              [
                6.223122576082589,
                52.145120971962875
              ],
              [
                6.223190582872452,
                52.14538224839905
              ],
              [
                6.223299890076837,
                52.145638165674484
              ],
              [
                6.2234494456571,
                52.145886259052396
              ],
              [
                6.223637809876151,
                52.146124139107904
              ],
              [
                6.22386316914221,
                52.14634951474543
              ],
              [
                6.224123353457039,
                52.146560215269986
              ],
              [
                6.224415857301355,
                52.14675421130015
              ],
              [
                6.22473786375673,
                52.14692963432045
              ],
              [
                6.2250862716320015,
                52.147084794684964
              ],
              [
                6.225457725333008,
                52.14721819789842
              ],
              [
                6.225848647187847,
                52.14732855901698
              ],
              [
                6.226255271916036,
                52.147414815030785
              ],
              [
                6.226673682909012,
                52.147476135107944
              ],
              [
                6.227099849971901,
                52.14751192860117
              ],
              [
                6.22752966816219,
                52.14752185073992
              ],
              [
                6.227529706348733,
                52.14752184931289
              ],
              [
                6.227529768168229,
                52.147521850739835
              ],
              [
                6.227959097356266,
                52.147505805952626
              ],
              [
                6.228383802125683,
                52.14746394878918
              ],
              [
                6.228799791628222,
                52.14739668242958
              ],
              [
                6.229203059008085,
                52.14730465479929
              ],
              [
                6.229589720015099,
                52.1471887523247
              ],
              [
                6.229956050433893,
                52.14705009139073
              ],
              [
                6.230298521967732,
                52.146890007582286
              ],
              [
                6.230613836230814,
                52.14671004281425
              ],
              [
                6.230898956521119,
                52.14651193047341
              ],
              [
                6.231151137067546,
                52.146297578716116
              ],
              [
                6.231367949469622,
                52.1460690520832
              ],
              [
                6.231547306075229,
                52.145828551608965
              ],
              [
                6.231687480071627,
                52.14557839361632
              ],
              [
                6.231787122096789,
                52.1453209874028
              ],
              [
                6.231845273211811,
                52.145058812032296
              ],
              [
                6.231861374110323,
                52.14479439245658
              ],
              [
                6.231835270477232,
                52.14453027519621
              ],
              [
                6.231767214446202,
                52.14426900381541
              ],
              [
                6.231657862142988,
                52.144013094427685
              ],
              [
                6.2315082673393425,
                52.14376501146669
              ],
              [
                6.231319871279672,
                52.143527143956945
              ],
              [
                6.231094488779355,
                52.14330178251193
              ],
              [
                6.230834290729502,
                52.143091097281236
              ],
              [
                6.2305417831772045,
                52.14289711705856
              ],
              [
                6.230219783183379,
                52.14272170975193
              ],
              [
                6.229871391690858,
                52.14256656440333
              ],
              [
                6.229499963664219,
                52.142433174931085
              ],
              [
                6.229109075788697,
                52.14232282575095
              ],
              [
                6.228702492038971,
                52.14223657941394
              ],
              [
                6.228284127448809,
                52.142175266380114
              ],
              [
                6.227858010429851,
                52.14213947702617
              ],
              [
                6.227428244001449,
                52.142129555963486
              ],
              [
                6.227428205819515,
                52.14212955739049
              ],
              [
                6.22742814400749,
                52.142129555963436
              ],
              [
                6.226998866310037,
                52.14214559872146
              ],
              [
                6.226574210781108,
                52.14218745082926
              ],
              [
                6.226158266376671,
                52.14225470930089
              ],
              [
                6.22575503821943,
                52.142346726514106
              ],
              [
                6.225368409052243,
                52.14246261644271
              ]
            ]
          ]
        ]
      },
      "properties": {
        "type": "buffer_union_300m",
        "buffer_m": 300
      }
    },
    {
      "type": "Feature",
      "geometry": {
        "type": "MultiPolygon",
        "coordinates": [
          [
            [
              [
                6.203854197090864,
                52.123277507845906
              ],
              [
                6.20355400900416,
                52.122976954165054
              ],
              [
                6.2032074101828805,
                52.12269595774814
              ],
              [
                6.20281773891524,
                52.12243722435311
              ],
              [
                6.202388748044328,
                52.122203245319554
              ],
              [
                6.201924568822509,
                52.12199627359145
              ],
              [
                6.201429671131527,
                52.12181830203537
              ],
              [
                6.20090882045116,
                52.12167104426302
              ],
              [
                6.200367031990232,
                52.12155591814147
              ],
              [
                6.1998095224207805,
                52.1214740321505
              ],
              [
                6.199241659678856,
                52.121426174716305
              ],
              [
                6.1986689113139395,
                52.121412806625926
              ],
              [
                6.198096791882594,
                52.12143405659332
              ],
              [
                6.197530809891095,
                52.12148972002137
              ],
              [
                6.196976414796107,
                52.12157926096963
              ],
              [
                6.1964389445718,
                52.12170181731124
              ],
              [
                6.19592357434656,
                52.12185620902785
              ],
              [
                6.19543526660226,
                52.12204094956337
              ],
              [
                6.194978723414146,
                52.122254260128486
              ],
              [
                6.194558341190172,
                52.12249408681691
              ],
              [
                6.194178168344727,
                52.122758120370925
              ],
              [
                6.193841866313921,
                52.12304381840514
              ],
              [
                6.193552674287654,
                52.12334842987569
              ],
              [
                6.19331337799842,
                52.12366902155932
              ],
              [
                6.193126282868024,
                52.124002506288655
              ],
              [
                6.192993191771775,
                52.12434567267146
              ],
              [
                6.1929153876355905,
                52.12469521600845
              ],
              [
                6.192893621035151,
                52.12504777011267
              ],
              [
                6.192928102918302,
                52.12539993972331
              ],
              [
                6.193018502522628,
                52.125748333203155
              ],
              [
                6.193163950510283,
                52.12608959520362
              ],
              [
                6.193363047291751,
                52.1264204389837
              ],
              [
                6.193613876460314,
                52.126737678070754
              ],
              [
                6.193914023209478,
                52.127038256958194
              ],
              [
                6.194260597557535,
                52.12731928054405
              ],
              [
                6.194650262156758,
                52.127578042026315
              ],
              [
                6.195079264420321,
                52.12781204898601
              ],
              [
                6.195543472658047,
                52.128019047405935
              ],
              [
                6.196038415873127,
                52.12819704339382
              ],
              [
                6.196559326836322,
                52.128344322399045
              ],
              [
                6.197101188022164,
                52.12845946573851
              ],
              [
                6.197658779963847,
                52.1285413642709
              ],
              [
                6.198226731559793,
                52.128589229087886
              ],
              [
                6.198799571845917,
                52.128602599118864
              ],
              [
                6.1993717827331745,
                52.128581345575135
              ],
              [
                6.199937852200687,
                52.12852567319141
              ],
              [
                6.20049232743014,
                52.12843611825229
              ],
              [
                6.201029867367843,
                52.12831354342219
              ],
              [
                6.201545294206352,
                52.128159129430074
              ],
              [
                6.202033643288188,
                52.127974363687905
              ],
              [
                6.202490210949526,
                52.127761025953895
              ],
              [
                6.202910599841921,
                52.12752117117823
              ],
              [
                6.203290761294711,
                52.127257109698085
              ],
              [
                6.2036270343096085,
                52.12697138497201
              ],
              [
                6.2039161808117775,
                52.126666749069685
              ],
              [
                6.204155416818189,
                52.12634613615318
              ],
              [
                6.204342439223667,
                52.126012634205885
              ],
              [
                6.204475447947687,
                52.12566945528174
              ],
              [
                6.204553163229849,
                52.12531990456191
              ],
              [
                6.204574837909079,
                52.124967348517124
              ],
              [
                6.204540264570022,
                52.12461518248271
              ],
              [
                6.204449777489682,
                52.124266797958526
              ],
              [
                6.2043042493675635,
                52.123925549948964
              ],
              [
                6.204105082872702,
                52.123594724657366
              ],
              [
                6.203854197090864,
                52.123277507845906
              ]
            ]
          ],
          [
            [
              [
                6.1964271901876975,
                52.13789173163392
              ],
              [
                6.195938709538063,
                52.13807647412307
              ],
              [
                6.195482005227762,
                52.13828978640471
              ],
              [
                6.195291400681648,
                52.138398488630806
              ],
              [
                6.19494579273382,
                52.13839041415671
              ],
              [
                6.194373453940917,
                52.13841164645106
              ],
              [
                6.193807252124474,
                52.13846729230246
              ],
              [
                6.1932526388570315,
                52.138556815939914
              ],
              [
                6.192714954212795,
                52.13867935540328
              ],
              [
                6.192199375384149,
                52.138833730836666
              ],
              [
                6.191710866861097,
                52.13901845584117
              ],
              [
                6.191254132651831,
                52.13923175177686
              ],
              [
                6.190833571003486,
                52.13947156487872
              ],
              [
                6.190453232058165,
                52.1397355860199
              ],
              [
                6.190116778851599,
                52.140021272934774
              ],
              [
                6.189827452029814,
                52.14032587468661
              ],
              [
                6.189588038623891,
                52.140646458146044
              ],
              [
                6.189400845184184,
                52.140979936225044
              ],
              [
                6.189267675533589,
                52.141323097595425
              ],
              [
                6.189189813355512,
                52.14167263760648
              ],
              [
                6.1891680097856945,
                52.1420251901032
              ],
              [
                6.189202476129158,
                52.142377359840445
              ],
              [
                6.189292881774324,
                52.14272575517977
              ],
              [
                6.189438357326312,
                52.14306702075471
              ],
              [
                6.189490730180664,
                52.14315403050972
              ],
              [
                6.189446575583115,
                52.1432678070537
              ],
              [
                6.189368711497384,
                52.14361734707276
              ],
              [
                6.189352073546948,
                52.14388638132967
              ],
              [
                6.189346886514037,
                52.14390966609041
              ],
              [
                6.1893250831883115,
                52.14426221848339
              ],
              [
                6.189352682104964,
                52.144544193579655
              ],
              [
                6.189027160911187,
                52.14469618403983
              ],
              [
                6.188606535935769,
                52.14493598911008
              ],
              [
                6.188226137398739,
                52.14520000294914
              ],
              [
                6.18788962890968,
                52.14548568336168
              ],
              [
                6.187600251647046,
                52.14579027947367
              ],
              [
                6.187360793127799,
                52.14611085821013
              ],
              [
                6.18717356033693,
                52.14644433252853
              ],
              [
                6.1870403574765485,
                52.146787491137026
              ],
              [
                6.186962468550177,
                52.1471370294115
              ],
              [
                6.186940644951499,
                52.147489581213755
              ],
              [
                6.186975098178789,
                52.14784175130532
              ],
              [
                6.187065497747168,
                52.14819014804449
              ],
              [
                6.187210974320665,
                52.14853141605112
              ],
              [
                6.187410128035934,
                52.14886226852648
              ],
              [
                6.187661041939274,
                52.14917951891404
              ],
              [
                6.187961300409292,
                52.149480111598315
              ],
              [
                6.18801541842041,
                52.14952397918196
              ],
              [
                6.188085751367546,
                52.14968895743321
              ],
              [
                6.188284916770669,
                52.15001980834281
              ],
              [
                6.18853584343384,
                52.15033705678113
              ],
              [
                6.188836115612805,
                52.15063764715149
              ],
              [
                6.189182842118806,
                52.150918684241105
              ],
              [
                6.189572684139396,
                52.15117746111772
              ],
              [
                6.189771663351642,
                52.15128595551202
              ],
              [
                6.189789637680285,
                52.15146954811242
              ],
              [
                6.189880066709096,
                52.15181794242012
              ],
              [
                6.190025576760553,
                52.15215920667703
              ],
              [
                6.1902247676490525,
                52.15249005412033
              ],
              [
                6.190475722063006,
                52.152807298242
              ],
              [
                6.190776023990944,
                52.153107883486825
              ],
              [
                6.191122781957614,
                52.153388914691426
              ],
              [
                6.191512656847548,
                52.15364768498019
              ],
              [
                6.191941894048961,
                52.15388170184905
              ],
              [
                6.192406359609007,
                52.15408871118523
              ],
              [
                6.192901580052285,
                52.15426671899103
              ],
              [
                6.193394351798486,
                52.15440597538523
              ],
              [
                6.19324393164877,
                52.15460735680859
              ],
              [
                6.193056707569201,
                52.15494083996926
              ],
              [
                6.192923524978537,
                52.15528400468694
              ],
              [
                6.192845667685731,
                52.15563354627855
              ],
              [
                6.192823886780443,
                52.15598609857401
              ],
              [
                6.192858393350383,
                52.15633826632995
              ],
              [
                6.192948856397496,
                52.15668665792697
              ],
              [
                6.193094405974961,
                52.15702791803457
              ],
              [
                6.1932936415167426,
                52.15735875992978
              ],
              [
                6.193544645281383,
                52.15767599715788
              ],
              [
                6.193845000782237,
                52.15797657423009
              ],
              [
                6.194191816028157,
                52.15825759606167
              ],
              [
                6.194581751352002,
                52.15851635586711
              ],
              [
                6.195011051559876,
                52.158750361243364
              ],
              [
                6.195475582091969,
                52.15895735818826
              ],
              [
                6.1959708688469455,
                52.15913535282335
              ],
              [
                6.196492141286031,
                52.1592826306109
              ],
              [
                6.197034378401168,
                52.15939777287924
              ],
              [
                6.19759235710347,
                52.15947967049727
              ],
              [
                6.198160702564752,
                52.15952753456532
              ],
              [
                6.19827396873541,
                52.15953017646155
              ],
              [
                6.198351483508529,
                52.15960773427516
              ],
              [
                6.198698339797531,
                52.15988874269361
              ],
              [
                6.199088315479224,
                52.16014748744615
              ],
              [
                6.199517654970861,
                52.160381476274665
              ],
              [
                6.199982223334109,
                52.160588455336324
              ],
              [
                6.200477546103074,
                52.16076643092487
              ],
              [
                6.200998852391932,
                52.16091368868608
              ],
              [
                6.201541120866418,
                52.16102881014118
              ],
              [
                6.20209912813543,
                52.16111068635952
              ],
              [
                6.202667499095487,
                52.16115852864762
              ],
              [
                6.2032407587415905,
                52.16117187615171
              ],
              [
                6.203813384943798,
                52.16115060030018
              ],
              [
                6.204379861679319,
                52.161094906042656
              ],
              [
                6.204934732205575,
                52.161005329874556
              ],
              [
                6.2054726516601,
                52.16088273466493
              ],
              [
                6.205988438578939,
                52.16072830133925
              ],
              [
                6.205988567897356,
                52.16072825244136
              ],
              [
                6.205988738593739,
                52.1607282013321
              ],
              [
                6.2064774248480745,
                52.16054341748761
              ],
              [
                6.206934303528287,
                52.16033006305831
              ],
              [
                6.2073549742902525,
                52.1600901931557
              ],
              [
                6.2077353857487765,
                52.15982611826278
              ],
              [
                6.208071874498341,
                52.15954038196762
              ],
              [
                6.20836120038735,
                52.159235736451514
              ],
              [
                6.20860057770645,
                52.15891511596939
              ],
              [
                6.208787701991156,
                52.15858160857771
              ],
              [
                6.208920772181661,
                52.15823842638289
              ],
              [
                6.208998507927692,
                52.15788887459771
              ],
              [
                6.209020161873297,
                52.15753631970327
              ],
              [
                6.208985526805034,
                52.15718415702363
              ],
              [
                6.208894937596583,
                52.15683577802632
              ],
              [
                6.208749267933064,
                52.15649453766228
              ],
              [
                6.208549921848468,
                52.156163722061095
              ],
              [
                6.208298820159682,
                52.1558465168913
              ],
              [
                6.207998381929331,
                52.155545976691045
              ],
              [
                6.207651501137557,
                52.155264995463526
              ],
              [
                6.20726151878851,
                52.155006278820075
              ],
              [
                6.206832190721145,
                52.15477231793862
              ],
              [
                6.206516575314556,
                52.154631711617945
              ],
              [
                6.206650284870506,
                52.15449091427548
              ],
              [
                6.20688964923942,
                52.15417029703424
              ],
              [
                6.207076766627277,
                52.15383679210249
              ],
              [
                6.20720983604039,
                52.15349361156316
              ],
              [
                6.207287577135653,
                52.15314406061292
              ],
              [
                6.207309242505257,
                52.15279150572486
              ],
              [
                6.207274624825417,
                52.15243934222312
              ],
              [
                6.207196611701224,
                52.15213924919803
              ],
              [
                6.207336534753767,
                52.15225260009359
              ],
              [
                6.207726493385359,
                52.15251131665963
              ],
              [
                6.20815580430639,
                52.152745274411735
              ],
              [
                6.208620332853384,
                52.15295221980642
              ],
              [
                6.2091156049437135,
                52.15313015946192
              ],
              [
                6.209636850179563,
                52.15327737936998
              ],
              [
                6.2101790478147105,
                52.15339246141663
              ],
              [
                6.210736975140466,
                52.153474297050785
              ],
              [
                6.211305257823551,
                52.15352209797012
              ],
              [
                6.211878421709527,
                52.153535403719275
              ],
              [
                6.212450945591175,
                52.15351408612895
              ],
              [
                6.213017314431673,
                52.15345835055088
              ],
              [
                6.213572072528138,
                52.153368733878395
              ],
              [
                6.214109876101506,
                52.15324609937083
              ],
              [
                6.21462554480445,
                52.153091628332156
              ],
              [
                6.21511411164959,
                52.15290680872399
              ],
              [
                6.215570870875646,
                52.15269342082356
              ],
              [
                6.215991423289385,
                52.152453520064526
              ],
              [
                6.216371718645776,
                52.152189417227156
              ],
              [
                6.216708094657725,
                52.151903656168386
              ],
              [
                6.216997312259539,
                52.15159898930802
              ],
              [
                6.2172365867847885,
                52.15127835110645
              ],
              [
                6.217423614758877,
                52.1509448297905
              ],
              [
                6.217556596049337,
                52.15060163760066
              ],
              [
                6.217634251161737,
                52.150252079845785
              ],
              [
                6.217655833516271,
                52.14989952306427
              ],
              [
                6.217621136588458,
                52.14954736259835
              ],
              [
                6.217530495847154,
                52.14919898989401
              ],
              [
                6.217384785473153,
                52.14885775984152
              ],
              [
                6.217185409891885,
                52.14852695847111
              ],
              [
                6.216934290203662,
                52.14820977131423
              ],
              [
                6.21663384564385,
                52.147909252735445
              ],
              [
                6.216286970252985,
                52.1476282965298
              ],
              [
                6.215897004982716,
                52.14736960806763
              ],
              [
                6.2154677055071135,
                52.147135678255644
              ],
              [
                6.215003206049815,
                52.14692875956355
              ],
              [
                6.214507979575543,
                52.146750844347
              ],
              [
                6.213986794729113,
                52.146603645674965
              ],
              [
                6.213444669936018,
                52.146488580845485
              ],
              [
                6.2128868251056675,
                52.14640675774783
              ],
              [
                6.212318631401093,
                52.14635896420271
              ],
              [
                6.211745559557326,
                52.146345660381925
              ],
              [
                6.211173127244472,
                52.146366974380896
              ],
              [
                6.210606845980402,
                52.14642270098568
              ],
              [
                6.210052168102488,
                52.14651230364795
              ],
              [
                6.209514434307045,
                52.146634919646644
              ],
              [
                6.208998822259874,
                52.14678936838921
              ],
              [
                6.208510296771098,
                52.1469741627707
              ],
              [
                6.208053562012701,
                52.147187523483495
              ],
              [
                6.207633016237637,
                52.14742739613864
              ],
              [
                6.207252709435814,
                52.147691471035934
              ],
              [
                6.206916304334169,
                52.14797720539205
              ],
              [
                6.206627041116295,
                52.14828184781348
              ],
              [
                6.206387706201628,
                52.14860246477901
              ],
              [
                6.206200605385487,
                52.14893596887788
              ],
              [
                6.206067541599624,
                52.14927914853113
              ],
              [
                6.205989797508715,
                52.149628698911826
              ],
              [
                6.205968123111968,
                52.1499812537649
              ],
              [
                6.206002728470996,
                52.15033341782228
              ],
              [
                6.206080730348401,
                52.15063351175216
              ],
              [
                6.205940815575622,
                52.15052015931843
              ],
              [
                6.205550884723216,
                52.1502614367035
              ],
              [
                6.205121611368055,
                52.15002746929338
              ],
              [
                6.2046571294826265,
                52.149820509919856
              ],
              [
                6.204161911862778,
                52.14964255133034
              ],
              [
                6.203640727068328,
                52.14949530701135
              ],
              [
                6.2032152936432245,
                52.149404974133574
              ],
              [
                6.202830924223914,
                52.14923369887552
              ],
              [
                6.202335720366556,
                52.149055732572066
              ],
              [
                6.201814548414892,
                52.14890848014207
              ],
              [
                6.2012724266705135,
                52.148793359401246
              ],
              [
                6.200714575013664,
                52.14871147877711
              ],
              [
                6.200146364673193,
                52.14866362664422
              ],
              [
                6.199912912380249,
                52.14865818358377
              ],
              [
                6.199685249611651,
                52.14850709625376
              ],
              [
                6.199486258820676,
                52.148398618557444
              ],
              [
                6.199468245922101,
                52.14821502742108
              ],
              [
                6.199377749548776,
                52.14786664039493
              ],
              [
                6.1993652352934445,
                52.14783730349315
              ],
              [
                6.199759223697851,
                52.147688314878366
              ],
              [
                6.200216003388761,
                52.147474986210966
              ],
              [
                6.200636589613192,
                52.14723513992101
              ],
              [
                6.201016931799876,
                52.14697108626401
              ],
              [
                6.20135336721003,
                52.14668536862335
              ],
              [
                6.201642656205202,
                52.146380739000676
              ],
              [
                6.201882013430655,
                52.14606013149778
              ],
              [
                6.202069134614629,
                52.145726634046056
              ],
              [
                6.202202218726312,
                52.14538345865625
              ],
              [
                6.2022799852804456,
                52.14503391047559
              ],
              [
                6.202281128413589,
                52.14501533955721
              ],
              [
                6.202437632223985,
                52.14500952423242
              ],
              [
                6.2030039059836035,
                52.14495383685417
              ],
              [
                6.2035585788432455,
                52.14486426732744
              ],
              [
                6.204096307845023,
                52.144741678457436
              ],
              [
                6.204611913359938,
                52.14458725110842
              ],
              [
                6.205100429009168,
                52.1444024728211
              ],
              [
                6.205557149524361,
                52.144189123474625
              ],
              [
                6.205977676084839,
                52.143949258131286
              ],
              [
                6.20635795869417,
                52.14368518723005
              ],
              [
                6.206694335187532,
                52.14339945432046
              ],
              [
                6.2069835664940065,
                52.143094811551066
              ],
              [
                6.2072228678145285,
                52.142774193150196
              ],
              [
                6.207409935415747,
                52.14244068715413
              ],
              [
                6.207542968782841,
                52.14209750565583
              ],
              [
                6.207620687919151,
                52.14174795386135
              ],
              [
                6.207642345627606,
                52.14139539825168
              ],
              [
                6.2076077346574134,
                52.14104323415802
              ],
              [
                6.207545522456835,
                52.140803867011435
              ],
              [
                6.207545522456835,
                52.140803867011435
              ],
              [
                6.207538099000092,
                52.1407283316272
              ],
              [
                6.207447555187164,
                52.14037995045625
              ],
              [
                6.2073019509712575,
                52.14003870722071
              ],
              [
                6.207102689755123,
                52.13970788807788
              ],
              [
                6.206851691537505,
                52.13939067873054
              ],
              [
                6.206614487210641,
                52.13915329486301
              ],
              [
                6.206991292488829,
                52.13893833747353
              ],
              [
                6.207371526569073,
                52.13867426318452
              ],
              [
                6.207707858985624,
                52.138388527237126
              ],
              [
                6.207997051091982,
                52.13808388180913
              ],
              [
                6.2082363184664615,
                52.137763261154525
              ],
              [
                6.208423357702444,
                52.137429753331126
              ],
              [
                6.208556368558034,
                52.137086570449526
              ],
              [
                6.208634071253083,
                52.13673701772903
              ],
              [
                6.208655718748536,
                52.1363844616596
              ],
              [
                6.208621665637378,
                52.136038012702706
              ],
              [
                6.208732558565688,
                52.135974743649726
              ],
              [
                6.2091127571773015,
                52.13571066369059
              ],
              [
                6.209449056206428,
                52.135424922706356
              ],
              [
                6.209738217328118,
                52.13512027292332
              ],
              [
                6.209977456419049,
                52.13479964863726
              ],
              [
                6.210007244874481,
                52.134746525841805
              ],
              [
                6.210130493731529,
                52.134660914220305
              ],
              [
                6.210466778363357,
                52.134375170314044
              ],
              [
                6.210755925769904,
                52.13407051801117
              ],
              [
                6.210995151959931,
                52.133749891631645
              ],
              [
                6.211182153923349,
                52.133416379288505
              ],
              [
                6.211315131777075,
                52.13307319313571
              ],
              [
                6.211392806058597,
                52.13272363842407
              ],
              [
                6.211413857976125,
                52.13238040804508
              ],
              [
                6.211552346650786,
                52.132492633810315
              ],
              [
                6.211942156425915,
                52.13275133761052
              ],
              [
                6.2123712987893684,
                52.1329852811509
              ],
              [
                6.212835640700957,
                52.13319221102509
              ],
              [
                6.213330709875727,
                52.13337013400092
              ],
              [
                6.21385173787056,
                52.1335173362311
              ],
              [
                6.214393706032133,
                52.133632399771955
              ],
              [
                6.214951393862677,
                52.133714216250816
              ],
              [
                6.215519429336513,
                52.13376199754995
              ],
              [
                6.216092340681226,
                52.133775283403125
              ],
              [
                6.216664609123037,
                52.13375394583262
              ],
              [
                6.217230722086523,
                52.13369819038273
              ],
              [
                6.217785226334378,
                52.133608554138114
              ],
              [
                6.218322780533497,
                52.13348590054653
              ],
              [
                6.218838206739304,
                52.133331411095696
              ],
              [
                6.219326540300768,
                52.1331465739245
              ],
              [
                6.2197830777040295,
                52.132933169479074
              ],
              [
                6.22020342189265,
                52.13269325335239
              ],
              [
                6.2205835246272,
                52.132429136472375
              ],
              [
                6.220919725475641,
                52.13214336283112
              ],
              [
                6.221208787058944,
                52.13183868496943
              ],
              [
                6.221447926212701,
                52.13151803745338
              ],
              [
                6.221634840765269,
                52.13118450859936
              ],
              [
                6.221767731675526,
                52.13084131072033
              ],
              [
                6.2218453203183275,
                52.13049174917978
              ],
              [
                6.2218668607527405,
                52.13013919055246
              ],
              [
                6.2218321468566575,
                52.129787030198266
              ],
              [
                6.221741514260992,
                52.12943865956213
              ],
              [
                6.221595837066748,
                52.12909743351435
              ],
              [
                6.221396519378546,
                52.12876663804664
              ],
              [
                6.2211454817380245,
                52.128449458633675
              ],
              [
                6.220845142589414,
                52.12814894956563
              ],
              [
                6.220498394957318,
                52.12786800454595
              ],
              [
                6.220108578562473,
                52.1276093288375
              ],
              [
                6.219687742906108,
                52.12737993493878
              ],
              [
                6.219646966271799,
                52.12722316134895
              ],
              [
                6.219501312387216,
                52.12688193253858
              ],
              [
                6.219302020171632,
                52.12655113335459
              ],
              [
                6.219051009921307,
                52.126233949307604
              ],
              [
                6.218750699816668,
                52.12593343473235
              ],
              [
                6.218403982602618,
                52.12565248338548
              ],
              [
                6.218014197706998,
                52.125393800590686
              ],
              [
                6.217808559109504,
                52.125281697084375
              ],
              [
                6.217811459636967,
                52.125277807880174
              ],
              [
                6.217998375525436,
                52.12494428444371
              ],
              [
                6.2181312761047876,
                52.12460109028847
              ],
              [
                6.218208882656314,
                52.1242515307421
              ],
              [
                6.218230449066152,
                52.123898972360244
              ],
              [
                6.218210470682892,
                52.12369610099128
              ],
              [
                6.218217718065619,
                52.12357762307684
              ],
              [
                6.218183038325188,
                52.12322546119386
              ],
              [
                6.2180924477764,
                52.122877087285694
              ],
              [
                6.217946820114946,
                52.12253585625436
              ],
              [
                6.21774755896811,
                52.12220505413947
              ],
              [
                6.217496584332768,
                52.12188786647988
              ],
              [
                6.217196314046215,
                52.12158734764526
              ],
              [
                6.216849640469817,
                52.1213063914332
              ],
              [
                6.216459902611147,
                52.12104770321444
              ],
              [
                6.216030853954019,
                52.12081377389348
              ],
              [
                6.215566626306755,
                52.120606855935584
              ],
              [
                6.215071690016944,
                52.120428941689546
              ],
              [
                6.214550810935643,
                52.12028174421525
              ],
              [
                6.214009004544823,
                52.12016668079935
              ],
              [
                6.213451487688912,
                52.12008485931763
              ],
              [
                6.212883628373966,
                52.120037067575396
              ],
              [
                6.212310894116403,
                52.120023765727176
              ],
              [
                6.2117387993369775,
                52.120045081849334
              ],
              [
                6.211172852304718,
                52.12010081070755
              ],
              [
                6.210618502139882,
                52.12019041573164
              ],
              [
                6.210081086384309,
                52.12031303417778
              ],
              [
                6.2095657796422685,
                52.12046748542956
              ],
              [
                6.209077543784767,
                52.12065228235785
              ],
              [
                6.208621080195295,
                52.12086564563017
              ],
              [
                6.208200784515809,
                52.12110552083271
              ],
              [
                6.2078207043278075,
                52.121369598240534
              ],
              [
                6.2074845001756165,
                52.121655335045936
              ],
              [
                6.207195410307024,
                52.12195997983146
              ],
              [
                6.206956219471143,
                52.12228059905303
              ],
              [
                6.206769232074583,
                52.12261410527784
              ],
              [
                6.206636249955389,
                52.122957286906555
              ],
              [
                6.20655855499014,
                52.1233068390928
              ],
              [
                6.2065368967032075,
                52.12365939556423
              ],
              [
                6.2065568220608105,
                52.123862269022304
              ],
              [
                6.206549543702317,
                52.12398074627852
              ],
              [
                6.206584132360976,
                52.12433291172825
              ],
              [
                6.206674636216252,
                52.12468129457509
              ],
              [
                6.206820184926055,
                52.12502253957277
              ],
              [
                6.2070193779305125,
                52.125353360143784
              ],
              [
                6.207270297895797,
                52.125670570038935
              ],
              [
                6.207570529140489,
                52.12597111403262
              ],
              [
                6.207917180868595,
                52.12625209735884
              ],
              [
                6.208306914986604,
                52.126510813603275
              ],
              [
                6.2085125355030515,
                52.12662293369674
              ],
              [
                6.208509634077914,
                52.12662682267318
              ],
              [
                6.208322640279381,
                52.12696033113611
              ],
              [
                6.208189657351084,
                52.12730351427247
              ],
              [
                6.2081119671776825,
                52.127653067221516
              ],
              [
                6.2080903192377095,
                52.128005623703395
              ],
              [
                6.20812492333648,
                52.1283577884343
              ],
              [
                6.208215447534706,
                52.128706169823715
              ],
              [
                6.2083610212946185,
                52.1290474126393
              ],
              [
                6.208521010605447,
                52.12931308228598
              ],
              [
                6.208504989470092,
                52.129307323095375
              ],
              [
                6.208482636351677,
                52.12929735958069
              ],
              [
                6.207987631617456,
                52.12911941599454
              ],
              [
                6.207466674197565,
                52.128972187597434
              ],
              [
                6.206924780328246,
                52.12885709197362
              ],
              [
                6.20636716769612,
                52.12877523730914
              ],
              [
                6.2057992052292095,
                52.1287274117286
              ],
              [
                6.205226361436851,
                52.12871407571227
              ],
              [
                6.204654151794104,
                52.12873535766549
              ],
              [
                6.2040880856755765,
                52.12879105268296
              ],
              [
                6.20353361334773,
                52.128880624520264
              ],
              [
                6.202996073528228,
                52.1290032107532
              ],
              [
                6.202480642015508,
                52.129157631075536
              ],
              [
                6.201992281881578,
                52.12934239865597
              ],
              [
                6.201535695706256,
                52.129555734444736
              ],
              [
                6.201115280311614,
                52.12979558429273
              ],
              [
                6.200735084431737,
                52.13005963871925
              ],
              [
                6.200398769724901,
                52.130345355138026
              ],
              [
                6.200109575503507,
                52.13064998232807
              ],
              [
                6.199870287521674,
                52.1309705869148
              ],
              [
                6.199683211121738,
                52.13130408160658
              ],
              [
                6.199571184055147,
                52.131593004902065
              ],
              [
                6.199372315768277,
                52.131802475064376
              ],
              [
                6.199133016355338,
                52.1321230781174
              ],
              [
                6.1989459296623854,
                52.13245657159707
              ],
              [
                6.198812858484079,
                52.13279974402681
              ],
              [
                6.198735085555138,
                52.13314929064909
              ],
              [
                6.198713361151331,
                52.13350184524523
              ],
              [
                6.198747335361425,
                52.13384829737187
              ],
              [
                6.198636433498517,
                52.13391155707537
              ],
              [
                6.198256188007009,
                52.1341756034316
              ],
              [
                6.197919826546083,
                52.134461312681616
              ],
              [
                6.197630588878394,
                52.13476593367354
              ],
              [
                6.197391261176525,
                52.13508653309258
              ],
              [
                6.197204149165442,
                52.13542002369689
              ],
              [
                6.197071055883747,
                52.135763194037594
              ],
              [
                6.19699326427918,
                52.136112739377346
              ],
              [
                6.196971524807534,
                52.13646529350984
              ],
              [
                6.197006048156179,
                52.136817461174054
              ],
              [
                6.197096503164123,
                52.13716585075125
              ],
              [
                6.197242019960636,
                52.13750710693049
              ],
              [
                6.19732778767109,
                52.13764956812595
              ],
              [
                6.196942743436722,
                52.13773733774541
              ],
              [
                6.1964271901876975,
                52.13789173163392
              ]
            ]
          ],
          [
            [
              [
                6.18597982096849,
                52.141352680538574
              ],
              [
                6.1856331891968726,
                52.14107163338721
              ],
              [
                6.1852434585062355,
                52.14081284282236
              ],
              [
                6.184814382312776,
                52.140578800734176
              ],
              [
                6.184350092691138,
                52.14037176067353
              ],
              [
                6.1838550605865805,
                52.1401937161649
              ],
              [
                6.18333405277338,
                52.140046381522325
              ],
              [
                6.1827920859733725,
                52.13993117535287
              ],
              [
                6.182234378575554,
                52.13984920690687
              ],
              [
                6.181666300420384,
                52.139801265404365
              ],
              [
                6.181093321130871,
                52.13978781244165
              ],
              [
                6.180520957486306,
                52.13980897754994
              ],
              [
                6.179954720343535,
                52.1398645569489
              ],
              [
                6.179400061615038,
                52.13995401550731
              ],
              [
                6.178862321812458,
                52.14007649189153
              ],
              [
                6.178346678658942,
                52.1402308068532
              ],
              [
                6.177858097263445,
                52.140415474575455
              ],
              [
                6.177401282335403,
                52.14062871697017
              ],
              [
                6.176980632898723,
                52.14086848078766
              ],
              [
                6.176600199940376,
                52.141132457375896
              ],
              [
                6.176263647400916,
                52.14141810489832
              ],
              [
                6.175974216882473,
                52.14172267279764
              ],
              [
                6.1757346964143345,
                52.142043228270595
              ],
              [
                6.175547393577532,
                52.142376684498835
              ],
              [
                6.175414113248236,
                52.14271983036477
              ],
              [
                6.175336140175575,
                52.143069361367225
              ],
              [
                6.175314226563204,
                52.14342191143812
              ],
              [
                6.1753485847759615,
                52.14377408535592
              ],
              [
                6.175438885243799,
                52.14412249144207
              ],
              [
                6.175584259585028,
                52.1444637742268
              ],
              [
                6.175783308920854,
                52.14479464676907
              ],
              [
                6.17603411730292,
                52.14511192231927
              ],
              [
                6.176334270126271,
                52.14541254501981
              ],
              [
                6.176680877351933,
                52.14569361934661
              ],
              [
                6.1770706013165935,
                52.14595243800901
              ],
              [
                6.177499688862535,
                52.14618650803711
              ],
              [
                6.177964007478843,
                52.14639357480625
              ],
              [
                6.178459085106013,
                52.14657164376555
              ],
              [
                6.17898015322036,
                52.14671899966144
              ],
              [
                6.179522192782705,
                52.14683422307
              ],
              [
                6.180079982607834,
                52.14691620407848
              ],
              [
                6.180648149687661,
                52.146964152984076
              ],
              [
                6.181221220981847,
                52.14697760790591
              ],
              [
                6.181793676175414,
                52.14695643923754
              ],
              [
                6.182360000893335,
                52.1469008508961
              ],
              [
                6.182914739857673,
                52.14681137835651
              ],
              [
                6.183452549473363,
                52.146688883489595
              ],
              [
                6.183968249334381,
                52.146534546254124
              ],
              [
                6.18445687215253,
                52.14634985332284
              ],
              [
                6.184913711626531,
                52.14613658375267
              ],
              [
                6.185334367789186,
                52.145896791837565
              ],
              [
                6.185714789395046,
                52.14563278730946
              ],
              [
                6.186051312939832,
                52.145347113078564
              ],
              [
                6.186340697935664,
                52.14504252072852
              ],
              [
                6.1865801581026565,
                52.1447219440023
              ],
              [
                6.186767388177123,
                52.144388470534956
              ],
              [
                6.186900586079106,
                52.144045312106485
              ],
              [
                6.186978470227112,
                52.14369577370101
              ],
              [
                6.187000291834814,
                52.143343221670975
              ],
              [
                6.1869658420730556,
                52.14299105131324
              ],
              [
                6.1868754540300674,
                52.14264265416956
              ],
              [
                6.186729999452997,
                52.142301385366046
              ],
              [
                6.186530880304062,
                52.141970531306434
              ],
              [
                6.186280015214497,
                52.141653278030056
              ],
              [
                6.18597982096849,
                52.141352680538574
              ]
            ]
          ],
          [
            [
              [
                6.229496703265522,
                52.11722161441883
              ],
              [
                6.229149986577276,
                52.116940694271456
              ],
              [
                6.228760215959671,
                52.116682046603884
              ],
              [
                6.228331145211479,
                52.11644816193011
              ],
              [
                6.227866906353294,
                52.11624129228544
              ],
              [
                6.227371969840273,
                52.11606342955351
              ],
              [
                6.226851101525318,
                52.11591628629826
              ],
              [
                6.226309316786523,
                52.115801279284184
              ],
              [
                6.225751832259711,
                52.115719515844255
              ],
              [
                6.2251840156396305,
                52.11567178322481
              ],
              [
                6.224611334031672,
                52.11565854101127
              ],
              [
                6.224039301349804,
                52.11567991670582
              ],
              [
                6.223473425265389,
                52.11573570450062
              ],
              [
                6.222919154215866,
                52.115825367258054
              ],
              [
                6.222381824981661,
                52.11594804167844
              ],
              [
                6.221866611334361,
                52.116102546606434
              ],
              [
                6.221378474249012,
                52.11628739439597
              ],
              [
                6.221216659404066,
                52.11636306542772
              ],
              [
                6.22093145800494,
                52.11647106315014
              ],
              [
                6.220475093898199,
                52.11668447225071
              ],
              [
                6.220054901316879,
                52.116924389655374
              ],
              [
                6.219674926850112,
                52.11718850523283
              ],
              [
                6.219338830024526,
                52.11747427580766
              ],
              [
                6.219049848054678,
                52.117778949637085
              ],
              [
                6.218810764650852,
                52.118099592897224
              ],
              [
                6.218623883185213,
                52.11843311792366
              ],
              [
                6.218491004475713,
                52.118776312935736
              ],
              [
                6.2184134094030155,
                52.11912587295816
              ],
              [
                6.218391846529321,
                52.119478431642754
              ],
              [
                6.218426524840163,
                52.11983059368445
              ],
              [
                6.218517111680921,
                52.12017896751836
              ],
              [
                6.218662735909847,
                52.120520197984916
              ],
              [
                6.218861996239273,
                52.120850998646404
              ],
              [
                6.219112974686426,
                52.12116818344521
              ],
              [
                6.219413255006098,
                52.12146869739738
              ],
              [
                6.219759945929092,
                52.12174964602623
              ],
              [
                6.220149708983867,
                52.12200832325159
              ],
              [
                6.2205787906343195,
                52.122242237465855
              ],
              [
                6.221043058424707,
                52.12244913554522
              ],
              [
                6.221538040783807,
                52.12262702456384
              ],
              [
                6.222058970104653,
                52.12277419100151
              ],
              [
                6.22260082868442,
                52.12288921725951
              ],
              [
                6.223158397081044,
                52.12297099532436
              ],
              [
                6.223726304419567,
                52.12301873744839
              ],
              [
                6.224299080162194,
                52.12303198374281
              ],
              [
                6.224871206841791,
                52.12301060661102
              ],
              [
                6.2254371732489435,
                52.12295481197837
              ],
              [
                6.225991527558576,
                52.122865137306995
              ],
              [
                6.226528929882382,
                52.12274244641477
              ],
              [
                6.227044203739205,
                52.122587921148636
              ],
              [
                6.227532385945947,
                52.12240304999241
              ],
              [
                6.227694211863545,
                52.12232737034264
              ],
              [
                6.22797943412804,
                52.12221935631793
              ],
              [
                6.228435818611411,
                52.12200591831673
              ],
              [
                6.22885601365216,
                52.12176597123482
              ],
              [
                6.229235972447651,
                52.12150182629837
              ],
              [
                6.229572035952326,
                52.121216027769485
              ],
              [
                6.229860968109959,
                52.12091132842847
              ],
              [
                6.230099987002527,
                52.12059066304811
              ],
              [
                6.230286791616354,
                52.12025712011679
              ],
              [
                6.230419583968722,
                52.119913912082765
              ],
              [
                6.230497086383144,
                52.119564344407195
              ],
              [
                6.230518553748489,
                52.11921178372372
              ],
              [
                6.230483780645627,
                52.11885962541203
              ],
              [
                6.230393103274873,
                52.11851126089714
              ],
              [
                6.230247396167617,
                52.118170044990464
              ],
              [
                6.230048063715731,
                52.11783926358585
              ],
              [
                6.229797026602228,
                52.11752210202256
              ],
              [
                6.229496703265522,
                52.11722161441883
              ]
            ]
          ],
          [
            [
              [
                6.249121592714085,
                52.12409968627985
              ],
              [
                6.2487746993139055,
                52.12381882456738
              ],
              [
                6.248384755204712,
                52.12356024246854
              ],
              [
                6.247955515855306,
                52.12332642986591
              ],
              [
                6.247491114909118,
                52.12311963810065
              ],
              [
                6.246996024381375,
                52.12294185830644
              ],
              [
                6.24647501160727,
                52.12279480224849
              ],
              [
                6.2459330933551875,
                52.12267988585171
              ],
              [
                6.245375487545881,
                52.122598215576595
              ],
              [
                6.24480756304132,
                52.12255057777252
              ],
              [
                6.244234787985216,
                52.12253743111197
              ],
              [
                6.243662677190964,
                52.12255890217715
              ],
              [
                6.24309673908183,
                52.12261478424214
              ],
              [
                6.242542422692403,
                52.1227045392617
              ],
              [
                6.242005065239746,
                52.122827303047856
              ],
              [
                6.241489840767407,
                52.12298189358492
              ],
              [
                6.24100171035504,
                52.123166822402624
              ],
              [
                6.240545374371773,
                52.12338030889852
              ],
              [
                6.2401252272318875,
                52.123620297472286
              ],
              [
                6.239745315087699,
                52.12388447730721
              ],
              [
                6.239605050694279,
                52.12400379102049
              ],
              [
                6.239560523765767,
                52.1239742569123
              ],
              [
                6.239131326432401,
                52.12374041210774
              ],
              [
                6.238666961824782,
                52.123533585519354
              ],
              [
                6.2381719016085215,
                52.123355768616136
              ],
              [
                6.237650912827203,
                52.12320867352058
              ],
              [
                6.237109012018409,
                52.123093716533575
              ],
              [
                6.236551416935111,
                52.123012004506286
              ],
              [
                6.235983496336119,
                52.12296432419007
              ],
              [
                6.2354107183276035,
                52.12295113466675
              ],
              [
                6.234838597751393,
                52.12297256293121
              ],
              [
                6.234272643124883,
                52.12302840266959
              ],
              [
                6.2337183036415835,
                52.123118116244115
              ],
              [
                6.233431235975902,
                52.123183674582705
              ],
              [
                6.233076347951808,
                52.12324110663027
              ],
              [
                6.232538957792792,
                52.12336382733053
              ],
              [
                6.232023694147836,
                52.123518376569706
              ],
              [
                6.23153551847352,
                52.12370326627516
              ],
              [
                6.231079131574485,
                52.12391671622109
              ],
              [
                6.230658928354976,
                52.12415667115914
              ],
              [
                6.230278955506981,
                52.12442082059652
              ],
              [
                6.229942872542045,
                52.12470662103182
              ],
              [
                6.229653916541819,
                52.12501132043466
              ],
              [
                6.22941487096712,
                52.125331984734906
              ],
              [
                6.22922803882646,
                52.1256655260654
              ],
              [
                6.22909522046343,
                52.12600873248844
              ],
              [
                6.229017696178156,
                52.126358298918646
              ],
              [
                6.228996213851724,
                52.12671085894612
              ],
              [
                6.229030981694475,
                52.12706301725264
              ],
              [
                6.22912166618998,
                52.12741138230912
              ],
              [
                6.229267395256351,
                52.12775259904039
              ],
              [
                6.229466766596486,
                52.128083381140826
              ],
              [
                6.229717861158603,
                52.12840054273139
              ],
              [
                6.230018261579191,
                52.12870102905154
              ],
              [
                6.230365075432236,
                52.128981945890544
              ],
              [
                6.230754963062015,
                52.12924058747426
              ],
              [
                6.231184169732285,
                52.129474462538305
              ],
              [
                6.231648561782801,
                52.12968131833582
              ],
              [
                6.232143666445051,
                52.12985916234815
              ],
              [
                6.232664714933595,
                52.13000628148862
              ],
              [
                6.233206688397301,
                52.13012125861392
              ],
              [
                6.233764366287042,
                52.13020298618398
              ],
              [
                6.234332376672731,
                52.130250676937415
              ],
              [
                6.234905248023595,
                52.13026387148033
              ],
              [
                6.235477461951198,
                52.130242442714696
              ],
              [
                6.236043506405455,
                52.13018659706328
              ],
              [
                6.236242453710968,
                52.13015440089866
              ],
              [
                6.236406824668931,
                52.130138183314415
              ],
              [
                6.236961245732536,
                52.130048457024664
              ],
              [
                6.237498703951742,
                52.12992571615406
              ],
              [
                6.237651556033519,
                52.12987986751532
              ],
              [
                6.237777429676213,
                52.1298511207251
              ],
              [
                6.238292746200515,
                52.129696546385986
              ],
              [
                6.238780959105875,
                52.129511628803265
              ],
              [
                6.239068274012715,
                52.12937724068248
              ],
              [
                6.239336516263002,
                52.12964547646382
              ],
              [
                6.239683395937252,
                52.12992636570434
              ],
              [
                6.240073345629314,
                52.130184976297116
              ],
              [
                6.24050261000487,
                52.130418817276215
              ],
              [
                6.240967054847531,
                52.13062563622308
              ],
              [
                6.241462206879986,
                52.13080344097391
              ],
              [
                6.241983296860219,
                52.130950518820214
              ],
              [
                6.2425253055371694,
                52.13106545301652
              ],
              [
                6.2430830120222955,
                52.13114713643617
              ],
              [
                6.2436510441098925,
                52.13119478224322
              ],
              [
                6.244223930060014,
                52.13120793147673
              ],
              [
                6.244796151343539,
                52.131186457475046
              ],
              [
                6.245362195839523,
                52.13113056709687
              ],
              [
                6.245916610970584,
                52.13104079872656
              ],
              [
                6.2464540562626,
                52.130918017084774
              ],
              [
                6.246969354820744,
                52.13076340489271
              ],
              [
                6.247457543224344,
                52.130578451471436
              ],
              [
                6.247913919358629,
                52.1303649383869
              ],
              [
                6.248334087721458,
                52.13012492227835
              ],
              [
                6.248714001767893,
                52.129860715036656
              ],
              [
                6.249050002884221,
                52.12957486152411
              ],
              [
                6.249338855616012,
                52.129270115050446
              ],
              [
                6.2495777788111475,
                52.1289494108423
              ],
              [
                6.2497644723785735,
                52.128615837761885
              ],
              [
                6.249897139405956,
                52.12827260854763
              ],
              [
                6.249974503424634,
                52.12792302886441
              ],
              [
                6.249995820657075,
                52.12757046546138
              ],
              [
                6.249960887130637,
                52.12721831374395
              ],
              [
                6.249928684183851,
                52.12709483302923
              ],
              [
                6.250045799941581,
                52.1267918242526
              ],
              [
                6.250123160299007,
                52.12644224439437
              ],
              [
                6.250144475719482,
                52.1260896808822
              ],
              [
                6.25010954224772,
                52.12573752912256
              ],
              [
                6.250018697628831,
                52.12538918047717
              ],
              [
                6.249872818005086,
                52.125047989604305
              ],
              [
                6.249673309429782,
                52.124717242156436
              ],
              [
                6.249422094281911,
                52.12440012314555
              ],
              [
                6.249121592714085,
                52.12409968627985
              ]
            ]
          ],
          [
            [
              [
                6.234843517865866,
                52.132622385175935
              ],
              [
                6.234543058518835,
                52.13232191147344
              ],
              [
                6.234196192396148,
                52.13204100719316
              ],
              [
                6.233806260359188,
                52.13178237720534
              ],
              [
                6.233377017761146,
                52.13154851185381
              ],
              [
                6.232912598277281,
                52.1313416629875
              ],
              [
                6.232417474101749,
                52.13116382229001
              ],
              [
                6.231896412894042,
                52.13101670211282
              ],
              [
                6.231354431889085,
                52.13090171899822
              ],
              [
                6.230796749611906,
                52.13081998004891
              ],
              [
                6.230228735660668,
                52.1307722722755
              ],
              [
                6.229655859040126,
                52.13075905502406
              ],
              [
                6.229083635541278,
                52.13078045555641
              ],
              [
                6.228517574672165,
                52.13083626782572
              ],
              [
                6.227963126648881,
                52.13092595445873
              ],
              [
                6.227425629955415,
                52.13104865192589
              ],
              [
                6.22691025997545,
                52.13120317885015
              ],
              [
                6.226421979189125,
                52.1313880473737
              ],
              [
                6.225965489412947,
                52.13160147747483
              ],
              [
                6.225545186541576,
                52.13184141409633
              ],
              [
                6.225165118226451,
                52.13210554692184
              ],
              [
                6.224828944898371,
                52.13239133260996
              ],
              [
                6.224539904509194,
                52.13269601927259
              ],
              [
                6.22430078133252,
                52.13301667296223
              ],
              [
                6.224113879124393,
                52.13335020591411
              ],
              [
                6.22398099890348,
                52.13369340627125
              ],
              [
                6.223903421566005,
                52.13404296900684
              ],
              [
                6.223881895504422,
                52.134395527746655
              ],
              [
                6.223916629350782,
                52.13474768718488
              ],
              [
                6.2240072899165995,
                52.13509605578165
              ],
              [
                6.2241530053510195,
                52.13543727842773
              ],
              [
                6.224352373488781,
                52.13576806876058
              ],
              [
                6.224603475309481,
                52.13608524082192
              ],
              [
                6.224903893380197,
                52.136385739750295
              ],
              [
                6.225250735105368,
                52.13666667121355
              ],
              [
                6.225640660561187,
                52.13692532929666
              ],
              [
                6.226069914647381,
                52.137159222576244
              ],
              [
                6.226534363247209,
                52.13736609812998
              ],
              [
                6.2270295330476,
                52.13754396324887
              ],
              [
                6.2275506546357215,
                52.1376911046428
              ],
              [
                6.22809270845627,
                52.13780610495415
              ],
              [
                6.2286504731859536,
                52.13788785641938
              ],
              [
                6.229218576058001,
                52.13793557154688
              ],
              [
                6.229791544650487,
                52.13794879070799
              ],
              [
                6.2303638596379765,
                52.137927386567505
              ],
              [
                6.2309300079965775,
                52.137871565310846
              ],
              [
                6.231484536148022,
                52.13778186465677
              ],
              [
                6.232022102529034,
                52.13765914867352
              ],
              [
                6.232537529077886,
                52.137504599449834
              ],
              [
                6.233025851140529,
                52.13731970570035
              ],
              [
                6.233482365314223,
                52.137106248416316
              ],
              [
                6.23390267476673,
                52.13686628369952
              ],
              [
                6.234282731593697,
                52.136602122945966
              ],
              [
                6.23461887580582,
                52.13631631057034
              ],
              [
                6.2349078705701375,
                52.13601159948635
              ],
              [
                6.2351469333663925,
                52.13569092457999
              ],
              [
                6.235333762758928,
                52.13535737443138
              ],
              [
                6.23546656052734,
                52.1350141615583
              ],
              [
                6.235544048944004,
                52.13466459146861
              ],
              [
                6.235565483033647,
                52.13431203081913
              ],
              [
                6.2355306576986465,
                52.133959874989095
              ],
              [
                6.2354399096433415,
                52.13361151537959
              ],
              [
                6.235294114080766,
                52.13327030675462
              ],
              [
                6.235094676255456,
                52.132939534937854
              ],
              [
                6.234843517865866,
                52.132622385175935
              ]
            ]
          ],
          [
            [
              [
                6.224664960978604,
                52.141674911889034
              ],
              [
                6.224176556561352,
                52.14185977105733
              ],
              [
                6.223719949214646,
                52.142073192344995
              ],
              [
                6.223299535965129,
                52.14231312077983
              ],
              [
                6.222919365527099,
                52.14257724612438
              ],
              [
                6.222583099314846,
                52.14286302510947
              ],
              [
                6.2222939761749005,
                52.14316770591153
              ],
              [
                6.222054781178065,
                52.14348835463971
              ],
              [
                6.2218678187724485,
                52.14382188357705
              ],
              [
                6.2217348905569585,
                52.14416508090533
              ],
              [
                6.221657277890643,
                52.14451464162702
              ],
              [
                6.221635729506847,
                52.14486719938728
              ],
              [
                6.221670454253311,
                52.14521935888982
              ],
              [
                6.22176111902991,
                52.14556772859417
              ],
              [
                6.221906851945949,
                52.14590895338041
              ],
              [
                6.2221062506684754,
                52.14623974686536
              ],
              [
                6.222357395883142,
                52.14655692306034
              ],
              [
                6.2226578697396375,
                52.146857427064106
              ],
              [
                6.223004779105556,
                52.14713836449548
              ],
              [
                6.223394783405953,
                52.147397029381885
              ],
              [
                6.223824126781387,
                52.147630930234364
              ],
              [
                6.224288674255212,
                52.14783781405755
              ],
              [
                6.224783951562014,
                52.14801568806268
              ],
              [
                6.22530518825334,
                52.14816283887396
              ],
              [
                6.225847363664978,
                52.148277849043026
              ],
              [
                6.226405255302143,
                52.148359610711246
              ],
              [
                6.2269734891752755,
                52.148407336288784
              ],
              [
                6.227546591600164,
                52.14842056604621
              ],
              [
                6.227546629787475,
                52.148420564619165
              ],
              [
                6.227546691608217,
                52.148420566046106
              ],
              [
                6.228119141969795,
                52.14839917254564
              ],
              [
                6.22868542593969,
                52.14834336187073
              ],
              [
                6.2292400886329125,
                52.14825367163821
              ],
              [
                6.22977778718981,
                52.148130965815994
              ],
              [
                6.23029334227512,
                52.14797642639495
              ],
              [
                6.230781787996401,
                52.14779154199543
              ],
              [
                6.231238419759612,
                52.14757809351864
              ],
              [
                6.231658839599785,
                52.14733813698167
              ],
              [
                6.232038998549324,
                52.1470739837019
              ],
              [
                6.232375235635428,
                52.14678817802207
              ],
              [
                6.232664313130847,
                52.146483472791516
              ],
              [
                6.232903447718849,
                52.14616280283992
              ],
              [
                6.233090337272783,
                52.14582925669981
              ],
              [
                6.23322318299337,
                52.14548604685055
              ],
              [
                6.233300706691774,
                52.145136478770794
              ],
              [
                6.23332216305361,
                52.1447839190981
              ],
              [
                6.233287346767475,
                52.14443176320237
              ],
              [
                6.233196594451276,
                52.144083402485336
              ],
              [
                6.2330507813598,
                52.143742191721685
              ],
              [
                6.232851312907063,
                52.14341141675555
              ],
              [
                6.232600111087085,
                52.143094262864096
              ],
              [
                6.232299595925469,
                52.142793784091396
              ],
              [
                6.231952662141937,
                52.142512873849036
              ],
              [
                6.2315626512497655,
                52.14225423706474
              ],
              [
                6.231133319361702,
                52.14202036414752
              ],
              [
                6.230668801012925,
                52.1418135070192
              ],
              [
                6.23017356934957,
                52.14163565744277
              ],
              [
                6.229652393066031,
                52.14148852785513
              ],
              [
                6.229110290505071,
                52.14137353488911
              ],
              [
                6.2285524813618585,
                52.141291785742254
              ],
              [
                6.227984336455756,
                52.14124406752321
              ],
              [
                6.227411326052009,
                52.14123083967866
              ],
              [
                6.227411287870844,
                52.141230841105646
              ],
              [
                6.2274112260600605,
                52.1412308396786
              ],
              [
                6.226838867237321,
                52.14125222957191
              ],
              [
                6.226272670806113,
                52.141308031259044
              ],
              [
                6.225718088287365,
                52.141397707468684
              ],
              [
                6.2251804594596605,
                52.141520394771725
              ],
              [
                6.224664960978604,
                52.141674911889034
              ]
            ]
          ]
        ]
      },
      "properties": {
        "type": "buffer_union_400m",
        "buffer_m": 400
      }
    },
    {
      "type": "Feature",
      "geometry": {
        "type": "Polygon",
        "coordinates": [
          [
            [
              6.1428566,
              52.1456587
            ],
            [
              6.14368,
              52.1455746
            ],
            [
              6.1440029,
              52.1454934
            ],
            [
              6.1447687,
              52.1453239
            ],
            [
              6.1452495,
              52.1452335
            ],
            [
              6.1453483,
              52.1452098
            ],
            [
              6.1455424,
              52.1451211
            ],
            [
              6.1457793,
              52.1450289
            ],
            [
              6.1459207,
              52.1449868
            ],
            [
              6.1460294,
              52.1449518
            ],
            [
              6.1464111,
              52.144862
            ],
            [
              6.1465582,
              52.1448445
            ],
            [
              6.1467742,
              52.1447805
            ],
            [
              6.1469954,
              52.1447098
            ],
            [
              6.1471284,
              52.1446529
            ],
            [
              6.147243,
              52.1446109
            ],
            [
              6.1473415,
              52.1445757
            ],
            [
              6.1474364,
              52.1445436
            ],
            [
              6.1475303,
              52.1445281
            ],
            [
              6.1476834,
              52.1445122
            ],
            [
              6.1477111,
              52.1445093
            ],
            [
              6.1477173,
              52.1445284
            ],
            [
              6.1478084,
              52.1445121
            ],
            [
              6.1483442,
              52.1443683
            ],
            [
              6.1485075,
              52.1442967
            ],
            [
              6.1485691,
              52.1442716
            ],
            [
              6.1486765,
              52.1442432
            ],
            [
              6.1488962,
              52.1442186
            ],
            [
              6.1489885,
              52.1442083
            ],
            [
              6.1490529,
              52.1441973
            ],
            [
              6.1491169,
              52.1441863
            ],
            [
              6.1492575,
              52.1441485
            ],
            [
              6.1493985,
              52.1441006
            ],
            [
              6.149542,
              52.1440347
            ],
            [
              6.1496183,
              52.1440078
            ],
            [
              6.1496849,
              52.1439999
            ],
            [
              6.1502103,
              52.1439834
            ],
            [
              6.1503126,
              52.1439828
            ],
            [
              6.1504443,
              52.1439786
            ],
            [
              6.1505896,
              52.1439777
            ],
            [
              6.1507053,
              52.1439819
            ],
            [
              6.1509045,
              52.1439856
            ],
            [
              6.1510176,
              52.1439931
            ],
            [
              6.1514143,
              52.1440339
            ],
            [
              6.1516326,
              52.1440589
            ],
            [
              6.1517764,
              52.1440678
            ],
            [
              6.1517797,
              52.1440362
            ],
            [
              6.1519475,
              52.1440407
            ],
            [
              6.1519506,
              52.144041
            ],
            [
              6.1520053,
              52.144046
            ],
            [
              6.1520856,
              52.1440593
            ],
            [
              6.1522406,
              52.1440812
            ],
            [
              6.1524106,
              52.1441122
            ],
            [
              6.1526516,
              52.1441553
            ],
            [
              6.1529039,
              52.1442087
            ],
            [
              6.1530313,
              52.1442339
            ],
            [
              6.1530721,
              52.1442419
            ],
            [
              6.1531805,
              52.1442676
            ],
            [
              6.1532834,
              52.1442933
            ],
            [
              6.1533414,
              52.1443089
            ],
            [
              6.1534555,
              52.1443368
            ],
            [
              6.1536071,
              52.1443782
            ],
            [
              6.1537606,
              52.1444242
            ],
            [
              6.153871,
              52.1444556
            ],
            [
              6.1539887,
              52.1444872
            ],
            [
              6.1540544,
              52.1445048
            ],
            [
              6.1541758,
              52.1445304
            ],
            [
              6.1542506,
              52.1445436
            ],
            [
              6.1543308,
              52.1445523
            ],
            [
              6.1544278,
              52.1445608
            ],
            [
              6.1545472,
              52.1445715
            ],
            [
              6.1546311,
              52.1445778
            ],
            [
              6.1548716,
              52.1445934
            ],
            [
              6.1550675,
              52.1446116
            ],
            [
              6.1551298,
              52.1446167
            ],
            [
              6.1552894,
              52.1446297
            ],
            [
              6.1554834,
              52.1446468
            ],
            [
              6.1556028,
              52.1446609
            ],
            [
              6.155741,
              52.1446794
            ],
            [
              6.1559296,
              52.1447092
            ],
            [
              6.1561369,
              52.1447422
            ],
            [
              6.1563367,
              52.1447752
            ],
            [
              6.1568429,
              52.1448579
            ],
            [
              6.1571362,
              52.1449098
            ],
            [
              6.1573808,
              52.1449483
            ],
            [
              6.1574375,
              52.1449518
            ],
            [
              6.1574647,
              52.1449535
            ],
            [
              6.1575261,
              52.1449531
            ],
            [
              6.1575669,
              52.1449414
            ],
            [
              6.1575681,
              52.1449414
            ],
            [
              6.1576757,
              52.1449401
            ],
            [
              6.157737,
              52.1449393
            ],
            [
              6.1577792,
              52.1449388
            ],
            [
              6.1577989,
              52.1449435
            ],
            [
              6.1578278,
              52.1449503
            ],
            [
              6.1578634,
              52.1449642
            ],
            [
              6.1580523,
              52.1450452
            ],
            [
              6.1582427,
              52.145131
            ],
            [
              6.158382,
              52.1451868
            ],
            [
              6.1585165,
              52.1452332
            ],
            [
              6.1586369,
              52.1452655
            ],
            [
              6.1587743,
              52.1452996
            ],
            [
              6.1588699,
              52.1453178
            ],
            [
              6.1589808,
              52.145337
            ],
            [
              6.1590663,
              52.1453482
            ],
            [
              6.159104,
              52.1453532
            ],
            [
              6.1592965,
              52.1453746
            ],
            [
              6.159546,
              52.1454061
            ],
            [
              6.1599649,
              52.1454619
            ],
            [
              6.1602545,
              52.1454988
            ],
            [
              6.160507,
              52.1455293
            ],
            [
              6.1606609,
              52.1455443
            ],
            [
              6.1608395,
              52.1455611
            ],
            [
              6.1609426,
              52.1455699
            ],
            [
              6.161041,
              52.1455759
            ],
            [
              6.1611949,
              52.1455862
            ],
            [
              6.1614302,
              52.1456007
            ],
            [
              6.1615134,
              52.1456096
            ],
            [
              6.1616443,
              52.1456258
            ],
            [
              6.1617505,
              52.1456365
            ],
            [
              6.1618723,
              52.1456583
            ],
            [
              6.1620157,
              52.1456877
            ],
            [
              6.1621136,
              52.1457155
            ],
            [
              6.1622207,
              52.1457472
            ],
            [
              6.1622884,
              52.1457673
            ],
            [
              6.162373,
              52.1457918
            ],
            [
              6.1624912,
              52.1458252
            ],
            [
              6.1627617,
              52.1458992
            ],
            [
              6.1628379,
              52.1459215
            ],
            [
              6.162901,
              52.1459399
            ],
            [
              6.1631624,
              52.1460168
            ],
            [
              6.1633856,
              52.1460809
            ],
            [
              6.1633905,
              52.1460823
            ],
            [
              6.1635171,
              52.146142
            ],
            [
              6.1635515,
              52.1461582
            ],
            [
              6.1636021,
              52.146182
            ],
            [
              6.1636325,
              52.1461963
            ],
            [
              6.1637493,
              52.1462514
            ],
            [
              6.1639006,
              52.1463227
            ],
            [
              6.1639153,
              52.1463296
            ],
            [
              6.1639413,
              52.1463419
            ],
            [
              6.1639674,
              52.1463505
            ],
            [
              6.1639856,
              52.146352
            ],
            [
              6.1641206,
              52.1463527
            ],
            [
              6.164374,
              52.1463538
            ],
            [
              6.1650318,
              52.1463568
            ],
            [
              6.1652633,
              52.1463579
            ],
            [
              6.1659708,
              52.1463548
            ],
            [
              6.1659774,
              52.1463548
            ],
            [
              6.1659995,
              52.146355
            ],
            [
              6.166009,
              52.1463534
            ],
            [
              6.1660497,
              52.1463467
            ],
            [
              6.1661602,
              52.1463283
            ],
            [
              6.1661782,
              52.1463247
            ],
            [
              6.1665123,
              52.1462786
            ],
            [
              6.1667687,
              52.1462369
            ],
            [
              6.1669848,
              52.146188
            ],
            [
              6.167136,
              52.1461538
            ],
            [
              6.1674219,
              52.1460936
            ],
            [
              6.1675155,
              52.1460735
            ],
            [
              6.1677183,
              52.1460299
            ],
            [
              6.1677246,
              52.1460285
            ],
            [
              6.1678525,
              52.1460004
            ],
            [
              6.1678785,
              52.1459947
            ],
            [
              6.1680441,
              52.1459617
            ],
            [
              6.1682011,
              52.1459304
            ],
            [
              6.1682264,
              52.1459048
            ],
            [
              6.1682528,
              52.1458983
            ],
            [
              6.1683062,
              52.1459671
            ],
            [
              6.1684772,
              52.1461874
            ],
            [
              6.1685048,
              52.1462262
            ],
            [
              6.1686006,
              52.1462102
            ],
            [
              6.1687848,
              52.1461794
            ],
            [
              6.1689023,
              52.1461596
            ],
            [
              6.169375,
              52.1460715
            ],
            [
              6.1696376,
              52.1460177
            ],
            [
              6.1699173,
              52.1459532
            ],
            [
              6.1702275,
              52.1458719
            ],
            [
              6.1703857,
              52.145828
            ],
            [
              6.1705115,
              52.1457918
            ],
            [
              6.1706886,
              52.1457412
            ],
            [
              6.170853,
              52.145695
            ],
            [
              6.1711773,
              52.1455975
            ],
            [
              6.1715877,
              52.1454828
            ],
            [
              6.171769,
              52.1454305
            ],
            [
              6.1721163,
              52.1453328
            ],
            [
              6.1724309,
              52.1452411
            ],
            [
              6.1726964,
              52.1451665
            ],
            [
              6.1732182,
              52.1450214
            ],
            [
              6.173318,
              52.1449925
            ],
            [
              6.1733959,
              52.1449698
            ],
            [
              6.1733332,
              52.1449313
            ],
            [
              6.1732913,
              52.1449429
            ],
            [
              6.1732649,
              52.1449322
            ],
            [
              6.1732071,
              52.1449048
            ],
            [
              6.1731697,
              52.1448882
            ],
            [
              6.1731439,
              52.1448717
            ],
            [
              6.1731227,
              52.1448506
            ],
            [
              6.17312,
              52.1448287
            ],
            [
              6.1731108,
              52.1447929
            ],
            [
              6.1731087,
              52.1447629
            ],
            [
              6.1731093,
              52.1447278
            ],
            [
              6.1731217,
              52.1446772
            ],
            [
              6.1731225,
              52.144674
            ],
            [
              6.173132,
              52.1446353
            ],
            [
              6.1731635,
              52.1445817
            ],
            [
              6.1731697,
              52.1445701
            ],
            [
              6.1731927,
              52.1445262
            ],
            [
              6.1732287,
              52.1444681
            ],
            [
              6.1732564,
              52.1443852
            ],
            [
              6.1730292,
              52.1441832
            ],
            [
              6.1729939,
              52.1441355
            ],
            [
              6.1729854,
              52.1441088
            ],
            [
              6.1729797,
              52.1440675
            ],
            [
              6.1729074,
              52.1439892
            ],
            [
              6.1727724,
              52.1439389
            ],
            [
              6.1726649,
              52.143905
            ],
            [
              6.1726004,
              52.1438859
            ],
            [
              6.1725593,
              52.1438711
            ],
            [
              6.1724525,
              52.143815
            ],
            [
              6.1724001,
              52.1437841
            ],
            [
              6.1722773,
              52.1436856
            ],
            [
              6.1721859,
              52.1435828
            ],
            [
              6.1721574,
              52.1435432
            ],
            [
              6.1721498,
              52.1434623
            ],
            [
              6.1721434,
              52.1433896
            ],
            [
              6.1721332,
              52.1433267
            ],
            [
              6.1721356,
              52.1432672
            ],
            [
              6.1721638,
              52.1431726
            ],
            [
              6.1722137,
              52.1430463
            ],
            [
              6.1722661,
              52.1429403
            ],
            [
              6.1723266,
              52.1428372
            ],
            [
              6.1723972,
              52.14273
            ],
            [
              6.1724332,
              52.1426707
            ],
            [
              6.1724658,
              52.1426206
            ],
            [
              6.1725115,
              52.1425723
            ],
            [
              6.1725565,
              52.1425405
            ],
            [
              6.1726601,
              52.1424831
            ],
            [
              6.1728409,
              52.1423723
            ],
            [
              6.1731226,
              52.1422295
            ],
            [
              6.1735274,
              52.1420542
            ],
            [
              6.1738197,
              52.141949
            ],
            [
              6.1739692,
              52.1418863
            ],
            [
              6.1742451,
              52.1417759
            ],
            [
              6.1744475,
              52.1416971
            ],
            [
              6.1745549,
              52.1416593
            ],
            [
              6.1745717,
              52.1416533
            ],
            [
              6.1746571,
              52.1416241
            ],
            [
              6.1747101,
              52.1416059
            ],
            [
              6.1750688,
              52.1414935
            ],
            [
              6.1750624,
              52.1414939
            ],
            [
              6.1750481,
              52.1414712
            ],
            [
              6.1748501,
              52.1411556
            ],
            [
              6.1748452,
              52.1411478
            ],
            [
              6.1748378,
              52.1411359
            ],
            [
              6.1747514,
              52.1408512
            ],
            [
              6.1744268,
              52.1401227
            ],
            [
              6.1743206,
              52.1398842
            ],
            [
              6.1741334,
              52.1394435
            ],
            [
              6.1741294,
              52.1394364
            ],
            [
              6.1741313,
              52.139432
            ],
            [
              6.1741361,
              52.1394288
            ],
            [
              6.1741633,
              52.1394245
            ],
            [
              6.1741675,
              52.1394239
            ],
            [
              6.1742877,
              52.1394079
            ],
            [
              6.1744118,
              52.1393814
            ],
            [
              6.174456,
              52.1393711
            ],
            [
              6.1745124,
              52.1393568
            ],
            [
              6.1745518,
              52.1393469
            ],
            [
              6.1745858,
              52.1393383
            ],
            [
              6.1752843,
              52.1392087
            ],
            [
              6.1756926,
              52.1391506
            ],
            [
              6.1758159,
              52.1391311
            ],
            [
              6.1761917,
              52.1390947
            ],
            [
              6.1769124,
              52.139024
            ],
            [
              6.1771093,
              52.1390023
            ],
            [
              6.1772392,
              52.1389792
            ],
            [
              6.1774694,
              52.1389248
            ],
            [
              6.1777871,
              52.1388429
            ],
            [
              6.1783843,
              52.1386904
            ],
            [
              6.1788925,
              52.1385592
            ],
            [
              6.1790136,
              52.1385283
            ],
            [
              6.1789542,
              52.1384925
            ],
            [
              6.1786985,
              52.1383339
            ],
            [
              6.1785948,
              52.1382684
            ],
            [
              6.1785458,
              52.1382374
            ],
            [
              6.1785009,
              52.1382102
            ],
            [
              6.1786255,
              52.138139
            ],
            [
              6.1787273,
              52.1380821
            ],
            [
              6.1788257,
              52.1380344
            ],
            [
              6.1789239,
              52.1379869
            ],
            [
              6.1791015,
              52.1379013
            ],
            [
              6.1788015,
              52.1377286
            ],
            [
              6.1786728,
              52.1376527
            ],
            [
              6.1784935,
              52.1375468
            ],
            [
              6.1783128,
              52.1374402
            ],
            [
              6.1782433,
              52.1373991
            ],
            [
              6.1781931,
              52.1373695
            ],
            [
              6.177633,
              52.1370483
            ],
            [
              6.1774717,
              52.1369575
            ],
            [
              6.1775216,
              52.1369315
            ],
            [
              6.1775896,
              52.1368962
            ],
            [
              6.1775865,
              52.1368941
            ],
            [
              6.177942,
              52.1367264
            ],
            [
              6.1782724,
              52.136575
            ],
            [
              6.1782872,
              52.1365681
            ],
            [
              6.1787598,
              52.1363498
            ],
            [
              6.1787781,
              52.1363413
            ],
            [
              6.1790266,
              52.1362301
            ],
            [
              6.1794374,
              52.1360462
            ],
            [
              6.1798696,
              52.135852
            ],
            [
              6.1794113,
              52.1355797
            ],
            [
              6.1794473,
              52.1355634
            ],
            [
              6.1794697,
              52.1355533
            ],
            [
              6.1829077,
              52.1344558
            ],
            [
              6.1829529,
              52.1344414
            ],
            [
              6.1830628,
              52.1344065
            ],
            [
              6.1832595,
              52.1343441
            ],
            [
              6.1832945,
              52.1343329
            ],
            [
              6.1835463,
              52.1342525
            ],
            [
              6.183593,
              52.1342376
            ],
            [
              6.1835972,
              52.1342363
            ],
            [
              6.1836309,
              52.1342264
            ],
            [
              6.1835422,
              52.1340758
            ],
            [
              6.1834583,
              52.1339294
            ],
            [
              6.183214,
              52.133548
            ],
            [
              6.1830883,
              52.133341
            ],
            [
              6.1830006,
              52.1332164
            ],
            [
              6.182842,
              52.1329947
            ],
            [
              6.1827014,
              52.1328171
            ],
            [
              6.182528,
              52.1326718
            ],
            [
              6.182459,
              52.1326052
            ],
            [
              6.1824234,
              52.1325465
            ],
            [
              6.1823983,
              52.1325052
            ],
            [
              6.1824483,
              52.1321942
            ],
            [
              6.1824553,
              52.1321339
            ],
            [
              6.1824368,
              52.1320154
            ],
            [
              6.1824558,
              52.132014
            ],
            [
              6.1824941,
              52.13201
            ],
            [
              6.1825114,
              52.1320082
            ],
            [
              6.1826186,
              52.1319877
            ],
            [
              6.1826866,
              52.1319675
            ],
            [
              6.1832179,
              52.1318048
            ],
            [
              6.1835144,
              52.1315078
            ],
            [
              6.1835286,
              52.1314844
            ],
            [
              6.1835465,
              52.1314508
            ],
            [
              6.1835724,
              52.1313856
            ],
            [
              6.1836398,
              52.1312497
            ],
            [
              6.1837803,
              52.1309002
            ],
            [
              6.1838179,
              52.1307603
            ],
            [
              6.1838721,
              52.1305167
            ],
            [
              6.1839563,
              52.1303203
            ],
            [
              6.1839558,
              52.1302907
            ],
            [
              6.1839204,
              52.1297765
            ],
            [
              6.1839116,
              52.1296558
            ],
            [
              6.1839101,
              52.1296482
            ],
            [
              6.1838939,
              52.1295634
            ],
            [
              6.1838994,
              52.1295112
            ],
            [
              6.1839074,
              52.1294569
            ],
            [
              6.1839544,
              52.1293586
            ],
            [
              6.1839891,
              52.1292548
            ],
            [
              6.1840142,
              52.1291209
            ],
            [
              6.1839893,
              52.1289667
            ],
            [
              6.1839499,
              52.1288192
            ],
            [
              6.1838744,
              52.1287544
            ],
            [
              6.1837963,
              52.1286874
            ],
            [
              6.1837426,
              52.1286413
            ],
            [
              6.1833536,
              52.1283075
            ],
            [
              6.1833116,
              52.1282779
            ],
            [
              6.1832469,
              52.1282484
            ],
            [
              6.1830167,
              52.1281522
            ],
            [
              6.1829561,
              52.1281238
            ],
            [
              6.1829119,
              52.1280818
            ],
            [
              6.1828791,
              52.1280377
            ],
            [
              6.1827887,
              52.1277848
            ],
            [
              6.182767,
              52.1277069
            ],
            [
              6.1827618,
              52.1276564
            ],
            [
              6.1827685,
              52.1275952
            ],
            [
              6.1828264,
              52.127321
            ],
            [
              6.1828314,
              52.1272768
            ],
            [
              6.1827916,
              52.1271358
            ],
            [
              6.1827109,
              52.1269154
            ],
            [
              6.1826614,
              52.1267848
            ],
            [
              6.182607,
              52.1266604
            ],
            [
              6.1825154,
              52.126239
            ],
            [
              6.1825929,
              52.1260453
            ],
            [
              6.1826233,
              52.1260056
            ],
            [
              6.1826475,
              52.1259727
            ],
            [
              6.1826732,
              52.1259475
            ],
            [
              6.1827572,
              52.1258816
            ],
            [
              6.1827992,
              52.1258487
            ],
            [
              6.1829001,
              52.1257677
            ],
            [
              6.1829899,
              52.1256956
            ],
            [
              6.1831118,
              52.125641
            ],
            [
              6.183159,
              52.1256147
            ],
            [
              6.1833032,
              52.125531
            ],
            [
              6.1834554,
              52.1254339
            ],
            [
              6.1835341,
              52.1253786
            ],
            [
              6.1836408,
              52.125301
            ],
            [
              6.1837103,
              52.1252408
            ],
            [
              6.1841105,
              52.1248938
            ],
            [
              6.1841467,
              52.1248684
            ],
            [
              6.1842709,
              52.1247986
            ],
            [
              6.1843275,
              52.1247783
            ],
            [
              6.1843875,
              52.1247645
            ],
            [
              6.1844158,
              52.1247581
            ],
            [
              6.1845329,
              52.1247304
            ],
            [
              6.1846134,
              52.1247144
            ],
            [
              6.1846971,
              52.1246989
            ],
            [
              6.1848865,
              52.1246733
            ],
            [
              6.1855816,
              52.1245869
            ],
            [
              6.1855984,
              52.124585
            ],
            [
              6.186185,
              52.1245183
            ],
            [
              6.1860356,
              52.1242063
            ],
            [
              6.185816,
              52.123606
            ],
            [
              6.1856487,
              52.123069
            ],
            [
              6.1855453,
              52.1226713
            ],
            [
              6.1854617,
              52.122335
            ],
            [
              6.1853701,
              52.1216325
            ],
            [
              6.1853497,
              52.1209229
            ],
            [
              6.1854551,
              52.1201089
            ],
            [
              6.1855422,
              52.1195475
            ],
            [
              6.1855871,
              52.1193537
            ],
            [
              6.1858123,
              52.1185922
            ],
            [
              6.1858861,
              52.1183578
            ],
            [
              6.1860505,
              52.1179506
            ],
            [
              6.1861546,
              52.1177568
            ],
            [
              6.1863601,
              52.1174183
            ],
            [
              6.1865393,
              52.1171477
            ],
            [
              6.1866909,
              52.1169464
            ],
            [
              6.1869451,
              52.1166396
            ],
            [
              6.1871185,
              52.1164543
            ],
            [
              6.1874303,
              52.116167
            ],
            [
              6.1878567,
              52.1158058
            ],
            [
              6.1879891,
              52.1157002
            ],
            [
              6.1882521,
              52.1155161
            ],
            [
              6.1885715,
              52.1153169
            ],
            [
              6.1887724,
              52.1152016
            ],
            [
              6.1890947,
              52.1150408
            ],
            [
              6.1895974,
              52.1148201
            ],
            [
              6.1903563,
              52.1145553
            ],
            [
              6.1907061,
              52.1144526
            ],
            [
              6.1912304,
              52.1143442
            ],
            [
              6.1916773,
              52.1142744
            ],
            [
              6.1919925,
              52.1142339
            ],
            [
              6.1921906,
              52.1142142
            ],
            [
              6.1925034,
              52.1141934
            ],
            [
              6.1927687,
              52.1141874
            ],
            [
              6.1930974,
              52.1141859
            ],
            [
              6.1936717,
              52.11419
            ],
            [
              6.1952154,
              52.1141972
            ],
            [
              6.1959195,
              52.1142049
            ],
            [
              6.1962942,
              52.1142016
            ],
            [
              6.1968506,
              52.1142086
            ],
            [
              6.1982149,
              52.1142036
            ],
            [
              6.1992118,
              52.1141905
            ],
            [
              6.1999802,
              52.1141599
            ],
            [
              6.2003472,
              52.1141332
            ],
            [
              6.2009355,
              52.1141086
            ],
            [
              6.2016,
              52.1140702
            ],
            [
              6.2024083,
              52.1140124
            ],
            [
              6.2029434,
              52.1139657
            ],
            [
              6.2035148,
              52.1139022
            ],
            [
              6.2038148,
              52.1138688
            ],
            [
              6.2044499,
              52.1137955
            ],
            [
              6.2047376,
              52.1137589
            ],
            [
              6.2051398,
              52.1137067
            ],
            [
              6.2053477,
              52.113683
            ],
            [
              6.2057327,
              52.1136298
            ],
            [
              6.2062067,
              52.1135551
            ],
            [
              6.2067372,
              52.1134614
            ],
            [
              6.207359,
              52.1133444
            ],
            [
              6.2079467,
              52.1132282
            ],
            [
              6.2085085,
              52.1131109
            ],
            [
              6.2088369,
              52.1130347
            ],
            [
              6.2089684,
              52.1130012
            ],
            [
              6.2094038,
              52.1128878
            ],
            [
              6.2096368,
              52.1128223
            ],
            [
              6.210088,
              52.1126866
            ],
            [
              6.2104803,
              52.112548
            ],
            [
              6.2108748,
              52.1123983
            ],
            [
              6.2111738,
              52.1122768
            ],
            [
              6.2114745,
              52.1121446
            ],
            [
              6.2118291,
              52.1119734
            ],
            [
              6.2119888,
              52.1118942
            ],
            [
              6.212247,
              52.1117542
            ],
            [
              6.212481,
              52.1116134
            ],
            [
              6.2126096,
              52.111544
            ],
            [
              6.2127831,
              52.1114342
            ],
            [
              6.2130125,
              52.1112663
            ],
            [
              6.213251,
              52.1110855
            ],
            [
              6.213468,
              52.1109083
            ],
            [
              6.2136882,
              52.1107135
            ],
            [
              6.2138699,
              52.1105471
            ],
            [
              6.2142266,
              52.1102008
            ],
            [
              6.2146019,
              52.1098312
            ],
            [
              6.2146653,
              52.1097657
            ],
            [
              6.2153526,
              52.1089663
            ],
            [
              6.2154501,
              52.1088209
            ],
            [
              6.2155602,
              52.1086475
            ],
            [
              6.2158283,
              52.1082476
            ],
            [
              6.216065,
              52.1078566
            ],
            [
              6.2163542,
              52.1073691
            ],
            [
              6.216606,
              52.1069009
            ],
            [
              6.2168777,
              52.1063778
            ],
            [
              6.216931,
              52.1062705
            ],
            [
              6.2171528,
              52.1058242
            ],
            [
              6.2173029,
              52.105492
            ],
            [
              6.21754,
              52.1048971
            ],
            [
              6.2176777,
              52.1045264
            ],
            [
              6.217838,
              52.104062
            ],
            [
              6.2179987,
              52.1035512
            ],
            [
              6.2180847,
              52.1031466
            ],
            [
              6.2181644,
              52.1027487
            ],
            [
              6.2182413,
              52.1022668
            ],
            [
              6.2182996,
              52.1018332
            ],
            [
              6.2183572,
              52.1012106
            ],
            [
              6.2183807,
              52.1007603
            ],
            [
              6.2183774,
              52.100178
            ],
            [
              6.2183502,
              52.0996206
            ],
            [
              6.2182954,
              52.0991356
            ],
            [
              6.2182134,
              52.0987276
            ],
            [
              6.2181208,
              52.0984237
            ],
            [
              6.2179796,
              52.0980569
            ],
            [
              6.2178989,
              52.0978813
            ],
            [
              6.2184951,
              52.0977834
            ],
            [
              6.2184988,
              52.0977763
            ],
            [
              6.2187237,
              52.0973457
            ],
            [
              6.2188372,
              52.0971081
            ],
            [
              6.2188477,
              52.0970871
            ],
            [
              6.2189806,
              52.0968201
            ],
            [
              6.2189948,
              52.096777
            ],
            [
              6.2190974,
              52.0965359
            ],
            [
              6.2191363,
              52.0964642
            ],
            [
              6.2192014,
              52.0963089
            ],
            [
              6.2191961,
              52.0962818
            ],
            [
              6.2191927,
              52.0962313
            ],
            [
              6.2191801,
              52.0961865
            ],
            [
              6.2191558,
              52.0961397
            ],
            [
              6.2191335,
              52.0961152
            ],
            [
              6.219027,
              52.0960141
            ],
            [
              6.218983,
              52.0959791
            ],
            [
              6.2187654,
              52.0958421
            ],
            [
              6.2186731,
              52.0957727
            ],
            [
              6.2186423,
              52.0957433
            ],
            [
              6.2186135,
              52.0957096
            ],
            [
              6.2185888,
              52.0956745
            ],
            [
              6.2185739,
              52.0956374
            ],
            [
              6.2185518,
              52.0955614
            ],
            [
              6.2185502,
              52.0955562
            ],
            [
              6.2185082,
              52.0953511
            ],
            [
              6.2184897,
              52.0953016
            ],
            [
              6.2184486,
              52.0952271
            ],
            [
              6.2184141,
              52.0951862
            ],
            [
              6.2183261,
              52.0951077
            ],
            [
              6.2182425,
              52.0950408
            ],
            [
              6.2181688,
              52.0949902
            ],
            [
              6.2181145,
              52.0949617
            ],
            [
              6.2179817,
              52.0949004
            ],
            [
              6.2178546,
              52.0948499
            ],
            [
              6.2176737,
              52.094786
            ],
            [
              6.217541,
              52.0947499
            ],
            [
              6.2171523,
              52.0946569
            ],
            [
              6.2170717,
              52.0946345
            ],
            [
              6.2169918,
              52.0945949
            ],
            [
              6.2169573,
              52.0945687
            ],
            [
              6.2168937,
              52.0945104
            ],
            [
              6.2168316,
              52.0944332
            ],
            [
              6.2168087,
              52.0943666
            ],
            [
              6.2168122,
              52.0943123
            ],
            [
              6.2168161,
              52.0942526
            ],
            [
              6.2168461,
              52.0941472
            ],
            [
              6.2168872,
              52.0940476
            ],
            [
              6.2169146,
              52.0939669
            ],
            [
              6.2169286,
              52.093948
            ],
            [
              6.2169367,
              52.0939246
            ],
            [
              6.2169279,
              52.0937844
            ],
            [
              6.216917,
              52.0936952
            ],
            [
              6.2169065,
              52.0936516
            ],
            [
              6.2168626,
              52.0935428
            ],
            [
              6.2167514,
              52.0933413
            ],
            [
              6.2167506,
              52.0933256
            ],
            [
              6.2167597,
              52.0933119
            ],
            [
              6.2167638,
              52.0932902
            ],
            [
              6.2167827,
              52.0932698
            ],
            [
              6.2167958,
              52.0932454
            ],
            [
              6.2168087,
              52.0932295
            ],
            [
              6.2168516,
              52.093195
            ],
            [
              6.2170001,
              52.0931151
            ],
            [
              6.2170445,
              52.0930998
            ],
            [
              6.2170945,
              52.0930866
            ],
            [
              6.2172544,
              52.0930487
            ],
            [
              6.2174062,
              52.0930093
            ],
            [
              6.217643,
              52.0929516
            ],
            [
              6.217806,
              52.0929092
            ],
            [
              6.2183763,
              52.0927704
            ],
            [
              6.2184857,
              52.0927298
            ],
            [
              6.2185306,
              52.0927103
            ],
            [
              6.2186249,
              52.0926568
            ],
            [
              6.2186801,
              52.0925997
            ],
            [
              6.2187357,
              52.0925159
            ],
            [
              6.2187553,
              52.09248
            ],
            [
              6.2187572,
              52.0924729
            ],
            [
              6.2188042,
              52.0923726
            ],
            [
              6.2188208,
              52.0923274
            ],
            [
              6.2188818,
              52.092072
            ],
            [
              6.2188834,
              52.0920252
            ],
            [
              6.2188778,
              52.0919875
            ],
            [
              6.2188536,
              52.0918227
            ],
            [
              6.2188398,
              52.091775
            ],
            [
              6.21872,
              52.0914301
            ],
            [
              6.2186706,
              52.0912798
            ],
            [
              6.218615,
              52.0910755
            ],
            [
              6.2185825,
              52.0909058
            ],
            [
              6.2185814,
              52.0908769
            ],
            [
              6.2185802,
              52.0908497
            ],
            [
              6.2185592,
              52.0907537
            ],
            [
              6.2185535,
              52.090737
            ],
            [
              6.2185373,
              52.0907094
            ],
            [
              6.2185139,
              52.0906787
            ],
            [
              6.218491,
              52.0906506
            ],
            [
              6.2184466,
              52.0906086
            ],
            [
              6.2181184,
              52.0903498
            ],
            [
              6.2180913,
              52.0903262
            ],
            [
              6.2180717,
              52.0903019
            ],
            [
              6.2180773,
              52.0902526
            ],
            [
              6.2180913,
              52.0902272
            ],
            [
              6.2181407,
              52.0901799
            ],
            [
              6.2182578,
              52.090089
            ],
            [
              6.2182953,
              52.0900569
            ],
            [
              6.2183567,
              52.0899877
            ],
            [
              6.2183775,
              52.0899524
            ],
            [
              6.2183766,
              52.0899362
            ],
            [
              6.2183586,
              52.0899
            ],
            [
              6.2183378,
              52.0898724
            ],
            [
              6.2182588,
              52.0898014
            ],
            [
              6.218189,
              52.0897315
            ],
            [
              6.2181711,
              52.0897066
            ],
            [
              6.2181569,
              52.0896742
            ],
            [
              6.2181619,
              52.0895922
            ],
            [
              6.2181977,
              52.0895118
            ],
            [
              6.2182278,
              52.0894767
            ],
            [
              6.2182665,
              52.0894497
            ],
            [
              6.2183062,
              52.0894279
            ],
            [
              6.2183398,
              52.0894149
            ],
            [
              6.2183947,
              52.0893992
            ],
            [
              6.2187605,
              52.0893248
            ],
            [
              6.2188375,
              52.0892991
            ],
            [
              6.2188647,
              52.0892853
            ],
            [
              6.2188921,
              52.0892625
            ],
            [
              6.2189142,
              52.0892383
            ],
            [
              6.2190838,
              52.0889921
            ],
            [
              6.2191196,
              52.0889463
            ],
            [
              6.2191949,
              52.0888706
            ],
            [
              6.2192857,
              52.0887962
            ],
            [
              6.2193219,
              52.088777
            ],
            [
              6.219401,
              52.0887435
            ],
            [
              6.2194761,
              52.088733
            ],
            [
              6.2195321,
              52.0887345
            ],
            [
              6.2195488,
              52.0887411
            ],
            [
              6.2195951,
              52.0887706
            ],
            [
              6.2196286,
              52.088808
            ],
            [
              6.2196855,
              52.0888931
            ],
            [
              6.2198694,
              52.0892053
            ],
            [
              6.2198957,
              52.0892489
            ],
            [
              6.2200037,
              52.0894198
            ],
            [
              6.2200331,
              52.0894599
            ],
            [
              6.2200847,
              52.0895067
            ],
            [
              6.2201551,
              52.0895617
            ],
            [
              6.2201857,
              52.0895813
            ],
            [
              6.2202333,
              52.0896051
            ],
            [
              6.2202686,
              52.0896047
            ],
            [
              6.2202991,
              52.0895979
            ],
            [
              6.2203315,
              52.0895745
            ],
            [
              6.2203495,
              52.089552
            ],
            [
              6.2203944,
              52.0894484
            ],
            [
              6.2204149,
              52.0893597
            ],
            [
              6.2204358,
              52.0892901
            ],
            [
              6.2204708,
              52.0892117
            ],
            [
              6.2204859,
              52.0891698
            ],
            [
              6.2205084,
              52.0891316
            ],
            [
              6.2205491,
              52.0890821
            ],
            [
              6.2206365,
              52.0890166
            ],
            [
              6.2207009,
              52.0889914
            ],
            [
              6.2209351,
              52.08891
            ],
            [
              6.2211401,
              52.0888507
            ],
            [
              6.2213009,
              52.0888135
            ],
            [
              6.2214109,
              52.0887962
            ],
            [
              6.2214914,
              52.0887864
            ],
            [
              6.2215704,
              52.0887774
            ],
            [
              6.2215867,
              52.0887764
            ],
            [
              6.2216244,
              52.0887742
            ],
            [
              6.2216696,
              52.0887734
            ],
            [
              6.2216958,
              52.0887748
            ],
            [
              6.2216858,
              52.0888437
            ],
            [
              6.2214984,
              52.0890733
            ],
            [
              6.2207871,
              52.0898753
            ],
            [
              6.220511,
              52.0901986
            ],
            [
              6.2201097,
              52.0906683
            ],
            [
              6.2199528,
              52.0908739
            ],
            [
              6.2198486,
              52.091035
            ],
            [
              6.219582,
              52.091494
            ],
            [
              6.2195602,
              52.0915315
            ],
            [
              6.2194292,
              52.0918228
            ],
            [
              6.2193239,
              52.0921212
            ],
            [
              6.2192917,
              52.0922623
            ],
            [
              6.2192231,
              52.0925499
            ],
            [
              6.2192059,
              52.0927548
            ],
            [
              6.2191906,
              52.093266
            ],
            [
              6.2192465,
              52.0936793
            ],
            [
              6.219431,
              52.0944947
            ],
            [
              6.2196522,
              52.09535
            ],
            [
              6.2197086,
              52.0956082
            ],
            [
              6.219775,
              52.0961289
            ],
            [
              6.2198263,
              52.0968732
            ],
            [
              6.2198471,
              52.0971886
            ],
            [
              6.220034,
              52.0973221
            ],
            [
              6.2200082,
              52.0973681
            ],
            [
              6.2200066,
              52.0973897
            ],
            [
              6.2199984,
              52.0974968
            ],
            [
              6.2199831,
              52.0977597
            ],
            [
              6.2199827,
              52.097803
            ],
            [
              6.2199656,
              52.0978042
            ],
            [
              6.2199728,
              52.0978419
            ],
            [
              6.2199578,
              52.0978429
            ],
            [
              6.2199793,
              52.0979554
            ],
            [
              6.2200169,
              52.0981287
            ],
            [
              6.220017,
              52.0981289
            ],
            [
              6.220017,
              52.0981291
            ],
            [
              6.2200246,
              52.098165
            ],
            [
              6.2200623,
              52.0983546
            ],
            [
              6.2200963,
              52.0985748
            ],
            [
              6.2201097,
              52.0987595
            ],
            [
              6.2201064,
              52.0988443
            ],
            [
              6.2200856,
              52.0990798
            ],
            [
              6.2200854,
              52.0990813
            ],
            [
              6.2200778,
              52.0991685
            ],
            [
              6.2200638,
              52.0993133
            ],
            [
              6.2200604,
              52.0993493
            ],
            [
              6.2200408,
              52.0993486
            ],
            [
              6.2200334,
              52.0994253
            ],
            [
              6.2200668,
              52.0994265
            ],
            [
              6.2200834,
              52.0995094
            ],
            [
              6.2200941,
              52.0995627
            ],
            [
              6.2201274,
              52.0997103
            ],
            [
              6.220135,
              52.0998711
            ],
            [
              6.220138,
              52.0999417
            ],
            [
              6.2201388,
              52.0999615
            ],
            [
              6.2201457,
              52.1001229
            ],
            [
              6.2201588,
              52.1003272
            ],
            [
              6.2206111,
              52.1002991
            ],
            [
              6.2208599,
              52.1002948
            ],
            [
              6.2212809,
              52.1003011
            ],
            [
              6.2220616,
              52.1003071
            ],
            [
              6.2226172,
              52.1002996
            ],
            [
              6.2230299,
              52.1002926
            ],
            [
              6.2233155,
              52.1002699
            ],
            [
              6.2237171,
              52.1002217
            ],
            [
              6.2239654,
              52.1001798
            ],
            [
              6.2242789,
              52.1001074
            ],
            [
              6.2244909,
              52.1000493
            ],
            [
              6.2245146,
              52.1001748
            ],
            [
              6.2245152,
              52.100178
            ],
            [
              6.2244764,
              52.1001991
            ],
            [
              6.2244641,
              52.1002394
            ],
            [
              6.2245385,
              52.1006335
            ],
            [
              6.2246206,
              52.1010796
            ],
            [
              6.2245692,
              52.1011244
            ],
            [
              6.2245543,
              52.1011701
            ],
            [
              6.2245504,
              52.1012731
            ],
            [
              6.2245262,
              52.101761
            ],
            [
              6.2245185,
              52.1018171
            ],
            [
              6.2245097,
              52.1018624
            ],
            [
              6.2244913,
              52.1019109
            ],
            [
              6.2242743,
              52.1023516
            ],
            [
              6.2238853,
              52.10308
            ],
            [
              6.2237402,
              52.1033887
            ],
            [
              6.2232213,
              52.1043966
            ],
            [
              6.2227869,
              52.1052505
            ],
            [
              6.2222886,
              52.1062211
            ],
            [
              6.222103,
              52.1065893
            ],
            [
              6.2220851,
              52.1066771
            ],
            [
              6.2221457,
              52.1066879
            ],
            [
              6.222156,
              52.1067257
            ],
            [
              6.2221856,
              52.106733
            ],
            [
              6.2233415,
              52.1069245
            ],
            [
              6.2234721,
              52.1069382
            ],
            [
              6.2236695,
              52.1069474
            ],
            [
              6.2240509,
              52.1069703
            ],
            [
              6.2244522,
              52.1069705
            ],
            [
              6.2246249,
              52.106957
            ],
            [
              6.2247161,
              52.1069498
            ],
            [
              6.2252823,
              52.1069055
            ],
            [
              6.2257778,
              52.1068517
            ],
            [
              6.2257775,
              52.1068337
            ],
            [
              6.2258274,
              52.1068266
            ],
            [
              6.2259082,
              52.1071926
            ],
            [
              6.2259087,
              52.1071946
            ],
            [
              6.2259153,
              52.1072248
            ],
            [
              6.2259706,
              52.1072204
            ],
            [
              6.2260003,
              52.1073553
            ],
            [
              6.2262706,
              52.1085827
            ],
            [
              6.2262721,
              52.1085863
            ],
            [
              6.2266377,
              52.1094095
            ],
            [
              6.2274912,
              52.109477
            ],
            [
              6.2279123,
              52.1095127
            ],
            [
              6.2280132,
              52.1095363
            ],
            [
              6.2282667,
              52.1096032
            ],
            [
              6.2305766,
              52.1102429
            ],
            [
              6.2310567,
              52.1103746
            ],
            [
              6.2316056,
              52.1105268
            ],
            [
              6.232416,
              52.1107471
            ],
            [
              6.2317052,
              52.1110941
            ],
            [
              6.2317685,
              52.1111509
            ],
            [
              6.2317786,
              52.11116
            ],
            [
              6.2320179,
              52.1113743
            ],
            [
              6.2320235,
              52.1113794
            ],
            [
              6.2327806,
              52.1120475
            ],
            [
              6.2335992,
              52.1127911
            ],
            [
              6.2337537,
              52.1129289
            ],
            [
              6.233877,
              52.1131258
            ],
            [
              6.2350434,
              52.1128001
            ],
            [
              6.2351724,
              52.1127641
            ],
            [
              6.2358786,
              52.1136621
            ],
            [
              6.2358836,
              52.1136685
            ],
            [
              6.2359214,
              52.1137165
            ],
            [
              6.2372816,
              52.1133085
            ],
            [
              6.2375706,
              52.1132377
            ],
            [
              6.2378406,
              52.1131778
            ],
            [
              6.2381044,
              52.1131346
            ],
            [
              6.2384413,
              52.1130893
            ],
            [
              6.2389073,
              52.113056
            ],
            [
              6.2400041,
              52.113024
            ],
            [
              6.2402427,
              52.1130141
            ],
            [
              6.2403759,
              52.1130051
            ],
            [
              6.2406596,
              52.1129622
            ],
            [
              6.2407863,
              52.1129341
            ],
            [
              6.2409943,
              52.1128742
            ],
            [
              6.2411185,
              52.1128359
            ],
            [
              6.2411278,
              52.112833
            ],
            [
              6.241228,
              52.112802
            ],
            [
              6.2417455,
              52.1126501
            ],
            [
              6.2420059,
              52.1125888
            ],
            [
              6.2422401,
              52.1125491
            ],
            [
              6.2423653,
              52.1125346
            ],
            [
              6.2425865,
              52.1125205
            ],
            [
              6.2428818,
              52.1125194
            ],
            [
              6.2431369,
              52.1125341
            ],
            [
              6.2433964,
              52.1125669
            ],
            [
              6.2437954,
              52.1126264
            ],
            [
              6.2439624,
              52.1126411
            ],
            [
              6.2441255,
              52.1126475
            ],
            [
              6.2443238,
              52.112646
            ],
            [
              6.2445489,
              52.1126342
            ],
            [
              6.2447241,
              52.112614
            ],
            [
              6.2450853,
              52.1125575
            ],
            [
              6.245864,
              52.1124248
            ],
            [
              6.246974,
              52.112236
            ],
            [
              6.2475804,
              52.1121134
            ],
            [
              6.2488881,
              52.111782
            ],
            [
              6.2502572,
              52.1114363
            ],
            [
              6.2509011,
              52.1112805
            ],
            [
              6.2512708,
              52.1112038
            ],
            [
              6.251688,
              52.1111317
            ],
            [
              6.252037,
              52.1110848
            ],
            [
              6.2526835,
              52.1110061
            ],
            [
              6.2533819,
              52.110946
            ],
            [
              6.2540071,
              52.1109034
            ],
            [
              6.2547375,
              52.1108571
            ],
            [
              6.2549765,
              52.1108312
            ],
            [
              6.2552088,
              52.1107945
            ],
            [
              6.2555951,
              52.1107009
            ],
            [
              6.256768,
              52.1103984
            ],
            [
              6.2569947,
              52.1103555
            ],
            [
              6.2572679,
              52.1103175
            ],
            [
              6.2576009,
              52.1102866
            ],
            [
              6.257839,
              52.1102771
            ],
            [
              6.2582333,
              52.1102723
            ],
            [
              6.2586247,
              52.1102905
            ],
            [
              6.2603367,
              52.1104849
            ],
            [
              6.261428,
              52.1106193
            ],
            [
              6.2617096,
              52.1106663
            ],
            [
              6.2620806,
              52.1107463
            ],
            [
              6.2627292,
              52.1109283
            ],
            [
              6.2628856,
              52.1109689
            ],
            [
              6.2631445,
              52.1110394
            ],
            [
              6.2643381,
              52.1113762
            ],
            [
              6.2646732,
              52.1114681
            ],
            [
              6.2648928,
              52.1115185
            ],
            [
              6.2652246,
              52.1115872
            ],
            [
              6.2656637,
              52.1116701
            ],
            [
              6.266488,
              52.1118146
            ],
            [
              6.2666098,
              52.1118299
            ],
            [
              6.2667491,
              52.1118399
            ],
            [
              6.2670465,
              52.1118474
            ],
            [
              6.2671688,
              52.111845
            ],
            [
              6.2673207,
              52.1118347
            ],
            [
              6.2693977,
              52.111591
            ],
            [
              6.2695425,
              52.1115915
            ],
            [
              6.2696329,
              52.1116019
            ],
            [
              6.2697009,
              52.1116098
            ],
            [
              6.2697024,
              52.1116102
            ],
            [
              6.2698433,
              52.1116435
            ],
            [
              6.269947,
              52.1116729
            ],
            [
              6.270018,
              52.1117035
            ],
            [
              6.270127,
              52.1118043
            ],
            [
              6.2715771,
              52.1130307
            ],
            [
              6.2717632,
              52.1131891
            ],
            [
              6.2722323,
              52.1135787
            ],
            [
              6.2722932,
              52.1136321
            ],
            [
              6.2723438,
              52.1136772
            ],
            [
              6.2724104,
              52.1137421
            ],
            [
              6.272526,
              52.1138684
            ],
            [
              6.2726389,
              52.1139996
            ],
            [
              6.2726866,
              52.1140624
            ],
            [
              6.2730109,
              52.1145695
            ],
            [
              6.2733146,
              52.1150381
            ],
            [
              6.2733544,
              52.1150994
            ],
            [
              6.2733742,
              52.11513
            ],
            [
              6.2735944,
              52.1154701
            ],
            [
              6.2736558,
              52.1155671
            ],
            [
              6.2736906,
              52.1156232
            ],
            [
              6.273728,
              52.1156949
            ],
            [
              6.2737612,
              52.115766
            ],
            [
              6.2737921,
              52.1158363
            ],
            [
              6.2738774,
              52.1160239
            ],
            [
              6.2739129,
              52.1161165
            ],
            [
              6.2741035,
              52.1164665
            ],
            [
              6.2743054,
              52.1168237
            ],
            [
              6.2743722,
              52.1169483
            ],
            [
              6.2746408,
              52.117431
            ],
            [
              6.2749586,
              52.117986
            ],
            [
              6.2749853,
              52.1180404
            ],
            [
              6.27496,
              52.1180757
            ],
            [
              6.2749699,
              52.1180987
            ],
            [
              6.2749862,
              52.1181497
            ],
            [
              6.2756531,
              52.118936
            ],
            [
              6.2761405,
              52.1195341
            ],
            [
              6.2764037,
              52.119865
            ],
            [
              6.2765856,
              52.1200933
            ],
            [
              6.2769949,
              52.1206093
            ],
            [
              6.2773302,
              52.121029
            ],
            [
              6.2773683,
              52.1210822
            ],
            [
              6.2774026,
              52.1211702
            ],
            [
              6.2774192,
              52.1212487
            ],
            [
              6.2774709,
              52.121502
            ],
            [
              6.2775001,
              52.1216859
            ],
            [
              6.2774945,
              52.121713
            ],
            [
              6.277487,
              52.1217288
            ],
            [
              6.2775442,
              52.1217502
            ],
            [
              6.2775482,
              52.1217517
            ],
            [
              6.2778759,
              52.1218735
            ],
            [
              6.2785649,
              52.1221144
            ],
            [
              6.2796163,
              52.1224742
            ],
            [
              6.2797182,
              52.1225095
            ],
            [
              6.2803703,
              52.1227351
            ],
            [
              6.2813358,
              52.1230726
            ],
            [
              6.2820432,
              52.1233173
            ],
            [
              6.2822591,
              52.123392
            ],
            [
              6.2825041,
              52.1234775
            ],
            [
              6.2829948,
              52.1236485
            ],
            [
              6.2833824,
              52.1235131
            ],
            [
              6.2837294,
              52.123392
            ],
            [
              6.2842003,
              52.1238995
            ],
            [
              6.2844191,
              52.1241383
            ],
            [
              6.2845708,
              52.1241911
            ],
            [
              6.2847862,
              52.124265
            ],
            [
              6.2855956,
              52.1245466
            ],
            [
              6.286354,
              52.1248085
            ],
            [
              6.2867613,
              52.1249486
            ],
            [
              6.2873408,
              52.1251481
            ],
            [
              6.2881433,
              52.1254261
            ],
            [
              6.2881879,
              52.1254417
            ],
            [
              6.2883454,
              52.1254963
            ],
            [
              6.2883739,
              52.1255062
            ],
            [
              6.2884653,
              52.1255378
            ],
            [
              6.2901029,
              52.1254954
            ],
            [
              6.290327,
              52.1254929
            ],
            [
              6.2905122,
              52.1254908
            ],
            [
              6.2917135,
              52.1254659
            ],
            [
              6.2917139,
              52.1254782
            ],
            [
              6.2921502,
              52.1254726
            ],
            [
              6.2911124,
              52.1264461
            ],
            [
              6.2913089,
              52.1265159
            ],
            [
              6.2913663,
              52.1265363
            ],
            [
              6.2915005,
              52.1265842
            ],
            [
              6.2924101,
              52.1269007
            ],
            [
              6.2928603,
              52.1270563
            ],
            [
              6.2930151,
              52.1271096
            ],
            [
              6.2932757,
              52.1271994
            ],
            [
              6.2934883,
              52.1272743
            ],
            [
              6.2935161,
              52.1272967
            ],
            [
              6.2938905,
              52.1276003
            ],
            [
              6.2938959,
              52.1276049
            ],
            [
              6.293941,
              52.1276429
            ],
            [
              6.2939487,
              52.1276493
            ],
            [
              6.2939531,
              52.1276531
            ],
            [
              6.2940528,
              52.1277372
            ],
            [
              6.29407,
              52.1277517
            ],
            [
              6.2939877,
              52.1278304
            ],
            [
              6.293901,
              52.1279084
            ],
            [
              6.2938683,
              52.1279429
            ],
            [
              6.2943544,
              52.1280186
            ],
            [
              6.2946569,
              52.1280689
            ],
            [
              6.2960025,
              52.1282743
            ],
            [
              6.2972151,
              52.128468
            ],
            [
              6.298038,
              52.1285951
            ],
            [
              6.298295,
              52.1286376
            ],
            [
              6.2984849,
              52.1286708
            ],
            [
              6.2987028,
              52.1287314
            ],
            [
              6.2990938,
              52.1288416
            ],
            [
              6.3008526,
              52.1293511
            ],
            [
              6.3009768,
              52.1293326
            ],
            [
              6.3009757,
              52.1293354
            ],
            [
              6.3009818,
              52.1293366
            ],
            [
              6.3015457,
              52.1294469
            ],
            [
              6.3016904,
              52.1295176
            ],
            [
              6.3022904,
              52.1296282
            ],
            [
              6.3022779,
              52.1296569
            ],
            [
              6.3022743,
              52.1297083
            ],
            [
              6.3022649,
              52.1297591
            ],
            [
              6.3022714,
              52.1297947
            ],
            [
              6.3023275,
              52.1298359
            ],
            [
              6.3024497,
              52.1298568
            ],
            [
              6.3032736,
              52.1299697
            ],
            [
              6.3032838,
              52.1299711
            ],
            [
              6.3035597,
              52.1300089
            ],
            [
              6.3046757,
              52.1301694
            ],
            [
              6.3051602,
              52.1302474
            ],
            [
              6.3051877,
              52.1302493
            ],
            [
              6.3052731,
              52.1302552
            ],
            [
              6.3055325,
              52.1302863
            ],
            [
              6.3060979,
              52.1303787
            ],
            [
              6.3065598,
              52.1304412
            ],
            [
              6.3068229,
              52.1304795
            ],
            [
              6.3070405,
              52.1304865
            ],
            [
              6.3070982,
              52.130492
            ],
            [
              6.3071472,
              52.1304732
            ],
            [
              6.3072857,
              52.1304516
            ],
            [
              6.3076924,
              52.1306435
            ],
            [
              6.3079458,
              52.1307683
            ],
            [
              6.3079631,
              52.1307556
            ],
            [
              6.3082932,
              52.1309172
            ],
            [
              6.3083309,
              52.1309308
            ],
            [
              6.3083396,
              52.130934
            ],
            [
              6.3083621,
              52.1309421
            ],
            [
              6.3086494,
              52.1310374
            ],
            [
              6.3088023,
              52.13109
            ],
            [
              6.3088052,
              52.1310909
            ],
            [
              6.3089139,
              52.1311283
            ],
            [
              6.3093375,
              52.1312754
            ],
            [
              6.3096865,
              52.1313995
            ],
            [
              6.3096994,
              52.1313971
            ],
            [
              6.3097211,
              52.1314044
            ],
            [
              6.3098751,
              52.1314565
            ],
            [
              6.3099296,
              52.131475
            ],
            [
              6.3108993,
              52.1318032
            ],
            [
              6.3112292,
              52.1319157
            ],
            [
              6.311638,
              52.1320522
            ],
            [
              6.3119334,
              52.1321553
            ],
            [
              6.3120336,
              52.1321913
            ],
            [
              6.3122447,
              52.1322822
            ],
            [
              6.3124811,
              52.1323788
            ],
            [
              6.3135919,
              52.1327538
            ],
            [
              6.3136646,
              52.1327702
            ],
            [
              6.3136629,
              52.1327445
            ],
            [
              6.313665,
              52.1327452
            ],
            [
              6.3138882,
              52.1328166
            ],
            [
              6.3139859,
              52.1328477
            ],
            [
              6.3143009,
              52.1329474
            ],
            [
              6.3150669,
              52.1332105
            ],
            [
              6.3154485,
              52.1333384
            ],
            [
              6.3163279,
              52.1336281
            ],
            [
              6.3170409,
              52.1338733
            ],
            [
              6.3174402,
              52.1340098
            ],
            [
              6.3175373,
              52.1340371
            ],
            [
              6.3176975,
              52.1340932
            ],
            [
              6.3181885,
              52.1342662
            ],
            [
              6.3186707,
              52.1344293
            ],
            [
              6.3191958,
              52.1346081
            ],
            [
              6.3198294,
              52.134823
            ],
            [
              6.3206876,
              52.1351172
            ],
            [
              6.3212722,
              52.1353145
            ],
            [
              6.321933,
              52.1355381
            ],
            [
              6.322393,
              52.1356946
            ],
            [
              6.3230181,
              52.1359023
            ],
            [
              6.3233695,
              52.1360158
            ],
            [
              6.3241371,
              52.1362797
            ],
            [
              6.3247106,
              52.1364729
            ],
            [
              6.3247296,
              52.1364793
            ],
            [
              6.3248752,
              52.1365284
            ],
            [
              6.3248599,
              52.1365524
            ],
            [
              6.3248627,
              52.1365534
            ],
            [
              6.3248731,
              52.1365569
            ],
            [
              6.3249184,
              52.1365721
            ],
            [
              6.3252655,
              52.1366869
            ],
            [
              6.3265667,
              52.1371251
            ],
            [
              6.3266146,
              52.1371414
            ],
            [
              6.3266628,
              52.137159
            ],
            [
              6.3269978,
              52.1372746
            ],
            [
              6.3271515,
              52.137328
            ],
            [
              6.3274748,
              52.1374373
            ],
            [
              6.3277094,
              52.1375187
            ],
            [
              6.3280438,
              52.1376309
            ],
            [
              6.328048,
              52.1376323
            ],
            [
              6.328116,
              52.1376514
            ],
            [
              6.328197,
              52.1376794
            ],
            [
              6.3282493,
              52.1376974
            ],
            [
              6.3283144,
              52.1377124
            ],
            [
              6.3281218,
              52.1387827
            ],
            [
              6.3276616,
              52.1413179
            ],
            [
              6.3276269,
              52.1416233
            ],
            [
              6.3272497,
              52.1436333
            ],
            [
              6.327109,
              52.1443935
            ],
            [
              6.3269839,
              52.1451086
            ],
            [
              6.3269624,
              52.1452314
            ],
            [
              6.3269491,
              52.1453063
            ],
            [
              6.3267401,
              52.1464214
            ],
            [
              6.3265684,
              52.1473374
            ],
            [
              6.326559,
              52.1473865
            ],
            [
              6.3261195,
              52.1482341
            ],
            [
              6.3256304,
              52.1491684
            ],
            [
              6.324238,
              52.1519016
            ],
            [
              6.3242731,
              52.1519707
            ],
            [
              6.3242904,
              52.1520102
            ],
            [
              6.3242918,
              52.1520139
            ],
            [
              6.3242908,
              52.1520302
            ],
            [
              6.3242906,
              52.1520621
            ],
            [
              6.3242615,
              52.152134
            ],
            [
              6.3242429,
              52.1521827
            ],
            [
              6.3241403,
              52.1524698
            ],
            [
              6.32404,
              52.1527617
            ],
            [
              6.323948,
              52.15274
            ],
            [
              6.3238659,
              52.1527258
            ],
            [
              6.3235894,
              52.152678
            ],
            [
              6.3234187,
              52.1526715
            ],
            [
              6.3232536,
              52.1526484
            ],
            [
              6.3231421,
              52.1526274
            ],
            [
              6.3230937,
              52.1526144
            ],
            [
              6.3229009,
              52.1525466
            ],
            [
              6.3226859,
              52.1524691
            ],
            [
              6.3215726,
              52.1520773
            ],
            [
              6.3211763,
              52.1519358
            ],
            [
              6.3210982,
              52.1519139
            ],
            [
              6.3209638,
              52.1518839
            ],
            [
              6.3208219,
              52.1518591
            ],
            [
              6.3206544,
              52.1518501
            ],
            [
              6.3204924,
              52.1518452
            ],
            [
              6.3202094,
              52.1518401
            ],
            [
              6.3196344,
              52.1518301
            ],
            [
              6.3191051,
              52.1518298
            ],
            [
              6.3188495,
              52.15183
            ],
            [
              6.3187846,
              52.1518324
            ],
            [
              6.3187439,
              52.1518381
            ],
            [
              6.3185917,
              52.1518688
            ],
            [
              6.3185529,
              52.1518046
            ],
            [
              6.3185304,
              52.1517806
            ],
            [
              6.3185067,
              52.1517671
            ],
            [
              6.3184858,
              52.1517605
            ],
            [
              6.3182493,
              52.1517072
            ],
            [
              6.317836,
              52.1516332
            ],
            [
              6.3172577,
              52.151555
            ],
            [
              6.3169626,
              52.1515066
            ],
            [
              6.3165273,
              52.1514346
            ],
            [
              6.3165242,
              52.151434
            ],
            [
              6.3164129,
              52.1514156
            ],
            [
              6.3162478,
              52.15139
            ],
            [
              6.3160288,
              52.1513664
            ],
            [
              6.3153297,
              52.1512921
            ],
            [
              6.3152883,
              52.1512915
            ],
            [
              6.3151883,
              52.1513076
            ],
            [
              6.3149449,
              52.151292
            ],
            [
              6.3149205,
              52.1512906
            ],
            [
              6.3136875,
              52.1512199
            ],
            [
              6.3128145,
              52.151152
            ],
            [
              6.3128135,
              52.151152
            ],
            [
              6.3128027,
              52.151152
            ],
            [
              6.312651,
              52.1511529
            ],
            [
              6.3111543,
              52.151059
            ],
            [
              6.3111426,
              52.1510583
            ],
            [
              6.3101154,
              52.1509938
            ],
            [
              6.3096289,
              52.1509701
            ],
            [
              6.3089086,
              52.1509184
            ],
            [
              6.3087936,
              52.1509118
            ],
            [
              6.3075483,
              52.15084
            ],
            [
              6.3062365,
              52.1507588
            ],
            [
              6.3058085,
              52.1507393
            ],
            [
              6.3055178,
              52.1506193
            ],
            [
              6.3051546,
              52.1506687
            ],
            [
              6.3051199,
              52.1506734
            ],
            [
              6.30507,
              52.1506546
            ],
            [
              6.3036329,
              52.1501106
            ],
            [
              6.3009469,
              52.1491168
            ],
            [
              6.3009439,
              52.1491157
            ],
            [
              6.3009181,
              52.1491112
            ],
            [
              6.3008884,
              52.149113
            ],
            [
              6.3008749,
              52.1491155
            ],
            [
              6.3006653,
              52.1491616
            ],
            [
              6.300534,
              52.1491904
            ],
            [
              6.3002588,
              52.1492586
            ],
            [
              6.299924,
              52.14933
            ],
            [
              6.2996467,
              52.1493893
            ],
            [
              6.2994059,
              52.1494387
            ],
            [
              6.2991027,
              52.1495054
            ],
            [
              6.2989157,
              52.1495501
            ],
            [
              6.2989103,
              52.1495515
            ],
            [
              6.2988005,
              52.1495964
            ],
            [
              6.2987873,
              52.1496263
            ],
            [
              6.2981112,
              52.1498197
            ],
            [
              6.2980664,
              52.1497873
            ],
            [
              6.2980021,
              52.1497429
            ],
            [
              6.2978987,
              52.1496769
            ],
            [
              6.2977423,
              52.1496679
            ],
            [
              6.2977108,
              52.1496558
            ],
            [
              6.2976466,
              52.1495956
            ],
            [
              6.2976163,
              52.1495812
            ],
            [
              6.2973996,
              52.1495522
            ],
            [
              6.2971021,
              52.1494218
            ],
            [
              6.2969599,
              52.149407
            ],
            [
              6.2968847,
              52.1493933
            ],
            [
              6.2968497,
              52.1493754
            ],
            [
              6.2968112,
              52.1493523
            ],
            [
              6.296788,
              52.1493223
            ],
            [
              6.2967524,
              52.1492679
            ],
            [
              6.2967231,
              52.149223
            ],
            [
              6.2966995,
              52.1491995
            ],
            [
              6.2966764,
              52.1491778
            ],
            [
              6.296649,
              52.1491636
            ],
            [
              6.2965627,
              52.149128
            ],
            [
              6.2962905,
              52.1490159
            ],
            [
              6.2961601,
              52.1489622
            ],
            [
              6.2961185,
              52.148948
            ],
            [
              6.2959358,
              52.1489026
            ],
            [
              6.2958889,
              52.1488909
            ],
            [
              6.2958627,
              52.1488799
            ],
            [
              6.2958147,
              52.1488627
            ],
            [
              6.2956973,
              52.1488308
            ],
            [
              6.2956942,
              52.1488298
            ],
            [
              6.2956065,
              52.1488066
            ],
            [
              6.2955536,
              52.1487972
            ],
            [
              6.2954993,
              52.1487918
            ],
            [
              6.2952984,
              52.148854
            ],
            [
              6.2952125,
              52.1488974
            ],
            [
              6.2951423,
              52.1489364
            ],
            [
              6.2950518,
              52.1489769
            ],
            [
              6.2949801,
              52.1489988
            ],
            [
              6.2948635,
              52.1490173
            ],
            [
              6.2947626,
              52.149025
            ],
            [
              6.2944662,
              52.1490409
            ],
            [
              6.2938138,
              52.1493291
            ],
            [
              6.2937271,
              52.1493675
            ],
            [
              6.2936704,
              52.149389
            ],
            [
              6.2935902,
              52.1494039
            ],
            [
              6.2935296,
              52.1494137
            ],
            [
              6.2934502,
              52.1494026
            ],
            [
              6.2934101,
              52.1493887
            ],
            [
              6.2933636,
              52.1493726
            ],
            [
              6.2932919,
              52.1493426
            ],
            [
              6.2931978,
              52.1492915
            ],
            [
              6.2931431,
              52.149254
            ],
            [
              6.2931259,
              52.1492372
            ],
            [
              6.2930977,
              52.1491932
            ],
            [
              6.2930871,
              52.1491461
            ],
            [
              6.2930862,
              52.1491341
            ],
            [
              6.2930538,
              52.1490971
            ],
            [
              6.293032,
              52.1490939
            ],
            [
              6.292962,
              52.1490842
            ],
            [
              6.2929037,
              52.1490978
            ],
            [
              6.2928553,
              52.1491277
            ],
            [
              6.2928238,
              52.1491504
            ],
            [
              6.292789,
              52.1491615
            ],
            [
              6.2927376,
              52.14917
            ],
            [
              6.2927132,
              52.149173
            ],
            [
              6.2923242,
              52.1492173
            ],
            [
              6.2922345,
              52.1492188
            ],
            [
              6.2920405,
              52.1492185
            ],
            [
              6.291948,
              52.149223
            ],
            [
              6.2918699,
              52.1492298
            ],
            [
              6.2916368,
              52.1492751
            ],
            [
              6.2916013,
              52.1492838
            ],
            [
              6.2915659,
              52.1492925
            ],
            [
              6.2915095,
              52.1493081
            ],
            [
              6.2914025,
              52.1493139
            ],
            [
              6.2912159,
              52.1493228
            ],
            [
              6.2911319,
              52.1493271
            ],
            [
              6.2909314,
              52.1493372
            ],
            [
              6.2907199,
              52.1493569
            ],
            [
              6.2902801,
              52.1494015
            ],
            [
              6.2901531,
              52.1493982
            ],
            [
              6.28999,
              52.1493793
            ],
            [
              6.2898378,
              52.1493532
            ],
            [
              6.2896965,
              52.1493206
            ],
            [
              6.2895934,
              52.1492791
            ],
            [
              6.2895875,
              52.1492767
            ],
            [
              6.2894486,
              52.1492396
            ],
            [
              6.2893158,
              52.1492006
            ],
            [
              6.2892549,
              52.1491766
            ],
            [
              6.2891489,
              52.1491346
            ],
            [
              6.2890955,
              52.1491155
            ],
            [
              6.2890437,
              52.1491043
            ],
            [
              6.2889633,
              52.1490945
            ],
            [
              6.2886183,
              52.1490664
            ],
            [
              6.2883867,
              52.1490507
            ],
            [
              6.2882717,
              52.149051
            ],
            [
              6.2880164,
              52.1490393
            ],
            [
              6.2876933,
              52.1490305
            ],
            [
              6.2875767,
              52.1490146
            ],
            [
              6.2874502,
              52.1490041
            ],
            [
              6.2871313,
              52.1489928
            ],
            [
              6.2868233,
              52.1489745
            ],
            [
              6.2866759,
              52.1489639
            ],
            [
              6.2864445,
              52.1489391
            ],
            [
              6.2859885,
              52.1488706
            ],
            [
              6.2857059,
              52.1487571
            ],
            [
              6.2856096,
              52.148732
            ],
            [
              6.2855131,
              52.1487073
            ],
            [
              6.2854531,
              52.1486873
            ],
            [
              6.2853915,
              52.1486511
            ],
            [
              6.2853406,
              52.1486134
            ],
            [
              6.2852911,
              52.1485623
            ],
            [
              6.2852469,
              52.1485164
            ],
            [
              6.2852046,
              52.148481
            ],
            [
              6.2851013,
              52.1484481
            ],
            [
              6.2849634,
              52.1484262
            ],
            [
              6.2848069,
              52.1484164
            ],
            [
              6.2847391,
              52.1484132
            ],
            [
              6.284664,
              52.1484098
            ],
            [
              6.2846288,
              52.148409
            ],
            [
              6.2845317,
              52.1484071
            ],
            [
              6.2844162,
              52.1484105
            ],
            [
              6.2842979,
              52.148417
            ],
            [
              6.2842117,
              52.1484109
            ],
            [
              6.2840392,
              52.1483684
            ],
            [
              6.2839253,
              52.1483237
            ],
            [
              6.2838334,
              52.1482686
            ],
            [
              6.2837501,
              52.1482236
            ],
            [
              6.283671,
              52.1481983
            ],
            [
              6.2836043,
              52.1481957
            ],
            [
              6.283545,
              52.1482148
            ],
            [
              6.2834832,
              52.1482484
            ],
            [
              6.2834164,
              52.1482982
            ],
            [
              6.2831561,
              52.1485133
            ],
            [
              6.2831039,
              52.148548
            ],
            [
              6.2830558,
              52.1485756
            ],
            [
              6.2829768,
              52.1486099
            ],
            [
              6.28288,
              52.1486476
            ],
            [
              6.2828427,
              52.148669
            ],
            [
              6.2828119,
              52.1486863
            ],
            [
              6.2827732,
              52.1487081
            ],
            [
              6.2827002,
              52.1487377
            ],
            [
              6.2826417,
              52.1487568
            ],
            [
              6.2825786,
              52.1487637
            ],
            [
              6.2824981,
              52.148763
            ],
            [
              6.2823886,
              52.1487576
            ],
            [
              6.2823561,
              52.148756
            ],
            [
              6.2822504,
              52.1487545
            ],
            [
              6.2821385,
              52.1487885
            ],
            [
              6.282097,
              52.1488036
            ],
            [
              6.2820841,
              52.1488083
            ],
            [
              6.2820733,
              52.1488122
            ],
            [
              6.2820026,
              52.148837
            ],
            [
              6.2819355,
              52.1488491
            ],
            [
              6.2818385,
              52.1488625
            ],
            [
              6.281703,
              52.1488779
            ],
            [
              6.2816233,
              52.1488943
            ],
            [
              6.2815105,
              52.1489254
            ],
            [
              6.2814296,
              52.1489619
            ],
            [
              6.2813286,
              52.1490149
            ],
            [
              6.2813245,
              52.1490173
            ],
            [
              6.281236,
              52.1490671
            ],
            [
              6.2811047,
              52.149132
            ],
            [
              6.2808042,
              52.14926
            ],
            [
              6.2807603,
              52.149281
            ],
            [
              6.2807104,
              52.1493149
            ],
            [
              6.280645,
              52.149352
            ],
            [
              6.2805541,
              52.1493813
            ],
            [
              6.280346,
              52.1494416
            ],
            [
              6.2802401,
              52.1494586
            ],
            [
              6.280151,
              52.1494728
            ],
            [
              6.2800729,
              52.1494801
            ],
            [
              6.27997,
              52.1494885
            ],
            [
              6.279916,
              52.1494905
            ],
            [
              6.2798602,
              52.149485
            ],
            [
              6.2797925,
              52.1494622
            ],
            [
              6.2797307,
              52.1494315
            ],
            [
              6.2796747,
              52.1494145
            ],
            [
              6.2796542,
              52.1494123
            ],
            [
              6.279582,
              52.149424
            ],
            [
              6.2795091,
              52.1494312
            ],
            [
              6.2794418,
              52.1494297
            ],
            [
              6.2794244,
              52.1494293
            ],
            [
              6.2793579,
              52.1494213
            ],
            [
              6.2792747,
              52.1494021
            ],
            [
              6.2791949,
              52.1493716
            ],
            [
              6.2791853,
              52.1493675
            ],
            [
              6.2790665,
              52.1493173
            ],
            [
              6.2790419,
              52.1493069
            ],
            [
              6.2788568,
              52.1492213
            ],
            [
              6.2787906,
              52.1492074
            ],
            [
              6.2787357,
              52.1491964
            ],
            [
              6.2786623,
              52.1491723
            ],
            [
              6.2786117,
              52.1491585
            ],
            [
              6.2785693,
              52.1491538
            ],
            [
              6.2777806,
              52.1493049
            ],
            [
              6.2775078,
              52.1494104
            ],
            [
              6.2773556,
              52.149461
            ],
            [
              6.2773343,
              52.1494679
            ],
            [
              6.2773037,
              52.1494779
            ],
            [
              6.277245,
              52.1494938
            ],
            [
              6.2771466,
              52.1495057
            ],
            [
              6.2770415,
              52.1495052
            ],
            [
              6.2769673,
              52.1494944
            ],
            [
              6.2768964,
              52.1494727
            ],
            [
              6.2768397,
              52.1494383
            ],
            [
              6.2768078,
              52.1494076
            ],
            [
              6.2767828,
              52.1493836
            ],
            [
              6.2767267,
              52.1493239
            ],
            [
              6.2767263,
              52.1493236
            ],
            [
              6.276671,
              52.1492794
            ],
            [
              6.2766118,
              52.1492553
            ],
            [
              6.2765391,
              52.1492441
            ],
            [
              6.2764816,
              52.1492445
            ],
            [
              6.2764032,
              52.1492531
            ],
            [
              6.2763844,
              52.1492558
            ],
            [
              6.2762494,
              52.1492752
            ],
            [
              6.2761753,
              52.1492809
            ],
            [
              6.2761578,
              52.1492799
            ],
            [
              6.2760984,
              52.1492767
            ],
            [
              6.2760412,
              52.1492711
            ],
            [
              6.2759603,
              52.149247
            ],
            [
              6.2757502,
              52.1491585
            ],
            [
              6.2757469,
              52.1491571
            ],
            [
              6.2756167,
              52.1491135
            ],
            [
              6.2755986,
              52.1491075
            ],
            [
              6.2752819,
              52.1489831
            ],
            [
              6.2750511,
              52.1489098
            ],
            [
              6.2745378,
              52.1488439
            ],
            [
              6.2744701,
              52.1488412
            ],
            [
              6.2743602,
              52.1488368
            ],
            [
              6.2743251,
              52.1488382
            ],
            [
              6.2742234,
              52.1488758
            ],
            [
              6.2741412,
              52.1490389
            ],
            [
              6.2741282,
              52.1490588
            ],
            [
              6.2740921,
              52.1490944
            ],
            [
              6.2732675,
              52.149171
            ],
            [
              6.27317,
              52.1491808
            ],
            [
              6.2730816,
              52.1491977
            ],
            [
              6.2730209,
              52.1492156
            ],
            [
              6.2728405,
              52.1492825
            ],
            [
              6.2727879,
              52.1493009
            ],
            [
              6.2725699,
              52.1493531
            ],
            [
              6.2724044,
              52.1494232
            ],
            [
              6.2723697,
              52.1494349
            ],
            [
              6.2723356,
              52.1494461
            ],
            [
              6.272326,
              52.1494492
            ],
            [
              6.2722315,
              52.1494831
            ],
            [
              6.2721466,
              52.1495227
            ],
            [
              6.2720134,
              52.1495739
            ],
            [
              6.2719059,
              52.1496062
            ],
            [
              6.2717892,
              52.1496411
            ],
            [
              6.2717,
              52.1496631
            ],
            [
              6.271629,
              52.1496798
            ],
            [
              6.271584,
              52.1496861
            ],
            [
              6.2715291,
              52.1496926
            ],
            [
              6.2714599,
              52.1496988
            ],
            [
              6.2712183,
              52.1497004
            ],
            [
              6.2712147,
              52.1497004
            ],
            [
              6.2710062,
              52.1497245
            ],
            [
              6.2709703,
              52.1497355
            ],
            [
              6.2705479,
              52.1498634
            ],
            [
              6.270388,
              52.1499109
            ],
            [
              6.2703104,
              52.1499296
            ],
            [
              6.270186,
              52.1499506
            ],
            [
              6.2700891,
              52.149961
            ],
            [
              6.2700193,
              52.1499605
            ],
            [
              6.2699529,
              52.1499599
            ],
            [
              6.2697915,
              52.1499587
            ],
            [
              6.2697432,
              52.1499367
            ],
            [
              6.2694209,
              52.149676
            ],
            [
              6.2693593,
              52.1496269
            ],
            [
              6.2692916,
              52.1495803
            ],
            [
              6.269192,
              52.1495174
            ],
            [
              6.2690751,
              52.1494446
            ],
            [
              6.2689427,
              52.1493708
            ],
            [
              6.2688422,
              52.1493203
            ],
            [
              6.2679795,
              52.1488901
            ],
            [
              6.2664739,
              52.1481714
            ],
            [
              6.2663864,
              52.1481183
            ],
            [
              6.2663117,
              52.1480723
            ],
            [
              6.2662686,
              52.1480412
            ],
            [
              6.2660592,
              52.1478853
            ],
            [
              6.2660366,
              52.1478685
            ],
            [
              6.266031,
              52.1478643
            ],
            [
              6.2653845,
              52.1473831
            ],
            [
              6.2652884,
              52.1473211
            ],
            [
              6.2651535,
              52.1472479
            ],
            [
              6.2650612,
              52.1472054
            ],
            [
              6.2648585,
              52.1471461
            ],
            [
              6.2647641,
              52.1471219
            ],
            [
              6.2645418,
              52.1470913
            ],
            [
              6.2643913,
              52.1470754
            ],
            [
              6.2642894,
              52.1470726
            ],
            [
              6.2634655,
              52.1470771
            ],
            [
              6.2619616,
              52.1470656
            ],
            [
              6.2607293,
              52.1470431
            ],
            [
              6.2588324,
              52.1470292
            ],
            [
              6.2584352,
              52.1470262
            ],
            [
              6.2580519,
              52.1470234
            ],
            [
              6.256485,
              52.147001
            ],
            [
              6.2549732,
              52.1469675
            ],
            [
              6.2547104,
              52.1469608
            ],
            [
              6.2542185,
              52.1469411
            ],
            [
              6.2536245,
              52.1469021
            ],
            [
              6.2532668,
              52.1468782
            ],
            [
              6.2523618,
              52.1468177
            ],
            [
              6.2519665,
              52.1467824
            ],
            [
              6.2517557,
              52.146769
            ],
            [
              6.2514463,
              52.1467493
            ],
            [
              6.2513211,
              52.1467482
            ],
            [
              6.2511871,
              52.1467523
            ],
            [
              6.2511034,
              52.1467612
            ],
            [
              6.2509865,
              52.1467772
            ],
            [
              6.2509749,
              52.1467789
            ],
            [
              6.2509633,
              52.1467806
            ],
            [
              6.2509517,
              52.1467824
            ],
            [
              6.2509401,
              52.1467842
            ],
            [
              6.2509286,
              52.1467861
            ],
            [
              6.250917,
              52.1467879
            ],
            [
              6.2509055,
              52.1467898
            ],
            [
              6.250894,
              52.1467918
            ],
            [
              6.2508825,
              52.1467938
            ],
            [
              6.250871,
              52.1467958
            ],
            [
              6.2508596,
              52.1467978
            ],
            [
              6.2508481,
              52.1467999
            ],
            [
              6.2508367,
              52.146802
            ],
            [
              6.2508253,
              52.1468042
            ],
            [
              6.2508139,
              52.1468064
            ],
            [
              6.2508025,
              52.1468086
            ],
            [
              6.2507912,
              52.1468108
            ],
            [
              6.2507798,
              52.1468131
            ],
            [
              6.2507685,
              52.1468154
            ],
            [
              6.2507572,
              52.1468178
            ],
            [
              6.2507459,
              52.1468202
            ],
            [
              6.2507346,
              52.1468226
            ],
            [
              6.2507234,
              52.1468251
            ],
            [
              6.2507122,
              52.1468276
            ],
            [
              6.250701,
              52.1468301
            ],
            [
              6.2506898,
              52.1468326
            ],
            [
              6.2506786,
              52.1468352
            ],
            [
              6.2506675,
              52.1468379
            ],
            [
              6.2506649,
              52.1468385
            ],
            [
              6.2506552,
              52.1468408
            ],
            [
              6.2506455,
              52.1468431
            ],
            [
              6.2506358,
              52.1468455
            ],
            [
              6.2506262,
              52.1468479
            ],
            [
              6.2506166,
              52.1468503
            ],
            [
              6.250607,
              52.1468528
            ],
            [
              6.2505974,
              52.1468553
            ],
            [
              6.2505879,
              52.1468578
            ],
            [
              6.2505783,
              52.1468604
            ],
            [
              6.2505688,
              52.146863
            ],
            [
              6.2505594,
              52.1468656
            ],
            [
              6.2505499,
              52.1468682
            ],
            [
              6.2505405,
              52.1468709
            ],
            [
              6.2505311,
              52.1468737
            ],
            [
              6.2505217,
              52.1468764
            ],
            [
              6.2505123,
              52.1468792
            ],
            [
              6.250503,
              52.1468821
            ],
            [
              6.2504937,
              52.1468849
            ],
            [
              6.2504844,
              52.1468878
            ],
            [
              6.2504752,
              52.1468907
            ],
            [
              6.2504659,
              52.1468937
            ],
            [
              6.2504567,
              52.1468967
            ],
            [
              6.2504476,
              52.1468997
            ],
            [
              6.2504384,
              52.1469027
            ],
            [
              6.2504293,
              52.1469058
            ],
            [
              6.2504202,
              52.1469089
            ],
            [
              6.2504112,
              52.1469121
            ],
            [
              6.2504021,
              52.1469152
            ],
            [
              6.2503931,
              52.1469184
            ],
            [
              6.2503842,
              52.1469217
            ],
            [
              6.2503752,
              52.1469249
            ],
            [
              6.2503663,
              52.1469282
            ],
            [
              6.2503564,
              52.146932
            ],
            [
              6.2502001,
              52.1469905
            ],
            [
              6.2501035,
              52.1470302
            ],
            [
              6.2500312,
              52.147067
            ],
            [
              6.2498636,
              52.1471618
            ],
            [
              6.2495919,
              52.1473113
            ],
            [
              6.2494876,
              52.1473644
            ],
            [
              6.2492883,
              52.1474496
            ],
            [
              6.2490531,
              52.1475257
            ],
            [
              6.2489494,
              52.1475498
            ],
            [
              6.24882,
              52.1475707
            ],
            [
              6.2486928,
              52.1475824
            ],
            [
              6.2484916,
              52.1475854
            ],
            [
              6.2482496,
              52.1475708
            ],
            [
              6.2480761,
              52.1475511
            ],
            [
              6.247834,
              52.1475052
            ],
            [
              6.2477076,
              52.1474758
            ],
            [
              6.2474623,
              52.1474115
            ],
            [
              6.2470152,
              52.1472799
            ],
            [
              6.2463127,
              52.1470722
            ],
            [
              6.2454114,
              52.1468176
            ],
            [
              6.2450643,
              52.1467213
            ],
            [
              6.2448311,
              52.1466602
            ],
            [
              6.2448201,
              52.1466571
            ],
            [
              6.2448091,
              52.146654
            ],
            [
              6.244798,
              52.1466509
            ],
            [
              6.2447869,
              52.1466479
            ],
            [
              6.2447759,
              52.1466448
            ],
            [
              6.2447648,
              52.1466419
            ],
            [
              6.2447536,
              52.1466389
            ],
            [
              6.2447425,
              52.146636
            ],
            [
              6.2447313,
              52.1466331
            ],
            [
              6.2447201,
              52.1466303
            ],
            [
              6.2447089,
              52.1466275
            ],
            [
              6.2446976,
              52.1466247
            ],
            [
              6.2446864,
              52.146622
            ],
            [
              6.2446751,
              52.1466192
            ],
            [
              6.2446637,
              52.1466166
            ],
            [
              6.2446524,
              52.1466139
            ],
            [
              6.2446411,
              52.1466113
            ],
            [
              6.2446297,
              52.1466087
            ],
            [
              6.2446183,
              52.1466062
            ],
            [
              6.2446069,
              52.1466037
            ],
            [
              6.2445955,
              52.1466012
            ],
            [
              6.244584,
              52.1465988
            ],
            [
              6.2445725,
              52.1465964
            ],
            [
              6.2445611,
              52.146594
            ],
            [
              6.2445496,
              52.1465917
            ],
            [
              6.244538,
              52.1465893
            ],
            [
              6.2445265,
              52.1465871
            ],
            [
              6.2445149,
              52.1465848
            ],
            [
              6.2445033,
              52.1465826
            ],
            [
              6.2444917,
              52.1465805
            ],
            [
              6.2444801,
              52.1465783
            ],
            [
              6.2444685,
              52.1465762
            ],
            [
              6.2444569,
              52.1465742
            ],
            [
              6.2444452,
              52.1465722
            ],
            [
              6.2444335,
              52.1465701
            ],
            [
              6.2444218,
              52.1465682
            ],
            [
              6.2444101,
              52.1465663
            ],
            [
              6.2444039,
              52.1465653
            ],
            [
              6.2441164,
              52.1465187
            ],
            [
              6.2438254,
              52.1464732
            ],
            [
              6.2434909,
              52.1464272
            ],
            [
              6.2429189,
              52.1463556
            ],
            [
              6.2425513,
              52.1463104
            ],
            [
              6.2420555,
              52.146248
            ],
            [
              6.2414939,
              52.1461764
            ],
            [
              6.2410968,
              52.1461288
            ],
            [
              6.2409408,
              52.1461102
            ],
            [
              6.2408281,
              52.1460974
            ],
            [
              6.2405088,
              52.1460708
            ],
            [
              6.2403351,
              52.1460596
            ],
            [
              6.240151,
              52.1460504
            ],
            [
              6.239595,
              52.1460323
            ],
            [
              6.2393812,
              52.1460271
            ],
            [
              6.2392542,
              52.1460259
            ],
            [
              6.2390073,
              52.1460268
            ],
            [
              6.2385829,
              52.1460282
            ],
            [
              6.2379883,
              52.1460306
            ],
            [
              6.2379735,
              52.1461282
            ],
            [
              6.2379637,
              52.1461934
            ],
            [
              6.2379602,
              52.1461998
            ],
            [
              6.2379029,
              52.1463839
            ],
            [
              6.2378658,
              52.1464418
            ],
            [
              6.237859,
              52.1464525
            ],
            [
              6.2378525,
              52.1464778
            ],
            [
              6.2372631,
              52.1487712
            ],
            [
              6.2369895,
              52.1499077
            ],
            [
              6.2369757,
              52.1499653
            ],
            [
              6.2369752,
              52.1499676
            ],
            [
              6.2368515,
              52.1504193
            ],
            [
              6.2366171,
              52.1513755
            ],
            [
              6.2365872,
              52.1514974
            ],
            [
              6.2365871,
              52.1514984
            ],
            [
              6.2365798,
              52.1515433
            ],
            [
              6.2363881,
              52.1523464
            ],
            [
              6.2363623,
              52.152453
            ],
            [
              6.2362766,
              52.1528063
            ],
            [
              6.2362861,
              52.1528072
            ],
            [
              6.2362848,
              52.1528121
            ],
            [
              6.2362748,
              52.1528496
            ],
            [
              6.2362649,
              52.1528872
            ],
            [
              6.2362551,
              52.1529248
            ],
            [
              6.2362453,
              52.1529624
            ],
            [
              6.2362356,
              52.1529999
            ],
            [
              6.2362259,
              52.1530375
            ],
            [
              6.2362163,
              52.1530751
            ],
            [
              6.2362068,
              52.1531128
            ],
            [
              6.2361973,
              52.1531504
            ],
            [
              6.2361878,
              52.153188
            ],
            [
              6.2361785,
              52.1532256
            ],
            [
              6.2361692,
              52.1532632
            ],
            [
              6.2361599,
              52.1533009
            ],
            [
              6.2361507,
              52.1533385
            ],
            [
              6.2361415,
              52.1533762
            ],
            [
              6.2361325,
              52.1534138
            ],
            [
              6.2361234,
              52.1534515
            ],
            [
              6.2361145,
              52.1534891
            ],
            [
              6.2361055,
              52.1535268
            ],
            [
              6.2360967,
              52.1535645
            ],
            [
              6.2360879,
              52.1536021
            ],
            [
              6.2360791,
              52.1536398
            ],
            [
              6.2360705,
              52.1536775
            ],
            [
              6.2360618,
              52.1537152
            ],
            [
              6.2360533,
              52.1537529
            ],
            [
              6.2360448,
              52.1537906
            ],
            [
              6.2360363,
              52.1538283
            ],
            [
              6.2360279,
              52.153866
            ],
            [
              6.2360196,
              52.1539037
            ],
            [
              6.2357824,
              52.1547312
            ],
            [
              6.2357811,
              52.1547358
            ],
            [
              6.2357928,
              52.1547402
            ],
            [
              6.23563,
              52.1547145
            ],
            [
              6.2354222,
              52.1546853
            ],
            [
              6.2353696,
              52.1548447
            ],
            [
              6.2353354,
              52.1549838
            ],
            [
              6.2353622,
              52.1549878
            ],
            [
              6.235288,
              52.1553109
            ],
            [
              6.235261,
              52.1554286
            ],
            [
              6.2351091,
              52.1554146
            ],
            [
              6.2349158,
              52.155432
            ],
            [
              6.2346426,
              52.1554648
            ],
            [
              6.2343248,
              52.1555193
            ],
            [
              6.2332426,
              52.155689
            ],
            [
              6.2319083,
              52.1558983
            ],
            [
              6.2316402,
              52.1559403
            ],
            [
              6.2314435,
              52.1558655
            ],
            [
              6.2307199,
              52.1557591
            ],
            [
              6.229794,
              52.1555947
            ],
            [
              6.2292871,
              52.1555027
            ],
            [
              6.2289004,
              52.1554138
            ],
            [
              6.2288781,
              52.1553455
            ],
            [
              6.2288407,
              52.1553147
            ],
            [
              6.2287251,
              52.15513
            ],
            [
              6.2286155,
              52.1549531
            ],
            [
              6.2285883,
              52.1549144
            ],
            [
              6.2285244,
              52.1548377
            ],
            [
              6.2284487,
              52.1547728
            ],
            [
              6.2283579,
              52.1547418
            ],
            [
              6.2277407,
              52.154669
            ],
            [
              6.2269915,
              52.1545248
            ],
            [
              6.2263886,
              52.1543949
            ],
            [
              6.2257975,
              52.1542672
            ],
            [
              6.2257265,
              52.1542514
            ],
            [
              6.2253916,
              52.1541766
            ],
            [
              6.2250392,
              52.1541052
            ],
            [
              6.2239136,
              52.1539199
            ],
            [
              6.2234781,
              52.1538435
            ],
            [
              6.2234892,
              52.1559471
            ],
            [
              6.2233971,
              52.1559405
            ],
            [
              6.2233973,
              52.1559283
            ],
            [
              6.2230716,
              52.1558311
            ],
            [
              6.2213995,
              52.1559102
            ],
            [
              6.2196916,
              52.1560351
            ],
            [
              6.2195584,
              52.1560432
            ],
            [
              6.2193716,
              52.1560545
            ],
            [
              6.2191533,
              52.1560769
            ],
            [
              6.2188666,
              52.1574756
            ],
            [
              6.2188299,
              52.1576415
            ],
            [
              6.2188197,
              52.1576885
            ],
            [
              6.2187377,
              52.158067
            ],
            [
              6.2187128,
              52.1581821
            ],
            [
              6.2186659,
              52.1584021
            ],
            [
              6.2185609,
              52.1584047
            ],
            [
              6.2178946,
              52.158434
            ],
            [
              6.2176813,
              52.1584448
            ],
            [
              6.2176017,
              52.1584504
            ],
            [
              6.2175078,
              52.1584572
            ],
            [
              6.2169837,
              52.158498
            ],
            [
              6.2167333,
              52.1585207
            ],
            [
              6.2164532,
              52.1585495
            ],
            [
              6.2163667,
              52.1585593
            ],
            [
              6.216137,
              52.1585855
            ],
            [
              6.2161014,
              52.1585911
            ],
            [
              6.2161075,
              52.1586134
            ],
            [
              6.2162049,
              52.158708
            ],
            [
              6.2162882,
              52.1587987
            ],
            [
              6.2163856,
              52.1588866
            ],
            [
              6.2164378,
              52.15894
            ],
            [
              6.2165054,
              52.1589923
            ],
            [
              6.216556,
              52.1589863
            ],
            [
              6.2167191,
              52.1591536
            ],
            [
              6.2169708,
              52.1594138
            ],
            [
              6.2170642,
              52.1595114
            ],
            [
              6.2171953,
              52.1595985
            ],
            [
              6.2173215,
              52.1596782
            ],
            [
              6.2173461,
              52.1596906
            ],
            [
              6.217403,
              52.1597144
            ],
            [
              6.2174649,
              52.1597392
            ],
            [
              6.2175275,
              52.159761
            ],
            [
              6.2175902,
              52.1597839
            ],
            [
              6.2176839,
              52.1598114
            ],
            [
              6.2176258,
              52.1598168
            ],
            [
              6.2175689,
              52.1598331
            ],
            [
              6.2175208,
              52.1598577
            ],
            [
              6.217463,
              52.1598824
            ],
            [
              6.2173933,
              52.1598951
            ],
            [
              6.2173343,
              52.1598926
            ],
            [
              6.2172347,
              52.1598663
            ],
            [
              6.2171028,
              52.1599175
            ],
            [
              6.2171302,
              52.1611044
            ],
            [
              6.2170951,
              52.1615093
            ],
            [
              6.2170808,
              52.1616734
            ],
            [
              6.2168606,
              52.1617768
            ],
            [
              6.2165201,
              52.1619367
            ],
            [
              6.2164671,
              52.1619732
            ],
            [
              6.2162679,
              52.1618892
            ],
            [
              6.2161996,
              52.1619507
            ],
            [
              6.2161848,
              52.1619641
            ],
            [
              6.2157945,
              52.162043
            ],
            [
              6.2157747,
              52.162047
            ],
            [
              6.2127412,
              52.1626607
            ],
            [
              6.2125664,
              52.1626961
            ],
            [
              6.2122202,
              52.1626462
            ],
            [
              6.2122175,
              52.1627959
            ],
            [
              6.2122158,
              52.162983
            ],
            [
              6.2121944,
              52.1632082
            ],
            [
              6.211814,
              52.1630738
            ],
            [
              6.2100788,
              52.1643415
            ],
            [
              6.2099036,
              52.1643083
            ],
            [
              6.2097983,
              52.1644717
            ],
            [
              6.2097872,
              52.164493
            ],
            [
              6.2097362,
              52.1645622
            ],
            [
              6.2097311,
              52.1645704
            ],
            [
              6.2100168,
              52.1647271
            ],
            [
              6.2098157,
              52.1648655
            ],
            [
              6.2095461,
              52.1650517
            ],
            [
              6.2092587,
              52.1652485
            ],
            [
              6.2090062,
              52.1654219
            ],
            [
              6.2089917,
              52.1654319
            ],
            [
              6.2087598,
              52.1655883
            ],
            [
              6.2084986,
              52.1657664
            ],
            [
              6.2083634,
              52.1658577
            ],
            [
              6.2082322,
              52.1659464
            ],
            [
              6.2079217,
              52.1661558
            ],
            [
              6.2076753,
              52.1663237
            ],
            [
              6.2075772,
              52.16639
            ],
            [
              6.2072218,
              52.1666437
            ],
            [
              6.2072064,
              52.1666389
            ],
            [
              6.2070575,
              52.1665882
            ],
            [
              6.207004,
              52.1665736
            ],
            [
              6.206936,
              52.1665553
            ],
            [
              6.2067863,
              52.1665305
            ],
            [
              6.2066311,
              52.1665101
            ],
            [
              6.2065011,
              52.1664954
            ],
            [
              6.2063588,
              52.1664774
            ],
            [
              6.2062365,
              52.1664622
            ],
            [
              6.2061274,
              52.1664462
            ],
            [
              6.2059363,
              52.1664106
            ],
            [
              6.2057419,
              52.1663688
            ],
            [
              6.2055754,
              52.166328
            ],
            [
              6.2055245,
              52.1663106
            ],
            [
              6.2053792,
              52.166279
            ],
            [
              6.205253,
              52.1662609
            ],
            [
              6.2051197,
              52.1662335
            ],
            [
              6.2045084,
              52.1660994
            ],
            [
              6.2037325,
              52.1659351
            ],
            [
              6.2035603,
              52.1658932
            ],
            [
              6.2033996,
              52.1658432
            ],
            [
              6.2032952,
              52.1658072
            ],
            [
              6.203199,
              52.1657673
            ],
            [
              6.203109,
              52.1657251
            ],
            [
              6.2030157,
              52.1656747
            ],
            [
              6.2024592,
              52.1653571
            ],
            [
              6.2023971,
              52.1653236
            ],
            [
              6.2023423,
              52.1652948
            ],
            [
              6.2022952,
              52.1652723
            ],
            [
              6.2022321,
              52.1652456
            ],
            [
              6.2021838,
              52.1652265
            ],
            [
              6.2021191,
              52.1652078
            ],
            [
              6.2020616,
              52.1651927
            ],
            [
              6.201982,
              52.1651746
            ],
            [
              6.2019705,
              52.1651725
            ],
            [
              6.2018477,
              52.1651502
            ],
            [
              6.200786,
              52.164997
            ],
            [
              6.2006722,
              52.1649706
            ],
            [
              6.2006135,
              52.1649512
            ],
            [
              6.2005287,
              52.1649167
            ],
            [
              6.2004057,
              52.1648504
            ],
            [
              6.2003605,
              52.1648189
            ],
            [
              6.2003106,
              52.1647832
            ],
            [
              6.2002648,
              52.1647422
            ],
            [
              6.2002099,
              52.1646789
            ],
            [
              6.2001756,
              52.1645986
            ],
            [
              6.2001599,
              52.1645099
            ],
            [
              6.2001549,
              52.1644043
            ],
            [
              6.2001852,
              52.1643179
            ],
            [
              6.2002403,
              52.1641889
            ],
            [
              6.2002468,
              52.1641493
            ],
            [
              6.2002516,
              52.1640625
            ],
            [
              6.2002431,
              52.1640146
            ],
            [
              6.2002402,
              52.1639984
            ],
            [
              6.2002237,
              52.163952
            ],
            [
              6.2001773,
              52.1638668
            ],
            [
              6.2001024,
              52.1637833
            ],
            [
              6.1999252,
              52.1636447
            ],
            [
              6.199871,
              52.1636023
            ],
            [
              6.1998075,
              52.1635477
            ],
            [
              6.1996826,
              52.163455
            ],
            [
              6.1994458,
              52.1632761
            ],
            [
              6.1994092,
              52.1632705
            ],
            [
              6.1993097,
              52.1633236
            ],
            [
              6.198974,
              52.163093
            ],
            [
              6.198708,
              52.1629103
            ],
            [
              6.1985605,
              52.1629907
            ],
            [
              6.1984211,
              52.1630661
            ],
            [
              6.1981888,
              52.163203
            ],
            [
              6.1980283,
              52.1632995
            ],
            [
              6.1978383,
              52.1634177
            ],
            [
              6.1976117,
              52.1635661
            ],
            [
              6.197335,
              52.1637514
            ],
            [
              6.1970682,
              52.1639406
            ],
            [
              6.1968195,
              52.1641259
            ],
            [
              6.1966161,
              52.1642889
            ],
            [
              6.1964448,
              52.164431
            ],
            [
              6.1962283,
              52.1646197
            ],
            [
              6.1960363,
              52.1648011
            ],
            [
              6.1959686,
              52.1648636
            ],
            [
              6.1957789,
              52.1650535
            ],
            [
              6.1956243,
              52.1652172
            ],
            [
              6.1954849,
              52.165369
            ],
            [
              6.1952636,
              52.1656234
            ],
            [
              6.1950665,
              52.1658722
            ],
            [
              6.1949525,
              52.1660224
            ],
            [
              6.1948059,
              52.1662239
            ],
            [
              6.194752,
              52.1663059
            ],
            [
              6.1945123,
              52.1666731
            ],
            [
              6.194293,
              52.1670712
            ],
            [
              6.1941929,
              52.167247
            ],
            [
              6.1933183,
              52.1688503
            ],
            [
              6.1927995,
              52.1698013
            ],
            [
              6.1926701,
              52.169525
            ],
            [
              6.1926057,
              52.1693669
            ],
            [
              6.1925668,
              52.1692829
            ],
            [
              6.1925611,
              52.1692674
            ],
            [
              6.1924809,
              52.1690485
            ],
            [
              6.192421,
              52.1688965
            ],
            [
              6.1923997,
              52.1688487
            ],
            [
              6.1923352,
              52.1687206
            ],
            [
              6.1922986,
              52.1686526
            ],
            [
              6.1922103,
              52.1684999
            ],
            [
              6.1921248,
              52.1683639
            ],
            [
              6.1920313,
              52.1682309
            ],
            [
              6.1919186,
              52.1680795
            ],
            [
              6.1918785,
              52.1680279
            ],
            [
              6.1918559,
              52.1679952
            ],
            [
              6.1917282,
              52.1678478
            ],
            [
              6.1917029,
              52.1678214
            ],
            [
              6.1915135,
              52.1676359
            ],
            [
              6.1911254,
              52.1672962
            ],
            [
              6.1910496,
              52.1672298
            ],
            [
              6.1909255,
              52.1671272
            ],
            [
              6.1908854,
              52.1670968
            ],
            [
              6.1908045,
              52.1670391
            ],
            [
              6.1907452,
              52.1669987
            ],
            [
              6.19066,
              52.1669435
            ],
            [
              6.1905729,
              52.16689
            ],
            [
              6.1903957,
              52.1667879
            ],
            [
              6.1901785,
              52.1666565
            ],
            [
              6.1901117,
              52.1666142
            ],
            [
              6.1897814,
              52.1663933
            ],
            [
              6.1893986,
              52.1661535
            ],
            [
              6.1892869,
              52.1660819
            ],
            [
              6.1891859,
              52.1660137
            ],
            [
              6.1887706,
              52.1657416
            ],
            [
              6.1878939,
              52.1651921
            ],
            [
              6.187063,
              52.1646618
            ],
            [
              6.1867496,
              52.16449
            ],
            [
              6.1860813,
              52.1636723
            ],
            [
              6.1859408,
              52.1635003
            ],
            [
              6.1856102,
              52.1630861
            ],
            [
              6.1854226,
              52.1628403
            ],
            [
              6.1852304,
              52.162589
            ],
            [
              6.1851431,
              52.1624496
            ],
            [
              6.1851016,
              52.1623794
            ],
            [
              6.1850324,
              52.1622508
            ],
            [
              6.1849461,
              52.1620867
            ],
            [
              6.1848874,
              52.1619663
            ],
            [
              6.1848543,
              52.1618603
            ],
            [
              6.1848052,
              52.1616932
            ],
            [
              6.1847641,
              52.1615517
            ],
            [
              6.1847395,
              52.1614633
            ],
            [
              6.1847101,
              52.1613571
            ],
            [
              6.1846786,
              52.1612226
            ],
            [
              6.1846731,
              52.1611991
            ],
            [
              6.1843668,
              52.1596576
            ],
            [
              6.1842653,
              52.1587681
            ],
            [
              6.1842227,
              52.1586293
            ],
            [
              6.1841327,
              52.1584185
            ],
            [
              6.1840925,
              52.1583481
            ],
            [
              6.1837597,
              52.1577722
            ],
            [
              6.1833113,
              52.1571876
            ],
            [
              6.1828987,
              52.1565938
            ],
            [
              6.1821805,
              52.1553699
            ],
            [
              6.1819383,
              52.1547909
            ],
            [
              6.1817218,
              52.154112
            ],
            [
              6.1815463,
              52.1536251
            ],
            [
              6.1815208,
              52.1534815
            ],
            [
              6.181509,
              52.1533553
            ],
            [
              6.1815377,
              52.1529764
            ],
            [
              6.181595,
              52.1527547
            ],
            [
              6.1816149,
              52.1527072
            ],
            [
              6.1811617,
              52.1526318
            ],
            [
              6.1810065,
              52.152606
            ],
            [
              6.180665,
              52.1525492
            ],
            [
              6.1803314,
              52.1524971
            ],
            [
              6.1801801,
              52.1524723
            ],
            [
              6.1801533,
              52.1524679
            ],
            [
              6.1800621,
              52.1524598
            ],
            [
              6.1799986,
              52.1524561
            ],
            [
              6.1799308,
              52.1524516
            ],
            [
              6.1798703,
              52.1524485
            ],
            [
              6.1798198,
              52.1524449
            ],
            [
              6.1797656,
              52.1524384
            ],
            [
              6.1797171,
              52.1524284
            ],
            [
              6.1796739,
              52.1524116
            ],
            [
              6.1796356,
              52.1523921
            ],
            [
              6.1795977,
              52.1523683
            ],
            [
              6.1795666,
              52.1523487
            ],
            [
              6.1795341,
              52.1523313
            ],
            [
              6.1794982,
              52.152313
            ],
            [
              6.1794627,
              52.1522969
            ],
            [
              6.1794282,
              52.1522833
            ],
            [
              6.1793909,
              52.1522722
            ],
            [
              6.1793531,
              52.1522655
            ],
            [
              6.1793222,
              52.1522623
            ],
            [
              6.1792954,
              52.1522623
            ],
            [
              6.1792295,
              52.1522651
            ],
            [
              6.179152,
              52.1522692
            ],
            [
              6.1791009,
              52.1522722
            ],
            [
              6.1789989,
              52.1522817
            ],
            [
              6.1789621,
              52.1522857
            ],
            [
              6.1784779,
              52.152332
            ],
            [
              6.1784763,
              52.1523322
            ],
            [
              6.1783644,
              52.1523429
            ],
            [
              6.17818,
              52.1523605
            ],
            [
              6.1781545,
              52.1523629
            ],
            [
              6.1781417,
              52.1523642
            ],
            [
              6.1781332,
              52.1523649
            ],
            [
              6.1779474,
              52.1523801
            ],
            [
              6.1776472,
              52.1523579
            ],
            [
              6.177287,
              52.1522787
            ],
            [
              6.1767694,
              52.1521945
            ],
            [
              6.1764578,
              52.1520817
            ],
            [
              6.1762996,
              52.1520283
            ],
            [
              6.1761718,
              52.1520262
            ],
            [
              6.1760347,
              52.1520543
            ],
            [
              6.1758931,
              52.1521066
            ],
            [
              6.1757476,
              52.1522195
            ],
            [
              6.1756119,
              52.1523262
            ],
            [
              6.1753732,
              52.1524457
            ],
            [
              6.1751096,
              52.1525502
            ],
            [
              6.1748651,
              52.1526184
            ],
            [
              6.1746154,
              52.1526714
            ],
            [
              6.1743707,
              52.1527335
            ],
            [
              6.174224,
              52.1527768
            ],
            [
              6.1741159,
              52.1527776
            ],
            [
              6.1740323,
              52.1527721
            ],
            [
              6.1738436,
              52.1526675
            ],
            [
              6.1736104,
              52.1525391
            ],
            [
              6.1734471,
              52.1524767
            ],
            [
              6.1733484,
              52.1524501
            ],
            [
              6.1732253,
              52.1524419
            ],
            [
              6.1731567,
              52.1524514
            ],
            [
              6.1730736,
              52.1524792
            ],
            [
              6.172957,
              52.1525525
            ],
            [
              6.1728166,
              52.1526744
            ],
            [
              6.1726185,
              52.1528692
            ],
            [
              6.1725605,
              52.152927
            ],
            [
              6.1724725,
              52.1529487
            ],
            [
              6.1723695,
              52.1529615
            ],
            [
              6.1722022,
              52.1529536
            ],
            [
              6.1720245,
              52.1529064
            ],
            [
              6.1717046,
              52.1528106
            ],
            [
              6.1716687,
              52.1527999
            ],
            [
              6.1715504,
              52.1527765
            ],
            [
              6.1714667,
              52.152771
            ],
            [
              6.1713887,
              52.1528048
            ],
            [
              6.171336,
              52.1528868
            ],
            [
              6.1712989,
              52.1530079
            ],
            [
              6.1712427,
              52.1531685
            ],
            [
              6.1711288,
              52.1533991
            ],
            [
              6.1710704,
              52.1534357
            ],
            [
              6.1709726,
              52.1534636
            ],
            [
              6.170801,
              52.1534859
            ],
            [
              6.1705011,
              52.1534788
            ],
            [
              6.170187,
              52.1535081
            ],
            [
              6.170163,
              52.1535141
            ],
            [
              6.170081,
              52.1535437
            ],
            [
              6.1697839,
              52.153614
            ],
            [
              6.1694258,
              52.1537079
            ],
            [
              6.1690469,
              52.1538126
            ],
            [
              6.168802,
              52.1538824
            ],
            [
              6.1686626,
              52.1539243
            ],
            [
              6.1685544,
              52.1539607
            ],
            [
              6.1684861,
              52.1539918
            ],
            [
              6.1684362,
              52.1540207
            ],
            [
              6.1683902,
              52.1540538
            ],
            [
              6.1683312,
              52.154083
            ],
            [
              6.1682682,
              52.1541114
            ],
            [
              6.1682164,
              52.1541227
            ],
            [
              6.1681261,
              52.1541273
            ],
            [
              6.1680215,
              52.1541372
            ],
            [
              6.1679469,
              52.154153
            ],
            [
              6.1678592,
              52.1541866
            ],
            [
              6.1677839,
              52.1542221
            ],
            [
              6.1677805,
              52.1542243
            ],
            [
              6.1676832,
              52.1542877
            ],
            [
              6.1675399,
              52.1543949
            ],
            [
              6.1673859,
              52.1545111
            ],
            [
              6.1672618,
              52.1545982
            ],
            [
              6.1672095,
              52.1546348
            ],
            [
              6.1670323,
              52.1546649
            ],
            [
              6.1668751,
              52.1547125
            ],
            [
              6.1666813,
              52.1547578
            ],
            [
              6.1666596,
              52.1547637
            ],
            [
              6.1664415,
              52.1548225
            ],
            [
              6.1662665,
              52.1548586
            ],
            [
              6.1661026,
              52.154904
            ],
            [
              6.1659853,
              52.1549278
            ],
            [
              6.1657454,
              52.1550211
            ],
            [
              6.1656986,
              52.1550299
            ],
            [
              6.1655202,
              52.1550733
            ],
            [
              6.1652949,
              52.1551285
            ],
            [
              6.1650882,
              52.1551842
            ],
            [
              6.1649725,
              52.155216
            ],
            [
              6.1648395,
              52.1552453
            ],
            [
              6.1647734,
              52.1552628
            ],
            [
              6.1642415,
              52.1554405
            ],
            [
              6.1641155,
              52.1555098
            ],
            [
              6.1640057,
              52.15556
            ],
            [
              6.1638943,
              52.1556088
            ],
            [
              6.1637679,
              52.1556436
            ],
            [
              6.1636579,
              52.1557273
            ],
            [
              6.1635449,
              52.1558503
            ],
            [
              6.1634605,
              52.1559301
            ],
            [
              6.1633649,
              52.1559783
            ],
            [
              6.1632773,
              52.156015
            ],
            [
              6.1631418,
              52.1560719
            ],
            [
              6.1630085,
              52.1561094
            ],
            [
              6.1623359,
              52.156247
            ],
            [
              6.1621382,
              52.156311
            ],
            [
              6.1619831,
              52.1563696
            ],
            [
              6.161875,
              52.1564007
            ],
            [
              6.1615696,
              52.1565612
            ],
            [
              6.1613987,
              52.156649
            ],
            [
              6.1611961,
              52.1567414
            ],
            [
              6.1610092,
              52.1568525
            ],
            [
              6.1608386,
              52.1569439
            ],
            [
              6.1607099,
              52.157041
            ],
            [
              6.1605325,
              52.157123
            ],
            [
              6.1603605,
              52.1572216
            ],
            [
              6.1602364,
              52.1572865
            ],
            [
              6.1600057,
              52.1574026
            ],
            [
              6.159785,
              52.1575123
            ],
            [
              6.1597116,
              52.157546
            ],
            [
              6.1595977,
              52.1575982
            ],
            [
              6.1595367,
              52.1576331
            ],
            [
              6.1593976,
              52.1576734
            ],
            [
              6.159158,
              52.157705
            ],
            [
              6.1589676,
              52.1577128
            ],
            [
              6.1586298,
              52.1577246
            ],
            [
              6.1583346,
              52.1577202
            ],
            [
              6.1580611,
              52.1577219
            ],
            [
              6.1579871,
              52.1577285
            ],
            [
              6.157831,
              52.1577424
            ],
            [
              6.1575563,
              52.1577474
            ],
            [
              6.1573267,
              52.1577393
            ],
            [
              6.1568574,
              52.1577549
            ],
            [
              6.1566636,
              52.1577562
            ],
            [
              6.1564931,
              52.1577844
            ],
            [
              6.1562806,
              52.1578338
            ],
            [
              6.1561202,
              52.1578689
            ],
            [
              6.1559383,
              52.1578943
            ],
            [
              6.1557414,
              52.1579049
            ],
            [
              6.1555071,
              52.1579158
            ],
            [
              6.1552727,
              52.1579236
            ],
            [
              6.1550651,
              52.1579218
            ],
            [
              6.1548469,
              52.1579352
            ],
            [
              6.1547965,
              52.1579215
            ],
            [
              6.1547639,
              52.1579193
            ],
            [
              6.1546574,
              52.1579121
            ],
            [
              6.1545798,
              52.1579054
            ],
            [
              6.1544558,
              52.1578903
            ],
            [
              6.1542855,
              52.1578724
            ],
            [
              6.1541188,
              52.1578761
            ],
            [
              6.1540795,
              52.1578769
            ],
            [
              6.1538841,
              52.1579004
            ],
            [
              6.1537243,
              52.1578982
            ],
            [
              6.1536625,
              52.1578986
            ],
            [
              6.1535855,
              52.1579182
            ],
            [
              6.1533418,
              52.1579124
            ],
            [
              6.1529567,
              52.1579032
            ],
            [
              6.1513286,
              52.1578595
            ],
            [
              6.1511151,
              52.1578542
            ],
            [
              6.1510304,
              52.1578521
            ],
            [
              6.150707,
              52.157848
            ],
            [
              6.1504039,
              52.1578468
            ],
            [
              6.1501562,
              52.1578422
            ],
            [
              6.1500453,
              52.1578522
            ],
            [
              6.1498833,
              52.1578377
            ],
            [
              6.1497226,
              52.1578411
            ],
            [
              6.1496977,
              52.1578416
            ],
            [
              6.1496473,
              52.157845
            ],
            [
              6.1496216,
              52.1578452
            ],
            [
              6.1492634,
              52.1578475
            ],
            [
              6.1486987,
              52.1579133
            ],
            [
              6.1483459,
              52.15794
            ],
            [
              6.1480533,
              52.1579667
            ],
            [
              6.1477252,
              52.1579843
            ],
            [
              6.1475588,
              52.158001
            ],
            [
              6.1474223,
              52.1579956
            ],
            [
              6.1472957,
              52.1579809
            ],
            [
              6.1472362,
              52.1579696
            ],
            [
              6.147169,
              52.1579569
            ],
            [
              6.1469608,
              52.1579144
            ],
            [
              6.1466923,
              52.1578727
            ],
            [
              6.1464692,
              52.1578244
            ],
            [
              6.1462662,
              52.1577666
            ],
            [
              6.1460528,
              52.1576965
            ],
            [
              6.1457733,
              52.157602
            ],
            [
              6.1455646,
              52.1575102
            ],
            [
              6.145305,
              52.1573938
            ],
            [
              6.1449621,
              52.1572321
            ],
            [
              6.1449232,
              52.1572138
            ],
            [
              6.1448822,
              52.1571945
            ],
            [
              6.1448726,
              52.1571897
            ],
            [
              6.1448347,
              52.157171
            ],
            [
              6.1446107,
              52.1570604
            ],
            [
              6.144475,
              52.1569999
            ],
            [
              6.1444339,
              52.1569815
            ],
            [
              6.1443759,
              52.1569556
            ],
            [
              6.1443345,
              52.1569371
            ],
            [
              6.1432855,
              52.1563128
            ],
            [
              6.1430682,
              52.1561458
            ],
            [
              6.1429202,
              52.1560399
            ],
            [
              6.1428231,
              52.1559601
            ],
            [
              6.1427339,
              52.1558837
            ],
            [
              6.1426645,
              52.1558217
            ],
            [
              6.1425612,
              52.1557238
            ],
            [
              6.142446,
              52.1556104
            ],
            [
              6.1423407,
              52.1555029
            ],
            [
              6.1422411,
              52.1553942
            ],
            [
              6.1422012,
              52.1553452
            ],
            [
              6.1420815,
              52.1551958
            ],
            [
              6.1420116,
              52.1551049
            ],
            [
              6.1419202,
              52.1549864
            ],
            [
              6.141904,
              52.1549653
            ],
            [
              6.1419408,
              52.1549523
            ],
            [
              6.1420186,
              52.1548498
            ],
            [
              6.141925,
              52.1547426
            ],
            [
              6.141764,
              52.154708
            ],
            [
              6.1417523,
              52.154693
            ],
            [
              6.1415289,
              52.1544056
            ],
            [
              6.1413527,
              52.1540286
            ],
            [
              6.141191,
              52.1536957
            ],
            [
              6.1411647,
              52.1536131
            ],
            [
              6.1409826,
              52.1530397
            ],
            [
              6.1408796,
              52.1528164
            ],
            [
              6.1407252,
              52.1524073
            ],
            [
              6.140657,
              52.1522675
            ],
            [
              6.1406396,
              52.1522093
            ],
            [
              6.14064,
              52.1521231
            ],
            [
              6.1406894,
              52.1521038
            ],
            [
              6.1408542,
              52.1520611
            ],
            [
              6.1408962,
              52.1520281
            ],
            [
              6.1409066,
              52.1519899
            ],
            [
              6.1408973,
              52.1518043
            ],
            [
              6.140881,
              52.1514816
            ],
            [
              6.1408729,
              52.151424
            ],
            [
              6.1408585,
              52.1513224
            ],
            [
              6.1408622,
              52.1513019
            ],
            [
              6.140868,
              52.15127
            ],
            [
              6.1408695,
              52.1512236
            ],
            [
              6.1408636,
              52.1511965
            ],
            [
              6.1408517,
              52.1511736
            ],
            [
              6.1408348,
              52.1511517
            ],
            [
              6.1408194,
              52.1511359
            ],
            [
              6.140803,
              52.1511248
            ],
            [
              6.1407108,
              52.1510824
            ],
            [
              6.1406598,
              52.1510468
            ],
            [
              6.1406163,
              52.1510062
            ],
            [
              6.1405682,
              52.150952
            ],
            [
              6.1405101,
              52.1508327
            ],
            [
              6.1404826,
              52.1507346
            ],
            [
              6.1405149,
              52.1503935
            ],
            [
              6.1405014,
              52.1500547
            ],
            [
              6.1404971,
              52.14978
            ],
            [
              6.1404893,
              52.1496131
            ],
            [
              6.1404728,
              52.1494427
            ],
            [
              6.1404651,
              52.1492706
            ],
            [
              6.1404409,
              52.1490167
            ],
            [
              6.1404354,
              52.1488675
            ],
            [
              6.1404271,
              52.1486349
            ],
            [
              6.1404082,
              52.1485128
            ],
            [
              6.1403927,
              52.1484449
            ],
            [
              6.140387,
              52.1484049
            ],
            [
              6.1403897,
              52.1483523
            ],
            [
              6.140411,
              52.1482909
            ],
            [
              6.1404205,
              52.1482706
            ],
            [
              6.140442,
              52.1482242
            ],
            [
              6.1408023,
              52.1475462
            ],
            [
              6.1408434,
              52.1474949
            ],
            [
              6.1408939,
              52.147447
            ],
            [
              6.1409246,
              52.1474328
            ],
            [
              6.1409609,
              52.1474311
            ],
            [
              6.1411882,
              52.1474774
            ],
            [
              6.1412115,
              52.1474821
            ],
            [
              6.1414807,
              52.1472416
            ],
            [
              6.141691,
              52.1470022
            ],
            [
              6.1417715,
              52.1469018
            ],
            [
              6.1417922,
              52.1468471
            ],
            [
              6.141801,
              52.1467541
            ],
            [
              6.1418022,
              52.1466874
            ],
            [
              6.1418398,
              52.1466127
            ],
            [
              6.1419212,
              52.1464992
            ],
            [
              6.1423542,
              52.1461653
            ],
            [
              6.1426473,
              52.1459282
            ],
            [
              6.1426791,
              52.1458815
            ],
            [
              6.1428038,
              52.1456637
            ],
            [
              6.1428566,
              52.1456587
            ]
          ]
        ]
      },
      "properties": {
        "type": "boundary",
        "gemeente": "Zutphen"
      }
    }
  ]
}